ref_name,ref_variant,ref_pilot,flight_id,preset,sigma,seq,gate_id,s_gate_m,s_est_m,gate_err_m
RedRC_2,real,RedSeep,RedSeep-S007,baseline,2.0,11,2,25.127554492799387,35.218797332460056,10.09124283966067
RedRC_2,real,RedSeep,RedSeep-S007,baseline,2.0,12,3,21.16619674222841,35.995360994572536,14.829164252344125
RedRC_2,real,RedSeep,RedSeep-S007,baseline,2.0,13,4,38.31120354003133,42.386208211085865,4.075004671054536
RedRC_2,real,RedSeep,RedSeep-S007,baseline,2.0,14,5,53.74570328227816,48.4273498357665,5.318353446511658
RedRC_2,real,RedSeep,RedSeep-S007,baseline,2.0,15,6,65.73289379286808,61.589855980887705,4.143037811980378
RedRC_2,real,RedSeep,RedSeep-S007,baseline,2.0,16,7,67.95489262816392,64.03490454948194,3.919988078681982
RedRC_2,real,RedSeep,RedSeep-S007,baseline,2.0,17,8,68.15563189149117,67.77698739944884,0.3786444920423264
RedRC_2,real,RedSeep,RedSeep-S007,baseline,2.0,18,9,69.98641394961211,76.14346760308172,6.157053653469603
RedRC_2,real,RedSeep,RedSeep-S007,baseline,2.0,19,10,79.22801713368243,79.47551168981178,0.24749455612935378
RedRC_2,real,RedSeep,RedSeep-S007,baseline,2.0,20,11,88.27909242361487,83.18697622046552,5.092116203149345
RedRC_2,real,RedSeep,RedSeep-S007,baseline,2.0,21,0,1.065615023947291,88.4060420817923,5.310282094376646
RedRC_2,real,RedSeep,RedSeep-S007,baseline,2.0,24,1,7.116208876147144,7.438065277246492,0.32185640109934877
RedRC_2,real,RedSeep,RedSeep-S007,baseline,2.0,25,2,25.127554492799387,31.28464581599801,6.157091323198625
RedRC_2,real,RedSeep,RedSeep-S007,baseline,2.0,26,3,21.16619674222841,37.00229509217098,15.83609834994257
RedRC_2,real,RedSeep,RedSeep-S007,baseline,2.0,27,4,38.31120354003133,43.55338948232589,5.242185942294562
RedRC_2,real,RedSeep,RedSeep-S007,baseline,2.0,28,5,53.74570328227816,48.46634024010842,5.279363042169734
RedRC_2,real,RedSeep,RedSeep-S007,baseline,2.0,29,6,65.73289379286808,61.99501283540864,3.7378809574594456
RedRC_2,real,RedSeep,RedSeep-S007,baseline,2.0,30,7,67.95489262816392,65.52380876906736,2.43108385909656
RedRC_2,real,RedSeep,RedSeep-S007,baseline,2.0,31,8,68.15563189149117,67.86429427067037,0.29133762082079784
RedRC_2,real,RedSeep,RedSeep-S007,baseline,2.0,32,9,69.98641394961211,71.00976847478418,1.023354525172067
RedRC_2,real,RedSeep,RedSeep-S007,baseline,2.0,33,10,79.22801713368243,75.81769010284239,3.410327030840037
RedRC_2,real,RedSeep,RedSeep-S007,baseline,2.0,34,11,88.27909242361487,83.62715628827031,4.651936135344556
RedRC_2,real,RedSeep,RedSeep-S007,baseline,2.0,35,0,1.065615023947291,90.9401285268114,2.7761956493575326
RedRC_2,real,RedSeep,RedSeep-S007,baseline,2.0,38,1,7.116208876147144,7.072278806598579,0.04393006954856471
RedRC_2,real,RedSeep,RedSeep-S007,baseline,2.0,39,2,25.127554492799387,30.88523425070137,5.7576797579019825
RedRC_2,real,RedSeep,RedSeep-S007,baseline,2.0,40,3,21.16619674222841,36.88175539790244,15.715558655674027
RedRC_2,real,RedSeep,RedSeep-S007,baseline,2.0,41,4,38.31120354003133,43.064251898673774,4.753048358642445
RedRC_2,real,RedSeep,RedSeep-S007,baseline,2.0,42,5,53.74570328227816,49.17803958942748,4.5676636928506795
RedRC_2,real,RedSeep,RedSeep-S007,baseline,4.0,11,2,25.127554492799387,36.438999135759474,11.311444642960087
RedRC_2,real,RedSeep,RedSeep-S007,baseline,4.0,12,3,21.16619674222841,38.31968968961504,17.153492947386628
RedRC_2,real,RedSeep,RedSeep-S007,baseline,4.0,13,4,38.31120354003133,40.06338815350333,1.7521846134720036
RedRC_2,real,RedSeep,RedSeep-S007,baseline,4.0,14,5,53.74570328227816,45.373973721723424,8.371729560554733
RedRC_2,real,RedSeep,RedSeep-S007,baseline,4.0,15,6,65.73289379286808,60.07257800912377,5.660315783744316
RedRC_2,real,RedSeep,RedSeep-S007,baseline,4.0,16,7,67.95489262816392,68.15693757557176,0.20204494740784185
RedRC_2,real,RedSeep,RedSeep-S007,baseline,4.0,17,8,68.15563189149117,67.47779940666986,0.6778324848213089
RedRC_2,real,RedSeep,RedSeep-S007,baseline,4.0,18,9,69.98641394961211,72.94858135323294,2.9621674036208248
RedRC_2,real,RedSeep,RedSeep-S007,baseline,4.0,19,10,79.22801713368243,87.60187230459375,8.373855170911327
RedRC_2,real,RedSeep,RedSeep-S007,baseline,4.0,20,11,88.27909242361487,85.28468471431854,2.9944077092963255
RedRC_2,real,RedSeep,RedSeep-S007,baseline,4.0,21,0,1.065615023947291,87.95897420787418,5.757349968294761
RedRC_2,real,RedSeep,RedSeep-S007,baseline,4.0,24,1,7.116208876147144,1.2048991271152292,5.911309749031915
RedRC_2,real,RedSeep,RedSeep-S007,baseline,4.0,25,2,25.127554492799387,33.423375938025764,8.295821445226377
RedRC_2,real,RedSeep,RedSeep-S007,baseline,4.0,26,3,21.16619674222841,38.1203389136731,16.95414217144469
RedRC_2,real,RedSeep,RedSeep-S007,baseline,4.0,27,4,38.31120354003133,41.699025885320275,3.3878223452889458
RedRC_2,real,RedSeep,RedSeep-S007,baseline,4.0,28,5,53.74570328227816,47.176863054477664,6.568840227800493
RedRC_2,real,RedSeep,RedSeep-S007,baseline,4.0,29,6,65.73289379286808,59.809691988298304,5.9232018045697785
RedRC_2,real,RedSeep,RedSeep-S007,baseline,4.0,30,7,67.95489262816392,63.20545844400811,4.74943418415581
RedRC_2,real,RedSeep,RedSeep-S007,baseline,4.0,31,8,68.15563189149117,66.7344380133922,1.4211938780989755
RedRC_2,real,RedSeep,RedSeep-S007,baseline,4.0,32,9,69.98641394961211,71.78155682739407,1.7951428777819558
RedRC_2,real,RedSeep,RedSeep-S007,baseline,4.0,33,10,79.22801713368243,76.19909064341404,3.0289264902683897
RedRC_2,real,RedSeep,RedSeep-S007,baseline,4.0,34,11,88.27909242361487,81.22085749074658,7.058234932868288
RedRC_2,real,RedSeep,RedSeep-S007,baseline,4.0,35,0,1.065615023947291,87.72764840747044,5.988675768698499
RedRC_2,real,RedSeep,RedSeep-S007,baseline,4.0,38,1,7.116208876147144,2.624359961318273,4.4918489148288705
RedRC_2,real,RedSeep,RedSeep-S007,baseline,4.0,39,2,25.127554492799387,32.70999153928525,7.582437046485861
RedRC_2,real,RedSeep,RedSeep-S007,baseline,4.0,40,3,21.16619674222841,38.33364482266094,17.167448080432532
RedRC_2,real,RedSeep,RedSeep-S007,baseline,4.0,41,4,38.31120354003133,41.00771680100563,2.6965132609742994
RedRC_2,real,RedSeep,RedSeep-S007,baseline,4.0,42,5,53.74570328227816,47.516998352871,6.228704929407158
RedRC_2,real,RedSeep,RedSeep-S007,no_thr,2.0,11,2,25.127554492799387,37.646626523711866,12.51907203091248
RedRC_2,real,RedSeep,RedSeep-S007,no_thr,2.0,12,3,21.16619674222841,37.59806551204931,16.4318687698209
RedRC_2,real,RedSeep,RedSeep-S007,no_thr,2.0,13,4,38.31120354003133,41.80677815155422,3.4955746115228905
RedRC_2,real,RedSeep,RedSeep-S007,no_thr,2.0,14,5,53.74570328227816,48.45701650904279,5.288686773235369
RedRC_2,real,RedSeep,RedSeep-S007,no_thr,2.0,15,6,65.73289379286808,61.53450989038424,4.19838390248384
RedRC_2,real,RedSeep,RedSeep-S007,no_thr,2.0,16,7,67.95489262816392,67.0091295678841,0.9457630602798162
RedRC_2,real,RedSeep,RedSeep-S007,no_thr,2.0,17,8,68.15563189149117,67.59768792751245,0.5579439639787154
RedRC_2,real,RedSeep,RedSeep-S007,no_thr,2.0,18,9,69.98641394961211,78.51213027739718,8.525716327785062
RedRC_2,real,RedSeep,RedSeep-S007,no_thr,2.0,19,10,79.22801713368243,79.0677852646832,0.16023186899923303
RedRC_2,real,RedSeep,RedSeep-S007,no_thr,2.0,20,11,88.27909242361487,80.22716628177935,8.051926141835523
RedRC_2,real,RedSeep,RedSeep-S007,no_thr,2.0,21,0,1.065615023947291,82.95292199202122,10.763402184147722
RedRC_2,real,RedSeep,RedSeep-S007,no_thr,2.0,24,1,7.116208876147144,6.473952048930252,0.642256827216892
RedRC_2,real,RedSeep,RedSeep-S007,no_thr,2.0,25,2,25.127554492799387,31.799318369208937,6.67176387640955
RedRC_2,real,RedSeep,RedSeep-S007,no_thr,2.0,26,3,21.16619674222841,36.75080787719944,15.58461113497103
RedRC_2,real,RedSeep,RedSeep-S007,no_thr,2.0,27,4,38.31120354003133,43.011909855518915,4.7007063154875866
RedRC_2,real,RedSeep,RedSeep-S007,no_thr,2.0,28,5,53.74570328227816,48.25591280866253,5.489790473615628
RedRC_2,real,RedSeep,RedSeep-S007,no_thr,2.0,29,6,65.73289379286808,61.84252286974869,3.8903709231193915
RedRC_2,real,RedSeep,RedSeep-S007,no_thr,2.0,30,7,67.95489262816392,65.38532036715189,2.569572261012027
RedRC_2,real,RedSeep,RedSeep-S007,no_thr,2.0,31,8,68.15563189149117,67.75027183390414,0.405360057587032
RedRC_2,real,RedSeep,RedSeep-S007,no_thr,2.0,32,9,69.98641394961211,70.88469328216917,0.8982793325570526
RedRC_2,real,RedSeep,RedSeep-S007,no_thr,2.0,33,10,79.22801713368243,75.90757214744676,3.320444986235671
RedRC_2,real,RedSeep,RedSeep-S007,no_thr,2.0,34,11,88.27909242361487,82.21775495293159,6.061337470683284
RedRC_2,real,RedSeep,RedSeep-S007,no_thr,2.0,35,0,1.065615023947291,89.21514281707756,4.501181359091376
RedRC_2,real,RedSeep,RedSeep-S007,no_thr,2.0,38,1,7.116208876147144,7.676539269654409,0.5603303935072654
RedRC_2,real,RedSeep,RedSeep-S007,no_thr,2.0,39,2,25.127554492799387,30.567104094508103,5.439549601708716
RedRC_2,real,RedSeep,RedSeep-S007,no_thr,2.0,40,3,21.16619674222841,36.65349413057491,15.487297388346501
RedRC_2,real,RedSeep,RedSeep-S007,no_thr,2.0,41,4,38.31120354003133,42.15305701634877,3.8418534763174392
RedRC_2,real,RedSeep,RedSeep-S007,no_thr,2.0,42,5,53.74570328227816,49.18427770260611,4.561425579672047
RedRC_2,real,RedSeep,RedSeep-S007,no_thr,4.0,11,2,25.127554492799387,32.996351156129144,7.868796663329757
RedRC_2,real,RedSeep,RedSeep-S007,no_thr,4.0,12,3,21.16619674222841,38.625612483444286,17.459415741215874
RedRC_2,real,RedSeep,RedSeep-S007,no_thr,4.0,13,4,38.31120354003133,40.29458461188201,1.9833810718506797
RedRC_2,real,RedSeep,RedSeep-S007,no_thr,4.0,14,5,53.74570328227816,46.44100723565747,7.304696046620684
RedRC_2,real,RedSeep,RedSeep-S007,no_thr,4.0,15,6,65.73289379286808,59.87002175850401,5.862872034364074
RedRC_2,real,RedSeep,RedSeep-S007,no_thr,4.0,16,7,67.95489262816392,67.52165513997714,0.43323748818677643
RedRC_2,real,RedSeep,RedSeep-S007,no_thr,4.0,17,8,68.15563189149117,66.90449753055739,1.2511343609337757
RedRC_2,real,RedSeep,RedSeep-S007,no_thr,4.0,18,9,69.98641394961211,72.29913722742685,2.31272327781474
RedRC_2,real,RedSeep,RedSeep-S007,no_thr,4.0,19,10,79.22801713368243,89.1583488287835,9.930331695101074
RedRC_2,real,RedSeep,RedSeep-S007,no_thr,4.0,20,11,88.27909242361487,82.05092589153905,6.228166532075818
RedRC_2,real,RedSeep,RedSeep-S007,no_thr,4.0,21,0,1.065615023947291,83.42527797588671,10.291046200282224
RedRC_2,real,RedSeep,RedSeep-S007,no_thr,4.0,24,1,7.116208876147144,89.87043070206732,9.896487326301468
RedRC_2,real,RedSeep,RedSeep-S007,no_thr,4.0,25,2,25.127554492799387,33.951283245172405,8.823728752373018
RedRC_2,real,RedSeep,RedSeep-S007,no_thr,4.0,26,3,21.16619674222841,38.63583269764318,17.46963595541477
RedRC_2,real,RedSeep,RedSeep-S007,no_thr,4.0,27,4,38.31120354003133,39.98247739334176,1.6712738533104314
RedRC_2,real,RedSeep,RedSeep-S007,no_thr,4.0,28,5,53.74570328227816,47.1910654478087,6.55463783446946
RedRC_2,real,RedSeep,RedSeep-S007,no_thr,4.0,29,6,65.73289379286808,59.557725024167716,6.175168768700367
RedRC_2,real,RedSeep,RedSeep-S007,no_thr,4.0,30,7,67.95489262816392,63.39423434555134,4.560658282612579
RedRC_2,real,RedSeep,RedSeep-S007,no_thr,4.0,31,8,68.15563189149117,67.1985828224033,0.9570490690878728
RedRC_2,real,RedSeep,RedSeep-S007,no_thr,4.0,32,9,69.98641394961211,71.57043813334849,1.5840241837363749
RedRC_2,real,RedSeep,RedSeep-S007,no_thr,4.0,33,10,79.22801713368243,76.52101673251356,2.7070004011688695
RedRC_2,real,RedSeep,RedSeep-S007,no_thr,4.0,34,11,88.27909242361487,81.54003328574105,6.739059137873824
RedRC_2,real,RedSeep,RedSeep-S007,no_thr,4.0,35,0,1.065615023947291,86.2832625890173,7.4330615871516414
RedRC_2,real,RedSeep,RedSeep-S007,no_thr,4.0,38,1,7.116208876147144,2.804489928141404,4.31171894800574
RedRC_2,real,RedSeep,RedSeep-S007,no_thr,4.0,39,2,25.127554492799387,31.76427013621356,6.636715643414174
RedRC_2,real,RedSeep,RedSeep-S007,no_thr,4.0,40,3,21.16619674222841,37.264147899233194,16.097951157004783
RedRC_2,real,RedSeep,RedSeep-S007,no_thr,4.0,41,4,38.31120354003133,38.58862615977207,0.2774226197407401
RedRC_2,real,RedSeep,RedSeep-S007,no_thr,4.0,42,5,53.74570328227816,47.24626909434668,6.499434187931477
RedRC_2,real,RedSeep,RedSeep-S007,angular_scaled,2.0,11,2,25.127554492799387,37.09887119725061,11.971316704451223
RedRC_2,real,RedSeep,RedSeep-S007,angular_scaled,2.0,12,3,21.16619674222841,37.924589571615755,16.758392829387343
RedRC_2,real,RedSeep,RedSeep-S007,angular_scaled,2.0,13,4,38.31120354003133,41.87796094506325,3.5667574050319217
RedRC_2,real,RedSeep,RedSeep-S007,angular_scaled,2.0,14,5,53.74570328227816,48.672379913053014,5.073323369225143
RedRC_2,real,RedSeep,RedSeep-S007,angular_scaled,2.0,15,6,65.73289379286808,61.56072035111165,4.172173441756435
RedRC_2,real,RedSeep,RedSeep-S007,angular_scaled,2.0,16,7,67.95489262816392,67.00935334327023,0.9455392848936839
RedRC_2,real,RedSeep,RedSeep-S007,angular_scaled,2.0,17,8,68.15563189149117,67.7170268110589,0.43860508043226787
RedRC_2,real,RedSeep,RedSeep-S007,angular_scaled,2.0,18,9,69.98641394961211,73.72536296401402,3.7389490144019106
RedRC_2,real,RedSeep,RedSeep-S007,angular_scaled,2.0,19,10,79.22801713368243,90.22560356943832,10.997586435755892
RedRC_2,real,RedSeep,RedSeep-S007,angular_scaled,2.0,20,11,88.27909242361487,80.03936908494826,8.239723338666607
RedRC_2,real,RedSeep,RedSeep-S007,angular_scaled,2.0,21,0,1.065615023947291,83.21882307661025,10.49750109955869
RedRC_2,real,RedSeep,RedSeep-S007,angular_scaled,2.0,24,1,7.116208876147144,3.55486039935595,3.5613484767911934
RedRC_2,real,RedSeep,RedSeep-S007,angular_scaled,2.0,25,2,25.127554492799387,32.42434128593571,7.296786793136324
RedRC_2,real,RedSeep,RedSeep-S007,angular_scaled,2.0,26,3,21.16619674222841,36.71115438705319,15.54495764482478
RedRC_2,real,RedSeep,RedSeep-S007,angular_scaled,2.0,27,4,38.31120354003133,41.66023696487153,3.3490334248402007
RedRC_2,real,RedSeep,RedSeep-S007,angular_scaled,2.0,28,5,53.74570328227816,48.70482071661226,5.040882565665896
RedRC_2,real,RedSeep,RedSeep-S007,angular_scaled,2.0,29,6,65.73289379286808,61.73205248249381,4.00084131037427
RedRC_2,real,RedSeep,RedSeep-S007,angular_scaled,2.0,30,7,67.95489262816392,65.24078218160453,2.7141104465593884
RedRC_2,real,RedSeep,RedSeep-S007,angular_scaled,2.0,31,8,68.15563189149117,67.83720927956566,0.3184226119255129
RedRC_2,real,RedSeep,RedSeep-S007,angular_scaled,2.0,32,9,69.98641394961211,70.93845267713192,0.9520387275198061
RedRC_2,real,RedSeep,RedSeep-S007,angular_scaled,2.0,33,10,79.22801713368243,75.74444780120993,3.4835693324724986
RedRC_2,real,RedSeep,RedSeep-S007,angular_scaled,2.0,34,11,88.27909242361487,81.3445965938124,6.934495829802472
RedRC_2,real,RedSeep,RedSeep-S007,angular_scaled,2.0,35,0,1.065615023947291,86.97576704461102,6.740557131557921
RedRC_2,real,RedSeep,RedSeep-S007,angular_scaled,2.0,38,1,7.116208876147144,6.99563769849502,0.12057117765212322
RedRC_2,real,RedSeep,RedSeep-S007,angular_scaled,2.0,39,2,25.127554492799387,30.911509613225892,5.783955120426505
RedRC_2,real,RedSeep,RedSeep-S007,angular_scaled,2.0,40,3,21.16619674222841,36.30247622833556,15.136279486107146
RedRC_2,real,RedSeep,RedSeep-S007,angular_scaled,2.0,41,4,38.31120354003133,41.34455967654451,3.0333561365131843
RedRC_2,real,RedSeep,RedSeep-S007,angular_scaled,2.0,42,5,53.74570328227816,49.26059344023507,4.485109842043087
RedRC_2,real,RedSeep,RedSeep-S007,angular_scaled,4.0,11,2,25.127554492799387,33.83519619594108,8.707641703141693
RedRC_2,real,RedSeep,RedSeep-S007,angular_scaled,4.0,12,3,21.16619674222841,38.05921584478793,16.893019102559517
RedRC_2,real,RedSeep,RedSeep-S007,angular_scaled,4.0,13,4,38.31120354003133,40.813109279227845,2.5019057391965163
RedRC_2,real,RedSeep,RedSeep-S007,angular_scaled,4.0,14,5,53.74570328227816,46.64934266947129,7.096360612806869
RedRC_2,real,RedSeep,RedSeep-S007,angular_scaled,4.0,15,6,65.73289379286808,58.743823808107756,6.989069984760327
RedRC_2,real,RedSeep,RedSeep-S007,angular_scaled,4.0,16,7,67.95489262816392,67.04337745769158,0.9115151704723417
RedRC_2,real,RedSeep,RedSeep-S007,angular_scaled,4.0,17,8,68.15563189149117,67.25747599244335,0.898155899047822
RedRC_2,real,RedSeep,RedSeep-S007,angular_scaled,4.0,18,9,69.98641394961211,72.46871648665991,2.4823025370478007
RedRC_2,real,RedSeep,RedSeep-S007,angular_scaled,4.0,19,10,79.22801713368243,88.50530430151356,9.277287167831133
RedRC_2,real,RedSeep,RedSeep-S007,angular_scaled,4.0,20,11,88.27909242361487,85.90842940375816,2.370663019856707
RedRC_2,real,RedSeep,RedSeep-S007,angular_scaled,4.0,21,0,1.065615023947291,85.73202677339852,7.984297402770423
RedRC_2,real,RedSeep,RedSeep-S007,angular_scaled,4.0,24,1,7.116208876147144,91.55760815246299,8.209309875905802
RedRC_2,real,RedSeep,RedSeep-S007,angular_scaled,4.0,25,2,25.127554492799387,32.2002563132091,7.072701820409716
RedRC_2,real,RedSeep,RedSeep-S007,angular_scaled,4.0,26,3,21.16619674222841,38.33375651792732,17.16755977569891
RedRC_2,real,RedSeep,RedSeep-S007,angular_scaled,4.0,27,4,38.31120354003133,40.363609717374075,2.052406177342746
RedRC_2,real,RedSeep,RedSeep-S007,angular_scaled,4.0,28,5,53.74570328227816,46.68613200466802,7.059571277610139
RedRC_2,real,RedSeep,RedSeep-S007,angular_scaled,4.0,29,6,65.73289379286808,59.295318713995826,6.437575078872257
RedRC_2,real,RedSeep,RedSeep-S007,angular_scaled,4.0,30,7,67.95489262816392,64.30401700659647,3.650875621567451
RedRC_2,real,RedSeep,RedSeep-S007,angular_scaled,4.0,31,8,68.15563189149117,65.38739103590372,2.7682408555874503
RedRC_2,real,RedSeep,RedSeep-S007,angular_scaled,4.0,32,9,69.98641394961211,71.21564662121219,1.229232671600073
RedRC_2,real,RedSeep,RedSeep-S007,angular_scaled,4.0,33,10,79.22801713368243,77.66533703171874,1.562680101963693
RedRC_2,real,RedSeep,RedSeep-S007,angular_scaled,4.0,34,11,88.27909242361487,82.35945968484606,5.9196327387688115
RedRC_2,real,RedSeep,RedSeep-S007,angular_scaled,4.0,35,0,1.065615023947291,86.41236234766075,7.303961828508193
RedRC_2,real,RedSeep,RedSeep-S007,angular_scaled,4.0,38,1,7.116208876147144,0.28362419780517073,6.832584678341973
RedRC_2,real,RedSeep,RedSeep-S007,angular_scaled,4.0,39,2,25.127554492799387,30.843979253218595,5.716424760419208
RedRC_2,real,RedSeep,RedSeep-S007,angular_scaled,4.0,40,3,21.16619674222841,37.13123271373021,15.965035971501802
RedRC_2,real,RedSeep,RedSeep-S007,angular_scaled,4.0,41,4,38.31120354003133,39.93921102094854,1.628007480917212
RedRC_2,real,RedSeep,RedSeep-S007,angular_scaled,4.0,42,5,53.74570328227816,47.10000118532292,6.64570209695524
RedRC_2,real,RedSeep,RedSeep-S008,baseline,2.0,15,2,25.127554492799387,36.807366975652634,11.679812482853247
RedRC_2,real,RedSeep,RedSeep-S008,baseline,2.0,16,3,21.16619674222841,38.07845015020691,16.9122534079785
RedRC_2,real,RedSeep,RedSeep-S008,baseline,2.0,17,4,38.31120354003133,41.95145173898247,3.6402481989511415
RedRC_2,real,RedSeep,RedSeep-S008,baseline,2.0,18,5,53.74570328227816,49.16269083821461,4.583012444063549
RedRC_2,real,RedSeep,RedSeep-S008,baseline,2.0,19,6,65.73289379286808,61.257786117022604,4.475107675845479
RedRC_2,real,RedSeep,RedSeep-S008,baseline,2.0,20,7,67.95489262816392,64.00825099044089,3.946641637723033
RedRC_2,real,RedSeep,RedSeep-S008,baseline,2.0,21,8,68.15563189149117,67.88598751481517,0.2696443766759984
RedRC_2,real,RedSeep,RedSeep-S008,baseline,2.0,22,9,69.98641394961211,71.87469164457586,1.8882776949637474
RedRC_2,real,RedSeep,RedSeep-S008,baseline,2.0,23,10,79.22801713368243,74.68810060120114,4.539916532481286
RedRC_2,real,RedSeep,RedSeep-S008,baseline,2.0,24,11,88.27909242361487,83.46089704662342,4.818195376991454
RedRC_2,real,RedSeep,RedSeep-S008,baseline,2.0,25,0,1.065615023947291,91.05699170971631,2.659332466452625
RedRC_2,real,RedSeep,RedSeep-S008,baseline,2.0,28,1,7.116208876147144,8.38848347023026,1.2722745940831173
RedRC_2,real,RedSeep,RedSeep-S008,baseline,2.0,29,2,25.127554492799387,29.566309748705333,4.438755255905946
RedRC_2,real,RedSeep,RedSeep-S008,baseline,2.0,30,3,21.16619674222841,34.88076833414722,13.714571591918808
RedRC_2,real,RedSeep,RedSeep-S008,baseline,2.0,31,4,38.31120354003133,42.11361363704152,3.8024100970101884
RedRC_2,real,RedSeep,RedSeep-S008,baseline,2.0,32,5,53.74570328227816,85.54687698331935,31.801173701041193
RedRC_2,real,RedSeep,RedSeep-S008,baseline,2.0,33,6,65.73289379286808,83.62371128606937,17.890817493201283
RedRC_2,real,RedSeep,RedSeep-S008,baseline,2.0,34,7,67.95489262816392,19.016668153287902,43.712484677345635
RedRC_2,real,RedSeep,RedSeep-S008,baseline,2.0,35,8,68.15563189149117,33.86232261362166,34.29330927786951
RedRC_2,real,RedSeep,RedSeep-S008,baseline,2.0,36,9,69.98641394961211,71.42248604109469,1.436072091482572
RedRC_2,real,RedSeep,RedSeep-S008,baseline,2.0,37,10,79.22801713368243,73.73938808502861,5.48862904865382
RedRC_2,real,RedSeep,RedSeep-S008,baseline,2.0,38,11,88.27909242361487,83.27811598229778,5.000976441317093
RedRC_2,real,RedSeep,RedSeep-S008,baseline,2.0,39,0,1.065615023947291,88.85198697317584,4.864337202993099
RedRC_2,real,RedSeep,RedSeep-S008,baseline,2.0,42,1,7.116208876147144,5.520663458773958,1.5955454173731853
RedRC_2,real,RedSeep,RedSeep-S008,baseline,2.0,43,2,25.127554492799387,31.34004773389931,6.212493241099924
RedRC_2,real,RedSeep,RedSeep-S008,baseline,2.0,44,3,21.16619674222841,33.41596490073601,12.249768158507596
RedRC_2,real,RedSeep,RedSeep-S008,baseline,4.0,15,2,25.127554492799387,35.95578335456755,10.828228861768164
RedRC_2,real,RedSeep,RedSeep-S008,baseline,4.0,16,3,21.16619674222841,37.80771397878356,16.64151723655515
RedRC_2,real,RedSeep,RedSeep-S008,baseline,4.0,17,4,38.31120354003133,40.827474657479584,2.5162711174482553
RedRC_2,real,RedSeep,RedSeep-S008,baseline,4.0,18,5,53.74570328227816,47.873335155751285,5.872368126526872
RedRC_2,real,RedSeep,RedSeep-S008,baseline,4.0,19,6,65.73289379286808,59.42624417882261,6.306649614045476
RedRC_2,real,RedSeep,RedSeep-S008,baseline,4.0,20,7,67.95489262816392,67.06781002267732,0.8870826054865972
RedRC_2,real,RedSeep,RedSeep-S008,baseline,4.0,21,8,68.15563189149117,67.5171307699758,0.6385011215153753
RedRC_2,real,RedSeep,RedSeep-S008,baseline,4.0,22,9,69.98641394961211,73.0132384894596,3.026824539847482
RedRC_2,real,RedSeep,RedSeep-S008,baseline,4.0,23,10,79.22801713368243,77.8378948796956,1.3901222539868314
RedRC_2,real,RedSeep,RedSeep-S008,baseline,4.0,24,11,88.27909242361487,82.54031983909746,5.738772584517406
RedRC_2,real,RedSeep,RedSeep-S008,baseline,4.0,25,0,1.065615023947291,88.0325983249026,5.683725851266345
RedRC_2,real,RedSeep,RedSeep-S008,baseline,4.0,28,1,7.116208876147144,2.4601482197155624,4.656060656431581
RedRC_2,real,RedSeep,RedSeep-S008,baseline,4.0,29,2,25.127554492799387,30.578780970668298,5.451226477868911
RedRC_2,real,RedSeep,RedSeep-S008,baseline,4.0,30,3,21.16619674222841,35.417381318528136,14.251184576299725
RedRC_2,real,RedSeep,RedSeep-S008,baseline,4.0,31,4,38.31120354003133,39.36137778058662,1.0501742405552932
RedRC_2,real,RedSeep,RedSeep-S008,baseline,4.0,32,5,53.74570328227816,49.49506766667826,4.250635615599897
RedRC_2,real,RedSeep,RedSeep-S008,baseline,4.0,33,6,65.73289379286808,59.549139006617764,6.183754786250319
RedRC_2,real,RedSeep,RedSeep-S008,baseline,4.0,34,7,67.95489262816392,68.23395940065392,0.27906677248999756
RedRC_2,real,RedSeep,RedSeep-S008,baseline,4.0,35,8,68.15563189149117,65.79408504434389,2.361546847147281
RedRC_2,real,RedSeep,RedSeep-S008,baseline,4.0,36,9,69.98641394961211,71.40261903193458,1.4162050823224632
RedRC_2,real,RedSeep,RedSeep-S008,baseline,4.0,37,10,79.22801713368243,75.64644549031995,3.58157164336248
RedRC_2,real,RedSeep,RedSeep-S008,baseline,4.0,38,11,88.27909242361487,82.26842965035617,6.0106627732587015
RedRC_2,real,RedSeep,RedSeep-S008,baseline,4.0,39,0,1.065615023947291,87.5359435973504,6.180380578818543
RedRC_2,real,RedSeep,RedSeep-S008,baseline,4.0,42,1,7.116208876147144,2.091100440993339,5.025108435153804
RedRC_2,real,RedSeep,RedSeep-S008,baseline,4.0,43,2,25.127554492799387,32.63095295386417,7.50339846106478
RedRC_2,real,RedSeep,RedSeep-S008,baseline,4.0,44,3,21.16619674222841,36.31231598897649,15.146119246748082
RedRC_2,real,RedSeep,RedSeep-S008,no_thr,2.0,15,2,25.127554492799387,37.086553828011425,11.958999335212038
RedRC_2,real,RedSeep,RedSeep-S008,no_thr,2.0,16,3,21.16619674222841,37.92817749653633,16.761980754307917
RedRC_2,real,RedSeep,RedSeep-S008,no_thr,2.0,17,4,38.31120354003133,42.46478777898161,4.15358423895028
RedRC_2,real,RedSeep,RedSeep-S008,no_thr,2.0,18,5,53.74570328227816,49.15605824147626,4.589645040801898
RedRC_2,real,RedSeep,RedSeep-S008,no_thr,2.0,19,6,65.73289379286808,60.81297405373377,4.919919739134315
RedRC_2,real,RedSeep,RedSeep-S008,no_thr,2.0,20,7,67.95489262816392,57.989889610300445,9.965003017863474
RedRC_2,real,RedSeep,RedSeep-S008,no_thr,2.0,21,8,68.15563189149117,67.83743052080771,0.3182013706834539
RedRC_2,real,RedSeep,RedSeep-S008,no_thr,2.0,22,9,69.98641394961211,77.61947936718312,7.633065417571004
RedRC_2,real,RedSeep,RedSeep-S008,no_thr,2.0,23,10,79.22801713368243,75.08966059163008,4.13835654205235
RedRC_2,real,RedSeep,RedSeep-S008,no_thr,2.0,24,11,88.27909242361487,82.20867473049515,6.0704176931197225
RedRC_2,real,RedSeep,RedSeep-S008,no_thr,2.0,25,0,1.065615023947291,89.7082502774494,4.008073898719545
RedRC_2,real,RedSeep,RedSeep-S008,no_thr,2.0,28,1,7.116208876147144,7.854449076700413,0.7382402005532693
RedRC_2,real,RedSeep,RedSeep-S008,no_thr,2.0,29,2,25.127554492799387,29.57046718817693,4.442912695377544
RedRC_2,real,RedSeep,RedSeep-S008,no_thr,2.0,30,3,21.16619674222841,34.54623020246668,13.38003346023827
RedRC_2,real,RedSeep,RedSeep-S008,no_thr,2.0,31,4,38.31120354003133,40.169609392248425,1.8584058522170963
RedRC_2,real,RedSeep,RedSeep-S008,no_thr,2.0,32,5,53.74570328227816,51.51715863623966,2.2285446460385003
RedRC_2,real,RedSeep,RedSeep-S008,no_thr,2.0,33,6,65.73289379286808,61.32322231782211,4.409671475045975
RedRC_2,real,RedSeep,RedSeep-S008,no_thr,2.0,34,7,67.95489262816392,66.05593730577458,1.898955322389341
RedRC_2,real,RedSeep,RedSeep-S008,no_thr,2.0,35,8,68.15563189149117,67.99392036658246,0.16171152490871066
RedRC_2,real,RedSeep,RedSeep-S008,no_thr,2.0,36,9,69.98641394961211,71.67011186298636,1.683697913374246
RedRC_2,real,RedSeep,RedSeep-S008,no_thr,2.0,37,10,79.22801713368243,74.6787846638545,4.549232469827928
RedRC_2,real,RedSeep,RedSeep-S008,no_thr,2.0,38,11,88.27909242361487,79.91773900808069,8.361353415534182
RedRC_2,real,RedSeep,RedSeep-S008,no_thr,2.0,39,0,1.065615023947291,84.62432495061196,9.091999225556975
RedRC_2,real,RedSeep,RedSeep-S008,no_thr,2.0,42,1,7.116208876147144,4.71144197179807,2.4047669043490734
RedRC_2,real,RedSeep,RedSeep-S008,no_thr,2.0,43,2,25.127554492799387,30.353055210181857,5.22550071738247
RedRC_2,real,RedSeep,RedSeep-S008,no_thr,2.0,44,3,21.16619674222841,32.807683231987596,11.641486489759185
RedRC_2,real,RedSeep,RedSeep-S008,no_thr,4.0,15,2,25.127554492799387,34.257636522637995,9.130082029838608
RedRC_2,real,RedSeep,RedSeep-S008,no_thr,4.0,16,3,21.16619674222841,37.62220775481675,16.456011012588338
RedRC_2,real,RedSeep,RedSeep-S008,no_thr,4.0,17,4,38.31120354003133,40.165478194928234,1.854274654896905
RedRC_2,real,RedSeep,RedSeep-S008,no_thr,4.0,18,5,53.74570328227816,48.16857243371966,5.577130848558497
RedRC_2,real,RedSeep,RedSeep-S008,no_thr,4.0,19,6,65.73289379286808,59.87482501820772,5.85806877466036
RedRC_2,real,RedSeep,RedSeep-S008,no_thr,4.0,20,7,67.95489262816392,66.87376149141345,1.0811311367504715
RedRC_2,real,RedSeep,RedSeep-S008,no_thr,4.0,21,8,68.15563189149117,67.51242181889332,0.6432100725978529
RedRC_2,real,RedSeep,RedSeep-S008,no_thr,4.0,22,9,69.98641394961211,71.73101866114985,1.7446047115377326
RedRC_2,real,RedSeep,RedSeep-S008,no_thr,4.0,23,10,79.22801713368243,76.57176118353816,2.6562559501442706
RedRC_2,real,RedSeep,RedSeep-S008,no_thr,4.0,24,11,88.27909242361487,81.90200378293183,6.377088640683041
RedRC_2,real,RedSeep,RedSeep-S008,no_thr,4.0,25,0,1.065615023947291,86.43285643659443,7.283467739574505
RedRC_2,real,RedSeep,RedSeep-S008,no_thr,4.0,28,1,7.116208876147144,0.9311425444579151,6.185066331689228
RedRC_2,real,RedSeep,RedSeep-S008,no_thr,4.0,29,2,25.127554492799387,30.829002923470554,5.701448430671167
RedRC_2,real,RedSeep,RedSeep-S008,no_thr,4.0,30,3,21.16619674222841,35.12988694661259,13.963690204384175
RedRC_2,real,RedSeep,RedSeep-S008,no_thr,4.0,31,4,38.31120354003133,38.52098605491299,0.20978251488165967
RedRC_2,real,RedSeep,RedSeep-S008,no_thr,4.0,32,5,53.74570328227816,49.617253145158266,4.128450137119891
RedRC_2,real,RedSeep,RedSeep-S008,no_thr,4.0,33,6,65.73289379286808,58.047500651385484,7.685393141482599
RedRC_2,real,RedSeep,RedSeep-S008,no_thr,4.0,34,7,67.95489262816392,65.01815408148366,2.9367385466802602
RedRC_2,real,RedSeep,RedSeep-S008,no_thr,4.0,35,8,68.15563189149117,66.66835474407287,1.4872771474182969
RedRC_2,real,RedSeep,RedSeep-S008,no_thr,4.0,36,9,69.98641394961211,71.77674578309163,1.790331833479513
RedRC_2,real,RedSeep,RedSeep-S008,no_thr,4.0,37,10,79.22801713368243,76.74990013347943,2.4781170002029995
RedRC_2,real,RedSeep,RedSeep-S008,no_thr,4.0,38,11,88.27909242361487,81.57470461872259,6.704387804892278
RedRC_2,real,RedSeep,RedSeep-S008,no_thr,4.0,39,0,1.065615023947291,84.57025915388172,9.146065022287218
RedRC_2,real,RedSeep,RedSeep-S008,no_thr,4.0,42,1,7.116208876147144,91.20846206837426,8.558455959994532
RedRC_2,real,RedSeep,RedSeep-S008,no_thr,4.0,43,2,25.127554492799387,31.58943739195086,6.4618828991514725
RedRC_2,real,RedSeep,RedSeep-S008,no_thr,4.0,44,3,21.16619674222841,36.23327206057134,15.067075318342926
RedRC_2,real,RedSeep,RedSeep-S008,angular_scaled,2.0,15,2,25.127554492799387,33.407367390059896,8.27981289726051
RedRC_2,real,RedSeep,RedSeep-S008,angular_scaled,2.0,16,3,21.16619674222841,34.96740550742481,13.801208765196396
RedRC_2,real,RedSeep,RedSeep-S008,angular_scaled,2.0,17,4,38.31120354003133,39.65750647972735,1.3463029396960238
RedRC_2,real,RedSeep,RedSeep-S008,angular_scaled,2.0,18,5,53.74570328227816,49.4213771509125,4.324326131365659
RedRC_2,real,RedSeep,RedSeep-S008,angular_scaled,2.0,19,6,65.73289379286808,60.59102734423459,5.141866448633493
RedRC_2,real,RedSeep,RedSeep-S008,angular_scaled,2.0,20,7,67.95489262816392,64.72576457150372,3.229128056660201
RedRC_2,real,RedSeep,RedSeep-S008,angular_scaled,2.0,21,8,68.15563189149117,67.8894835911101,0.26614830038106163
RedRC_2,real,RedSeep,RedSeep-S008,angular_scaled,2.0,22,9,69.98641394961211,73.4352423204916,3.4488283708794825
RedRC_2,real,RedSeep,RedSeep-S008,angular_scaled,2.0,23,10,79.22801713368243,75.97057925337593,3.2574378803064974
RedRC_2,real,RedSeep,RedSeep-S008,angular_scaled,2.0,24,11,88.27909242361487,81.99022903339156,6.288863390223312
RedRC_2,real,RedSeep,RedSeep-S008,angular_scaled,2.0,25,0,1.065615023947291,87.542965344938,6.173358831230942
RedRC_2,real,RedSeep,RedSeep-S008,angular_scaled,2.0,28,1,7.116208876147144,5.844069697047007,1.2721391791001366
RedRC_2,real,RedSeep,RedSeep-S008,angular_scaled,2.0,29,2,25.127554492799387,30.60630371569898,5.478749222899594
RedRC_2,real,RedSeep,RedSeep-S008,angular_scaled,2.0,30,3,21.16619674222841,34.69233314963185,13.526136407403438
RedRC_2,real,RedSeep,RedSeep-S008,angular_scaled,2.0,31,4,38.31120354003133,39.831678218447784,1.5204746784164556
RedRC_2,real,RedSeep,RedSeep-S008,angular_scaled,2.0,32,5,53.74570328227816,51.62142554867075,2.124277733607407
RedRC_2,real,RedSeep,RedSeep-S008,angular_scaled,2.0,33,6,65.73289379286808,60.17254974176727,5.560344051100813
RedRC_2,real,RedSeep,RedSeep-S008,angular_scaled,2.0,34,7,67.95489262816392,66.03497339110042,1.919919237063496
RedRC_2,real,RedSeep,RedSeep-S008,angular_scaled,2.0,35,8,68.15563189149117,67.94990560753486,0.20572628395630943
RedRC_2,real,RedSeep,RedSeep-S008,angular_scaled,2.0,36,9,69.98641394961211,71.55411317719717,1.5676992275850523
RedRC_2,real,RedSeep,RedSeep-S008,angular_scaled,2.0,37,10,79.22801713368243,74.61897489083356,4.609042242848872
RedRC_2,real,RedSeep,RedSeep-S008,angular_scaled,2.0,38,11,88.27909242361487,79.96882014068113,8.310272282933738
RedRC_2,real,RedSeep,RedSeep-S008,angular_scaled,2.0,39,0,1.065615023947291,84.16834152992426,9.547982646244677
RedRC_2,real,RedSeep,RedSeep-S008,angular_scaled,2.0,42,1,7.116208876147144,2.944037510432421,4.172171365714723
RedRC_2,real,RedSeep,RedSeep-S008,angular_scaled,2.0,43,2,25.127554492799387,31.06646819107412,5.938913698274732
RedRC_2,real,RedSeep,RedSeep-S008,angular_scaled,2.0,44,3,21.16619674222841,35.033941311485314,13.867744569256903
RedRC_2,real,RedSeep,RedSeep-S008,angular_scaled,4.0,15,2,25.127554492799387,36.70733808322796,11.579783590428573
RedRC_2,real,RedSeep,RedSeep-S008,angular_scaled,4.0,16,3,21.16619674222841,38.672877109916314,17.506680367687903
RedRC_2,real,RedSeep,RedSeep-S008,angular_scaled,4.0,17,4,38.31120354003133,40.16597960695535,1.8547760669240176
RedRC_2,real,RedSeep,RedSeep-S008,angular_scaled,4.0,18,5,53.74570328227816,47.86141035855266,5.884292923725496
RedRC_2,real,RedSeep,RedSeep-S008,angular_scaled,4.0,19,6,65.73289379286808,58.503768226006635,7.229125566861448
RedRC_2,real,RedSeep,RedSeep-S008,angular_scaled,4.0,20,7,67.95489262816392,66.8457108317352,1.1091817964287145
RedRC_2,real,RedSeep,RedSeep-S008,angular_scaled,4.0,21,8,68.15563189149117,67.35805475778915,0.7975771337020205
RedRC_2,real,RedSeep,RedSeep-S008,angular_scaled,4.0,22,9,69.98641394961211,73.011406964868,3.0249930152558875
RedRC_2,real,RedSeep,RedSeep-S008,angular_scaled,4.0,23,10,79.22801713368243,78.39399757924267,0.8340195544397631
RedRC_2,real,RedSeep,RedSeep-S008,angular_scaled,4.0,24,11,88.27909242361487,82.9792217042816,5.299870719333271
RedRC_2,real,RedSeep,RedSeep-S008,angular_scaled,4.0,25,0,1.065615023947291,86.57574627664694,7.140577899522
RedRC_2,real,RedSeep,RedSeep-S008,angular_scaled,4.0,28,1,7.116208876147144,92.52924388921326,7.23767413915553
RedRC_2,real,RedSeep,RedSeep-S008,angular_scaled,4.0,29,2,25.127554492799387,29.363905721750083,4.236351228950696
RedRC_2,real,RedSeep,RedSeep-S008,angular_scaled,4.0,30,3,21.16619674222841,35.01316952489314,13.846972782664725
RedRC_2,real,RedSeep,RedSeep-S008,angular_scaled,4.0,31,4,38.31120354003133,38.52217361302213,0.21097007299080417
RedRC_2,real,RedSeep,RedSeep-S008,angular_scaled,4.0,32,5,53.74570328227816,48.54658045316382,5.199122829114337
RedRC_2,real,RedSeep,RedSeep-S008,angular_scaled,4.0,33,6,65.73289379286808,57.998094205030206,7.734799587837877
RedRC_2,real,RedSeep,RedSeep-S008,angular_scaled,4.0,34,7,67.95489262816392,66.11009859680112,1.8447940313627953
RedRC_2,real,RedSeep,RedSeep-S008,angular_scaled,4.0,35,8,68.15563189149117,67.07264427234861,1.082987619142557
RedRC_2,real,RedSeep,RedSeep-S008,angular_scaled,4.0,36,9,69.98641394961211,72.12144851355188,2.1350345639397688
RedRC_2,real,RedSeep,RedSeep-S008,angular_scaled,4.0,37,10,79.22801713368243,77.75558129190996,1.472435841772466
RedRC_2,real,RedSeep,RedSeep-S008,angular_scaled,4.0,38,11,88.27909242361487,83.13535982648945,5.143732597125421
RedRC_2,real,RedSeep,RedSeep-S008,angular_scaled,4.0,39,0,1.065615023947291,85.99134070808664,7.7249834680823
RedRC_2,real,RedSeep,RedSeep-S008,angular_scaled,4.0,42,1,7.116208876147144,91.43109858293064,8.335819445438148
RedRC_2,real,RedSeep,RedSeep-S008,angular_scaled,4.0,43,2,25.127554492799387,31.864792852963237,6.73723836016385
RedRC_2,real,RedSeep,RedSeep-S008,angular_scaled,4.0,44,3,21.16619674222841,36.96815722488449,15.801960482656082
RedRC_3,real,RedSeep,RedSeep-S007,baseline,2.0,11,2,25.127554492799387,39.44610253535222,14.31854804255283
RedRC_3,real,RedSeep,RedSeep-S007,baseline,2.0,12,3,21.16619674222841,39.450736354994596,18.284539612766185
RedRC_3,real,RedSeep,RedSeep-S007,baseline,2.0,13,4,38.31120354003133,42.723853734024104,4.412650193992775
RedRC_3,real,RedSeep,RedSeep-S007,baseline,2.0,14,5,53.74570328227816,48.028422041407715,5.717281240870442
RedRC_3,real,RedSeep,RedSeep-S007,baseline,2.0,15,6,65.73289379286808,61.0705521568893,4.662341635978784
RedRC_3,real,RedSeep,RedSeep-S007,baseline,2.0,16,7,67.95489262816392,65.01004082811345,2.944851800050472
RedRC_3,real,RedSeep,RedSeep-S007,baseline,2.0,17,8,68.15563189149117,67.7465632872872,0.4090686042039664
RedRC_3,real,RedSeep,RedSeep-S007,baseline,2.0,18,9,69.98641394961211,78.69570874165063,8.70929479203852
RedRC_3,real,RedSeep,RedSeep-S007,baseline,2.0,19,10,79.22801713368243,91.77246241863715,12.544445284954719
RedRC_3,real,RedSeep,RedSeep-S007,baseline,2.0,20,11,88.27909242361487,82.68080961159123,5.5982828120236405
RedRC_3,real,RedSeep,RedSeep-S007,baseline,2.0,21,0,1.065615023947291,87.94524512581556,5.771079050353379
RedRC_3,real,RedSeep,RedSeep-S007,baseline,2.0,24,1,7.116208876147144,6.296637937566874,0.8195709385802692
RedRC_3,real,RedSeep,RedSeep-S007,baseline,2.0,25,2,25.127554492799387,30.878021546882476,5.750467054083089
RedRC_3,real,RedSeep,RedSeep-S007,baseline,2.0,26,3,21.16619674222841,36.74081763016441,15.574620887935996
RedRC_3,real,RedSeep,RedSeep-S007,baseline,2.0,27,4,38.31120354003133,43.6158644651543,5.304660925122974
RedRC_3,real,RedSeep,RedSeep-S007,baseline,2.0,28,5,53.74570328227816,48.171170403811324,5.574532878466833
RedRC_3,real,RedSeep,RedSeep-S007,baseline,2.0,29,6,65.73289379286808,61.41675232524651,4.31614146762157
RedRC_3,real,RedSeep,RedSeep-S007,baseline,2.0,30,7,67.95489262816392,65.23118603065997,2.7237065975039485
RedRC_3,real,RedSeep,RedSeep-S007,baseline,2.0,31,8,68.15563189149117,67.82436527039276,0.33126662109840765
RedRC_3,real,RedSeep,RedSeep-S007,baseline,2.0,32,9,69.98641394961211,70.71005625916216,0.7236423095500442
RedRC_3,real,RedSeep,RedSeep-S007,baseline,2.0,33,10,79.22801713368243,75.0909588860796,4.137058247602823
RedRC_3,real,RedSeep,RedSeep-S007,baseline,2.0,34,11,88.27909242361487,83.02746175495892,5.251630668655949
RedRC_3,real,RedSeep,RedSeep-S007,baseline,2.0,35,0,1.065615023947291,90.8511324734832,2.8651917026857348
RedRC_3,real,RedSeep,RedSeep-S007,baseline,2.0,38,1,7.116208876147144,6.2410486485210805,0.875160227626063
RedRC_3,real,RedSeep,RedSeep-S007,baseline,2.0,39,2,25.127554492799387,30.25931209439785,5.131757601598462
RedRC_3,real,RedSeep,RedSeep-S007,baseline,2.0,40,3,21.16619674222841,36.61891804950575,15.45272130727734
RedRC_3,real,RedSeep,RedSeep-S007,baseline,2.0,41,4,38.31120354003133,43.024325072348965,4.713121532317636
RedRC_3,real,RedSeep,RedSeep-S007,baseline,2.0,42,5,53.74570328227816,48.829710485142336,4.9159927971358215
RedRC_3,real,RedSeep,RedSeep-S007,baseline,4.0,11,2,25.127554492799387,35.98817475243279,10.860620259633404
RedRC_3,real,RedSeep,RedSeep-S007,baseline,4.0,12,3,21.16619674222841,38.335298974858524,17.169102232630113
RedRC_3,real,RedSeep,RedSeep-S007,baseline,4.0,13,4,38.31120354003133,40.60509895865881,2.2938954186274785
RedRC_3,real,RedSeep,RedSeep-S007,baseline,4.0,14,5,53.74570328227816,45.41782937637063,8.32787390590753
RedRC_3,real,RedSeep,RedSeep-S007,baseline,4.0,15,6,65.73289379286808,59.294610565474436,6.438283227393647
RedRC_3,real,RedSeep,RedSeep-S007,baseline,4.0,16,7,67.95489262816392,67.81856348489062,0.1363291432733007
RedRC_3,real,RedSeep,RedSeep-S007,baseline,4.0,17,8,68.15563189149117,67.76894627357177,0.3866856179193974
RedRC_3,real,RedSeep,RedSeep-S007,baseline,4.0,18,9,69.98641394961211,72.7214780526075,2.7350641029953806
RedRC_3,real,RedSeep,RedSeep-S007,baseline,4.0,19,10,79.22801713368243,87.15131036431511,7.92329323063268
RedRC_3,real,RedSeep,RedSeep-S007,baseline,4.0,20,11,88.27909242361487,84.0001035226671,4.278988900947766
RedRC_3,real,RedSeep,RedSeep-S007,baseline,4.0,21,0,1.065615023947291,87.34125282174226,6.37507135442668
RedRC_3,real,RedSeep,RedSeep-S007,baseline,4.0,24,1,7.116208876147144,0.504028159699324,6.61218071644782
RedRC_3,real,RedSeep,RedSeep-S007,baseline,4.0,25,2,25.127554492799387,32.60126837853192,7.473713885732533
RedRC_3,real,RedSeep,RedSeep-S007,baseline,4.0,26,3,21.16619674222841,37.72896381783397,16.56276707560556
RedRC_3,real,RedSeep,RedSeep-S007,baseline,4.0,27,4,38.31120354003133,40.89193640767744,2.5807328676461125
RedRC_3,real,RedSeep,RedSeep-S007,baseline,4.0,28,5,53.74570328227816,46.9450979781597,6.800605304118456
RedRC_3,real,RedSeep,RedSeep-S007,baseline,4.0,29,6,65.73289379286808,58.984168139825115,6.748725653042968
RedRC_3,real,RedSeep,RedSeep-S007,baseline,4.0,30,7,67.95489262816392,63.45698452891093,4.497908099252989
RedRC_3,real,RedSeep,RedSeep-S007,baseline,4.0,31,8,68.15563189149117,67.55502071619554,0.6006111752956258
RedRC_3,real,RedSeep,RedSeep-S007,baseline,4.0,32,9,69.98641394961211,71.65811146432793,1.6716975147158166
RedRC_3,real,RedSeep,RedSeep-S007,baseline,4.0,33,10,79.22801713368243,75.6990549312313,3.528962202451126
RedRC_3,real,RedSeep,RedSeep-S007,baseline,4.0,34,11,88.27909242361487,80.93518166358221,7.3439107600326565
RedRC_3,real,RedSeep,RedSeep-S007,baseline,4.0,35,0,1.065615023947291,87.4772085020323,6.239115674136642
RedRC_3,real,RedSeep,RedSeep-S007,baseline,4.0,38,1,7.116208876147144,1.641704867875285,5.474504008271858
RedRC_3,real,RedSeep,RedSeep-S007,baseline,4.0,39,2,25.127554492799387,32.278574635801306,7.151020143001919
RedRC_3,real,RedSeep,RedSeep-S007,baseline,4.0,40,3,21.16619674222841,37.69885672793323,16.53265998570482
RedRC_3,real,RedSeep,RedSeep-S007,baseline,4.0,41,4,38.31120354003133,40.3690957909834,2.0578922509520723
RedRC_3,real,RedSeep,RedSeep-S007,baseline,4.0,42,5,53.74570328227816,46.72283991174562,7.022863370532534
RedRC_3,real,RedSeep,RedSeep-S007,no_thr,2.0,11,2,25.127554492799387,36.45562051438535,11.328066021585965
RedRC_3,real,RedSeep,RedSeep-S007,no_thr,2.0,12,3,21.16619674222841,36.924039900344276,15.757843158115865
RedRC_3,real,RedSeep,RedSeep-S007,no_thr,2.0,13,4,38.31120354003133,41.14285964943222,2.831656109400889
RedRC_3,real,RedSeep,RedSeep-S007,no_thr,2.0,14,5,53.74570328227816,48.09044132682594,5.655261955452218
RedRC_3,real,RedSeep,RedSeep-S007,no_thr,2.0,15,6,65.73289379286808,60.75758071716752,4.975313075700562
RedRC_3,real,RedSeep,RedSeep-S007,no_thr,2.0,16,7,67.95489262816392,66.73473318652965,1.2201594416342658
RedRC_3,real,RedSeep,RedSeep-S007,no_thr,2.0,17,8,68.15563189149117,67.62855194431943,0.5270799471717424
RedRC_3,real,RedSeep,RedSeep-S007,no_thr,2.0,18,9,69.98641394961211,1.9577181425937387,24.62201334520327
RedRC_3,real,RedSeep,RedSeep-S007,no_thr,2.0,19,10,79.22801713368243,76.25885933083613,2.969157802846297
RedRC_3,real,RedSeep,RedSeep-S007,no_thr,2.0,20,11,88.27909242361487,79.59859835967247,8.680494063942405
RedRC_3,real,RedSeep,RedSeep-S007,no_thr,2.0,21,0,1.065615023947291,82.44899425953867,11.267329916630274
RedRC_3,real,RedSeep,RedSeep-S007,no_thr,2.0,24,1,7.116208876147144,3.7749795618063993,3.3412293143407443
RedRC_3,real,RedSeep,RedSeep-S007,no_thr,2.0,25,2,25.127554492799387,31.538335432130133,6.4107809393307456
RedRC_3,real,RedSeep,RedSeep-S007,no_thr,2.0,26,3,21.16619674222841,36.32978854629692,15.163591804068506
RedRC_3,real,RedSeep,RedSeep-S007,no_thr,2.0,27,4,38.31120354003133,42.91217822030526,4.600974680273929
RedRC_3,real,RedSeep,RedSeep-S007,no_thr,2.0,28,5,53.74570328227816,47.9449722433942,5.80073103888396
RedRC_3,real,RedSeep,RedSeep-S007,no_thr,2.0,29,6,65.73289379286808,60.959507086650774,4.773386706217309
RedRC_3,real,RedSeep,RedSeep-S007,no_thr,2.0,30,7,67.95489262816392,65.11595853664286,2.838934091521054
RedRC_3,real,RedSeep,RedSeep-S007,no_thr,2.0,31,8,68.15563189149117,67.74855234279866,0.40707954869250784
RedRC_3,real,RedSeep,RedSeep-S007,no_thr,2.0,32,9,69.98641394961211,70.77640005875242,0.7899861091403011
RedRC_3,real,RedSeep,RedSeep-S007,no_thr,2.0,33,10,79.22801713368243,75.28005774113436,3.9479593925480714
RedRC_3,real,RedSeep,RedSeep-S007,no_thr,2.0,34,11,88.27909242361487,81.18198108521777,7.097111338397099
RedRC_3,real,RedSeep,RedSeep-S007,no_thr,2.0,35,0,1.065615023947291,88.55706240613293,5.159261770036011
RedRC_3,real,RedSeep,RedSeep-S007,no_thr,2.0,38,1,7.116208876147144,6.9134628850666,0.20274599108054403
RedRC_3,real,RedSeep,RedSeep-S007,no_thr,2.0,39,2,25.127554492799387,29.919608372200937,4.79205387940155
RedRC_3,real,RedSeep,RedSeep-S007,no_thr,2.0,40,3,21.16619674222841,36.32353571242992,15.157338970201511
RedRC_3,real,RedSeep,RedSeep-S007,no_thr,2.0,41,4,38.31120354003133,41.75871329418756,3.447509754156229
RedRC_3,real,RedSeep,RedSeep-S007,no_thr,2.0,42,5,53.74570328227816,48.753290605670024,4.992412676608133
RedRC_3,real,RedSeep,RedSeep-S007,no_thr,4.0,11,2,25.127554492799387,30.565341025311195,5.437786532511808
RedRC_3,real,RedSeep,RedSeep-S007,no_thr,4.0,12,3,21.16619674222841,36.747382985861414,15.581186243633002
RedRC_3,real,RedSeep,RedSeep-S007,no_thr,4.0,13,4,38.31120354003133,39.880920195315255,1.5697166552839263
RedRC_3,real,RedSeep,RedSeep-S007,no_thr,4.0,14,5,53.74570328227816,45.42444299836204,8.321260283916118
RedRC_3,real,RedSeep,RedSeep-S007,no_thr,4.0,15,6,65.73289379286808,59.591472693242814,6.141421099625269
RedRC_3,real,RedSeep,RedSeep-S007,no_thr,4.0,16,7,67.95489262816392,67.1359159452812,0.8189766828827203
RedRC_3,real,RedSeep,RedSeep-S007,no_thr,4.0,17,8,68.15563189149117,66.71848233389689,1.4371495575942816
RedRC_3,real,RedSeep,RedSeep-S007,no_thr,4.0,18,9,69.98641394961211,71.87165807649302,1.885244126880906
RedRC_3,real,RedSeep,RedSeep-S007,no_thr,4.0,19,10,79.22801713368243,85.2764230020791,6.048405868396671
RedRC_3,real,RedSeep,RedSeep-S007,no_thr,4.0,20,11,88.27909242361487,81.62742477051377,6.6516676531011
RedRC_3,real,RedSeep,RedSeep-S007,no_thr,4.0,21,0,1.065615023947291,83.51047356834486,10.205850607824075
RedRC_3,real,RedSeep,RedSeep-S007,no_thr,4.0,24,1,7.116208876147144,89.98360272396172,9.783315304407068
RedRC_3,real,RedSeep,RedSeep-S007,no_thr,4.0,25,2,25.127554492799387,33.577476011882396,8.44992151908301
RedRC_3,real,RedSeep,RedSeep-S007,no_thr,4.0,26,3,21.16619674222841,38.46832743223143,17.302130690003022
RedRC_3,real,RedSeep,RedSeep-S007,no_thr,4.0,27,4,38.31120354003133,39.50409338501359,1.1928898449822611
RedRC_3,real,RedSeep,RedSeep-S007,no_thr,4.0,28,5,53.74570328227816,45.9414085210949,7.804294761183257
RedRC_3,real,RedSeep,RedSeep-S007,no_thr,4.0,29,6,65.73289379286808,58.93786389896129,6.7950298939067935
RedRC_3,real,RedSeep,RedSeep-S007,no_thr,4.0,30,7,67.95489262816392,64.78701038044325,3.1678822477206694
RedRC_3,real,RedSeep,RedSeep-S007,no_thr,4.0,31,8,68.15563189149117,67.28776754908799,0.8678643424031804
RedRC_3,real,RedSeep,RedSeep-S007,no_thr,4.0,32,9,69.98641394961211,71.49985027674616,1.5134363271340447
RedRC_3,real,RedSeep,RedSeep-S007,no_thr,4.0,33,10,79.22801713368243,76.06495750923771,3.1630596244447133
RedRC_3,real,RedSeep,RedSeep-S007,no_thr,4.0,34,11,88.27909242361487,80.5138713894905,7.765221034124366
RedRC_3,real,RedSeep,RedSeep-S007,no_thr,4.0,35,0,1.065615023947291,85.02481884708423,8.691505329084706
RedRC_3,real,RedSeep,RedSeep-S007,no_thr,4.0,38,1,7.116208876147144,92.55493146089718,7.211986567471612
RedRC_3,real,RedSeep,RedSeep-S007,no_thr,4.0,39,2,25.127554492799387,31.54373428503839,6.416179792239003
RedRC_3,real,RedSeep,RedSeep-S007,no_thr,4.0,40,3,21.16619674222841,37.004092057270455,15.837895315042044
RedRC_3,real,RedSeep,RedSeep-S007,no_thr,4.0,41,4,38.31120354003133,38.86316360768367,0.5519600676523382
RedRC_3,real,RedSeep,RedSeep-S007,no_thr,4.0,42,5,53.74570328227816,46.41431787589516,7.331385406382999
RedRC_3,real,RedSeep,RedSeep-S007,angular_scaled,2.0,11,2,25.127554492799387,39.02648720962997,13.898932716830583
RedRC_3,real,RedSeep,RedSeep-S007,angular_scaled,2.0,12,3,21.16619674222841,39.889779653494536,18.723582911266124
RedRC_3,real,RedSeep,RedSeep-S007,angular_scaled,2.0,13,4,38.31120354003133,41.959216948073966,3.6480134080426367
RedRC_3,real,RedSeep,RedSeep-S007,angular_scaled,2.0,14,5,53.74570328227816,48.229916238901076,5.515787043377081
RedRC_3,real,RedSeep,RedSeep-S007,angular_scaled,2.0,15,6,65.73289379286808,60.67767324587177,5.05522054699631
RedRC_3,real,RedSeep,RedSeep-S007,angular_scaled,2.0,16,7,67.95489262816392,66.7075508081733,1.2473418199906234
RedRC_3,real,RedSeep,RedSeep-S007,angular_scaled,2.0,17,8,68.15563189149117,67.62822973098342,0.5274021605077479
RedRC_3,real,RedSeep,RedSeep-S007,angular_scaled,2.0,18,9,69.98641394961211,73.69774741752704,3.711333467914926
RedRC_3,real,RedSeep,RedSeep-S007,angular_scaled,2.0,19,10,79.22801713368243,88.73545839864585,9.507441264963418
RedRC_3,real,RedSeep,RedSeep-S007,angular_scaled,2.0,20,11,88.27909242361487,79.6999130511655,8.579179372449374
RedRC_3,real,RedSeep,RedSeep-S007,angular_scaled,2.0,21,0,1.065615023947291,82.90765707889263,10.808667097276313
RedRC_3,real,RedSeep,RedSeep-S007,angular_scaled,2.0,24,1,7.116208876147144,1.363398840947719,5.752810035199425
RedRC_3,real,RedSeep,RedSeep-S007,angular_scaled,2.0,25,2,25.127554492799387,31.980898280289953,6.853343787490566
RedRC_3,real,RedSeep,RedSeep-S007,angular_scaled,2.0,26,3,21.16619674222841,36.56378378899254,15.397587046764126
RedRC_3,real,RedSeep,RedSeep-S007,angular_scaled,2.0,27,4,38.31120354003133,41.88110194922637,3.5698984091950408
RedRC_3,real,RedSeep,RedSeep-S007,angular_scaled,2.0,28,5,53.74570328227816,48.50196473150394,5.243738550774218
RedRC_3,real,RedSeep,RedSeep-S007,angular_scaled,2.0,29,6,65.73289379286808,61.06472054859512,4.668173244272964
RedRC_3,real,RedSeep,RedSeep-S007,angular_scaled,2.0,30,7,67.95489262816392,65.1931436133294,2.761749014834521
RedRC_3,real,RedSeep,RedSeep-S007,angular_scaled,2.0,31,8,68.15563189149117,67.73862067972618,0.41701121176498646
RedRC_3,real,RedSeep,RedSeep-S007,angular_scaled,2.0,32,9,69.98641394961211,70.73311044783594,0.7466964982238267
RedRC_3,real,RedSeep,RedSeep-S007,angular_scaled,2.0,33,10,79.22801713368243,75.30235622117426,3.925660912508164
RedRC_3,real,RedSeep,RedSeep-S007,angular_scaled,2.0,34,11,88.27909242361487,80.92703317876115,7.35205924485372
RedRC_3,real,RedSeep,RedSeep-S007,angular_scaled,2.0,35,0,1.065615023947291,87.41719724045592,6.299126935713019
RedRC_3,real,RedSeep,RedSeep-S007,angular_scaled,2.0,38,1,7.116208876147144,5.691042298936929,1.4251665772102147
RedRC_3,real,RedSeep,RedSeep-S007,angular_scaled,2.0,39,2,25.127554492799387,30.43480713638412,5.307252643584732
RedRC_3,real,RedSeep,RedSeep-S007,angular_scaled,2.0,40,3,21.16619674222841,36.01101813169087,14.844821389462457
RedRC_3,real,RedSeep,RedSeep-S007,angular_scaled,2.0,41,4,38.31120354003133,40.84299977147751,2.5317962314461795
RedRC_3,real,RedSeep,RedSeep-S007,angular_scaled,2.0,42,5,53.74570328227816,48.92294254422851,4.822760738049645
RedRC_3,real,RedSeep,RedSeep-S007,angular_scaled,4.0,11,2,25.127554492799387,34.1801259495827,9.052571456783316
RedRC_3,real,RedSeep,RedSeep-S007,angular_scaled,4.0,12,3,21.16619674222841,38.488739117469066,17.322542375240655
RedRC_3,real,RedSeep,RedSeep-S007,angular_scaled,4.0,13,4,38.31120354003133,41.05484850109359,2.743644961062259
RedRC_3,real,RedSeep,RedSeep-S007,angular_scaled,4.0,14,5,53.74570328227816,46.110856759484236,7.6348465227939215
RedRC_3,real,RedSeep,RedSeep-S007,angular_scaled,4.0,15,6,65.73289379286808,58.59762483826163,7.1352689546064525
RedRC_3,real,RedSeep,RedSeep-S007,angular_scaled,4.0,16,7,67.95489262816392,67.49256454025122,0.4623280879126952
RedRC_3,real,RedSeep,RedSeep-S007,angular_scaled,4.0,17,8,68.15563189149117,66.47651310119119,1.679118790299981
RedRC_3,real,RedSeep,RedSeep-S007,angular_scaled,4.0,18,9,69.98641394961211,71.19551548818599,1.2091015385738757
RedRC_3,real,RedSeep,RedSeep-S007,angular_scaled,4.0,19,10,79.22801713368243,89.91816559845329,10.690148464770857
RedRC_3,real,RedSeep,RedSeep-S007,angular_scaled,4.0,20,11,88.27909242361487,86.00469590676224,2.274396516852633
RedRC_3,real,RedSeep,RedSeep-S007,angular_scaled,4.0,21,0,1.065615023947291,85.6438782057099,8.072445970459043
RedRC_3,real,RedSeep,RedSeep-S007,angular_scaled,4.0,24,1,7.116208876147144,90.97496692031582,8.79195110805297
RedRC_3,real,RedSeep,RedSeep-S007,angular_scaled,4.0,25,2,25.127554492799387,31.706616930073476,6.579062437274089
RedRC_3,real,RedSeep,RedSeep-S007,angular_scaled,4.0,26,3,21.16619674222841,37.908632691473095,16.742435949244683
RedRC_3,real,RedSeep,RedSeep-S007,angular_scaled,4.0,27,4,38.31120354003133,40.333721892720796,2.022518352689467
RedRC_3,real,RedSeep,RedSeep-S007,angular_scaled,4.0,28,5,53.74570328227816,45.88127001451611,7.864433267762045
RedRC_3,real,RedSeep,RedSeep-S007,angular_scaled,4.0,29,6,65.73289379286808,58.06775404378557,7.665139749082513
RedRC_3,real,RedSeep,RedSeep-S007,angular_scaled,4.0,30,7,67.95489262816392,63.206567161845406,4.748325466318512
RedRC_3,real,RedSeep,RedSeep-S007,angular_scaled,4.0,31,8,68.15563189149117,67.24665374321127,0.9089781482798998
RedRC_3,real,RedSeep,RedSeep-S007,angular_scaled,4.0,32,9,69.98641394961211,71.53137857128567,1.5449646216735573
RedRC_3,real,RedSeep,RedSeep-S007,angular_scaled,4.0,33,10,79.22801713368243,76.82405268181942,2.403964451863004
RedRC_3,real,RedSeep,RedSeep-S007,angular_scaled,4.0,34,11,88.27909242361487,80.94530318169583,7.333789241919035
RedRC_3,real,RedSeep,RedSeep-S007,angular_scaled,4.0,35,0,1.065615023947291,84.84303207733633,8.873292098832607
RedRC_3,real,RedSeep,RedSeep-S007,angular_scaled,4.0,38,1,7.116208876147144,90.87335124199697,8.89356678637182
RedRC_3,real,RedSeep,RedSeep-S007,angular_scaled,4.0,39,2,25.127554492799387,28.931738133792006,3.804183640992619
RedRC_3,real,RedSeep,RedSeep-S007,angular_scaled,4.0,40,3,21.16619674222841,36.360250744906985,15.194054002678573
RedRC_3,real,RedSeep,RedSeep-S007,angular_scaled,4.0,41,4,38.31120354003133,39.21192655991309,0.9007230198817595
RedRC_3,real,RedSeep,RedSeep-S007,angular_scaled,4.0,42,5,53.74570328227816,46.01902957501345,7.726673707264709
RedRC_3,real,RedSeep,RedSeep-S008,baseline,2.0,15,2,25.127554492799387,36.22111662973421,11.093562136934825
RedRC_3,real,RedSeep,RedSeep-S008,baseline,2.0,16,3,21.16619674222841,37.978337470199484,16.812140727971073
RedRC_3,real,RedSeep,RedSeep-S008,baseline,2.0,17,4,38.31120354003133,41.708843478933865,3.397639938902536
RedRC_3,real,RedSeep,RedSeep-S008,baseline,2.0,18,5,53.74570328227816,49.015367246949836,4.730336035328321
RedRC_3,real,RedSeep,RedSeep-S008,baseline,2.0,19,6,65.73289379286808,60.50740518318141,5.225488609686671
RedRC_3,real,RedSeep,RedSeep-S008,baseline,2.0,20,7,67.95489262816392,65.30074900852938,2.6541436196345387
RedRC_3,real,RedSeep,RedSeep-S008,baseline,2.0,21,8,68.15563189149117,67.82171937606245,0.3339125154287217
RedRC_3,real,RedSeep,RedSeep-S008,baseline,2.0,22,9,69.98641394961211,72.96184087202923,2.975426922417114
RedRC_3,real,RedSeep,RedSeep-S008,baseline,2.0,23,10,79.22801713368243,75.41939321084807,3.8086239228343572
RedRC_3,real,RedSeep,RedSeep-S008,baseline,2.0,24,11,88.27909242361487,82.26527716377377,6.013815259841095
RedRC_3,real,RedSeep,RedSeep-S008,baseline,2.0,25,0,1.065615023947291,89.71826406068196,3.998060115486979
RedRC_3,real,RedSeep,RedSeep-S008,baseline,2.0,28,1,7.116208876147144,7.256796776542854,0.14058790039571
RedRC_3,real,RedSeep,RedSeep-S008,baseline,2.0,29,2,25.127554492799387,28.749033434940277,3.6214789421408895
RedRC_3,real,RedSeep,RedSeep-S008,baseline,2.0,30,3,21.16619674222841,34.294087958387685,13.127891216159274
RedRC_3,real,RedSeep,RedSeep-S008,baseline,2.0,31,4,38.31120354003133,42.819241304029376,4.508037763998047
RedRC_3,real,RedSeep,RedSeep-S008,baseline,2.0,32,5,53.74570328227816,54.972101677794846,1.2263983955166893
RedRC_3,real,RedSeep,RedSeep-S008,baseline,2.0,33,6,65.73289379286808,59.700334773815676,6.032559019052407
RedRC_3,real,RedSeep,RedSeep-S008,baseline,2.0,34,7,67.95489262816392,64.45573795283428,3.4991546753296348
RedRC_3,real,RedSeep,RedSeep-S008,baseline,2.0,35,8,68.15563189149117,67.86937755643336,0.28625433505780506
RedRC_3,real,RedSeep,RedSeep-S008,baseline,2.0,36,9,69.98641394961211,71.06890153148939,1.082487581877274
RedRC_3,real,RedSeep,RedSeep-S008,baseline,2.0,37,10,79.22801713368243,73.5223565728138,5.705660560868623
RedRC_3,real,RedSeep,RedSeep-S008,baseline,2.0,38,11,88.27909242361487,83.09484970490601,5.184242718708859
RedRC_3,real,RedSeep,RedSeep-S008,baseline,2.0,39,0,1.065615023947291,88.45455007156407,5.261774104604868
RedRC_3,real,RedSeep,RedSeep-S008,baseline,2.0,42,1,7.116208876147144,4.716825885963098,2.399382990184046
RedRC_3,real,RedSeep,RedSeep-S008,baseline,2.0,43,2,25.127554492799387,30.95739424960628,5.829839756806894
RedRC_3,real,RedSeep,RedSeep-S008,baseline,2.0,44,3,21.16619674222841,33.61947156930375,12.453274827075337
RedRC_3,real,RedSeep,RedSeep-S008,baseline,4.0,15,2,25.127554492799387,37.55705537077833,12.429500877978942
RedRC_3,real,RedSeep,RedSeep-S008,baseline,4.0,16,3,21.16619674222841,38.81346529997521,17.647268557746802
RedRC_3,real,RedSeep,RedSeep-S008,baseline,4.0,17,4,38.31120354003133,41.21537035859136,2.9041668185600287
RedRC_3,real,RedSeep,RedSeep-S008,baseline,4.0,18,5,53.74570328227816,47.49668303846324,6.249020243814918
RedRC_3,real,RedSeep,RedSeep-S008,baseline,4.0,19,6,65.73289379286808,58.49882078113161,7.23407301173647
RedRC_3,real,RedSeep,RedSeep-S008,baseline,4.0,20,7,67.95489262816392,67.2876815749165,0.6672110532474136
RedRC_3,real,RedSeep,RedSeep-S008,baseline,4.0,21,8,68.15563189149117,67.21871836461018,0.9369135268809856
RedRC_3,real,RedSeep,RedSeep-S008,baseline,4.0,22,9,69.98641394961211,72.76098339886079,2.7745694492486734
RedRC_3,real,RedSeep,RedSeep-S008,baseline,4.0,23,10,79.22801713368243,77.07734572140204,2.1506714122803885
RedRC_3,real,RedSeep,RedSeep-S008,baseline,4.0,24,11,88.27909242361487,81.72382573895295,6.555266684661916
RedRC_3,real,RedSeep,RedSeep-S008,baseline,4.0,25,0,1.065615023947291,87.37162842803431,6.344695748134626
RedRC_3,real,RedSeep,RedSeep-S008,baseline,4.0,28,1,7.116208876147144,1.079331848470419,6.0368770276767245
RedRC_3,real,RedSeep,RedSeep-S008,baseline,4.0,29,2,25.127554492799387,29.746924869708067,4.61937037690868
RedRC_3,real,RedSeep,RedSeep-S008,baseline,4.0,30,3,21.16619674222841,34.94479541003254,13.778598667804129
RedRC_3,real,RedSeep,RedSeep-S008,baseline,4.0,31,4,38.31120354003133,38.934620582373825,0.6234170423424956
RedRC_3,real,RedSeep,RedSeep-S008,baseline,4.0,32,5,53.74570328227816,48.842470126238595,4.903233156039562
RedRC_3,real,RedSeep,RedSeep-S008,baseline,4.0,33,6,65.73289379286808,59.486373902005084,6.246519890862999
RedRC_3,real,RedSeep,RedSeep-S008,baseline,4.0,34,7,67.95489262816392,67.81618564119835,0.13870698696557326
RedRC_3,real,RedSeep,RedSeep-S008,baseline,4.0,35,8,68.15563189149117,66.81677477237879,1.338857119112376
RedRC_3,real,RedSeep,RedSeep-S008,baseline,4.0,36,9,69.98641394961211,71.94080938180373,1.9543954321916175
RedRC_3,real,RedSeep,RedSeep-S008,baseline,4.0,37,10,79.22801713368243,75.99691713330405,3.231100000378376
RedRC_3,real,RedSeep,RedSeep-S008,baseline,4.0,38,11,88.27909242361487,81.55399400638615,6.725098417228722
RedRC_3,real,RedSeep,RedSeep-S008,baseline,4.0,39,0,1.065615023947291,86.85788939981603,6.858434776352908
RedRC_3,real,RedSeep,RedSeep-S008,baseline,4.0,42,1,7.116208876147144,0.8678503133419828,6.24835856280516
RedRC_3,real,RedSeep,RedSeep-S008,baseline,4.0,43,2,25.127554492799387,31.985274071075672,6.857719578276285
RedRC_3,real,RedSeep,RedSeep-S008,baseline,4.0,44,3,21.16619674222841,36.32629145850879,15.16009471628038
RedRC_3,real,RedSeep,RedSeep-S008,no_thr,2.0,15,2,25.127554492799387,34.28020267529404,9.152648182494655
RedRC_3,real,RedSeep,RedSeep-S008,no_thr,2.0,16,3,21.16619674222841,35.363371085447376,14.197174343218965
RedRC_3,real,RedSeep,RedSeep-S008,no_thr,2.0,17,4,38.31120354003133,40.74689326250197,2.4356897224706415
RedRC_3,real,RedSeep,RedSeep-S008,no_thr,2.0,18,5,53.74570328227816,48.8127246195327,4.932978662745455
RedRC_3,real,RedSeep,RedSeep-S008,no_thr,2.0,19,6,65.73289379286808,60.103985197253415,5.628908595614668
RedRC_3,real,RedSeep,RedSeep-S008,no_thr,2.0,20,7,67.95489262816392,64.23427550291412,3.7206171252498024
RedRC_3,real,RedSeep,RedSeep-S008,no_thr,2.0,21,8,68.15563189149117,67.72372013105178,0.43191176043939095
RedRC_3,real,RedSeep,RedSeep-S008,no_thr,2.0,22,9,69.98641394961211,75.79428466778313,5.807870718171017
RedRC_3,real,RedSeep,RedSeep-S008,no_thr,2.0,23,10,79.22801713368243,87.82191707909043,8.593899945407998
RedRC_3,real,RedSeep,RedSeep-S008,no_thr,2.0,24,11,88.27909242361487,82.13234483592716,6.146747587687713
RedRC_3,real,RedSeep,RedSeep-S008,no_thr,2.0,25,0,1.065615023947291,88.08813554563173,5.62818863053721
RedRC_3,real,RedSeep,RedSeep-S008,no_thr,2.0,28,1,7.116208876147144,6.082517279064723,1.033691597082421
RedRC_3,real,RedSeep,RedSeep-S008,no_thr,2.0,29,2,25.127554492799387,28.733242461758575,3.605687968959188
RedRC_3,real,RedSeep,RedSeep-S008,no_thr,2.0,30,3,21.16619674222841,33.98819591864672,12.821999176418306
RedRC_3,real,RedSeep,RedSeep-S008,no_thr,2.0,31,4,38.31120354003133,40.312357465099225,2.0011539250678965
RedRC_3,real,RedSeep,RedSeep-S008,no_thr,2.0,32,5,53.74570328227816,51.46903228233176,2.276670999946397
RedRC_3,real,RedSeep,RedSeep-S008,no_thr,2.0,33,6,65.73289379286808,59.92815619219334,5.804737600674741
RedRC_3,real,RedSeep,RedSeep-S008,no_thr,2.0,34,7,67.95489262816392,65.5256197438977,2.4292728842662115
RedRC_3,real,RedSeep,RedSeep-S008,no_thr,2.0,35,8,68.15563189149117,67.92959896750267,0.22603292398849817
RedRC_3,real,RedSeep,RedSeep-S008,no_thr,2.0,36,9,69.98641394961211,71.59286904818192,1.6064550985698105
RedRC_3,real,RedSeep,RedSeep-S008,no_thr,2.0,37,10,79.22801713368243,74.35692634291821,4.871090790764214
RedRC_3,real,RedSeep,RedSeep-S008,no_thr,2.0,38,11,88.27909242361487,79.44766976187255,8.831422661742323
RedRC_3,real,RedSeep,RedSeep-S008,no_thr,2.0,39,0,1.065615023947291,84.62400797078872,9.092316205380214
RedRC_3,real,RedSeep,RedSeep-S008,no_thr,2.0,42,1,7.116208876147144,3.9915397142796216,3.124669161867522
RedRC_3,real,RedSeep,RedSeep-S008,no_thr,2.0,43,2,25.127554492799387,30.29621951942356,5.168665026624172
RedRC_3,real,RedSeep,RedSeep-S008,no_thr,2.0,44,3,21.16619674222841,33.82186171859087,12.655664976362456
RedRC_3,real,RedSeep,RedSeep-S008,no_thr,4.0,15,2,25.127554492799387,33.63480040659965,8.507245913800265
RedRC_3,real,RedSeep,RedSeep-S008,no_thr,4.0,16,3,21.16619674222841,37.64690627526232,16.480709533033906
RedRC_3,real,RedSeep,RedSeep-S008,no_thr,4.0,17,4,38.31120354003133,40.01913330276778,1.7079297627364483
RedRC_3,real,RedSeep,RedSeep-S008,no_thr,4.0,18,5,53.74570328227816,47.74363894637407,6.0020643359040875
RedRC_3,real,RedSeep,RedSeep-S008,no_thr,4.0,19,6,65.73289379286808,59.19482188411523,6.538071908752855
RedRC_3,real,RedSeep,RedSeep-S008,no_thr,4.0,20,7,67.95489262816392,66.86283576069015,1.0920568674737723
RedRC_3,real,RedSeep,RedSeep-S008,no_thr,4.0,21,8,68.15563189149117,67.70354320739125,0.45208868409991965
RedRC_3,real,RedSeep,RedSeep-S008,no_thr,4.0,22,9,69.98641394961211,72.31064562781253,2.3242316782004195
RedRC_3,real,RedSeep,RedSeep-S008,no_thr,4.0,23,10,79.22801713368243,76.62362792181641,2.604389211866021
RedRC_3,real,RedSeep,RedSeep-S008,no_thr,4.0,24,11,88.27909242361487,81.37401200696802,6.905080416646854
RedRC_3,real,RedSeep,RedSeep-S008,no_thr,4.0,25,0,1.065615023947291,85.80677642281228,7.909547753356662
RedRC_3,real,RedSeep,RedSeep-S008,no_thr,4.0,28,1,7.116208876147144,92.34134579661371,7.425572231755083
RedRC_3,real,RedSeep,RedSeep-S008,no_thr,4.0,29,2,25.127554492799387,30.687208295897676,5.559653803098289
RedRC_3,real,RedSeep,RedSeep-S008,no_thr,4.0,30,3,21.16619674222841,35.43424826992136,14.26805152769295
RedRC_3,real,RedSeep,RedSeep-S008,no_thr,4.0,31,4,38.31120354003133,38.49717397743956,0.18597043740822983
RedRC_3,real,RedSeep,RedSeep-S008,no_thr,4.0,32,5,53.74570328227816,49.45332433384985,4.292378948428308
RedRC_3,real,RedSeep,RedSeep-S008,no_thr,4.0,33,6,65.73289379286808,57.934567112242014,7.798326680626069
RedRC_3,real,RedSeep,RedSeep-S008,no_thr,4.0,34,7,67.95489262816392,65.81071694286437,2.144175685299544
RedRC_3,real,RedSeep,RedSeep-S008,no_thr,4.0,35,8,68.15563189149117,67.41212880141204,0.7435030900791304
RedRC_3,real,RedSeep,RedSeep-S008,no_thr,4.0,36,9,69.98641394961211,71.7137804864534,1.7273665368412878
RedRC_3,real,RedSeep,RedSeep-S008,no_thr,4.0,37,10,79.22801713368243,76.34089523637711,2.8871218973053203
RedRC_3,real,RedSeep,RedSeep-S008,no_thr,4.0,38,11,88.27909242361487,81.29687325027761,6.982219173337256
RedRC_3,real,RedSeep,RedSeep-S008,no_thr,4.0,39,0,1.065615023947291,84.55387755891593,9.16244661725301
RedRC_3,real,RedSeep,RedSeep-S008,no_thr,4.0,42,1,7.116208876147144,90.38067547047667,9.386242557892118
RedRC_3,real,RedSeep,RedSeep-S008,no_thr,4.0,43,2,25.127554492799387,30.985859539308834,5.858305046509447
RedRC_3,real,RedSeep,RedSeep-S008,no_thr,4.0,44,3,21.16619674222841,35.890011095476815,14.723814353248404
RedRC_3,real,RedSeep,RedSeep-S008,angular_scaled,2.0,15,2,25.127554492799387,35.708144463440135,10.580589970640748
RedRC_3,real,RedSeep,RedSeep-S008,angular_scaled,2.0,16,3,21.16619674222841,36.72825048620774,15.56205374397933
RedRC_3,real,RedSeep,RedSeep-S008,angular_scaled,2.0,17,4,38.31120354003133,40.506848225919164,2.195644685887835
RedRC_3,real,RedSeep,RedSeep-S008,angular_scaled,2.0,18,5,53.74570328227816,49.06927889155274,4.6764243907254155
RedRC_3,real,RedSeep,RedSeep-S008,angular_scaled,2.0,19,6,65.73289379286808,59.93422280176379,5.798670991104295
RedRC_3,real,RedSeep,RedSeep-S008,angular_scaled,2.0,20,7,67.95489262816392,65.43717637388343,2.5177162542804865
RedRC_3,real,RedSeep,RedSeep-S008,angular_scaled,2.0,21,8,68.15563189149117,67.84471075041968,0.31092114107148916
RedRC_3,real,RedSeep,RedSeep-S008,angular_scaled,2.0,22,9,69.98641394961211,72.96987387011873,2.9834599205066183
RedRC_3,real,RedSeep,RedSeep-S008,angular_scaled,2.0,23,10,79.22801713368243,75.77212593878947,3.4558911948929563
RedRC_3,real,RedSeep,RedSeep-S008,angular_scaled,2.0,24,11,88.27909242361487,81.51656633011878,6.762526093496092
RedRC_3,real,RedSeep,RedSeep-S008,angular_scaled,2.0,25,0,1.065615023947291,87.31238048797238,6.403943688196563
RedRC_3,real,RedSeep,RedSeep-S008,angular_scaled,2.0,28,1,7.116208876147144,5.04584627431515,2.0703626018319934
RedRC_3,real,RedSeep,RedSeep-S008,angular_scaled,2.0,29,2,25.127554492799387,29.579467739895367,4.45191324709598
RedRC_3,real,RedSeep,RedSeep-S008,angular_scaled,2.0,30,3,21.16619674222841,33.90764518760645,12.741448445378037
RedRC_3,real,RedSeep,RedSeep-S008,angular_scaled,2.0,31,4,38.31120354003133,40.25765329174402,1.9464497517126915
RedRC_3,real,RedSeep,RedSeep-S008,angular_scaled,2.0,32,5,53.74570328227816,51.23596093881366,2.509742343464495
RedRC_3,real,RedSeep,RedSeep-S008,angular_scaled,2.0,33,6,65.73289379286808,59.30133220702908,6.431561585839006
RedRC_3,real,RedSeep,RedSeep-S008,angular_scaled,2.0,34,7,67.95489262816392,65.63680439610508,2.318088232058841
RedRC_3,real,RedSeep,RedSeep-S008,angular_scaled,2.0,35,8,68.15563189149117,67.79867609287874,0.3569557986124323
RedRC_3,real,RedSeep,RedSeep-S008,angular_scaled,2.0,36,9,69.98641394961211,71.13536266749335,1.1489487178812396
RedRC_3,real,RedSeep,RedSeep-S008,angular_scaled,2.0,37,10,79.22801713368243,74.8660526141452,4.361964519537224
RedRC_3,real,RedSeep,RedSeep-S008,angular_scaled,2.0,38,11,88.27909242361487,79.62158601400263,8.657506409612239
RedRC_3,real,RedSeep,RedSeep-S008,angular_scaled,2.0,39,0,1.065615023947291,84.31651972697944,9.399804449189503
RedRC_3,real,RedSeep,RedSeep-S008,angular_scaled,2.0,42,1,7.116208876147144,1.7286159971426411,5.387592879004503
RedRC_3,real,RedSeep,RedSeep-S008,angular_scaled,2.0,43,2,25.127554492799387,30.669634893603412,5.542080400804025
RedRC_3,real,RedSeep,RedSeep-S008,angular_scaled,2.0,44,3,21.16619674222841,34.704676571461704,13.538479829233292
RedRC_3,real,RedSeep,RedSeep-S008,angular_scaled,4.0,15,2,25.127554492799387,35.800922574077184,10.673368081277797
RedRC_3,real,RedSeep,RedSeep-S008,angular_scaled,4.0,16,3,21.16619674222841,38.28273725999737,17.116540517768957
RedRC_3,real,RedSeep,RedSeep-S008,angular_scaled,4.0,17,4,38.31120354003133,40.69340701751884,2.382203477487508
RedRC_3,real,RedSeep,RedSeep-S008,angular_scaled,4.0,18,5,53.74570328227816,47.3418062752019,6.40389700707626
RedRC_3,real,RedSeep,RedSeep-S008,angular_scaled,4.0,19,6,65.73289379286808,58.455286986443014,7.277606806425069
RedRC_3,real,RedSeep,RedSeep-S008,angular_scaled,4.0,20,7,67.95489262816392,66.91396008740993,1.0409325407539853
RedRC_3,real,RedSeep,RedSeep-S008,angular_scaled,4.0,21,8,68.15563189149117,67.00174968735942,1.1538822041317474
RedRC_3,real,RedSeep,RedSeep-S008,angular_scaled,4.0,22,9,69.98641394961211,72.01965677595454,2.0332428263424305
RedRC_3,real,RedSeep,RedSeep-S008,angular_scaled,4.0,23,10,79.22801713368243,77.72598261440494,1.5020345192774869
RedRC_3,real,RedSeep,RedSeep-S008,angular_scaled,4.0,24,11,88.27909242361487,82.72225327411294,5.556839149501926
RedRC_3,real,RedSeep,RedSeep-S008,angular_scaled,4.0,25,0,1.065615023947291,86.50212842945496,7.214195746713983
RedRC_3,real,RedSeep,RedSeep-S008,angular_scaled,4.0,28,1,7.116208876147144,91.93844543459689,7.828472593771906
RedRC_3,real,RedSeep,RedSeep-S008,angular_scaled,4.0,29,2,25.127554492799387,26.880971945073068,1.7534174522736805
RedRC_3,real,RedSeep,RedSeep-S008,angular_scaled,4.0,30,3,21.16619674222841,33.91793570318546,12.751738960957045
RedRC_3,real,RedSeep,RedSeep-S008,angular_scaled,4.0,31,4,38.31120354003133,37.96273346189,0.34847007814133235
RedRC_3,real,RedSeep,RedSeep-S008,angular_scaled,4.0,32,5,53.74570328227816,49.175754093154886,4.569949189123271
RedRC_3,real,RedSeep,RedSeep-S008,angular_scaled,4.0,33,6,65.73289379286808,57.62578471861338,8.107109074254701
RedRC_3,real,RedSeep,RedSeep-S008,angular_scaled,4.0,34,7,67.95489262816392,65.96491264148892,1.9899799866749959
RedRC_3,real,RedSeep,RedSeep-S008,angular_scaled,4.0,35,8,68.15563189149117,66.78877991501163,1.3668519764795377
RedRC_3,real,RedSeep,RedSeep-S008,angular_scaled,4.0,36,9,69.98641394961211,71.81228006048923,1.825866110877115
RedRC_3,real,RedSeep,RedSeep-S008,angular_scaled,4.0,37,10,79.22801713368243,77.85507165824357,1.3729454754388541
RedRC_3,real,RedSeep,RedSeep-S008,angular_scaled,4.0,38,11,88.27909242361487,82.71532256835843,5.563769855256439
RedRC_3,real,RedSeep,RedSeep-S008,angular_scaled,4.0,39,0,1.065615023947291,85.47714899534792,8.239175180821022
RedRC_3,real,RedSeep,RedSeep-S008,angular_scaled,4.0,42,1,7.116208876147144,90.47226416894786,9.294653859420933
RedRC_3,real,RedSeep,RedSeep-S008,angular_scaled,4.0,43,2,25.127554492799387,31.26786135608993,6.140306863290544
RedRC_3,real,RedSeep,RedSeep-S008,angular_scaled,4.0,44,3,21.16619674222841,36.96785004746406,15.80165330523565
Grom_4,sim,Gromozeka,RedSeep-S007,baseline,2.0,11,2,30.601148194834188,34.426481004680134,3.8253328098459463
Grom_4,sim,Gromozeka,RedSeep-S007,baseline,2.0,12,3,35.46557956935326,36.56505235846315,1.099472789109889
Grom_4,sim,Gromozeka,RedSeep-S007,baseline,2.0,13,4,47.388526892541385,39.165709586572,8.222817305969386
Grom_4,sim,Gromozeka,RedSeep-S007,baseline,2.0,14,5,54.841336256981506,39.72949561070285,15.111840646278658
Grom_4,sim,Gromozeka,RedSeep-S007,baseline,2.0,15,6,66.90792826194613,94.83831314874712,27.930384886800994
Grom_4,sim,Gromozeka,RedSeep-S007,baseline,2.0,16,7,72.15013573120596,19.380556758598473,49.740289725019835
Grom_4,sim,Gromozeka,RedSeep-S007,baseline,2.0,17,8,75.91000564377816,43.12994140872786,32.780064235050304
Grom_4,sim,Gromozeka,RedSeep-S007,baseline,2.0,18,9,81.1273760705135,82.27662126017799,1.1492451896644837
Grom_4,sim,Gromozeka,RedSeep-S007,baseline,2.0,19,10,87.0158040302251,6.565189025609166,22.0592536930114
Grom_4,sim,Gromozeka,RedSeep-S007,baseline,2.0,20,11,94.47179284508466,9.567503363274488,17.605579215817144
Grom_4,sim,Gromozeka,RedSeep-S007,baseline,2.0,21,0,100.73933871666817,10.94624681029612,12.71677679125527
Grom_4,sim,Gromozeka,RedSeep-S007,baseline,2.0,24,1,5.546193004467491,12.891571925268636,7.345378920801145
Grom_4,sim,Gromozeka,RedSeep-S007,baseline,2.0,25,2,30.601148194834188,16.36774724036082,14.233400954473368
Grom_4,sim,Gromozeka,RedSeep-S007,baseline,2.0,26,3,35.46557956935326,16.684396855453112,18.781182713900147
Grom_4,sim,Gromozeka,RedSeep-S007,baseline,2.0,27,4,47.388526892541385,28.413257314993455,18.97526957754793
Grom_4,sim,Gromozeka,RedSeep-S007,baseline,2.0,28,5,54.841336256981506,19.085446367923435,35.75588988905807
Grom_4,sim,Gromozeka,RedSeep-S007,baseline,2.0,29,6,66.90792826194613,10.615875759794845,46.21781619547605
Grom_4,sim,Gromozeka,RedSeep-S007,baseline,2.0,30,7,72.15013573120596,14.793543429735042,45.1532763961564
Grom_4,sim,Gromozeka,RedSeep-S007,baseline,2.0,31,8,75.91000564377816,41.45418027002442,34.45582537375374
Grom_4,sim,Gromozeka,RedSeep-S007,baseline,2.0,32,9,81.1273760705135,2.3197149109817365,23.70220753809555
Grom_4,sim,Gromozeka,RedSeep-S007,baseline,2.0,33,10,87.0158040302251,11.43902167513694,26.93308634253917
Grom_4,sim,Gromozeka,RedSeep-S007,baseline,2.0,34,11,94.47179284508466,9.13685238746712,17.174928240009777
Grom_4,sim,Gromozeka,RedSeep-S007,baseline,2.0,35,0,100.73933871666817,10.716878958704882,12.487408939664036
Grom_4,sim,Gromozeka,RedSeep-S007,baseline,2.0,38,1,5.546193004467491,12.910525024408074,7.364332019940583
Grom_4,sim,Gromozeka,RedSeep-S007,baseline,2.0,39,2,30.601148194834188,14.505037055971558,16.096111138862632
Grom_4,sim,Gromozeka,RedSeep-S007,baseline,2.0,40,3,35.46557956935326,13.634567668956912,21.831011900396348
Grom_4,sim,Gromozeka,RedSeep-S007,baseline,2.0,41,4,47.388526892541385,14.667888136615248,32.72063875592614
Grom_4,sim,Gromozeka,RedSeep-S007,baseline,2.0,42,5,54.841336256981506,13.48438505049857,41.35695120648293
Grom_4,sim,Gromozeka,RedSeep-S007,baseline,4.0,11,2,30.601148194834188,38.39009336356256,7.788945168728375
Grom_4,sim,Gromozeka,RedSeep-S007,baseline,4.0,12,3,35.46557956935326,39.94356558644601,4.4779860170927535
Grom_4,sim,Gromozeka,RedSeep-S007,baseline,4.0,13,4,47.388526892541385,41.12053528902022,6.267991603521168
Grom_4,sim,Gromozeka,RedSeep-S007,baseline,4.0,14,5,54.841336256981506,43.28536538377814,11.555970873203364
Grom_4,sim,Gromozeka,RedSeep-S007,baseline,4.0,15,6,66.90792826194613,65.17885838000905,1.729069881937079
Grom_4,sim,Gromozeka,RedSeep-S007,baseline,4.0,16,7,72.15013573120596,26.04691996046821,46.103215770737755
Grom_4,sim,Gromozeka,RedSeep-S007,baseline,4.0,17,8,75.91000564377816,57.2192820604563,18.690723583321862
Grom_4,sim,Gromozeka,RedSeep-S007,baseline,4.0,18,9,81.1273760705135,78.62026543071352,2.50711063979999
Grom_4,sim,Gromozeka,RedSeep-S007,baseline,4.0,19,10,87.0158040302251,0.6656341098172865,16.159698777219518
Grom_4,sim,Gromozeka,RedSeep-S007,baseline,4.0,20,11,94.47179284508466,2.177364727966633,10.215440580509295
Grom_4,sim,Gromozeka,RedSeep-S007,baseline,4.0,21,0,100.73933871666817,4.498283304915034,6.268813285874188
Grom_4,sim,Gromozeka,RedSeep-S007,baseline,4.0,24,1,5.546193004467491,8.136876413107775,2.5906834086402837
Grom_4,sim,Gromozeka,RedSeep-S007,baseline,4.0,25,2,30.601148194834188,13.034486947408523,17.566661247425664
Grom_4,sim,Gromozeka,RedSeep-S007,baseline,4.0,26,3,35.46557956935326,13.342077804996164,22.123501764357094
Grom_4,sim,Gromozeka,RedSeep-S007,baseline,4.0,27,4,47.388526892541385,15.45054537674518,31.937981515796203
Grom_4,sim,Gromozeka,RedSeep-S007,baseline,4.0,28,5,54.841336256981506,16.715405091010936,38.12593116597057
Grom_4,sim,Gromozeka,RedSeep-S007,baseline,4.0,29,6,66.90792826194613,13.40908349054569,49.01102392622689
Grom_4,sim,Gromozeka,RedSeep-S007,baseline,4.0,30,7,72.15013573120596,15.222330098647237,45.582063065068596
Grom_4,sim,Gromozeka,RedSeep-S007,baseline,4.0,31,8,75.91000564377816,21.128639217502627,47.728502271351786
Grom_4,sim,Gromozeka,RedSeep-S007,baseline,4.0,32,9,81.1273760705135,20.502334143056604,41.88482677017042
Grom_4,sim,Gromozeka,RedSeep-S007,baseline,4.0,33,10,87.0158040302251,13.226309462980185,28.72037413038241
Grom_4,sim,Gromozeka,RedSeep-S007,baseline,4.0,34,11,94.47179284508466,9.807956034046272,17.846031886588932
Grom_4,sim,Gromozeka,RedSeep-S007,baseline,4.0,35,0,100.73933871666817,10.090088589443365,11.860618570402522
Grom_4,sim,Gromozeka,RedSeep-S007,baseline,4.0,38,1,5.546193004467491,11.183774866846907,5.637581862379416
Grom_4,sim,Gromozeka,RedSeep-S007,baseline,4.0,39,2,30.601148194834188,13.948180294152818,16.652967900681368
Grom_4,sim,Gromozeka,RedSeep-S007,baseline,4.0,40,3,35.46557956935326,13.624415427771204,21.841164141582055
Grom_4,sim,Gromozeka,RedSeep-S007,baseline,4.0,41,4,47.388526892541385,16.400657344764998,30.987869547776388
Grom_4,sim,Gromozeka,RedSeep-S007,baseline,4.0,42,5,54.841336256981506,14.948149236456793,39.893187020524714
Grom_4,sim,Gromozeka,RedSeep-S007,no_thr,2.0,11,2,30.601148194834188,31.728533210060995,1.1273850152268068
Grom_4,sim,Gromozeka,RedSeep-S007,no_thr,2.0,12,3,35.46557956935326,36.6162870500571,1.1507074807038435
Grom_4,sim,Gromozeka,RedSeep-S007,no_thr,2.0,13,4,47.388526892541385,35.53247130697639,11.856055585564995
Grom_4,sim,Gromozeka,RedSeep-S007,no_thr,2.0,14,5,54.841336256981506,26.307218576358807,28.5341176806227
Grom_4,sim,Gromozeka,RedSeep-S007,no_thr,2.0,15,6,66.90792826194613,79.21868786962655,12.310759607680424
Grom_4,sim,Gromozeka,RedSeep-S007,no_thr,2.0,16,7,72.15013573120596,73.69145122350886,1.5413154923028998
Grom_4,sim,Gromozeka,RedSeep-S007,no_thr,2.0,17,8,75.91000564377816,75.93272320514178,0.022717561363620575
Grom_4,sim,Gromozeka,RedSeep-S007,no_thr,2.0,18,9,81.1273760705135,81.07639877305573,0.050977297457777127
Grom_4,sim,Gromozeka,RedSeep-S007,no_thr,2.0,19,10,87.0158040302251,99.2285907539532,12.212786723728101
Grom_4,sim,Gromozeka,RedSeep-S007,no_thr,2.0,20,11,94.47179284508466,95.2912309131967,0.819438068112035
Grom_4,sim,Gromozeka,RedSeep-S007,no_thr,2.0,21,0,100.73933871666817,97.63356501930454,3.105773697363631
Grom_4,sim,Gromozeka,RedSeep-S007,no_thr,2.0,24,1,5.546193004467491,2.6009512494186904,2.9452417550488006
Grom_4,sim,Gromozeka,RedSeep-S007,no_thr,2.0,25,2,30.601148194834188,11.835319780425017,18.76582841440917
Grom_4,sim,Gromozeka,RedSeep-S007,no_thr,2.0,26,3,35.46557956935326,17.819474589015392,17.646104980337867
Grom_4,sim,Gromozeka,RedSeep-S007,no_thr,2.0,27,4,47.388526892541385,24.942185587921912,22.446341304619473
Grom_4,sim,Gromozeka,RedSeep-S007,no_thr,2.0,28,5,54.841336256981506,28.303987298349412,26.537348958632094
Grom_4,sim,Gromozeka,RedSeep-S007,no_thr,2.0,29,6,66.90792826194613,93.7209925955463,26.81306433360018
Grom_4,sim,Gromozeka,RedSeep-S007,no_thr,2.0,30,7,72.15013573120596,19.788954111114794,50.14868707753615
Grom_4,sim,Gromozeka,RedSeep-S007,no_thr,2.0,31,8,75.91000564377816,41.875105885654555,34.03489975812361
Grom_4,sim,Gromozeka,RedSeep-S007,no_thr,2.0,32,9,81.1273760705135,78.15815488270735,2.9692211878061556
Grom_4,sim,Gromozeka,RedSeep-S007,no_thr,2.0,33,10,87.0158040302251,89.00909177739896,1.9932877471738664
Grom_4,sim,Gromozeka,RedSeep-S007,no_thr,2.0,34,11,94.47179284508466,94.39937180199689,0.07242104308777186
Grom_4,sim,Gromozeka,RedSeep-S007,no_thr,2.0,35,0,100.73933871666817,99.99757174167381,0.7417669749943627
Grom_4,sim,Gromozeka,RedSeep-S007,no_thr,2.0,38,1,5.546193004467491,5.339790762816978,0.20640224165051269
Grom_4,sim,Gromozeka,RedSeep-S007,no_thr,2.0,39,2,30.601148194834188,11.486178534086266,19.114969660747924
Grom_4,sim,Gromozeka,RedSeep-S007,no_thr,2.0,40,3,35.46557956935326,22.72096291515805,12.744616654195209
Grom_4,sim,Gromozeka,RedSeep-S007,no_thr,2.0,41,4,47.388526892541385,26.715554223640876,20.67297266890051
Grom_4,sim,Gromozeka,RedSeep-S007,no_thr,2.0,42,5,54.841336256981506,29.655713011710393,25.185623245271113
Grom_4,sim,Gromozeka,RedSeep-S007,no_thr,4.0,11,2,30.601148194834188,24.373610009446782,6.227538185387406
Grom_4,sim,Gromozeka,RedSeep-S007,no_thr,4.0,12,3,35.46557956935326,30.22230414112389,5.243275428229371
Grom_4,sim,Gromozeka,RedSeep-S007,no_thr,4.0,13,4,47.388526892541385,34.01804069323046,13.370486199310925
Grom_4,sim,Gromozeka,RedSeep-S007,no_thr,4.0,14,5,54.841336256981506,32.794381989731754,22.046954267249752
Grom_4,sim,Gromozeka,RedSeep-S007,no_thr,4.0,15,6,66.90792826194613,62.53660293910129,4.371325322844832
Grom_4,sim,Gromozeka,RedSeep-S007,no_thr,4.0,16,7,72.15013573120596,41.246224337041326,30.903911394164638
Grom_4,sim,Gromozeka,RedSeep-S007,no_thr,4.0,17,8,75.91000564377816,49.16860086466914,26.741404779109025
Grom_4,sim,Gromozeka,RedSeep-S007,no_thr,4.0,18,9,81.1273760705135,76.08963136704945,5.037744703464057
Grom_4,sim,Gromozeka,RedSeep-S007,no_thr,4.0,19,10,87.0158040302251,98.27512309852888,11.259319068303782
Grom_4,sim,Gromozeka,RedSeep-S007,no_thr,4.0,20,11,94.47179284508466,97.47372999046479,3.0019371453801256
Grom_4,sim,Gromozeka,RedSeep-S007,no_thr,4.0,21,0,100.73933871666817,98.96851796260472,1.7708207540634504
Grom_4,sim,Gromozeka,RedSeep-S007,no_thr,4.0,24,1,5.546193004467491,0.458686078382062,5.087506926085429
Grom_4,sim,Gromozeka,RedSeep-S007,no_thr,4.0,25,2,30.601148194834188,11.106578513096773,19.494569681737417
Grom_4,sim,Gromozeka,RedSeep-S007,no_thr,4.0,26,3,35.46557956935326,16.36788946042118,19.09769010893208
Grom_4,sim,Gromozeka,RedSeep-S007,no_thr,4.0,27,4,47.388526892541385,27.10634844058803,20.282178451953357
Grom_4,sim,Gromozeka,RedSeep-S007,no_thr,4.0,28,5,54.841336256981506,30.15549282181557,24.685843435165935
Grom_4,sim,Gromozeka,RedSeep-S007,no_thr,4.0,29,6,66.90792826194613,61.98182600365005,4.926102258296076
Grom_4,sim,Gromozeka,RedSeep-S007,no_thr,4.0,30,7,72.15013573120596,33.25024089229985,38.899894838906114
Grom_4,sim,Gromozeka,RedSeep-S007,no_thr,4.0,31,8,75.91000564377816,40.257616560719526,35.65238908305864
Grom_4,sim,Gromozeka,RedSeep-S007,no_thr,4.0,32,9,81.1273760705135,68.4002631443958,12.727112926117712
Grom_4,sim,Gromozeka,RedSeep-S007,no_thr,4.0,33,10,87.0158040302251,92.70900017804391,5.69319614781881
Grom_4,sim,Gromozeka,RedSeep-S007,no_thr,4.0,34,11,94.47179284508466,95.59849042432815,1.1266975792434835
Grom_4,sim,Gromozeka,RedSeep-S007,no_thr,4.0,35,0,100.73933871666817,98.40640279044116,2.332935926227009
Grom_4,sim,Gromozeka,RedSeep-S007,no_thr,4.0,38,1,5.546193004467491,102.32009874385939,5.735962958235433
Grom_4,sim,Gromozeka,RedSeep-S007,no_thr,4.0,39,2,30.601148194834188,9.904111692533956,20.697036502300232
Grom_4,sim,Gromozeka,RedSeep-S007,no_thr,4.0,40,3,35.46557956935326,16.404349611394544,19.061229957958716
Grom_4,sim,Gromozeka,RedSeep-S007,no_thr,4.0,41,4,47.388526892541385,26.705400216937758,20.683126675603628
Grom_4,sim,Gromozeka,RedSeep-S007,no_thr,4.0,42,5,54.841336256981506,29.312828164381045,25.52850809260046
Grom_4,sim,Gromozeka,RedSeep-S007,angular_scaled,2.0,11,2,30.601148194834188,31.110640320509027,0.5094921256748393
Grom_4,sim,Gromozeka,RedSeep-S007,angular_scaled,2.0,12,3,35.46557956935326,37.00181482042851,1.5362352510752473
Grom_4,sim,Gromozeka,RedSeep-S007,angular_scaled,2.0,13,4,47.388526892541385,40.42150876590338,6.967018126638003
Grom_4,sim,Gromozeka,RedSeep-S007,angular_scaled,2.0,14,5,54.841336256981506,36.09712022510528,18.744216031876228
Grom_4,sim,Gromozeka,RedSeep-S007,angular_scaled,2.0,15,6,66.90792826194613,67.76836933564456,0.8604410736984391
Grom_4,sim,Gromozeka,RedSeep-S007,angular_scaled,2.0,16,7,72.15013573120596,73.68859043753879,1.5384547063328284
Grom_4,sim,Gromozeka,RedSeep-S007,angular_scaled,2.0,17,8,75.91000564377816,76.18594106819388,0.27593542441572083
Grom_4,sim,Gromozeka,RedSeep-S007,angular_scaled,2.0,18,9,81.1273760705135,81.15667221755363,0.029296147040128062
Grom_4,sim,Gromozeka,RedSeep-S007,angular_scaled,2.0,19,10,87.0158040302251,98.56649422189204,11.550690191666945
Grom_4,sim,Gromozeka,RedSeep-S007,angular_scaled,2.0,20,11,94.47179284508466,95.34826252122505,0.8764696761403883
Grom_4,sim,Gromozeka,RedSeep-S007,angular_scaled,2.0,21,0,100.73933871666817,98.59604325161143,2.143295465056738
Grom_4,sim,Gromozeka,RedSeep-S007,angular_scaled,2.0,24,1,5.546193004467491,3.2186346288226657,2.3275583756448253
Grom_4,sim,Gromozeka,RedSeep-S007,angular_scaled,2.0,25,2,30.601148194834188,11.708763475304329,18.892384719529858
Grom_4,sim,Gromozeka,RedSeep-S007,angular_scaled,2.0,26,3,35.46557956935326,17.1283726664961,18.337206902857158
Grom_4,sim,Gromozeka,RedSeep-S007,angular_scaled,2.0,27,4,47.388526892541385,28.320886709284913,19.067640183256472
Grom_4,sim,Gromozeka,RedSeep-S007,angular_scaled,2.0,28,5,54.841336256981506,28.847759291663486,25.99357696531802
Grom_4,sim,Gromozeka,RedSeep-S007,angular_scaled,2.0,29,6,66.90792826194613,67.80642585378112,0.898497591834996
Grom_4,sim,Gromozeka,RedSeep-S007,angular_scaled,2.0,30,7,72.15013573120596,75.73212114271452,3.5819854115085548
Grom_4,sim,Gromozeka,RedSeep-S007,angular_scaled,2.0,31,8,75.91000564377816,75.56643020053133,0.3435754432468343
Grom_4,sim,Gromozeka,RedSeep-S007,angular_scaled,2.0,32,9,81.1273760705135,80.77555772125775,0.3518183492557512
Grom_4,sim,Gromozeka,RedSeep-S007,angular_scaled,2.0,33,10,87.0158040302251,88.6738884747823,1.658084444557204
Grom_4,sim,Gromozeka,RedSeep-S007,angular_scaled,2.0,34,11,94.47179284508466,94.01639581685016,0.45539702823450057
Grom_4,sim,Gromozeka,RedSeep-S007,angular_scaled,2.0,35,0,100.73933871666817,99.56511531175879,1.1742234049093838
Grom_4,sim,Gromozeka,RedSeep-S007,angular_scaled,2.0,38,1,5.546193004467491,4.057667045212934,1.4885259592545568
Grom_4,sim,Gromozeka,RedSeep-S007,angular_scaled,2.0,39,2,30.601148194834188,12.801987266189197,17.79916092864499
Grom_4,sim,Gromozeka,RedSeep-S007,angular_scaled,2.0,40,3,35.46557956935326,24.365916639373182,11.099662929980077
Grom_4,sim,Gromozeka,RedSeep-S007,angular_scaled,2.0,41,4,47.388526892541385,29.293596196914226,18.09493069562716
Grom_4,sim,Gromozeka,RedSeep-S007,angular_scaled,2.0,42,5,54.841336256981506,29.357926752061495,25.48340950492001
Grom_4,sim,Gromozeka,RedSeep-S007,angular_scaled,4.0,11,2,30.601148194834188,25.46470195683192,5.136446238002268
Grom_4,sim,Gromozeka,RedSeep-S007,angular_scaled,4.0,12,3,35.46557956935326,31.136337694694582,4.329241874658678
Grom_4,sim,Gromozeka,RedSeep-S007,angular_scaled,4.0,13,4,47.388526892541385,37.578720156531766,9.80980673600962
Grom_4,sim,Gromozeka,RedSeep-S007,angular_scaled,4.0,14,5,54.841336256981506,39.471627660064115,15.369708596917391
Grom_4,sim,Gromozeka,RedSeep-S007,angular_scaled,4.0,15,6,66.90792826194613,63.49980171871695,3.408126543229173
Grom_4,sim,Gromozeka,RedSeep-S007,angular_scaled,4.0,16,7,72.15013573120596,64.89663273514279,7.253502996063176
Grom_4,sim,Gromozeka,RedSeep-S007,angular_scaled,4.0,17,8,75.91000564377816,56.96407513786104,18.945930505917126
Grom_4,sim,Gromozeka,RedSeep-S007,angular_scaled,4.0,18,9,81.1273760705135,73.15961967668231,7.967756393831195
Grom_4,sim,Gromozeka,RedSeep-S007,angular_scaled,4.0,19,10,87.0158040302251,98.43954861904903,11.423744588823936
Grom_4,sim,Gromozeka,RedSeep-S007,angular_scaled,4.0,20,11,94.47179284508466,98.76328635420668,4.29149350912202
Grom_4,sim,Gromozeka,RedSeep-S007,angular_scaled,4.0,21,0,100.73933871666817,100.7120703389076,0.027268377760577778
Grom_4,sim,Gromozeka,RedSeep-S007,angular_scaled,4.0,24,1,5.546193004467491,2.249551028327985,3.296641976139506
Grom_4,sim,Gromozeka,RedSeep-S007,angular_scaled,4.0,25,2,30.601148194834188,11.176412034684532,19.424736160149656
Grom_4,sim,Gromozeka,RedSeep-S007,angular_scaled,4.0,26,3,35.46557956935326,16.350635625440074,19.114943943913186
Grom_4,sim,Gromozeka,RedSeep-S007,angular_scaled,4.0,27,4,47.388526892541385,28.192478396806656,19.19604849573473
Grom_4,sim,Gromozeka,RedSeep-S007,angular_scaled,4.0,28,5,54.841336256981506,31.681638443832906,23.1596978131486
Grom_4,sim,Gromozeka,RedSeep-S007,angular_scaled,4.0,29,6,66.90792826194613,60.45679832437898,6.451129937567146
Grom_4,sim,Gromozeka,RedSeep-S007,angular_scaled,4.0,30,7,72.15013573120596,36.39374905790517,35.756386673300796
Grom_4,sim,Gromozeka,RedSeep-S007,angular_scaled,4.0,31,8,75.91000564377816,40.43792861119043,35.472077032587734
Grom_4,sim,Gromozeka,RedSeep-S007,angular_scaled,4.0,32,9,81.1273760705135,66.75495473195795,14.372421338555554
Grom_4,sim,Gromozeka,RedSeep-S007,angular_scaled,4.0,33,10,87.0158040302251,90.33688151704321,3.321077486818112
Grom_4,sim,Gromozeka,RedSeep-S007,angular_scaled,4.0,34,11,94.47179284508466,95.17982926153707,0.7080364164524013
Grom_4,sim,Gromozeka,RedSeep-S007,angular_scaled,4.0,35,0,100.73933871666817,98.83500570885151,1.9043330078166605
Grom_4,sim,Gromozeka,RedSeep-S007,angular_scaled,4.0,38,1,5.546193004467491,0.12302621041472636,5.423166794052765
Grom_4,sim,Gromozeka,RedSeep-S007,angular_scaled,4.0,39,2,30.601148194834188,10.613388336060872,19.987759858773316
Grom_4,sim,Gromozeka,RedSeep-S007,angular_scaled,4.0,40,3,35.46557956935326,17.770271225121444,17.695308344231815
Grom_4,sim,Gromozeka,RedSeep-S007,angular_scaled,4.0,41,4,47.388526892541385,30.66527421065724,16.723252681884144
Grom_4,sim,Gromozeka,RedSeep-S007,angular_scaled,4.0,42,5,54.841336256981506,34.31750602544309,20.52383023153842
Grom_4,sim,Gromozeka,RedSeep-S008,baseline,2.0,15,2,30.601148194834188,37.24798817306478,6.646839978230595
Grom_4,sim,Gromozeka,RedSeep-S008,baseline,2.0,16,3,35.46557956935326,38.38305024111171,2.9174706717584513
Grom_4,sim,Gromozeka,RedSeep-S008,baseline,2.0,17,4,47.388526892541385,39.19375865166828,8.194768240873103
Grom_4,sim,Gromozeka,RedSeep-S008,baseline,2.0,18,5,54.841336256981506,22.44042806117749,32.40090819580402
Grom_4,sim,Gromozeka,RedSeep-S008,baseline,2.0,19,6,66.90792826194613,5.705230814084198,41.307171249765396
Grom_4,sim,Gromozeka,RedSeep-S008,baseline,2.0,20,7,72.15013573120596,14.979342581423762,45.33907554784513
Grom_4,sim,Gromozeka,RedSeep-S008,baseline,2.0,21,8,75.91000564377816,66.48294075524255,9.427064888535611
Grom_4,sim,Gromozeka,RedSeep-S008,baseline,2.0,22,9,81.1273760705135,84.04799229976271,2.9206162292492053
Grom_4,sim,Gromozeka,RedSeep-S008,baseline,2.0,23,10,87.0158040302251,0.329508617689823,15.823573285092053
Grom_4,sim,Gromozeka,RedSeep-S008,baseline,2.0,24,11,94.47179284508466,5.844440381724454,13.882516234267115
Grom_4,sim,Gromozeka,RedSeep-S008,baseline,2.0,25,0,100.73933871666817,5.7643570608601005,7.53488704181926
Grom_4,sim,Gromozeka,RedSeep-S008,baseline,2.0,28,1,5.546193004467491,11.948599004774707,6.402406000307216
Grom_4,sim,Gromozeka,RedSeep-S008,baseline,2.0,29,2,30.601148194834188,14.06163041648318,16.53951777835101
Grom_4,sim,Gromozeka,RedSeep-S008,baseline,2.0,30,3,35.46557956935326,13.876755930675701,21.58882363867756
Grom_4,sim,Gromozeka,RedSeep-S008,baseline,2.0,31,4,47.388526892541385,20.315360852062422,27.073166040478963
Grom_4,sim,Gromozeka,RedSeep-S008,baseline,2.0,32,5,54.841336256981506,90.84370787027788,36.002371613296376
Grom_4,sim,Gromozeka,RedSeep-S008,baseline,2.0,33,6,66.90792826194613,72.81339541983307,5.905467157886946
Grom_4,sim,Gromozeka,RedSeep-S008,baseline,2.0,34,7,72.15013573120596,12.088086437053157,42.44781940347452
Grom_4,sim,Gromozeka,RedSeep-S008,baseline,2.0,35,8,75.91000564377816,40.11573641877342,35.79426922500474
Grom_4,sim,Gromozeka,RedSeep-S008,baseline,2.0,36,9,81.1273760705135,100.82547661448463,19.698100543971123
Grom_4,sim,Gromozeka,RedSeep-S008,baseline,2.0,37,10,87.0158040302251,3.2752330418783964,18.76929770928062
Grom_4,sim,Gromozeka,RedSeep-S008,baseline,2.0,38,11,94.47179284508466,10.225532762867113,18.26360861540978
Grom_4,sim,Gromozeka,RedSeep-S008,baseline,2.0,39,0,100.73933871666817,10.59688758214485,12.367417563103999
Grom_4,sim,Gromozeka,RedSeep-S008,baseline,2.0,42,1,5.546193004467491,12.902801239322516,7.356608234855025
Grom_4,sim,Gromozeka,RedSeep-S008,baseline,2.0,43,2,30.601148194834188,22.80991466127892,7.791233533555268
Grom_4,sim,Gromozeka,RedSeep-S008,baseline,2.0,44,3,35.46557956935326,29.817593946899404,5.647985622453856
Grom_4,sim,Gromozeka,RedSeep-S008,baseline,4.0,15,2,30.601148194834188,37.54778523989697,6.946637045062779
Grom_4,sim,Gromozeka,RedSeep-S008,baseline,4.0,16,3,35.46557956935326,39.29281284133565,3.8272332719823936
Grom_4,sim,Gromozeka,RedSeep-S008,baseline,4.0,17,4,47.388526892541385,40.320026084561896,7.06850080797949
Grom_4,sim,Gromozeka,RedSeep-S008,baseline,4.0,18,5,54.841336256981506,41.410291643291394,13.431044613690112
Grom_4,sim,Gromozeka,RedSeep-S008,baseline,4.0,19,6,66.90792826194613,46.380715928875915,20.52721233307021
Grom_4,sim,Gromozeka,RedSeep-S008,baseline,4.0,20,7,72.15013573120596,21.151560119907003,50.99857561129896
Grom_4,sim,Gromozeka,RedSeep-S008,baseline,4.0,21,8,75.91000564377816,38.987351957531146,36.92265368624702
Grom_4,sim,Gromozeka,RedSeep-S008,baseline,4.0,22,9,81.1273760705135,60.382728352538635,20.74464771797487
Grom_4,sim,Gromozeka,RedSeep-S008,baseline,4.0,23,10,87.0158040302251,6.750221959229011,22.244286626631236
Grom_4,sim,Gromozeka,RedSeep-S008,baseline,4.0,24,11,94.47179284508466,5.800229622524202,13.83830547506686
Grom_4,sim,Gromozeka,RedSeep-S008,baseline,4.0,25,0,100.73933871666817,6.7250598254620115,8.495589806421165
Grom_4,sim,Gromozeka,RedSeep-S008,baseline,4.0,28,1,5.546193004467491,10.347370634998237,4.801177630530746
Grom_4,sim,Gromozeka,RedSeep-S008,baseline,4.0,29,2,30.601148194834188,14.05114474760206,16.55000344723213
Grom_4,sim,Gromozeka,RedSeep-S008,baseline,4.0,30,3,35.46557956935326,14.203852211456592,21.261727357896667
Grom_4,sim,Gromozeka,RedSeep-S008,baseline,4.0,31,4,47.388526892541385,17.927271093487338,29.461255799054047
Grom_4,sim,Gromozeka,RedSeep-S008,baseline,4.0,32,5,54.841336256981506,40.0647528428134,14.776583414168108
Grom_4,sim,Gromozeka,RedSeep-S008,baseline,4.0,33,6,66.90792826194613,64.62026985913757,2.2876584028085603
Grom_4,sim,Gromozeka,RedSeep-S008,baseline,4.0,34,7,72.15013573120596,6.351313084240172,36.71104605066154
Grom_4,sim,Gromozeka,RedSeep-S008,baseline,4.0,35,8,75.91000564377816,37.210675806328815,38.69932983744935
Grom_4,sim,Gromozeka,RedSeep-S008,baseline,4.0,36,9,81.1273760705135,29.231655025096266,50.614147652210086
Grom_4,sim,Gromozeka,RedSeep-S008,baseline,4.0,37,10,87.0158040302251,14.621460042465557,30.115524709867785
Grom_4,sim,Gromozeka,RedSeep-S008,baseline,4.0,38,11,94.47179284508466,11.721677075207225,19.759752927749886
Grom_4,sim,Gromozeka,RedSeep-S008,baseline,4.0,39,0,100.73933871666817,11.052135437881846,12.822665418840998
Grom_4,sim,Gromozeka,RedSeep-S008,baseline,4.0,42,1,5.546193004467491,12.214519586152043,6.6683265816845525
Grom_4,sim,Gromozeka,RedSeep-S008,baseline,4.0,43,2,30.601148194834188,14.353007155162711,16.248141039671477
Grom_4,sim,Gromozeka,RedSeep-S008,baseline,4.0,44,3,35.46557956935326,14.74515455894106,20.7204250104122
Grom_4,sim,Gromozeka,RedSeep-S008,no_thr,2.0,15,2,30.601148194834188,31.246253862374772,0.6451056675405837
Grom_4,sim,Gromozeka,RedSeep-S008,no_thr,2.0,16,3,35.46557956935326,33.732210926512785,1.7333686428404746
Grom_4,sim,Gromozeka,RedSeep-S008,no_thr,2.0,17,4,47.388526892541385,34.27375571820148,13.114771174339907
Grom_4,sim,Gromozeka,RedSeep-S008,no_thr,2.0,18,5,54.841336256981506,30.297571740932533,24.543764516048974
Grom_4,sim,Gromozeka,RedSeep-S008,no_thr,2.0,19,6,66.90792826194613,66.34071878670392,0.5672094752422083
Grom_4,sim,Gromozeka,RedSeep-S008,no_thr,2.0,20,7,72.15013573120596,21.127315295659198,51.02282043554676
Grom_4,sim,Gromozeka,RedSeep-S008,no_thr,2.0,21,8,75.91000564377816,77.18921571161478,1.2792100678366154
Grom_4,sim,Gromozeka,RedSeep-S008,no_thr,2.0,22,9,81.1273760705135,81.5635694612344,0.4361933907208879
Grom_4,sim,Gromozeka,RedSeep-S008,no_thr,2.0,23,10,87.0158040302251,88.39038122672696,1.3745771965018605
Grom_4,sim,Gromozeka,RedSeep-S008,no_thr,2.0,24,11,94.47179284508466,93.26034384772758,1.2114489973570812
Grom_4,sim,Gromozeka,RedSeep-S008,no_thr,2.0,25,0,100.73933871666817,97.9999232483427,2.7394154683254754
Grom_4,sim,Gromozeka,RedSeep-S008,no_thr,2.0,28,1,5.546193004467491,5.758807907782035,0.21261490331454436
Grom_4,sim,Gromozeka,RedSeep-S008,no_thr,2.0,29,2,30.601148194834188,13.478631964604862,17.122516230229326
Grom_4,sim,Gromozeka,RedSeep-S008,no_thr,2.0,30,3,35.46557956935326,22.48221397093031,12.98336559842295
Grom_4,sim,Gromozeka,RedSeep-S008,no_thr,2.0,31,4,47.388526892541385,28.188922885351875,19.19960400718951
Grom_4,sim,Gromozeka,RedSeep-S008,no_thr,2.0,32,5,54.841336256981506,30.469015356948976,24.37232090003253
Grom_4,sim,Gromozeka,RedSeep-S008,no_thr,2.0,33,6,66.90792826194613,97.11517534862713,30.207247086681008
Grom_4,sim,Gromozeka,RedSeep-S008,no_thr,2.0,34,7,72.15013573120596,21.177255659454502,50.97288007175146
Grom_4,sim,Gromozeka,RedSeep-S008,no_thr,2.0,35,8,75.91000564377816,44.330722537928565,31.579283105849598
Grom_4,sim,Gromozeka,RedSeep-S008,no_thr,2.0,36,9,81.1273760705135,77.11479816440752,4.012577906105989
Grom_4,sim,Gromozeka,RedSeep-S008,no_thr,2.0,37,10,87.0158040302251,91.24869800910353,4.232893978878437
Grom_4,sim,Gromozeka,RedSeep-S008,no_thr,2.0,38,11,94.47179284508466,94.39939758278099,0.07239526230367233
Grom_4,sim,Gromozeka,RedSeep-S008,no_thr,2.0,39,0,100.73933871666817,98.67799475246574,2.061343964202436
Grom_4,sim,Gromozeka,RedSeep-S008,no_thr,2.0,42,1,5.546193004467491,3.3836015166152094,2.1625914878522816
Grom_4,sim,Gromozeka,RedSeep-S008,no_thr,2.0,43,2,30.601148194834188,24.728916415820137,5.872231779014051
Grom_4,sim,Gromozeka,RedSeep-S008,no_thr,2.0,44,3,35.46557956935326,30.321245382550885,5.144334186802375
Grom_4,sim,Gromozeka,RedSeep-S008,no_thr,4.0,15,2,30.601148194834188,23.852236352370785,6.748911842463404
Grom_4,sim,Gromozeka,RedSeep-S008,no_thr,4.0,16,3,35.46557956935326,29.052576371891355,6.413003197461904
Grom_4,sim,Gromozeka,RedSeep-S008,no_thr,4.0,17,4,47.388526892541385,34.25879642819334,13.129730464348043
Grom_4,sim,Gromozeka,RedSeep-S008,no_thr,4.0,18,5,54.841336256981506,33.57104152030383,21.270294736677677
Grom_4,sim,Gromozeka,RedSeep-S008,no_thr,4.0,19,6,66.90792826194613,62.759765445384254,4.148162816561872
Grom_4,sim,Gromozeka,RedSeep-S008,no_thr,4.0,20,7,72.15013573120596,30.03608462941602,42.11405110178994
Grom_4,sim,Gromozeka,RedSeep-S008,no_thr,4.0,21,8,75.91000564377816,47.168410371850364,28.7415952719278
Grom_4,sim,Gromozeka,RedSeep-S008,no_thr,4.0,22,9,81.1273760705135,76.98743021713591,4.139945853377597
Grom_4,sim,Gromozeka,RedSeep-S008,no_thr,4.0,23,10,87.0158040302251,90.86493963371264,3.8491356034875395
Grom_4,sim,Gromozeka,RedSeep-S008,no_thr,4.0,24,11,94.47179284508466,96.32558860219369,1.853795757109026
Grom_4,sim,Gromozeka,RedSeep-S008,no_thr,4.0,25,0,100.73933871666817,99.17400068652525,1.5653380301429252
Grom_4,sim,Gromozeka,RedSeep-S008,no_thr,4.0,28,1,5.546193004467491,1.949213119304961,3.59697988516253
Grom_4,sim,Gromozeka,RedSeep-S008,no_thr,4.0,29,2,30.601148194834188,11.145080262959356,19.456067931874834
Grom_4,sim,Gromozeka,RedSeep-S008,no_thr,4.0,30,3,35.46557956935326,15.583009029254637,19.882570540098623
Grom_4,sim,Gromozeka,RedSeep-S008,no_thr,4.0,31,4,47.388526892541385,27.787073083507426,19.60145380903396
Grom_4,sim,Gromozeka,RedSeep-S008,no_thr,4.0,32,5,54.841336256981506,31.47104209725899,23.370294159722516
Grom_4,sim,Gromozeka,RedSeep-S008,no_thr,4.0,33,6,66.90792826194613,6.0136178434399765,41.615558279121174
Grom_4,sim,Gromozeka,RedSeep-S008,no_thr,4.0,34,7,72.15013573120596,20.97228483029878,51.17785090090719
Grom_4,sim,Gromozeka,RedSeep-S008,no_thr,4.0,35,8,75.91000564377816,35.64083634429526,40.269169299482904
Grom_4,sim,Gromozeka,RedSeep-S008,no_thr,4.0,36,9,81.1273760705135,37.312173664029636,43.81520240648387
Grom_4,sim,Gromozeka,RedSeep-S008,no_thr,4.0,37,10,87.0158040302251,3.8162656322042388,19.310330299606463
Grom_4,sim,Gromozeka,RedSeep-S008,no_thr,4.0,38,11,94.47179284508466,4.277699634795526,12.315775487338186
Grom_4,sim,Gromozeka,RedSeep-S008,no_thr,4.0,39,0,100.73933871666817,3.162503346699589,4.933033327658748
Grom_4,sim,Gromozeka,RedSeep-S008,no_thr,4.0,42,1,5.546193004467491,5.48080841724065,0.06538458722684126
Grom_4,sim,Gromozeka,RedSeep-S008,no_thr,4.0,43,2,30.601148194834188,12.15022062341312,18.45092757142107
Grom_4,sim,Gromozeka,RedSeep-S008,no_thr,4.0,44,3,35.46557956935326,16.022971136136697,19.442608433216563
Grom_4,sim,Gromozeka,RedSeep-S008,angular_scaled,2.0,15,2,30.601148194834188,27.630246881823062,2.970901313011126
Grom_4,sim,Gromozeka,RedSeep-S008,angular_scaled,2.0,16,3,35.46557956935326,35.34958916219486,0.11599040715839948
Grom_4,sim,Gromozeka,RedSeep-S008,angular_scaled,2.0,17,4,47.388526892541385,36.010616582903744,11.377910309637642
Grom_4,sim,Gromozeka,RedSeep-S008,angular_scaled,2.0,18,5,54.841336256981506,29.71868895280167,25.122647304179836
Grom_4,sim,Gromozeka,RedSeep-S008,angular_scaled,2.0,19,6,66.90792826194613,68.66236976669715,1.7544415047510284
Grom_4,sim,Gromozeka,RedSeep-S008,angular_scaled,2.0,20,7,72.15013573120596,21.69839433655457,50.45174139465139
Grom_4,sim,Gromozeka,RedSeep-S008,angular_scaled,2.0,21,8,75.91000564377816,76.53690304372967,0.6268973999515026
Grom_4,sim,Gromozeka,RedSeep-S008,angular_scaled,2.0,22,9,81.1273760705135,81.39114778444049,0.2637717139269853
Grom_4,sim,Gromozeka,RedSeep-S008,angular_scaled,2.0,23,10,87.0158040302251,87.95651969359521,0.9407156633701135
Grom_4,sim,Gromozeka,RedSeep-S008,angular_scaled,2.0,24,11,94.47179284508466,92.83879162180662,1.6330012232780433
Grom_4,sim,Gromozeka,RedSeep-S008,angular_scaled,2.0,25,0,100.73933871666817,98.21796338304446,2.521375333623709
Grom_4,sim,Gromozeka,RedSeep-S008,angular_scaled,2.0,28,1,5.546193004467491,5.589236549262604,0.043043544795112965
Grom_4,sim,Gromozeka,RedSeep-S008,angular_scaled,2.0,29,2,30.601148194834188,13.290988511913591,17.3101596829206
Grom_4,sim,Gromozeka,RedSeep-S008,angular_scaled,2.0,30,3,35.46557956935326,21.533384221083153,13.932195348270106
Grom_4,sim,Gromozeka,RedSeep-S008,angular_scaled,2.0,31,4,47.388526892541385,31.50454764346441,15.883979249076976
Grom_4,sim,Gromozeka,RedSeep-S008,angular_scaled,2.0,32,5,54.841336256981506,30.47701883488213,24.364317422099376
Grom_4,sim,Gromozeka,RedSeep-S008,angular_scaled,2.0,33,6,66.90792826194613,96.30165880887549,29.393730546929362
Grom_4,sim,Gromozeka,RedSeep-S008,angular_scaled,2.0,34,7,72.15013573120596,20.811914705933468,51.17164767235483
Grom_4,sim,Gromozeka,RedSeep-S008,angular_scaled,2.0,35,8,75.91000564377816,68.18044839215436,7.7295572516238025
Grom_4,sim,Gromozeka,RedSeep-S008,angular_scaled,2.0,36,9,81.1273760705135,80.52198935427666,0.6053867162368505
Grom_4,sim,Gromozeka,RedSeep-S008,angular_scaled,2.0,37,10,87.0158040302251,88.30433172072154,1.2885276904964371
Grom_4,sim,Gromozeka,RedSeep-S008,angular_scaled,2.0,38,11,94.47179284508466,93.98652836007365,0.48526448501101527
Grom_4,sim,Gromozeka,RedSeep-S008,angular_scaled,2.0,39,0,100.73933871666817,98.87344284422981,1.865895872438358
Grom_4,sim,Gromozeka,RedSeep-S008,angular_scaled,2.0,42,1,5.546193004467491,2.994116230644184,2.5520767738233068
Grom_4,sim,Gromozeka,RedSeep-S008,angular_scaled,2.0,43,2,30.601148194834188,12.814366315628583,17.786781879205606
Grom_4,sim,Gromozeka,RedSeep-S008,angular_scaled,2.0,44,3,35.46557956935326,17.79573119884804,17.66984837050522
Grom_4,sim,Gromozeka,RedSeep-S008,angular_scaled,4.0,15,2,30.601148194834188,28.33370672925444,2.267441465579747
Grom_4,sim,Gromozeka,RedSeep-S008,angular_scaled,4.0,16,3,35.46557956935326,32.96908817651183,2.4964913928414276
Grom_4,sim,Gromozeka,RedSeep-S008,angular_scaled,4.0,17,4,47.388526892541385,37.94270313717375,9.445823755367634
Grom_4,sim,Gromozeka,RedSeep-S008,angular_scaled,4.0,18,5,54.841336256981506,40.72277902166301,14.118557235318498
Grom_4,sim,Gromozeka,RedSeep-S008,angular_scaled,4.0,19,6,66.90792826194613,62.87112219099761,4.036806070948515
Grom_4,sim,Gromozeka,RedSeep-S008,angular_scaled,4.0,20,7,72.15013573120596,63.450445948790446,8.699689782415518
Grom_4,sim,Gromozeka,RedSeep-S008,angular_scaled,4.0,21,8,75.91000564377816,63.58912309539561,12.320882548382556
Grom_4,sim,Gromozeka,RedSeep-S008,angular_scaled,4.0,22,9,81.1273760705135,80.55677569567698,0.5706003748365305
Grom_4,sim,Gromozeka,RedSeep-S008,angular_scaled,4.0,23,10,87.0158040302251,90.79478575639648,3.7789817261713807
Grom_4,sim,Gromozeka,RedSeep-S008,angular_scaled,4.0,24,11,94.47179284508466,95.48066255888708,1.0088697138024116
Grom_4,sim,Gromozeka,RedSeep-S008,angular_scaled,4.0,25,0,100.73933871666817,98.16570474435096,2.573633972317211
Grom_4,sim,Gromozeka,RedSeep-S008,angular_scaled,4.0,28,1,5.546193004467491,0.4159902047304662,5.130202799737025
Grom_4,sim,Gromozeka,RedSeep-S008,angular_scaled,4.0,29,2,30.601148194834188,10.573217922051033,20.027930272783156
Grom_4,sim,Gromozeka,RedSeep-S008,angular_scaled,4.0,30,3,35.46557956935326,15.646398769632329,19.819180799720932
Grom_4,sim,Gromozeka,RedSeep-S008,angular_scaled,4.0,31,4,47.388526892541385,31.422587196665095,15.96593969587629
Grom_4,sim,Gromozeka,RedSeep-S008,angular_scaled,4.0,32,5,54.841336256981506,34.448139927661735,20.39319632931977
Grom_4,sim,Gromozeka,RedSeep-S008,angular_scaled,4.0,33,6,66.90792826194613,65.11240962025127,1.795518641694855
Grom_4,sim,Gromozeka,RedSeep-S008,angular_scaled,4.0,34,7,72.15013573120596,32.77503913110913,39.37509660009683
Grom_4,sim,Gromozeka,RedSeep-S008,angular_scaled,4.0,35,8,75.91000564377816,44.995826061573055,30.914179582205108
Grom_4,sim,Gromozeka,RedSeep-S008,angular_scaled,4.0,36,9,81.1273760705135,74.78931858913575,6.33805748137776
Grom_4,sim,Gromozeka,RedSeep-S008,angular_scaled,4.0,37,10,87.0158040302251,90.7869389682219,3.7711349379968055
Grom_4,sim,Gromozeka,RedSeep-S008,angular_scaled,4.0,38,11,94.47179284508466,95.9682761127048,1.4964832676201354
Grom_4,sim,Gromozeka,RedSeep-S008,angular_scaled,4.0,39,0,100.73933871666817,98.39555504909772,2.343783667570449
Grom_4,sim,Gromozeka,RedSeep-S008,angular_scaled,4.0,42,1,5.546193004467491,101.80990436200196,6.246157340092864
Grom_4,sim,Gromozeka,RedSeep-S008,angular_scaled,4.0,43,2,30.601148194834188,11.301963061361652,19.299185133472534
Grom_4,sim,Gromozeka,RedSeep-S008,angular_scaled,4.0,44,3,35.46557956935326,17.2934835137152,18.17209605563806
Grom_5,sim,Gromozeka,RedSeep-S007,baseline,2.0,11,2,31.398402513119265,14.985166972733376,16.41323554038589
Grom_5,sim,Gromozeka,RedSeep-S007,baseline,2.0,12,3,36.340876248885856,20.80051498207721,15.540361266808645
Grom_5,sim,Gromozeka,RedSeep-S007,baseline,2.0,13,4,48.73242545263857,38.66517490667491,10.06725054596366
Grom_5,sim,Gromozeka,RedSeep-S007,baseline,2.0,14,5,57.71210970421313,44.16245341076962,13.549656293443505
Grom_5,sim,Gromozeka,RedSeep-S007,baseline,2.0,15,6,69.93021414487528,71.89475865744687,1.9645445125715923
Grom_5,sim,Gromozeka,RedSeep-S007,baseline,2.0,16,7,76.26433276916829,78.45979801516366,2.195465245995365
Grom_5,sim,Gromozeka,RedSeep-S007,baseline,2.0,17,8,81.30795294694249,81.11471646849643,0.1932364784460674
Grom_5,sim,Gromozeka,RedSeep-S007,baseline,2.0,18,9,81.24236398061296,87.80500951555932,6.5626455349463555
Grom_5,sim,Gromozeka,RedSeep-S007,baseline,2.0,19,10,90.48078374193611,103.82376502150775,13.342981279571646
Grom_5,sim,Gromozeka,RedSeep-S007,baseline,2.0,20,11,97.77634421783809,103.83521616255702,6.0588719447189305
Grom_5,sim,Gromozeka,RedSeep-S007,baseline,2.0,21,0,104.00841681043354,0.08326724817716624,1.9144875271361599
Grom_5,sim,Gromozeka,RedSeep-S007,baseline,2.0,24,1,3.995059653637677,7.7258877080895525,3.7308280544518757
Grom_5,sim,Gromozeka,RedSeep-S007,baseline,2.0,25,2,31.398402513119265,13.529505413383243,17.868897099736024
Grom_5,sim,Gromozeka,RedSeep-S007,baseline,2.0,26,3,36.340876248885856,15.104496718972868,21.236379529912988
Grom_5,sim,Gromozeka,RedSeep-S007,baseline,2.0,27,4,48.73242545263857,23.86850388659796,24.863921566040613
Grom_5,sim,Gromozeka,RedSeep-S007,baseline,2.0,28,5,57.71210970421313,13.154108763784771,44.55800094042836
Grom_5,sim,Gromozeka,RedSeep-S007,baseline,2.0,29,6,69.93021414487528,93.58655763507689,23.656343490201607
Grom_5,sim,Gromozeka,RedSeep-S007,baseline,2.0,30,7,76.26433276916829,11.501406575789115,41.07671089601337
Grom_5,sim,Gromozeka,RedSeep-S007,baseline,2.0,31,8,81.30795294694249,45.096882716417774,36.21107023052472
Grom_5,sim,Gromozeka,RedSeep-S007,baseline,2.0,32,9,81.24236398061296,92.48748080938961,11.245116828776645
Grom_5,sim,Gromozeka,RedSeep-S007,baseline,2.0,33,10,90.48078374193611,2.335250438678519,17.694103786134946
Grom_5,sim,Gromozeka,RedSeep-S007,baseline,2.0,34,11,97.77634421783809,2.0669329185530354,10.130225790107488
Grom_5,sim,Gromozeka,RedSeep-S007,baseline,2.0,35,0,104.00841681043354,1.3519482801815177,3.183168559140512
Grom_5,sim,Gromozeka,RedSeep-S007,baseline,2.0,38,1,3.995059653637677,6.765104837343084,2.770045183705407
Grom_5,sim,Gromozeka,RedSeep-S007,baseline,2.0,39,2,31.398402513119265,13.52166795055476,17.876734562564508
Grom_5,sim,Gromozeka,RedSeep-S007,baseline,2.0,40,3,36.340876248885856,21.049048386159573,15.291827862726283
Grom_5,sim,Gromozeka,RedSeep-S007,baseline,2.0,41,4,48.73242545263857,33.268357234825,15.464068217813576
Grom_5,sim,Gromozeka,RedSeep-S007,baseline,2.0,42,5,57.71210970421313,12.301692962269302,45.41041674194383
Grom_5,sim,Gromozeka,RedSeep-S007,baseline,4.0,11,2,31.398402513119265,25.944651985982457,5.453750527136808
Grom_5,sim,Gromozeka,RedSeep-S007,baseline,4.0,12,3,36.340876248885856,30.825661716233515,5.51521453265234
Grom_5,sim,Gromozeka,RedSeep-S007,baseline,4.0,13,4,48.73242545263857,41.505579456003986,7.226845996634587
Grom_5,sim,Gromozeka,RedSeep-S007,baseline,4.0,14,5,57.71210970421313,48.75621437634152,8.955895327871609
Grom_5,sim,Gromozeka,RedSeep-S007,baseline,4.0,15,6,69.93021414487528,68.08309409893322,1.847120045942063
Grom_5,sim,Gromozeka,RedSeep-S007,baseline,4.0,16,7,76.26433276916829,77.9309398856811,1.6666071165128074
Grom_5,sim,Gromozeka,RedSeep-S007,baseline,4.0,17,8,81.30795294694249,79.46132826239699,1.8466246845455032
Grom_5,sim,Gromozeka,RedSeep-S007,baseline,4.0,18,9,81.24236398061296,89.58207534235102,8.339711361738054
Grom_5,sim,Gromozeka,RedSeep-S007,baseline,4.0,19,10,90.48078374193611,103.70708285676514,13.226299114829033
Grom_5,sim,Gromozeka,RedSeep-S007,baseline,4.0,20,11,97.77634421783809,103.69379429308165,5.917450075243565
Grom_5,sim,Gromozeka,RedSeep-S007,baseline,4.0,21,0,104.00841681043354,105.82548388005723,1.8170670696236897
Grom_5,sim,Gromozeka,RedSeep-S007,baseline,4.0,24,1,3.995059653637677,3.8062157272953345,0.18884392634234226
Grom_5,sim,Gromozeka,RedSeep-S007,baseline,4.0,25,2,31.398402513119265,10.688578466446844,20.709824046672423
Grom_5,sim,Gromozeka,RedSeep-S007,baseline,4.0,26,3,36.340876248885856,12.279538478050519,24.061337770835337
Grom_5,sim,Gromozeka,RedSeep-S007,baseline,4.0,27,4,48.73242545263857,17.05256393615506,31.679861516483513
Grom_5,sim,Gromozeka,RedSeep-S007,baseline,4.0,28,5,57.71210970421313,17.87108703791642,39.84102266629671
Grom_5,sim,Gromozeka,RedSeep-S007,baseline,4.0,29,6,69.93021414487528,6.453556386436035,42.362979330953294
Grom_5,sim,Gromozeka,RedSeep-S007,baseline,4.0,30,7,76.26433276916829,12.828058477246007,42.40336279747025
Grom_5,sim,Gromozeka,RedSeep-S007,baseline,4.0,31,8,81.30795294694249,21.955923880794135,46.48760802324418
Grom_5,sim,Gromozeka,RedSeep-S007,baseline,4.0,32,9,81.24236398061296,25.778777623801137,50.37605073258071
Grom_5,sim,Gromozeka,RedSeep-S007,baseline,4.0,33,10,90.48078374193611,1.891333641630512,17.25018698908694
Grom_5,sim,Gromozeka,RedSeep-S007,baseline,4.0,34,11,97.77634421783809,0.05908487161689499,8.122377743171342
Grom_5,sim,Gromozeka,RedSeep-S007,baseline,4.0,35,0,104.00841681043354,1.9780774293180152,3.8092977082770147
Grom_5,sim,Gromozeka,RedSeep-S007,baseline,4.0,38,1,3.995059653637677,4.687357640718722,0.6922979870810453
Grom_5,sim,Gromozeka,RedSeep-S007,baseline,4.0,39,2,31.398402513119265,10.101061467888012,21.297341045231253
Grom_5,sim,Gromozeka,RedSeep-S007,baseline,4.0,40,3,36.340876248885856,12.027266245256559,24.313610003629297
Grom_5,sim,Gromozeka,RedSeep-S007,baseline,4.0,41,4,48.73242545263857,21.025619231698233,27.70680622094034
Grom_5,sim,Gromozeka,RedSeep-S007,baseline,4.0,42,5,57.71210970421313,16.30030970834736,41.41179999586576
Grom_5,sim,Gromozeka,RedSeep-S007,no_thr,2.0,11,2,31.398402513119265,22.974341832922384,8.424060680196881
Grom_5,sim,Gromozeka,RedSeep-S007,no_thr,2.0,12,3,36.340876248885856,23.95620530365411,12.384670945231747
Grom_5,sim,Gromozeka,RedSeep-S007,no_thr,2.0,13,4,48.73242545263857,23.133438451438696,25.598987001199877
Grom_5,sim,Gromozeka,RedSeep-S007,no_thr,2.0,14,5,57.71210970421313,25.572453358611,32.13965634560213
Grom_5,sim,Gromozeka,RedSeep-S007,no_thr,2.0,15,6,69.93021414487528,89.4877926286539,19.557578483778627
Grom_5,sim,Gromozeka,RedSeep-S007,no_thr,2.0,16,7,76.26433276916829,103.84524660306158,27.58091383389329
Grom_5,sim,Gromozeka,RedSeep-S007,no_thr,2.0,17,8,81.30795294694249,80.40082616221638,0.9071267847261169
Grom_5,sim,Gromozeka,RedSeep-S007,no_thr,2.0,18,9,81.24236398061296,86.50134204031643,5.258978059703466
Grom_5,sim,Gromozeka,RedSeep-S007,no_thr,2.0,19,10,90.48078374193611,97.75230722123304,7.271523479296931
Grom_5,sim,Gromozeka,RedSeep-S007,no_thr,2.0,20,11,97.77634421783809,99.5408822086427,1.7645379908046124
Grom_5,sim,Gromozeka,RedSeep-S007,no_thr,2.0,21,0,104.00841681043354,102.42850204195467,1.5799147684788721
Grom_5,sim,Gromozeka,RedSeep-S007,no_thr,2.0,24,1,3.995059653637677,3.679352094740921,0.3157075588967557
Grom_5,sim,Gromozeka,RedSeep-S007,no_thr,2.0,25,2,31.398402513119265,12.982932370914735,18.41547014220453
Grom_5,sim,Gromozeka,RedSeep-S007,no_thr,2.0,26,3,36.340876248885856,26.966167279922125,9.37470896896373
Grom_5,sim,Gromozeka,RedSeep-S007,no_thr,2.0,27,4,48.73242545263857,20.992787620671205,27.739637831967368
Grom_5,sim,Gromozeka,RedSeep-S007,no_thr,2.0,28,5,57.71210970421313,30.007742028035135,27.70436767617799
Grom_5,sim,Gromozeka,RedSeep-S007,no_thr,2.0,29,6,69.93021414487528,100.06038198163256,30.13016783675728
Grom_5,sim,Gromozeka,RedSeep-S007,no_thr,2.0,30,7,76.26433276916829,18.2052956197482,47.78059993997245
Grom_5,sim,Gromozeka,RedSeep-S007,no_thr,2.0,31,8,81.30795294694249,59.36956169128055,21.93839125566194
Grom_5,sim,Gromozeka,RedSeep-S007,no_thr,2.0,32,9,81.24236398061296,86.71593927886802,5.4735752982550565
Grom_5,sim,Gromozeka,RedSeep-S007,no_thr,2.0,33,10,90.48078374193611,95.59246050627353,5.1116767643374175
Grom_5,sim,Gromozeka,RedSeep-S007,no_thr,2.0,34,11,97.77634421783809,100.02615687767869,2.2498126598406003
Grom_5,sim,Gromozeka,RedSeep-S007,no_thr,2.0,35,0,104.00841681043354,103.39207253856094,0.616344271872606
Grom_5,sim,Gromozeka,RedSeep-S007,no_thr,2.0,38,1,3.995059653637677,4.495447462602202,0.5003878089645255
Grom_5,sim,Gromozeka,RedSeep-S007,no_thr,2.0,39,2,31.398402513119265,12.274275444252497,19.12412706886677
Grom_5,sim,Gromozeka,RedSeep-S007,no_thr,2.0,40,3,36.340876248885856,27.4765351476625,8.864341101223356
Grom_5,sim,Gromozeka,RedSeep-S007,no_thr,2.0,41,4,48.73242545263857,21.709797848164943,27.02262760447363
Grom_5,sim,Gromozeka,RedSeep-S007,no_thr,2.0,42,5,57.71210970421313,29.495016648580595,28.21709305563253
Grom_5,sim,Gromozeka,RedSeep-S007,no_thr,4.0,11,2,31.398402513119265,21.962869203592845,9.43553330952642
Grom_5,sim,Gromozeka,RedSeep-S007,no_thr,4.0,12,3,36.340876248885856,24.841606587145886,11.49926966173997
Grom_5,sim,Gromozeka,RedSeep-S007,no_thr,4.0,13,4,48.73242545263857,27.570219781765484,21.16220567087309
Grom_5,sim,Gromozeka,RedSeep-S007,no_thr,4.0,14,5,57.71210970421313,28.51259842722155,29.199511276991576
Grom_5,sim,Gromozeka,RedSeep-S007,no_thr,4.0,15,6,69.93021414487528,72.10355439506479,2.1733402501895114
Grom_5,sim,Gromozeka,RedSeep-S007,no_thr,4.0,16,7,76.26433276916829,93.60897040738985,17.344637638221556
Grom_5,sim,Gromozeka,RedSeep-S007,no_thr,4.0,17,8,81.30795294694249,60.510978832654246,20.796974114288247
Grom_5,sim,Gromozeka,RedSeep-S007,no_thr,4.0,18,9,81.24236398061296,88.29897057532331,7.056606594710345
Grom_5,sim,Gromozeka,RedSeep-S007,no_thr,4.0,19,10,90.48078374193611,104.24833722528658,13.767553483350468
Grom_5,sim,Gromozeka,RedSeep-S007,no_thr,4.0,20,11,97.77634421783809,102.70284625982764,4.926502041989551
Grom_5,sim,Gromozeka,RedSeep-S007,no_thr,4.0,21,0,104.00841681043354,104.18288004775512,0.1744632373215751
Grom_5,sim,Gromozeka,RedSeep-S007,no_thr,4.0,24,1,3.995059653637677,2.4017696108640103,1.5932900427736665
Grom_5,sim,Gromozeka,RedSeep-S007,no_thr,4.0,25,2,31.398402513119265,12.688686564499692,18.709715948619575
Grom_5,sim,Gromozeka,RedSeep-S007,no_thr,4.0,26,3,36.340876248885856,20.06786009517116,16.273016153714696
Grom_5,sim,Gromozeka,RedSeep-S007,no_thr,4.0,27,4,48.73242545263857,25.708641839944157,23.023783612694416
Grom_5,sim,Gromozeka,RedSeep-S007,no_thr,4.0,28,5,57.71210970421313,29.588868974370385,28.123240729842742
Grom_5,sim,Gromozeka,RedSeep-S007,no_thr,4.0,29,6,69.93021414487528,69.52017822456193,0.4100359203133479
Grom_5,sim,Gromozeka,RedSeep-S007,no_thr,4.0,30,7,76.26433276916829,82.59455505291876,6.330222283750473
Grom_5,sim,Gromozeka,RedSeep-S007,no_thr,4.0,31,8,81.30795294694249,74.8929123335814,6.415040613361086
Grom_5,sim,Gromozeka,RedSeep-S007,no_thr,4.0,32,9,81.24236398061296,87.61060148425796,6.368237503644991
Grom_5,sim,Gromozeka,RedSeep-S007,no_thr,4.0,33,10,90.48078374193611,96.23049167565057,5.749707933714461
Grom_5,sim,Gromozeka,RedSeep-S007,no_thr,4.0,34,11,97.77634421783809,100.47759908160735,2.7012548637692646
Grom_5,sim,Gromozeka,RedSeep-S007,no_thr,4.0,35,0,104.00841681043354,103.84615835956345,0.16225845087009816
Grom_5,sim,Gromozeka,RedSeep-S007,no_thr,4.0,38,1,3.995059653637677,2.052197807748277,1.9428618458893996
Grom_5,sim,Gromozeka,RedSeep-S007,no_thr,4.0,39,2,31.398402513119265,10.24963201149393,21.148770501625336
Grom_5,sim,Gromozeka,RedSeep-S007,no_thr,4.0,40,3,36.340876248885856,18.665721015279058,17.675155233606798
Grom_5,sim,Gromozeka,RedSeep-S007,no_thr,4.0,41,4,48.73242545263857,25.526287164916393,23.20613828772218
Grom_5,sim,Gromozeka,RedSeep-S007,no_thr,4.0,42,5,57.71210970421313,27.15722580510852,30.554883899104606
Grom_5,sim,Gromozeka,RedSeep-S007,angular_scaled,2.0,11,2,31.398402513119265,26.12848411926328,5.269918393855985
Grom_5,sim,Gromozeka,RedSeep-S007,angular_scaled,2.0,12,3,36.340876248885856,28.326780377056547,8.014095871829308
Grom_5,sim,Gromozeka,RedSeep-S007,angular_scaled,2.0,13,4,48.73242545263857,24.676141886337316,24.056283566301257
Grom_5,sim,Gromozeka,RedSeep-S007,angular_scaled,2.0,14,5,57.71210970421313,27.07141337686324,30.640696327349886
Grom_5,sim,Gromozeka,RedSeep-S007,angular_scaled,2.0,15,6,69.93021414487528,70.22324430041239,0.2930301555371102
Grom_5,sim,Gromozeka,RedSeep-S007,angular_scaled,2.0,16,7,76.26433276916829,78.3456198363026,2.081287067134312
Grom_5,sim,Gromozeka,RedSeep-S007,angular_scaled,2.0,17,8,81.30795294694249,80.73912305412985,0.5688298928126443
Grom_5,sim,Gromozeka,RedSeep-S007,angular_scaled,2.0,18,9,81.24236398061296,87.73492131369557,6.492557333082601
Grom_5,sim,Gromozeka,RedSeep-S007,angular_scaled,2.0,19,10,90.48078374193611,97.93452314106042,7.453739399124316
Grom_5,sim,Gromozeka,RedSeep-S007,angular_scaled,2.0,20,11,97.77634421783809,99.53611435222622,1.759770134388134
Grom_5,sim,Gromozeka,RedSeep-S007,angular_scaled,2.0,21,0,104.00841681043354,102.50424846972189,1.504168340711658
Grom_5,sim,Gromozeka,RedSeep-S007,angular_scaled,2.0,24,1,3.995059653637677,3.451566707512445,0.5434929461252316
Grom_5,sim,Gromozeka,RedSeep-S007,angular_scaled,2.0,25,2,31.398402513119265,13.491637841604152,17.906764671515113
Grom_5,sim,Gromozeka,RedSeep-S007,angular_scaled,2.0,26,3,36.340876248885856,25.14233057530739,11.198545673578465
Grom_5,sim,Gromozeka,RedSeep-S007,angular_scaled,2.0,27,4,48.73242545263857,23.515168595401285,25.217256857237288
Grom_5,sim,Gromozeka,RedSeep-S007,angular_scaled,2.0,28,5,57.71210970421313,29.81364152166549,27.898468182547635
Grom_5,sim,Gromozeka,RedSeep-S007,angular_scaled,2.0,29,6,69.93021414487528,78.44010865469549,8.509894509820214
Grom_5,sim,Gromozeka,RedSeep-S007,angular_scaled,2.0,30,7,76.26433276916829,77.08383442957033,0.8195016604020395
Grom_5,sim,Gromozeka,RedSeep-S007,angular_scaled,2.0,31,8,81.30795294694249,80.01646355127616,1.291489395666332
Grom_5,sim,Gromozeka,RedSeep-S007,angular_scaled,2.0,32,9,81.24236398061296,87.13066518714447,5.888301206531509
Grom_5,sim,Gromozeka,RedSeep-S007,angular_scaled,2.0,33,10,90.48078374193611,95.2863420175352,4.805558275599097
Grom_5,sim,Gromozeka,RedSeep-S007,angular_scaled,2.0,34,11,97.77634421783809,99.83367821212694,2.0573339942888538
Grom_5,sim,Gromozeka,RedSeep-S007,angular_scaled,2.0,35,0,104.00841681043354,103.41836056417645,0.5900562462570917
Grom_5,sim,Gromozeka,RedSeep-S007,angular_scaled,2.0,38,1,3.995059653637677,4.5293538892608955,0.5342942356232188
Grom_5,sim,Gromozeka,RedSeep-S007,angular_scaled,2.0,39,2,31.398402513119265,14.794156867526848,16.604245645592417
Grom_5,sim,Gromozeka,RedSeep-S007,angular_scaled,2.0,40,3,36.340876248885856,29.722731849862615,6.61814439902324
Grom_5,sim,Gromozeka,RedSeep-S007,angular_scaled,2.0,41,4,48.73242545263857,25.258141235038433,23.47428421760014
Grom_5,sim,Gromozeka,RedSeep-S007,angular_scaled,2.0,42,5,57.71210970421313,29.69102990427405,28.021079799939077
Grom_5,sim,Gromozeka,RedSeep-S007,angular_scaled,4.0,11,2,31.398402513119265,23.59223755411927,7.806164958999997
Grom_5,sim,Gromozeka,RedSeep-S007,angular_scaled,4.0,12,3,36.340876248885856,27.129055891267402,9.211820357618453
Grom_5,sim,Gromozeka,RedSeep-S007,angular_scaled,4.0,13,4,48.73242545263857,31.680266966220888,17.052158486417685
Grom_5,sim,Gromozeka,RedSeep-S007,angular_scaled,4.0,14,5,57.71210970421313,33.81277566344883,23.899334040764295
Grom_5,sim,Gromozeka,RedSeep-S007,angular_scaled,4.0,15,6,69.93021414487528,64.70423313409736,5.2259810107779145
Grom_5,sim,Gromozeka,RedSeep-S007,angular_scaled,4.0,16,7,76.26433276916829,70.52223969328607,5.742093075882224
Grom_5,sim,Gromozeka,RedSeep-S007,angular_scaled,4.0,17,8,81.30795294694249,61.08749577630568,20.220457170636813
Grom_5,sim,Gromozeka,RedSeep-S007,angular_scaled,4.0,18,9,81.24236398061296,85.70024400575987,4.457880025146906
Grom_5,sim,Gromozeka,RedSeep-S007,angular_scaled,4.0,19,10,90.48078374193611,105.11533839468815,14.634554652752044
Grom_5,sim,Gromozeka,RedSeep-S007,angular_scaled,4.0,20,11,97.77634421783809,103.34003015962506,5.5636859417869715
Grom_5,sim,Gromozeka,RedSeep-S007,angular_scaled,4.0,21,0,104.00841681043354,104.43398385609709,0.4255670456635414
Grom_5,sim,Gromozeka,RedSeep-S007,angular_scaled,4.0,24,1,3.995059653637677,2.6978050686517285,1.2972545849859483
Grom_5,sim,Gromozeka,RedSeep-S007,angular_scaled,4.0,25,2,31.398402513119265,11.142097293368945,20.25630521975032
Grom_5,sim,Gromozeka,RedSeep-S007,angular_scaled,4.0,26,3,36.340876248885856,18.01589648500011,18.324979763885747
Grom_5,sim,Gromozeka,RedSeep-S007,angular_scaled,4.0,27,4,48.73242545263857,27.331185981497086,21.401239471141487
Grom_5,sim,Gromozeka,RedSeep-S007,angular_scaled,4.0,28,5,57.71210970421313,30.937051123952752,26.775058580260374
Grom_5,sim,Gromozeka,RedSeep-S007,angular_scaled,4.0,29,6,69.93021414487528,68.02850302730668,1.9017111175685955
Grom_5,sim,Gromozeka,RedSeep-S007,angular_scaled,4.0,30,7,76.26433276916829,70.82659113578076,5.437741633387532
Grom_5,sim,Gromozeka,RedSeep-S007,angular_scaled,4.0,31,8,81.30795294694249,50.640196103034484,30.66775684390801
Grom_5,sim,Gromozeka,RedSeep-S007,angular_scaled,4.0,32,9,81.24236398061296,85.36807389181531,4.12570991120235
Grom_5,sim,Gromozeka,RedSeep-S007,angular_scaled,4.0,33,10,90.48078374193611,96.55016685407507,6.069383112138965
Grom_5,sim,Gromozeka,RedSeep-S007,angular_scaled,4.0,34,11,97.77634421783809,100.68934579040457,2.913001572566486
Grom_5,sim,Gromozeka,RedSeep-S007,angular_scaled,4.0,35,0,104.00841681043354,103.62361797926866,0.3847988311648862
Grom_5,sim,Gromozeka,RedSeep-S007,angular_scaled,4.0,38,1,3.995059653637677,1.760164258862287,2.23489539477539
Grom_5,sim,Gromozeka,RedSeep-S007,angular_scaled,4.0,39,2,31.398402513119265,9.79806731619747,21.600335196921797
Grom_5,sim,Gromozeka,RedSeep-S007,angular_scaled,4.0,40,3,36.340876248885856,17.536897753932823,18.803978494953032
Grom_5,sim,Gromozeka,RedSeep-S007,angular_scaled,4.0,41,4,48.73242545263857,27.31959928386607,21.412826168772504
Grom_5,sim,Gromozeka,RedSeep-S007,angular_scaled,4.0,42,5,57.71210970421313,30.31670997251645,27.395399731696678
Grom_5,sim,Gromozeka,RedSeep-S008,baseline,2.0,15,2,31.398402513119265,17.27556417980161,14.122838333317656
Grom_5,sim,Gromozeka,RedSeep-S008,baseline,2.0,16,3,36.340876248885856,25.89119423079556,10.449682018090297
Grom_5,sim,Gromozeka,RedSeep-S008,baseline,2.0,17,4,48.73242545263857,20.56891848149121,28.163506971147363
Grom_5,sim,Gromozeka,RedSeep-S008,baseline,2.0,18,5,57.71210970421313,12.426746840140984,45.28536286407214
Grom_5,sim,Gromozeka,RedSeep-S008,baseline,2.0,19,6,69.93021414487528,101.79276192863937,31.862547783764086
Grom_5,sim,Gromozeka,RedSeep-S008,baseline,2.0,20,7,76.26433276916829,14.90116611716937,44.476470437393615
Grom_5,sim,Gromozeka,RedSeep-S008,baseline,2.0,21,8,81.30795294694249,66.23365381613448,15.074299130808015
Grom_5,sim,Gromozeka,RedSeep-S008,baseline,2.0,22,9,81.24236398061296,89.7512949934154,8.508931012802435
Grom_5,sim,Gromozeka,RedSeep-S008,baseline,2.0,23,10,90.48078374193611,98.23164920366224,7.750865461726136
Grom_5,sim,Gromozeka,RedSeep-S008,baseline,2.0,24,11,97.77634421783809,100.61612564180155,2.8397814239634585
Grom_5,sim,Gromozeka,RedSeep-S008,baseline,2.0,25,0,104.00841681043354,103.71361763289848,0.2947991775350687
Grom_5,sim,Gromozeka,RedSeep-S008,baseline,2.0,28,1,3.995059653637677,7.341394719329562,3.3463350656918855
Grom_5,sim,Gromozeka,RedSeep-S008,baseline,2.0,29,2,31.398402513119265,13.752674084881273,17.645728428237994
Grom_5,sim,Gromozeka,RedSeep-S008,baseline,2.0,30,3,36.340876248885856,18.89073986792733,17.450136380958526
Grom_5,sim,Gromozeka,RedSeep-S008,baseline,2.0,31,4,48.73242545263857,31.52309416873779,17.209331283900784
Grom_5,sim,Gromozeka,RedSeep-S008,baseline,2.0,32,5,57.71210970421313,74.15284106416112,16.440731359947996
Grom_5,sim,Gromozeka,RedSeep-S008,baseline,2.0,33,6,69.93021414487528,80.09440048632399,10.164186341448712
Grom_5,sim,Gromozeka,RedSeep-S008,baseline,2.0,34,7,76.26433276916829,80.0962524237411,3.8319196545728147
Grom_5,sim,Gromozeka,RedSeep-S008,baseline,2.0,35,8,81.30795294694249,79.22645981726467,2.081493129677824
Grom_5,sim,Gromozeka,RedSeep-S008,baseline,2.0,36,9,81.24236398061296,96.7535012780638,15.51113729745083
Grom_5,sim,Gromozeka,RedSeep-S008,baseline,2.0,37,10,90.48078374193611,0.561243153604452,15.920096501060883
Grom_5,sim,Gromozeka,RedSeep-S008,baseline,2.0,38,11,97.77634421783809,7.898291490661235,15.961584362215689
Grom_5,sim,Gromozeka,RedSeep-S008,baseline,2.0,39,0,104.00841681043354,5.279273075132873,7.110493354091872
Grom_5,sim,Gromozeka,RedSeep-S008,baseline,2.0,42,1,3.995059653637677,9.50112034416359,5.5060606905259135
Grom_5,sim,Gromozeka,RedSeep-S008,baseline,2.0,43,2,31.398402513119265,26.553028467001894,4.845374046117371
Grom_5,sim,Gromozeka,RedSeep-S008,baseline,2.0,44,3,36.340876248885856,32.09281710326666,4.2480591456191945
Grom_5,sim,Gromozeka,RedSeep-S008,baseline,4.0,15,2,31.398402513119265,34.05857912617255,2.660176613053288
Grom_5,sim,Gromozeka,RedSeep-S008,baseline,4.0,16,3,36.340876248885856,36.716939343238266,0.3760630943524106
Grom_5,sim,Gromozeka,RedSeep-S008,baseline,4.0,17,4,48.73242545263857,40.42160246321488,8.310822989423691
Grom_5,sim,Gromozeka,RedSeep-S008,baseline,4.0,18,5,57.71210970421313,45.71569013960913,11.996419564603997
Grom_5,sim,Gromozeka,RedSeep-S008,baseline,4.0,19,6,69.93021414487528,70.03534834420097,0.10513419932568979
Grom_5,sim,Gromozeka,RedSeep-S008,baseline,4.0,20,7,76.26433276916829,6.7193753319840805,36.29467965220833
Grom_5,sim,Gromozeka,RedSeep-S008,baseline,4.0,21,8,81.30795294694249,48.45936430441261,32.84858864252988
Grom_5,sim,Gromozeka,RedSeep-S008,baseline,4.0,22,9,81.24236398061296,89.44784949390062,8.205485513287655
Grom_5,sim,Gromozeka,RedSeep-S008,baseline,4.0,23,10,90.48078374193611,98.55654242968771,8.075758687751602
Grom_5,sim,Gromozeka,RedSeep-S008,baseline,4.0,24,11,97.77634421783809,102.52334377798132,4.746999560143237
Grom_5,sim,Gromozeka,RedSeep-S008,baseline,4.0,25,0,104.00841681043354,105.03605633045672,1.0276395200231718
Grom_5,sim,Gromozeka,RedSeep-S008,baseline,4.0,28,1,3.995059653637677,3.9024686383279157,0.0925910153097611
Grom_5,sim,Gromozeka,RedSeep-S008,baseline,4.0,29,2,31.398402513119265,10.14635201141167,21.252050501707593
Grom_5,sim,Gromozeka,RedSeep-S008,baseline,4.0,30,3,36.340876248885856,11.46412343640849,24.876752812477363
Grom_5,sim,Gromozeka,RedSeep-S008,baseline,4.0,31,4,48.73242545263857,20.051390015793626,28.681035436844947
Grom_5,sim,Gromozeka,RedSeep-S008,baseline,4.0,32,5,57.71210970421313,28.472313458242773,29.239796245970354
Grom_5,sim,Gromozeka,RedSeep-S008,baseline,4.0,33,6,69.93021414487528,69.97530774785757,0.04509360298229126
Grom_5,sim,Gromozeka,RedSeep-S008,baseline,4.0,34,7,76.26433276916829,95.47098994365116,19.20665717448287
Grom_5,sim,Gromozeka,RedSeep-S008,baseline,4.0,35,8,81.30795294694249,80.12237054530375,1.1855824016387402
Grom_5,sim,Gromozeka,RedSeep-S008,baseline,4.0,36,9,81.24236398061296,91.94477920824025,10.702415227627284
Grom_5,sim,Gromozeka,RedSeep-S008,baseline,4.0,37,10,90.48078374193611,100.9890510249942,10.508267283058089
Grom_5,sim,Gromozeka,RedSeep-S008,baseline,4.0,38,11,97.77634421783809,104.10378858949626,6.327444371658174
Grom_5,sim,Gromozeka,RedSeep-S008,baseline,4.0,39,0,104.00841681043354,105.6796002364284,1.6711834259948546
Grom_5,sim,Gromozeka,RedSeep-S008,baseline,4.0,42,1,3.995059653637677,3.089492656749148,0.9055669968885289
Grom_5,sim,Gromozeka,RedSeep-S008,baseline,4.0,43,2,31.398402513119265,9.032575578202332,22.36582693491693
Grom_5,sim,Gromozeka,RedSeep-S008,baseline,4.0,44,3,36.340876248885856,10.938172332521347,25.40270391636451
Grom_5,sim,Gromozeka,RedSeep-S008,no_thr,2.0,15,2,31.398402513119265,22.207256715526167,9.191145797593098
Grom_5,sim,Gromozeka,RedSeep-S008,no_thr,2.0,16,3,36.340876248885856,24.083765552513004,12.257110696372852
Grom_5,sim,Gromozeka,RedSeep-S008,no_thr,2.0,17,4,48.73242545263857,21.600418007806773,27.1320074448318
Grom_5,sim,Gromozeka,RedSeep-S008,no_thr,2.0,18,5,57.71210970421313,31.624269403717243,26.087840300495884
Grom_5,sim,Gromozeka,RedSeep-S008,no_thr,2.0,19,6,69.93021414487528,75.48597862929536,5.555764484420081
Grom_5,sim,Gromozeka,RedSeep-S008,no_thr,2.0,20,7,76.26433276916829,21.498450679190512,51.07375499941476
Grom_5,sim,Gromozeka,RedSeep-S008,no_thr,2.0,21,8,81.30795294694249,81.65326519718197,0.34531225023947343
Grom_5,sim,Gromozeka,RedSeep-S008,no_thr,2.0,22,9,81.24236398061296,88.86866823985041,7.626304259237443
Grom_5,sim,Gromozeka,RedSeep-S008,no_thr,2.0,23,10,90.48078374193611,96.89515370149473,6.414369959558627
Grom_5,sim,Gromozeka,RedSeep-S008,no_thr,2.0,24,11,97.77634421783809,99.7093272157409,1.932982997902812
Grom_5,sim,Gromozeka,RedSeep-S008,no_thr,2.0,25,0,104.00841681043354,101.75627081165594,2.252145998777607
Grom_5,sim,Gromozeka,RedSeep-S008,no_thr,2.0,28,1,3.995059653637677,4.460412137408193,0.4653524837705163
Grom_5,sim,Gromozeka,RedSeep-S008,no_thr,2.0,29,2,31.398402513119265,12.451935845076095,18.946466668043172
Grom_5,sim,Gromozeka,RedSeep-S008,no_thr,2.0,30,3,36.340876248885856,23.801409547573748,12.539466701312108
Grom_5,sim,Gromozeka,RedSeep-S008,no_thr,2.0,31,4,48.73242545263857,24.99802575599019,23.73439969664838
Grom_5,sim,Gromozeka,RedSeep-S008,no_thr,2.0,32,5,57.71210970421313,23.526729201577183,34.185380502635944
Grom_5,sim,Gromozeka,RedSeep-S008,no_thr,2.0,33,6,69.93021414487528,101.7720711658319,31.841857020956624
Grom_5,sim,Gromozeka,RedSeep-S008,no_thr,2.0,34,7,76.26433276916829,17.497987458532073,47.07329177875632
Grom_5,sim,Gromozeka,RedSeep-S008,no_thr,2.0,35,8,81.30795294694249,81.64843053160074,0.3404775846582453
Grom_5,sim,Gromozeka,RedSeep-S008,no_thr,2.0,36,9,81.24236398061296,86.31744070187958,5.075076721266612
Grom_5,sim,Gromozeka,RedSeep-S008,no_thr,2.0,37,10,90.48078374193611,92.28388466787747,1.803100925941365
Grom_5,sim,Gromozeka,RedSeep-S008,no_thr,2.0,38,11,97.77634421783809,98.90429819467263,1.1279539768345472
Grom_5,sim,Gromozeka,RedSeep-S008,no_thr,2.0,39,0,104.00841681043354,101.95474997701895,2.0536668334145958
Grom_5,sim,Gromozeka,RedSeep-S008,no_thr,2.0,42,1,3.995059653637677,1.5882544715892146,2.406805182048462
Grom_5,sim,Gromozeka,RedSeep-S008,no_thr,2.0,43,2,31.398402513119265,21.83903501372701,9.559367499392255
Grom_5,sim,Gromozeka,RedSeep-S008,no_thr,2.0,44,3,36.340876248885856,30.637578510428277,5.703297738457579
Grom_5,sim,Gromozeka,RedSeep-S008,no_thr,4.0,15,2,31.398402513119265,22.515228298361784,8.883174214757481
Grom_5,sim,Gromozeka,RedSeep-S008,no_thr,4.0,16,3,36.340876248885856,25.55563464029411,10.785241608591747
Grom_5,sim,Gromozeka,RedSeep-S008,no_thr,4.0,17,4,48.73242545263857,26.653548262843305,22.078877189795268
Grom_5,sim,Gromozeka,RedSeep-S008,no_thr,4.0,18,5,57.71210970421313,30.104193416989503,27.607916287223624
Grom_5,sim,Gromozeka,RedSeep-S008,no_thr,4.0,19,6,69.93021414487528,38.14589392362534,31.784320221249942
Grom_5,sim,Gromozeka,RedSeep-S008,no_thr,4.0,20,7,76.26433276916829,28.690781359004326,47.573551410163965
Grom_5,sim,Gromozeka,RedSeep-S008,no_thr,4.0,21,8,81.30795294694249,47.4064421099848,33.90151083695769
Grom_5,sim,Gromozeka,RedSeep-S008,no_thr,4.0,22,9,81.24236398061296,88.38865644975523,7.146292469142267
Grom_5,sim,Gromozeka,RedSeep-S008,no_thr,4.0,23,10,90.48078374193611,96.2466498512473,5.76586610931119
Grom_5,sim,Gromozeka,RedSeep-S008,no_thr,4.0,24,11,97.77634421783809,101.20343681117174,3.4270925933336542
Grom_5,sim,Gromozeka,RedSeep-S008,no_thr,4.0,25,0,104.00841681043354,102.90715144489636,1.1012653655371878
Grom_5,sim,Gromozeka,RedSeep-S008,no_thr,4.0,28,1,3.995059653637677,1.7804146643472625,2.2146449892904143
Grom_5,sim,Gromozeka,RedSeep-S008,no_thr,4.0,29,2,31.398402513119265,10.376769908531253,21.021632604588014
Grom_5,sim,Gromozeka,RedSeep-S008,no_thr,4.0,30,3,36.340876248885856,17.043743538078335,19.29713271080752
Grom_5,sim,Gromozeka,RedSeep-S008,no_thr,4.0,31,4,48.73242545263857,27.283450735393505,21.44897471724507
Grom_5,sim,Gromozeka,RedSeep-S008,no_thr,4.0,32,5,57.71210970421313,32.49588321379429,25.216226490418833
Grom_5,sim,Gromozeka,RedSeep-S008,no_thr,4.0,33,6,69.93021414487528,92.24093617316956,22.31072202829428
Grom_5,sim,Gromozeka,RedSeep-S008,no_thr,4.0,34,7,76.26433276916829,12.109892624831062,41.68519694505531
Grom_5,sim,Gromozeka,RedSeep-S008,no_thr,4.0,35,8,81.30795294694249,27.866438587645373,52.39812273009542
Grom_5,sim,Gromozeka,RedSeep-S008,no_thr,4.0,36,9,81.24236398061296,90.50809867709533,9.265734696482369
Grom_5,sim,Gromozeka,RedSeep-S008,no_thr,4.0,37,10,90.48078374193611,96.76912739294302,6.288343651006912
Grom_5,sim,Gromozeka,RedSeep-S008,no_thr,4.0,38,11,97.77634421783809,101.06311191731346,3.2867676994753765
Grom_5,sim,Gromozeka,RedSeep-S008,no_thr,4.0,39,0,104.00841681043354,102.9882986833888,1.0201181270447393
Grom_5,sim,Gromozeka,RedSeep-S008,no_thr,4.0,42,1,3.995059653637677,0.8545964504843345,3.140463203153342
Grom_5,sim,Gromozeka,RedSeep-S008,no_thr,4.0,43,2,31.398402513119265,11.360523895960108,20.03787861715916
Grom_5,sim,Gromozeka,RedSeep-S008,no_thr,4.0,44,3,36.340876248885856,18.08401898676715,18.256857262118707
Grom_5,sim,Gromozeka,RedSeep-S008,angular_scaled,2.0,15,2,31.398402513119265,25.78269828182829,5.615704231290977
Grom_5,sim,Gromozeka,RedSeep-S008,angular_scaled,2.0,16,3,36.340876248885856,28.79771393552524,7.5431623133606145
Grom_5,sim,Gromozeka,RedSeep-S008,angular_scaled,2.0,17,4,48.73242545263857,23.362178183510718,25.370247269127855
Grom_5,sim,Gromozeka,RedSeep-S008,angular_scaled,2.0,18,5,57.71210970421313,30.48746413894997,27.224645565263156
Grom_5,sim,Gromozeka,RedSeep-S008,angular_scaled,2.0,19,6,69.93021414487528,90.70041801528855,20.77020387041327
Grom_5,sim,Gromozeka,RedSeep-S008,angular_scaled,2.0,20,7,76.26433276916829,20.31219004511893,49.88749436534317
Grom_5,sim,Gromozeka,RedSeep-S008,angular_scaled,2.0,21,8,81.30795294694249,81.29470012988143,0.013252817061058408
Grom_5,sim,Gromozeka,RedSeep-S008,angular_scaled,2.0,22,9,81.24236398061296,88.32260924236864,7.080245261755678
Grom_5,sim,Gromozeka,RedSeep-S008,angular_scaled,2.0,23,10,90.48078374193611,96.62808517914661,6.147301437210501
Grom_5,sim,Gromozeka,RedSeep-S008,angular_scaled,2.0,24,11,97.77634421783809,99.90522816725407,2.128883949415979
Grom_5,sim,Gromozeka,RedSeep-S008,angular_scaled,2.0,25,0,104.00841681043354,101.91561252686098,2.092804283572562
Grom_5,sim,Gromozeka,RedSeep-S008,angular_scaled,2.0,28,1,3.995059653637677,4.690161896319168,0.6951022426814912
Grom_5,sim,Gromozeka,RedSeep-S008,angular_scaled,2.0,29,2,31.398402513119265,13.13418519494172,18.264217318177543
Grom_5,sim,Gromozeka,RedSeep-S008,angular_scaled,2.0,30,3,36.340876248885856,23.59477418027672,12.746102068609137
Grom_5,sim,Gromozeka,RedSeep-S008,angular_scaled,2.0,31,4,48.73242545263857,25.840440642841845,22.89198480979673
Grom_5,sim,Gromozeka,RedSeep-S008,angular_scaled,2.0,32,5,57.71210970421313,31.02676811039574,26.685341593817387
Grom_5,sim,Gromozeka,RedSeep-S008,angular_scaled,2.0,33,6,69.93021414487528,94.63249009707941,24.702275952204133
Grom_5,sim,Gromozeka,RedSeep-S008,angular_scaled,2.0,34,7,76.26433276916829,82.98739684173437,6.723064072566075
Grom_5,sim,Gromozeka,RedSeep-S008,angular_scaled,2.0,35,8,81.30795294694249,81.14083788676662,0.16711506017587396
Grom_5,sim,Gromozeka,RedSeep-S008,angular_scaled,2.0,36,9,81.24236398061296,86.34177618551608,5.099412204903118
Grom_5,sim,Gromozeka,RedSeep-S008,angular_scaled,2.0,37,10,90.48078374193611,92.17013771804484,1.689353976108734
Grom_5,sim,Gromozeka,RedSeep-S008,angular_scaled,2.0,38,11,97.77634421783809,98.97922193047593,1.202877712637843
Grom_5,sim,Gromozeka,RedSeep-S008,angular_scaled,2.0,39,0,104.00841681043354,102.6362102202988,1.3722065901347378
Grom_5,sim,Gromozeka,RedSeep-S008,angular_scaled,2.0,42,1,3.995059653637677,2.7780356302116274,1.2170240234260494
Grom_5,sim,Gromozeka,RedSeep-S008,angular_scaled,2.0,43,2,31.398402513119265,15.102124740509025,16.29627777261024
Grom_5,sim,Gromozeka,RedSeep-S008,angular_scaled,2.0,44,3,36.340876248885856,25.77939660354151,10.561479645344345
Grom_5,sim,Gromozeka,RedSeep-S008,angular_scaled,4.0,15,2,31.398402513119265,26.01180151736262,5.386600995756645
Grom_5,sim,Gromozeka,RedSeep-S008,angular_scaled,4.0,16,3,36.340876248885856,29.252804337555844,7.088071911330012
Grom_5,sim,Gromozeka,RedSeep-S008,angular_scaled,4.0,17,4,48.73242545263857,31.711600883150005,17.020824569488568
Grom_5,sim,Gromozeka,RedSeep-S008,angular_scaled,4.0,18,5,57.71210970421313,34.820975453861514,22.891134250351612
Grom_5,sim,Gromozeka,RedSeep-S008,angular_scaled,4.0,19,6,69.93021414487528,64.25264173480932,5.677572410065963
Grom_5,sim,Gromozeka,RedSeep-S008,angular_scaled,4.0,20,7,76.26433276916829,73.4283446215835,2.8359881475847857
Grom_5,sim,Gromozeka,RedSeep-S008,angular_scaled,4.0,21,8,81.30795294694249,76.2526668309948,5.055286115947695
Grom_5,sim,Gromozeka,RedSeep-S008,angular_scaled,4.0,22,9,81.24236398061296,88.00828448137607,6.765920500763102
Grom_5,sim,Gromozeka,RedSeep-S008,angular_scaled,4.0,23,10,90.48078374193611,95.91291755749994,5.43213381556383
Grom_5,sim,Gromozeka,RedSeep-S008,angular_scaled,4.0,24,11,97.77634421783809,100.81404624163544,3.037702023797351
Grom_5,sim,Gromozeka,RedSeep-S008,angular_scaled,4.0,25,0,104.00841681043354,102.91001325108175,1.0984035593517945
Grom_5,sim,Gromozeka,RedSeep-S008,angular_scaled,4.0,28,1,3.995059653637677,2.1801736985255755,1.8148859551121013
Grom_5,sim,Gromozeka,RedSeep-S008,angular_scaled,4.0,29,2,31.398402513119265,10.740892091921276,20.65751042119799
Grom_5,sim,Gromozeka,RedSeep-S008,angular_scaled,4.0,30,3,36.340876248885856,16.749440625959235,19.59143562292662
Grom_5,sim,Gromozeka,RedSeep-S008,angular_scaled,4.0,31,4,48.73242545263857,28.7824603474644,19.949965105174172
Grom_5,sim,Gromozeka,RedSeep-S008,angular_scaled,4.0,32,5,57.71210970421313,34.23511119813539,23.476998506077734
Grom_5,sim,Gromozeka,RedSeep-S008,angular_scaled,4.0,33,6,69.93021414487528,71.71332075143417,1.7831066065588885
Grom_5,sim,Gromozeka,RedSeep-S008,angular_scaled,4.0,34,7,76.26433276916829,17.922251530657004,47.497555850881255
Grom_5,sim,Gromozeka,RedSeep-S008,angular_scaled,4.0,35,8,81.30795294694249,40.20436874669638,41.10358420024611
Grom_5,sim,Gromozeka,RedSeep-S008,angular_scaled,4.0,36,9,81.24236398061296,85.98410945720514,4.741745476592172
Grom_5,sim,Gromozeka,RedSeep-S008,angular_scaled,4.0,37,10,90.48078374193611,95.16619024609976,4.685406504163652
Grom_5,sim,Gromozeka,RedSeep-S008,angular_scaled,4.0,38,11,97.77634421783809,100.25648108310492,2.4801368652668287
Grom_5,sim,Gromozeka,RedSeep-S008,angular_scaled,4.0,39,0,104.00841681043354,102.54902199690927,1.4593948135242698
Grom_5,sim,Gromozeka,RedSeep-S008,angular_scaled,4.0,42,1,3.995059653637677,0.6295892085161477,3.365470445121529
Grom_5,sim,Gromozeka,RedSeep-S008,angular_scaled,4.0,43,2,31.398402513119265,11.008210261128918,20.39019225199035
Grom_5,sim,Gromozeka,RedSeep-S008,angular_scaled,4.0,44,3,36.340876248885856,18.438281969893804,17.90259427899205
PlatOnAir_T1,sim,PlatOnAir,RedSeep-S007,baseline,2.0,11,2,29.734832026026645,29.316962209670855,0.4178698163557897
PlatOnAir_T1,sim,PlatOnAir,RedSeep-S007,baseline,2.0,12,3,34.77317542910406,29.51684218639157,5.256333242712486
PlatOnAir_T1,sim,PlatOnAir,RedSeep-S007,baseline,2.0,13,4,46.904711599969836,43.818299791331896,3.0864118086379406
PlatOnAir_T1,sim,PlatOnAir,RedSeep-S007,baseline,2.0,14,5,54.59834436936086,55.668132982047005,1.0697886126861462
PlatOnAir_T1,sim,PlatOnAir,RedSeep-S007,baseline,2.0,15,6,66.72729833039723,66.65827087575907,0.06902745463816018
PlatOnAir_T1,sim,PlatOnAir,RedSeep-S007,baseline,2.0,16,7,71.91961709789909,72.1524994041729,0.23288230627380813
PlatOnAir_T1,sim,PlatOnAir,RedSeep-S007,baseline,2.0,17,8,74.19828169337809,72.70977631280395,1.4885053805741393
PlatOnAir_T1,sim,PlatOnAir,RedSeep-S007,baseline,2.0,18,9,74.48087608343857,69.01191850675045,5.468957576688126
PlatOnAir_T1,sim,PlatOnAir,RedSeep-S007,baseline,2.0,19,10,66.72729833039723,61.268257674113705,5.459040656283527
PlatOnAir_T1,sim,PlatOnAir,RedSeep-S007,baseline,2.0,20,11,93.48584217711708,67.4481284199813,26.037713757135776
PlatOnAir_T1,sim,PlatOnAir,RedSeep-S007,baseline,2.0,21,0,99.48068798255676,98.54001280475622,0.9406751778005429
PlatOnAir_T1,sim,PlatOnAir,RedSeep-S007,baseline,2.0,24,1,4.575372733677008,8.221177471578082,3.6458047379010745
PlatOnAir_T1,sim,PlatOnAir,RedSeep-S007,baseline,2.0,25,2,29.734832026026645,35.29188720795913,5.557055181932483
PlatOnAir_T1,sim,PlatOnAir,RedSeep-S007,baseline,2.0,26,3,34.77317542910406,40.51162115568574,5.738445726581681
PlatOnAir_T1,sim,PlatOnAir,RedSeep-S007,baseline,2.0,27,4,46.904711599969836,47.088269970734935,0.1835583707650983
PlatOnAir_T1,sim,PlatOnAir,RedSeep-S007,baseline,2.0,28,5,54.59834436936086,56.073499643764464,1.4751552744036047
PlatOnAir_T1,sim,PlatOnAir,RedSeep-S007,baseline,2.0,29,6,66.72729833039723,67.79191831670082,1.0646199863035832
PlatOnAir_T1,sim,PlatOnAir,RedSeep-S007,baseline,2.0,30,7,71.91961709789909,8.05200705533103,37.49274297045781
PlatOnAir_T1,sim,PlatOnAir,RedSeep-S007,baseline,2.0,31,8,74.19828169337809,36.82879273866942,37.36948895470867
PlatOnAir_T1,sim,PlatOnAir,RedSeep-S007,baseline,2.0,32,9,74.48087608343857,4.373679827634277,31.253156757221575
PlatOnAir_T1,sim,PlatOnAir,RedSeep-S007,baseline,2.0,33,10,66.72729833039723,5.170466140001891,39.80352082263053
PlatOnAir_T1,sim,PlatOnAir,RedSeep-S007,baseline,2.0,34,11,93.48584217711708,100.87988145165959,7.394039274542507
PlatOnAir_T1,sim,PlatOnAir,RedSeep-S007,baseline,2.0,35,0,99.48068798255676,99.90258759354285,0.4218996109860882
PlatOnAir_T1,sim,PlatOnAir,RedSeep-S007,baseline,2.0,38,1,4.575372733677008,6.664385907687946,2.0890131740109386
PlatOnAir_T1,sim,PlatOnAir,RedSeep-S007,baseline,2.0,39,2,29.734832026026645,30.399684339021285,0.6648523129946398
PlatOnAir_T1,sim,PlatOnAir,RedSeep-S007,baseline,2.0,40,3,34.77317542910406,31.324810471156145,3.4483649579479128
PlatOnAir_T1,sim,PlatOnAir,RedSeep-S007,baseline,2.0,41,4,46.904711599969836,40.5559951773046,6.348716422665234
PlatOnAir_T1,sim,PlatOnAir,RedSeep-S007,baseline,2.0,42,5,54.59834436936086,56.4917959924652,1.8934516231043403
PlatOnAir_T1,sim,PlatOnAir,RedSeep-S007,baseline,4.0,11,2,29.734832026026645,37.0978994194742,7.363067393447558
PlatOnAir_T1,sim,PlatOnAir,RedSeep-S007,baseline,4.0,12,3,34.77317542910406,40.62217874535765,5.849003316253594
PlatOnAir_T1,sim,PlatOnAir,RedSeep-S007,baseline,4.0,13,4,46.904711599969836,44.64809556819452,2.256616031775316
PlatOnAir_T1,sim,PlatOnAir,RedSeep-S007,baseline,4.0,14,5,54.59834436936086,51.197460478631164,3.4008838907296948
PlatOnAir_T1,sim,PlatOnAir,RedSeep-S007,baseline,4.0,15,6,66.72729833039723,64.70953551558908,2.017762814808151
PlatOnAir_T1,sim,PlatOnAir,RedSeep-S007,baseline,4.0,16,7,71.91961709789909,71.44181674616645,0.4778003517326397
PlatOnAir_T1,sim,PlatOnAir,RedSeep-S007,baseline,4.0,17,8,74.19828169337809,75.07413810840828,0.8758564150301851
PlatOnAir_T1,sim,PlatOnAir,RedSeep-S007,baseline,4.0,18,9,74.48087608343857,86.43773354748643,11.956857464047857
PlatOnAir_T1,sim,PlatOnAir,RedSeep-S007,baseline,4.0,19,10,66.72729833039723,93.09759537502553,26.370297044628302
PlatOnAir_T1,sim,PlatOnAir,RedSeep-S007,baseline,4.0,20,11,93.48584217711708,93.42674732602279,0.05909485109428658
PlatOnAir_T1,sim,PlatOnAir,RedSeep-S007,baseline,4.0,21,0,99.48068798255676,96.44181715157934,3.038870830977416
PlatOnAir_T1,sim,PlatOnAir,RedSeep-S007,baseline,4.0,24,1,4.575372733677008,3.8042314866979066,0.7711412469791012
PlatOnAir_T1,sim,PlatOnAir,RedSeep-S007,baseline,4.0,25,2,29.734832026026645,38.933665691169246,9.198833665142601
PlatOnAir_T1,sim,PlatOnAir,RedSeep-S007,baseline,4.0,26,3,34.77317542910406,46.64572859509686,11.872553165992805
PlatOnAir_T1,sim,PlatOnAir,RedSeep-S007,baseline,4.0,27,4,46.904711599969836,47.50095845805139,0.5962468580815568
PlatOnAir_T1,sim,PlatOnAir,RedSeep-S007,baseline,4.0,28,5,54.59834436936086,54.0509483601752,0.5473960091856611
PlatOnAir_T1,sim,PlatOnAir,RedSeep-S007,baseline,4.0,29,6,66.72729833039723,63.32169564296733,3.405602687429905
PlatOnAir_T1,sim,PlatOnAir,RedSeep-S007,baseline,4.0,30,7,71.91961709789909,59.82817356177087,12.091443536128224
PlatOnAir_T1,sim,PlatOnAir,RedSeep-S007,baseline,4.0,31,8,74.19828169337809,48.998433714642196,25.199847978735896
PlatOnAir_T1,sim,PlatOnAir,RedSeep-S007,baseline,4.0,32,9,74.48087608343857,6.796863596420304,33.67634052600761
PlatOnAir_T1,sim,PlatOnAir,RedSeep-S007,baseline,4.0,33,10,66.72729833039723,5.934593635625448,40.567648318254086
PlatOnAir_T1,sim,PlatOnAir,RedSeep-S007,baseline,4.0,34,11,93.48584217711708,100.51985112833543,7.034008951218354
PlatOnAir_T1,sim,PlatOnAir,RedSeep-S007,baseline,4.0,35,0,99.48068798255676,101.29807400494677,1.8173860223900107
PlatOnAir_T1,sim,PlatOnAir,RedSeep-S007,baseline,4.0,38,1,4.575372733677008,6.609198507045656,2.0338257733686484
PlatOnAir_T1,sim,PlatOnAir,RedSeep-S007,baseline,4.0,39,2,29.734832026026645,19.693067613607287,10.041764412419358
PlatOnAir_T1,sim,PlatOnAir,RedSeep-S007,baseline,4.0,40,3,34.77317542910406,20.872624122245202,13.900551306858855
PlatOnAir_T1,sim,PlatOnAir,RedSeep-S007,baseline,4.0,41,4,46.904711599969836,20.791056819247682,26.113654780722154
PlatOnAir_T1,sim,PlatOnAir,RedSeep-S007,baseline,4.0,42,5,54.59834436936086,18.344261188641067,36.25408318071979
PlatOnAir_T1,sim,PlatOnAir,RedSeep-S007,no_thr,2.0,11,2,29.734832026026645,16.835708358004876,12.899123668021769
PlatOnAir_T1,sim,PlatOnAir,RedSeep-S007,no_thr,2.0,12,3,34.77317542910406,24.244912028621048,10.52826340048301
PlatOnAir_T1,sim,PlatOnAir,RedSeep-S007,no_thr,2.0,13,4,46.904711599969836,36.24258174118272,10.662129858787118
PlatOnAir_T1,sim,PlatOnAir,RedSeep-S007,no_thr,2.0,14,5,54.59834436936086,58.040888832464624,3.442544463103765
PlatOnAir_T1,sim,PlatOnAir,RedSeep-S007,no_thr,2.0,15,6,66.72729833039723,65.55814580105013,1.1691525293471017
PlatOnAir_T1,sim,PlatOnAir,RedSeep-S007,no_thr,2.0,16,7,71.91961709789909,71.93081384451665,0.011196746617557096
PlatOnAir_T1,sim,PlatOnAir,RedSeep-S007,no_thr,2.0,17,8,74.19828169337809,73.1299008470926,1.0683808462854927
PlatOnAir_T1,sim,PlatOnAir,RedSeep-S007,no_thr,2.0,18,9,74.48087608343857,10.144782097084,37.0242590266713
PlatOnAir_T1,sim,PlatOnAir,RedSeep-S007,no_thr,2.0,19,10,66.72729833039723,13.904403130645843,48.537457813274486
PlatOnAir_T1,sim,PlatOnAir,RedSeep-S007,no_thr,2.0,20,11,93.48584217711708,15.90560968721675,23.780120523125547
PlatOnAir_T1,sim,PlatOnAir,RedSeep-S007,no_thr,2.0,21,0,99.48068798255676,95.7295536703979,3.751134312158854
PlatOnAir_T1,sim,PlatOnAir,RedSeep-S007,no_thr,2.0,24,1,4.575372733677008,2.553710449785094,2.0216622838919136
PlatOnAir_T1,sim,PlatOnAir,RedSeep-S007,no_thr,2.0,25,2,29.734832026026645,31.481221098636013,1.746389072609368
PlatOnAir_T1,sim,PlatOnAir,RedSeep-S007,no_thr,2.0,26,3,34.77317542910406,31.187910280017448,3.5852651490866094
PlatOnAir_T1,sim,PlatOnAir,RedSeep-S007,no_thr,2.0,27,4,46.904711599969836,31.77765241070066,15.127059189269175
PlatOnAir_T1,sim,PlatOnAir,RedSeep-S007,no_thr,2.0,28,5,54.59834436936086,59.34948583104815,4.75114146168729
PlatOnAir_T1,sim,PlatOnAir,RedSeep-S007,no_thr,2.0,29,6,66.72729833039723,66.08475263063039,0.642545699766842
PlatOnAir_T1,sim,PlatOnAir,RedSeep-S007,no_thr,2.0,30,7,71.91961709789909,7.474265028775799,36.915000943902584
PlatOnAir_T1,sim,PlatOnAir,RedSeep-S007,no_thr,2.0,31,8,74.19828169337809,38.30541219816927,35.89286949520882
PlatOnAir_T1,sim,PlatOnAir,RedSeep-S007,no_thr,2.0,32,9,74.48087608343857,13.121406093968552,40.00088302355585
PlatOnAir_T1,sim,PlatOnAir,RedSeep-S007,no_thr,2.0,33,10,66.72729833039723,99.7101617808083,32.982863450411074
PlatOnAir_T1,sim,PlatOnAir,RedSeep-S007,no_thr,2.0,34,11,93.48584217711708,91.12286579503926,2.362976382077818
PlatOnAir_T1,sim,PlatOnAir,RedSeep-S007,no_thr,2.0,35,0,99.48068798255676,90.18130388210531,9.299384100451448
PlatOnAir_T1,sim,PlatOnAir,RedSeep-S007,no_thr,2.0,38,1,4.575372733677008,99.18364905371298,6.7520766929899025
PlatOnAir_T1,sim,PlatOnAir,RedSeep-S007,no_thr,2.0,39,2,29.734832026026645,30.93784989299074,1.203017866964096
PlatOnAir_T1,sim,PlatOnAir,RedSeep-S007,no_thr,2.0,40,3,34.77317542910406,30.912574492479905,3.8606009366241523
PlatOnAir_T1,sim,PlatOnAir,RedSeep-S007,no_thr,2.0,41,4,46.904711599969836,31.70221292052933,15.202498679440506
PlatOnAir_T1,sim,PlatOnAir,RedSeep-S007,no_thr,2.0,42,5,54.59834436936086,58.34354582320211,3.745201453841254
PlatOnAir_T1,sim,PlatOnAir,RedSeep-S007,no_thr,4.0,11,2,29.734832026026645,14.88324129633525,14.851590729691395
PlatOnAir_T1,sim,PlatOnAir,RedSeep-S007,no_thr,4.0,12,3,34.77317542910406,16.73346031552854,18.039715113575518
PlatOnAir_T1,sim,PlatOnAir,RedSeep-S007,no_thr,4.0,13,4,46.904711599969836,39.77357005785133,7.131141542118506
PlatOnAir_T1,sim,PlatOnAir,RedSeep-S007,no_thr,4.0,14,5,54.59834436936086,53.02978379224817,1.5685605771126916
PlatOnAir_T1,sim,PlatOnAir,RedSeep-S007,no_thr,4.0,15,6,66.72729833039723,64.64381049647601,2.0834878339212253
PlatOnAir_T1,sim,PlatOnAir,RedSeep-S007,no_thr,4.0,16,7,71.91961709789909,69.1438283556115,2.775788742287588
PlatOnAir_T1,sim,PlatOnAir,RedSeep-S007,no_thr,4.0,17,8,74.19828169337809,67.68401927670699,6.514262416671102
PlatOnAir_T1,sim,PlatOnAir,RedSeep-S007,no_thr,4.0,18,9,74.48087608343857,81.37176351892921,6.89088743549064
PlatOnAir_T1,sim,PlatOnAir,RedSeep-S007,no_thr,4.0,19,10,66.72729833039723,7.153850139823068,41.78690482245171
PlatOnAir_T1,sim,PlatOnAir,RedSeep-S007,no_thr,4.0,20,11,93.48584217711708,5.097623718245462,12.972134554154252
PlatOnAir_T1,sim,PlatOnAir,RedSeep-S007,no_thr,4.0,21,0,99.48068798255676,99.11287099318565,0.3678169893711072
PlatOnAir_T1,sim,PlatOnAir,RedSeep-S007,no_thr,4.0,24,1,4.575372733677008,3.999532064514769,0.5758406691622389
PlatOnAir_T1,sim,PlatOnAir,RedSeep-S007,no_thr,4.0,25,2,29.734832026026645,29.03875938957099,0.6960726364556535
PlatOnAir_T1,sim,PlatOnAir,RedSeep-S007,no_thr,4.0,26,3,34.77317542910406,37.376192156696966,2.603016727592909
PlatOnAir_T1,sim,PlatOnAir,RedSeep-S007,no_thr,4.0,27,4,46.904711599969836,39.535814354496445,7.368897245473391
PlatOnAir_T1,sim,PlatOnAir,RedSeep-S007,no_thr,4.0,28,5,54.59834436936086,53.57620125505742,1.0221431143034394
PlatOnAir_T1,sim,PlatOnAir,RedSeep-S007,no_thr,4.0,29,6,66.72729833039723,63.282102636299385,3.4451956940978476
PlatOnAir_T1,sim,PlatOnAir,RedSeep-S007,no_thr,4.0,30,7,71.91961709789909,58.15997907072106,13.759638027178035
PlatOnAir_T1,sim,PlatOnAir,RedSeep-S007,no_thr,4.0,31,8,74.19828169337809,52.37440046942297,21.82388122395512
PlatOnAir_T1,sim,PlatOnAir,RedSeep-S007,no_thr,4.0,32,9,74.48087608343857,72.3893529026505,2.091523180788073
PlatOnAir_T1,sim,PlatOnAir,RedSeep-S007,no_thr,4.0,33,10,66.72729833039723,96.56959838612194,29.842300055724706
PlatOnAir_T1,sim,PlatOnAir,RedSeep-S007,no_thr,4.0,34,11,93.48584217711708,96.95632573057365,3.4704835534565746
PlatOnAir_T1,sim,PlatOnAir,RedSeep-S007,no_thr,4.0,35,0,99.48068798255676,97.12444741901284,2.3562405635439205
PlatOnAir_T1,sim,PlatOnAir,RedSeep-S007,no_thr,4.0,38,1,4.575372733677008,1.974446024887145,2.6009267087898627
PlatOnAir_T1,sim,PlatOnAir,RedSeep-S007,no_thr,4.0,39,2,29.734832026026645,24.748290522024526,4.986541504002119
PlatOnAir_T1,sim,PlatOnAir,RedSeep-S007,no_thr,4.0,40,3,34.77317542910406,31.516171493982142,3.257003935121915
PlatOnAir_T1,sim,PlatOnAir,RedSeep-S007,no_thr,4.0,41,4,46.904711599969836,38.54284201366793,8.361869586301907
PlatOnAir_T1,sim,PlatOnAir,RedSeep-S007,no_thr,4.0,42,5,54.59834436936086,51.1371759688555,3.4611684005053576
PlatOnAir_T1,sim,PlatOnAir,RedSeep-S007,angular_scaled,2.0,11,2,29.734832026026645,13.336761790856954,16.39807023516969
PlatOnAir_T1,sim,PlatOnAir,RedSeep-S007,angular_scaled,2.0,12,3,34.77317542910406,14.598564607392918,20.17461082171114
PlatOnAir_T1,sim,PlatOnAir,RedSeep-S007,angular_scaled,2.0,13,4,46.904711599969836,45.76490717958393,1.1398044203859072
PlatOnAir_T1,sim,PlatOnAir,RedSeep-S007,angular_scaled,2.0,14,5,54.59834436936086,57.27637378510149,2.6780294157406317
PlatOnAir_T1,sim,PlatOnAir,RedSeep-S007,angular_scaled,2.0,15,6,66.72729833039723,65.60132444367363,1.1259738867235995
PlatOnAir_T1,sim,PlatOnAir,RedSeep-S007,angular_scaled,2.0,16,7,71.91961709789909,72.05687353495235,0.13725643705325297
PlatOnAir_T1,sim,PlatOnAir,RedSeep-S007,angular_scaled,2.0,17,8,74.19828169337809,72.91134332052135,1.2869383728567385
PlatOnAir_T1,sim,PlatOnAir,RedSeep-S007,angular_scaled,2.0,18,9,74.48087608343857,80.20052408833428,5.719648004895703
PlatOnAir_T1,sim,PlatOnAir,RedSeep-S007,angular_scaled,2.0,19,10,66.72729833039723,3.3303305782628843,37.96338526089152
PlatOnAir_T1,sim,PlatOnAir,RedSeep-S007,angular_scaled,2.0,20,11,93.48584217711708,91.90726793814028,1.578574238976799
PlatOnAir_T1,sim,PlatOnAir,RedSeep-S007,angular_scaled,2.0,21,0,99.48068798255676,90.64322073460386,8.837467247952901
PlatOnAir_T1,sim,PlatOnAir,RedSeep-S007,angular_scaled,2.0,24,1,4.575372733677008,0.6156791286962464,3.959693604980761
PlatOnAir_T1,sim,PlatOnAir,RedSeep-S007,angular_scaled,2.0,25,2,29.734832026026645,38.0660567088855,8.331224682858853
PlatOnAir_T1,sim,PlatOnAir,RedSeep-S007,angular_scaled,2.0,26,3,34.77317542910406,43.12423090846235,8.351055479358294
PlatOnAir_T1,sim,PlatOnAir,RedSeep-S007,angular_scaled,2.0,27,4,46.904711599969836,39.93330698446664,6.971404615503197
PlatOnAir_T1,sim,PlatOnAir,RedSeep-S007,angular_scaled,2.0,28,5,54.59834436936086,58.02879505226483,3.430450682903974
PlatOnAir_T1,sim,PlatOnAir,RedSeep-S007,angular_scaled,2.0,29,6,66.72729833039723,65.84315736848956,0.8841409619076757
PlatOnAir_T1,sim,PlatOnAir,RedSeep-S007,angular_scaled,2.0,30,7,71.91961709789909,67.0630338156323,4.856583282266797
PlatOnAir_T1,sim,PlatOnAir,RedSeep-S007,angular_scaled,2.0,31,8,74.19828169337809,64.55775269593491,9.640528997443184
PlatOnAir_T1,sim,PlatOnAir,RedSeep-S007,angular_scaled,2.0,32,9,74.48087608343857,87.79556156930255,13.314685485863976
PlatOnAir_T1,sim,PlatOnAir,RedSeep-S007,angular_scaled,2.0,33,10,66.72729833039723,88.84815166813003,22.120853337732797
PlatOnAir_T1,sim,PlatOnAir,RedSeep-S007,angular_scaled,2.0,34,11,93.48584217711708,89.60556641048147,3.880275766635606
PlatOnAir_T1,sim,PlatOnAir,RedSeep-S007,angular_scaled,2.0,35,0,99.48068798255676,91.01157632115094,8.469111661405819
PlatOnAir_T1,sim,PlatOnAir,RedSeep-S007,angular_scaled,2.0,38,1,4.575372733677008,99.41837292030704,6.51735282639585
PlatOnAir_T1,sim,PlatOnAir,RedSeep-S007,angular_scaled,2.0,39,2,29.734832026026645,34.299444723453895,4.5646126974272505
PlatOnAir_T1,sim,PlatOnAir,RedSeep-S007,angular_scaled,2.0,40,3,34.77317542910406,34.70274208476837,0.07043334433569015
PlatOnAir_T1,sim,PlatOnAir,RedSeep-S007,angular_scaled,2.0,41,4,46.904711599969836,34.731172053891896,12.17353954607794
PlatOnAir_T1,sim,PlatOnAir,RedSeep-S007,angular_scaled,2.0,42,5,54.59834436936086,58.415023860065084,3.8166794907042245
PlatOnAir_T1,sim,PlatOnAir,RedSeep-S007,angular_scaled,4.0,11,2,29.734832026026645,18.541437564312897,11.193394461713748
PlatOnAir_T1,sim,PlatOnAir,RedSeep-S007,angular_scaled,4.0,12,3,34.77317542910406,21.847020470979874,12.926154958124183
PlatOnAir_T1,sim,PlatOnAir,RedSeep-S007,angular_scaled,4.0,13,4,46.904711599969836,43.16699479468441,3.737716805285423
PlatOnAir_T1,sim,PlatOnAir,RedSeep-S007,angular_scaled,4.0,14,5,54.59834436936086,52.5547260826704,2.04361828669046
PlatOnAir_T1,sim,PlatOnAir,RedSeep-S007,angular_scaled,4.0,15,6,66.72729833039723,64.60531565706536,2.121982673331871
PlatOnAir_T1,sim,PlatOnAir,RedSeep-S007,angular_scaled,4.0,16,7,71.91961709789909,70.73364224165553,1.1859748562435612
PlatOnAir_T1,sim,PlatOnAir,RedSeep-S007,angular_scaled,4.0,17,8,74.19828169337809,70.72756743630687,3.470714257071222
PlatOnAir_T1,sim,PlatOnAir,RedSeep-S007,angular_scaled,4.0,18,9,74.48087608343857,82.10343906578254,7.622562982343965
PlatOnAir_T1,sim,PlatOnAir,RedSeep-S007,angular_scaled,4.0,19,10,66.72729833039723,6.261726907154757,40.8947815897834
PlatOnAir_T1,sim,PlatOnAir,RedSeep-S007,angular_scaled,4.0,20,11,93.48584217711708,6.671969812831914,14.546480648740712
PlatOnAir_T1,sim,PlatOnAir,RedSeep-S007,angular_scaled,4.0,21,0,99.48068798255676,2.9484484573669776,4.828113487836092
PlatOnAir_T1,sim,PlatOnAir,RedSeep-S007,angular_scaled,4.0,24,1,4.575372733677008,6.146723227499792,1.5713504938227842
PlatOnAir_T1,sim,PlatOnAir,RedSeep-S007,angular_scaled,4.0,25,2,29.734832026026645,29.145870194866998,0.5889618311596472
PlatOnAir_T1,sim,PlatOnAir,RedSeep-S007,angular_scaled,4.0,26,3,34.77317542910406,37.434870323061325,2.661694893957268
PlatOnAir_T1,sim,PlatOnAir,RedSeep-S007,angular_scaled,4.0,27,4,46.904711599969836,43.972888174592,2.9318234253778357
PlatOnAir_T1,sim,PlatOnAir,RedSeep-S007,angular_scaled,4.0,28,5,54.59834436936086,54.068877880714965,0.5294664886458946
PlatOnAir_T1,sim,PlatOnAir,RedSeep-S007,angular_scaled,4.0,29,6,66.72729833039723,63.57024109698008,3.157057233417156
PlatOnAir_T1,sim,PlatOnAir,RedSeep-S007,angular_scaled,4.0,30,7,71.91961709789909,61.385660675310966,10.533956422588126
PlatOnAir_T1,sim,PlatOnAir,RedSeep-S007,angular_scaled,4.0,31,8,74.19828169337809,53.46311292431548,20.73516876906261
PlatOnAir_T1,sim,PlatOnAir,RedSeep-S007,angular_scaled,4.0,32,9,74.48087608343857,65.32687323777547,9.1540028456631
PlatOnAir_T1,sim,PlatOnAir,RedSeep-S007,angular_scaled,4.0,33,10,66.72729833039723,94.79780798470149,28.07050965430426
PlatOnAir_T1,sim,PlatOnAir,RedSeep-S007,angular_scaled,4.0,34,11,93.48584217711708,100.79379895008105,7.307956772963976
PlatOnAir_T1,sim,PlatOnAir,RedSeep-S007,angular_scaled,4.0,35,0,99.48068798255676,2.4444830954383217,4.324148125907428
PlatOnAir_T1,sim,PlatOnAir,RedSeep-S007,angular_scaled,4.0,38,1,4.575372733677008,6.770785174845771,2.195412441168763
PlatOnAir_T1,sim,PlatOnAir,RedSeep-S007,angular_scaled,4.0,39,2,29.734832026026645,25.9740143023139,3.7608177237127443
PlatOnAir_T1,sim,PlatOnAir,RedSeep-S007,angular_scaled,4.0,40,3,34.77317542910406,32.39766095415558,2.3755144749484742
PlatOnAir_T1,sim,PlatOnAir,RedSeep-S007,angular_scaled,4.0,41,4,46.904711599969836,41.31832163189245,5.586389968077384
PlatOnAir_T1,sim,PlatOnAir,RedSeep-S007,angular_scaled,4.0,42,5,54.59834436936086,52.14335183295159,2.4549925364092715
PlatOnAir_T1,sim,PlatOnAir,RedSeep-S008,baseline,2.0,15,2,29.734832026026645,33.821465420915125,4.08663339488848
PlatOnAir_T1,sim,PlatOnAir,RedSeep-S008,baseline,2.0,16,3,34.77317542910406,39.5189702918929,4.745794862788841
PlatOnAir_T1,sim,PlatOnAir,RedSeep-S008,baseline,2.0,17,4,46.904711599969836,41.765478745889055,5.139232854080781
PlatOnAir_T1,sim,PlatOnAir,RedSeep-S008,baseline,2.0,18,5,54.59834436936086,56.83116990437155,2.23282553501069
PlatOnAir_T1,sim,PlatOnAir,RedSeep-S008,baseline,2.0,19,6,66.72729833039723,66.63912424425165,0.0881740861455853
PlatOnAir_T1,sim,PlatOnAir,RedSeep-S008,baseline,2.0,20,7,71.91961709789909,7.5531985710742715,36.993934486201056
PlatOnAir_T1,sim,PlatOnAir,RedSeep-S008,baseline,2.0,21,8,74.19828169337809,33.26639235685797,40.93188933652012
PlatOnAir_T1,sim,PlatOnAir,RedSeep-S008,baseline,2.0,22,9,74.48087608343857,7.730189287019108,34.6096662166064
PlatOnAir_T1,sim,PlatOnAir,RedSeep-S008,baseline,2.0,23,10,66.72729833039723,88.58437382415582,21.857075493758586
PlatOnAir_T1,sim,PlatOnAir,RedSeep-S008,baseline,2.0,24,11,93.48584217711708,87.92350444630449,5.562337730812587
PlatOnAir_T1,sim,PlatOnAir,RedSeep-S008,baseline,2.0,25,0,99.48068798255676,89.54108003228299,9.939607950273768
PlatOnAir_T1,sim,PlatOnAir,RedSeep-S008,baseline,2.0,28,1,4.575372733677008,2.7212718759940855,1.8541008576829223
PlatOnAir_T1,sim,PlatOnAir,RedSeep-S008,baseline,2.0,29,2,29.734832026026645,27.47760035613478,2.2572316698918655
PlatOnAir_T1,sim,PlatOnAir,RedSeep-S008,baseline,2.0,30,3,34.77317542910406,32.62808199664723,2.145093432456825
PlatOnAir_T1,sim,PlatOnAir,RedSeep-S008,baseline,2.0,31,4,46.904711599969836,43.6701395837308,3.234572016239035
PlatOnAir_T1,sim,PlatOnAir,RedSeep-S008,baseline,2.0,32,5,54.59834436936086,63.18241657279035,8.584072203429493
PlatOnAir_T1,sim,PlatOnAir,RedSeep-S008,baseline,2.0,33,6,66.72729833039723,64.8915125953711,1.8357857350261355
PlatOnAir_T1,sim,PlatOnAir,RedSeep-S008,baseline,2.0,34,7,71.91961709789909,44.65217091967037,27.267446178228724
PlatOnAir_T1,sim,PlatOnAir,RedSeep-S008,baseline,2.0,35,8,74.19828169337809,55.182269893722506,19.016011799655587
PlatOnAir_T1,sim,PlatOnAir,RedSeep-S008,baseline,2.0,36,9,74.48087608343857,99.25265247908744,24.77177639564887
PlatOnAir_T1,sim,PlatOnAir,RedSeep-S008,baseline,2.0,37,10,66.72729833039723,13.005949410790182,47.63900409341882
PlatOnAir_T1,sim,PlatOnAir,RedSeep-S008,baseline,2.0,38,11,93.48584217711708,3.230844853830378,11.10535568973917
PlatOnAir_T1,sim,PlatOnAir,RedSeep-S008,baseline,2.0,39,0,99.48068798255676,1.7073851663238426,3.5870501967929584
PlatOnAir_T1,sim,PlatOnAir,RedSeep-S008,baseline,2.0,42,1,4.575372733677008,7.515383316010242,2.940010582333234
PlatOnAir_T1,sim,PlatOnAir,RedSeep-S008,baseline,2.0,43,2,29.734832026026645,30.972311557990842,1.2374795319641976
PlatOnAir_T1,sim,PlatOnAir,RedSeep-S008,baseline,2.0,44,3,34.77317542910406,30.670959465571556,4.102215963532501
PlatOnAir_T1,sim,PlatOnAir,RedSeep-S008,baseline,4.0,15,2,29.734832026026645,37.898676930264344,8.163844904237699
PlatOnAir_T1,sim,PlatOnAir,RedSeep-S008,baseline,4.0,16,3,34.77317542910406,41.98520527902082,7.21202984991676
PlatOnAir_T1,sim,PlatOnAir,RedSeep-S008,baseline,4.0,17,4,46.904711599969836,44.80673911014826,2.0979724898215792
PlatOnAir_T1,sim,PlatOnAir,RedSeep-S008,baseline,4.0,18,5,54.59834436936086,52.85828738430052,1.7400569850603418
PlatOnAir_T1,sim,PlatOnAir,RedSeep-S008,baseline,4.0,19,6,66.72729833039723,63.44187157142911,3.2854267589681214
PlatOnAir_T1,sim,PlatOnAir,RedSeep-S008,baseline,4.0,20,7,71.91961709789909,59.45608304029638,12.463534057602715
PlatOnAir_T1,sim,PlatOnAir,RedSeep-S008,baseline,4.0,21,8,74.19828169337809,67.62162737770403,6.5766543156740624
PlatOnAir_T1,sim,PlatOnAir,RedSeep-S008,baseline,4.0,22,9,74.48087608343857,79.49425301110296,5.013376927664382
PlatOnAir_T1,sim,PlatOnAir,RedSeep-S008,baseline,4.0,23,10,66.72729833039723,88.12301369509409,21.395715364696855
PlatOnAir_T1,sim,PlatOnAir,RedSeep-S008,baseline,4.0,24,11,93.48584217711708,89.88502150675828,3.6008206703588
PlatOnAir_T1,sim,PlatOnAir,RedSeep-S008,baseline,4.0,25,0,99.48068798255676,94.14973454271782,5.330953439838936
PlatOnAir_T1,sim,PlatOnAir,RedSeep-S008,baseline,4.0,28,1,4.575372733677008,0.5846402376589945,3.9907324960180133
PlatOnAir_T1,sim,PlatOnAir,RedSeep-S008,baseline,4.0,29,2,29.734832026026645,23.546548337535665,6.18828368849098
PlatOnAir_T1,sim,PlatOnAir,RedSeep-S008,baseline,4.0,30,3,34.77317542910406,30.883709347269036,3.889466081835021
PlatOnAir_T1,sim,PlatOnAir,RedSeep-S008,baseline,4.0,31,4,46.904711599969836,31.846653548397118,15.058058051572718
PlatOnAir_T1,sim,PlatOnAir,RedSeep-S008,baseline,4.0,32,5,54.59834436936086,56.22438473471787,1.6260403653570137
PlatOnAir_T1,sim,PlatOnAir,RedSeep-S008,baseline,4.0,33,6,66.72729833039723,62.66480511512525,4.062493215271985
PlatOnAir_T1,sim,PlatOnAir,RedSeep-S008,baseline,4.0,34,7,71.91961709789909,61.895141315745754,10.024475782153338
PlatOnAir_T1,sim,PlatOnAir,RedSeep-S008,baseline,4.0,35,8,74.19828169337809,51.639021472482696,22.559260220895396
PlatOnAir_T1,sim,PlatOnAir,RedSeep-S008,baseline,4.0,36,9,74.48087608343857,85.00436115474054,10.523485071301963
PlatOnAir_T1,sim,PlatOnAir,RedSeep-S008,baseline,4.0,37,10,66.72729833039723,94.73948423828328,28.01218590788605
PlatOnAir_T1,sim,PlatOnAir,RedSeep-S008,baseline,4.0,38,11,93.48584217711708,94.55568253923859,1.0698403621215107
PlatOnAir_T1,sim,PlatOnAir,RedSeep-S008,baseline,4.0,39,0,99.48068798255676,97.03149428345222,2.4491936991045407
PlatOnAir_T1,sim,PlatOnAir,RedSeep-S008,baseline,4.0,42,1,4.575372733677008,2.612045538937464,1.9633271947395436
PlatOnAir_T1,sim,PlatOnAir,RedSeep-S008,baseline,4.0,43,2,29.734832026026645,35.64785724898294,5.913025222956293
PlatOnAir_T1,sim,PlatOnAir,RedSeep-S008,baseline,4.0,44,3,34.77317542910406,37.63487249936447,2.861697070260412
PlatOnAir_T1,sim,PlatOnAir,RedSeep-S008,no_thr,2.0,15,2,29.734832026026645,15.522390035836583,14.212441990190062
PlatOnAir_T1,sim,PlatOnAir,RedSeep-S008,no_thr,2.0,16,3,34.77317542910406,25.19311721928197,9.580058209822088
PlatOnAir_T1,sim,PlatOnAir,RedSeep-S008,no_thr,2.0,17,4,46.904711599969836,39.27284984886256,7.631861751107273
PlatOnAir_T1,sim,PlatOnAir,RedSeep-S008,no_thr,2.0,18,5,54.59834436936086,58.63482178872897,4.036477419368111
PlatOnAir_T1,sim,PlatOnAir,RedSeep-S008,no_thr,2.0,19,6,66.72729833039723,65.21534592264618,1.5119524077510533
PlatOnAir_T1,sim,PlatOnAir,RedSeep-S008,no_thr,2.0,20,7,71.91961709789909,80.52532409496524,8.60570699706615
PlatOnAir_T1,sim,PlatOnAir,RedSeep-S008,no_thr,2.0,21,8,74.19828169337809,73.32775629564428,0.8705253977338145
PlatOnAir_T1,sim,PlatOnAir,RedSeep-S008,no_thr,2.0,22,9,74.48087608343857,61.88998705875048,12.590889024688096
PlatOnAir_T1,sim,PlatOnAir,RedSeep-S008,no_thr,2.0,23,10,66.72729833039723,42.39872607093609,24.32857225946114
PlatOnAir_T1,sim,PlatOnAir,RedSeep-S008,no_thr,2.0,24,11,93.48584217711708,21.663162020020113,29.537672855928903
PlatOnAir_T1,sim,PlatOnAir,RedSeep-S008,no_thr,2.0,25,0,99.48068798255676,63.2332900446194,36.24739793793736
PlatOnAir_T1,sim,PlatOnAir,RedSeep-S008,no_thr,2.0,28,1,4.575372733677008,2.888382074080913,1.6869906595960948
PlatOnAir_T1,sim,PlatOnAir,RedSeep-S008,no_thr,2.0,29,2,29.734832026026645,30.86288053334001,1.1280485073133661
PlatOnAir_T1,sim,PlatOnAir,RedSeep-S008,no_thr,2.0,30,3,34.77317542910406,33.42576285312606,1.347412575977998
PlatOnAir_T1,sim,PlatOnAir,RedSeep-S008,no_thr,2.0,31,4,46.904711599969836,32.85778434881237,14.046927251157463
PlatOnAir_T1,sim,PlatOnAir,RedSeep-S008,no_thr,2.0,32,5,54.59834436936086,59.2437700870417,4.645425717680844
PlatOnAir_T1,sim,PlatOnAir,RedSeep-S008,no_thr,2.0,33,6,66.72729833039723,63.734236551255314,2.993061779141918
PlatOnAir_T1,sim,PlatOnAir,RedSeep-S008,no_thr,2.0,34,7,71.91961709789909,64.86324587851286,7.056371219386236
PlatOnAir_T1,sim,PlatOnAir,RedSeep-S008,no_thr,2.0,35,8,74.19828169337809,71.43480086977257,2.7634808236055193
PlatOnAir_T1,sim,PlatOnAir,RedSeep-S008,no_thr,2.0,36,9,74.48087608343857,14.582970285116193,41.46244721470349
PlatOnAir_T1,sim,PlatOnAir,RedSeep-S008,no_thr,2.0,37,10,66.72729833039723,12.31057563519471,46.94363031782335
PlatOnAir_T1,sim,PlatOnAir,RedSeep-S008,no_thr,2.0,38,11,93.48584217711708,8.573732538898376,16.448243374807163
PlatOnAir_T1,sim,PlatOnAir,RedSeep-S008,no_thr,2.0,39,0,99.48068798255676,94.14776132058374,5.332926661973019
PlatOnAir_T1,sim,PlatOnAir,RedSeep-S008,no_thr,2.0,42,1,4.575372733677008,94.29163943128917,11.644086315413716
PlatOnAir_T1,sim,PlatOnAir,RedSeep-S008,no_thr,2.0,43,2,29.734832026026645,31.157744928645798,1.422912902619153
PlatOnAir_T1,sim,PlatOnAir,RedSeep-S008,no_thr,2.0,44,3,34.77317542910406,30.72586232400976,4.047313105094297
PlatOnAir_T1,sim,PlatOnAir,RedSeep-S008,no_thr,4.0,15,2,29.734832026026645,15.336024056578886,14.398807969447759
PlatOnAir_T1,sim,PlatOnAir,RedSeep-S008,no_thr,4.0,16,3,34.77317542910406,17.30870564892254,17.464469780181517
PlatOnAir_T1,sim,PlatOnAir,RedSeep-S008,no_thr,4.0,17,4,46.904711599969836,32.56543929250956,14.339272307460277
PlatOnAir_T1,sim,PlatOnAir,RedSeep-S008,no_thr,4.0,18,5,54.59834436936086,52.39212069687306,2.206223672487802
PlatOnAir_T1,sim,PlatOnAir,RedSeep-S008,no_thr,4.0,19,6,66.72729833039723,62.592835863508725,4.1344624668885075
PlatOnAir_T1,sim,PlatOnAir,RedSeep-S008,no_thr,4.0,20,7,71.91961709789909,41.779553142481326,30.140063955417766
PlatOnAir_T1,sim,PlatOnAir,RedSeep-S008,no_thr,4.0,21,8,74.19828169337809,49.435237864327476,24.763043829050616
PlatOnAir_T1,sim,PlatOnAir,RedSeep-S008,no_thr,4.0,22,9,74.48087608343857,72.41262897437143,2.068247109067144
PlatOnAir_T1,sim,PlatOnAir,RedSeep-S008,no_thr,4.0,23,10,66.72729833039723,92.85561279044563,26.1283144600484
PlatOnAir_T1,sim,PlatOnAir,RedSeep-S008,no_thr,4.0,24,11,93.48584217711708,95.45459218768237,1.9687500105652873
PlatOnAir_T1,sim,PlatOnAir,RedSeep-S008,no_thr,4.0,25,0,99.48068798255676,97.52838763218674,1.9523003503700238
PlatOnAir_T1,sim,PlatOnAir,RedSeep-S008,no_thr,4.0,28,1,4.575372733677008,1.2295732406561688,3.345799493020839
PlatOnAir_T1,sim,PlatOnAir,RedSeep-S008,no_thr,4.0,29,2,29.734832026026645,24.03191636620341,5.702915659823233
PlatOnAir_T1,sim,PlatOnAir,RedSeep-S008,no_thr,4.0,30,3,34.77317542910406,30.70750276718676,4.065672661917297
PlatOnAir_T1,sim,PlatOnAir,RedSeep-S008,no_thr,4.0,31,4,46.904711599969836,41.38590528673326,5.518806313236574
PlatOnAir_T1,sim,PlatOnAir,RedSeep-S008,no_thr,4.0,32,5,54.59834436936086,58.77004818727552,4.171703817914661
PlatOnAir_T1,sim,PlatOnAir,RedSeep-S008,no_thr,4.0,33,6,66.72729833039723,62.64689059160021,4.080407738797021
PlatOnAir_T1,sim,PlatOnAir,RedSeep-S008,no_thr,4.0,34,7,71.91961709789909,59.522682894279136,12.396934203619956
PlatOnAir_T1,sim,PlatOnAir,RedSeep-S008,no_thr,4.0,35,8,74.19828169337809,52.90137230837223,21.29690938500586
PlatOnAir_T1,sim,PlatOnAir,RedSeep-S008,no_thr,4.0,36,9,74.48087608343857,74.63551696734922,0.1546408839106448
PlatOnAir_T1,sim,PlatOnAir,RedSeep-S008,no_thr,4.0,37,10,66.72729833039723,98.85610982784188,32.128811497444644
PlatOnAir_T1,sim,PlatOnAir,RedSeep-S008,no_thr,4.0,38,11,93.48584217711708,1.0810441713243186,8.955555007233116
PlatOnAir_T1,sim,PlatOnAir,RedSeep-S008,no_thr,4.0,39,0,99.48068798255676,0.058784883138446264,1.9384499136075561
PlatOnAir_T1,sim,PlatOnAir,RedSeep-S008,no_thr,4.0,42,1,4.575372733677008,1.6786070208326909,2.896765712844317
PlatOnAir_T1,sim,PlatOnAir,RedSeep-S008,no_thr,4.0,43,2,29.734832026026645,31.52686893136417,1.7920369053375254
PlatOnAir_T1,sim,PlatOnAir,RedSeep-S008,no_thr,4.0,44,3,34.77317542910406,33.2025796153108,1.570595813793254
PlatOnAir_T1,sim,PlatOnAir,RedSeep-S008,angular_scaled,2.0,15,2,29.734832026026645,14.087261966817598,15.647570059209047
PlatOnAir_T1,sim,PlatOnAir,RedSeep-S008,angular_scaled,2.0,16,3,34.77317542910406,17.402668973914885,17.370506455189172
PlatOnAir_T1,sim,PlatOnAir,RedSeep-S008,angular_scaled,2.0,17,4,46.904711599969836,45.120924994822694,1.7837866051471423
PlatOnAir_T1,sim,PlatOnAir,RedSeep-S008,angular_scaled,2.0,18,5,54.59834436936086,58.01118842727184,3.4128440579109807
PlatOnAir_T1,sim,PlatOnAir,RedSeep-S008,angular_scaled,2.0,19,6,66.72729833039723,65.13394876435737,1.593349566039862
PlatOnAir_T1,sim,PlatOnAir,RedSeep-S008,angular_scaled,2.0,20,7,71.91961709789909,13.573477393116379,43.01421330824316
PlatOnAir_T1,sim,PlatOnAir,RedSeep-S008,angular_scaled,2.0,21,8,74.19828169337809,71.73548540605384,2.4627962873242524
PlatOnAir_T1,sim,PlatOnAir,RedSeep-S008,angular_scaled,2.0,22,9,74.48087608343857,90.77519088119632,16.29431479775775
PlatOnAir_T1,sim,PlatOnAir,RedSeep-S008,angular_scaled,2.0,23,10,66.72729833039723,88.33781786008237,21.610519529685135
PlatOnAir_T1,sim,PlatOnAir,RedSeep-S008,angular_scaled,2.0,24,11,93.48584217711708,90.01500918397137,3.470832993145706
PlatOnAir_T1,sim,PlatOnAir,RedSeep-S008,angular_scaled,2.0,25,0,99.48068798255676,88.45679281753992,11.023895165016839
PlatOnAir_T1,sim,PlatOnAir,RedSeep-S008,angular_scaled,2.0,28,1,4.575372733677008,94.78640126507874,11.149324481624149
PlatOnAir_T1,sim,PlatOnAir,RedSeep-S008,angular_scaled,2.0,29,2,29.734832026026645,32.64791921516226,2.9130871891356165
PlatOnAir_T1,sim,PlatOnAir,RedSeep-S008,angular_scaled,2.0,30,3,34.77317542910406,36.626429527639104,1.8532540985350465
PlatOnAir_T1,sim,PlatOnAir,RedSeep-S008,angular_scaled,2.0,31,4,46.904711599969836,37.985143822739765,8.919567777230071
PlatOnAir_T1,sim,PlatOnAir,RedSeep-S008,angular_scaled,2.0,32,5,54.59834436936086,58.969483581862406,4.3711392125015465
PlatOnAir_T1,sim,PlatOnAir,RedSeep-S008,angular_scaled,2.0,33,6,66.72729833039723,63.35976751272104,3.3675308176761902
PlatOnAir_T1,sim,PlatOnAir,RedSeep-S008,angular_scaled,2.0,34,7,71.91961709789909,60.85456815190519,11.065048945993901
PlatOnAir_T1,sim,PlatOnAir,RedSeep-S008,angular_scaled,2.0,35,8,74.19828169337809,70.01498473046486,4.183296962913232
PlatOnAir_T1,sim,PlatOnAir,RedSeep-S008,angular_scaled,2.0,36,9,74.48087608343857,72.8833991677103,1.5974769157282793
PlatOnAir_T1,sim,PlatOnAir,RedSeep-S008,angular_scaled,2.0,37,10,66.72729833039723,75.57539153141794,8.848093201020703
PlatOnAir_T1,sim,PlatOnAir,RedSeep-S008,angular_scaled,2.0,38,11,93.48584217711708,86.32895068811531,7.156891489001765
PlatOnAir_T1,sim,PlatOnAir,RedSeep-S008,angular_scaled,2.0,39,0,99.48068798255676,87.98457950190503,11.496108480651728
PlatOnAir_T1,sim,PlatOnAir,RedSeep-S008,angular_scaled,2.0,42,1,4.575372733677008,90.07357573255547,15.862150014147417
PlatOnAir_T1,sim,PlatOnAir,RedSeep-S008,angular_scaled,2.0,43,2,29.734832026026645,33.15906083524104,3.424228809214398
PlatOnAir_T1,sim,PlatOnAir,RedSeep-S008,angular_scaled,2.0,44,3,34.77317542910406,32.63917067373689,2.1340047553671653
PlatOnAir_T1,sim,PlatOnAir,RedSeep-S008,angular_scaled,4.0,15,2,29.734832026026645,24.135801854007244,5.5990301720194005
PlatOnAir_T1,sim,PlatOnAir,RedSeep-S008,angular_scaled,4.0,16,3,34.77317542910406,30.828224580706717,3.9449508483973403
PlatOnAir_T1,sim,PlatOnAir,RedSeep-S008,angular_scaled,4.0,17,4,46.904711599969836,44.69880873192549,2.2059028680443475
PlatOnAir_T1,sim,PlatOnAir,RedSeep-S008,angular_scaled,4.0,18,5,54.59834436936086,55.13196241053742,0.5336180411765596
PlatOnAir_T1,sim,PlatOnAir,RedSeep-S008,angular_scaled,4.0,19,6,66.72729833039723,63.59908881800401,3.1282095123932194
PlatOnAir_T1,sim,PlatOnAir,RedSeep-S008,angular_scaled,4.0,20,7,71.91961709789909,64.19670980386829,7.722907294030804
PlatOnAir_T1,sim,PlatOnAir,RedSeep-S008,angular_scaled,4.0,21,8,74.19828169337809,65.28184976335146,8.916431930026633
PlatOnAir_T1,sim,PlatOnAir,RedSeep-S008,angular_scaled,4.0,22,9,74.48087608343857,79.8975674420776,5.416691358639028
PlatOnAir_T1,sim,PlatOnAir,RedSeep-S008,angular_scaled,4.0,23,10,66.72729833039723,95.0229958004392,28.295697470041972
PlatOnAir_T1,sim,PlatOnAir,RedSeep-S008,angular_scaled,4.0,24,11,93.48584217711708,98.72458699199774,5.238744814880661
PlatOnAir_T1,sim,PlatOnAir,RedSeep-S008,angular_scaled,4.0,25,0,99.48068798255676,100.47178526170724,0.9910972791504804
PlatOnAir_T1,sim,PlatOnAir,RedSeep-S008,angular_scaled,4.0,28,1,4.575372733677008,2.9998921730569066,1.5754805606201012
PlatOnAir_T1,sim,PlatOnAir,RedSeep-S008,angular_scaled,4.0,29,2,29.734832026026645,26.648747937883282,3.0860840881433624
PlatOnAir_T1,sim,PlatOnAir,RedSeep-S008,angular_scaled,4.0,30,3,34.77317542910406,33.53693145379818,1.2362439753058752
PlatOnAir_T1,sim,PlatOnAir,RedSeep-S008,angular_scaled,4.0,31,4,46.904711599969836,42.49262392060925,4.412087679360589
PlatOnAir_T1,sim,PlatOnAir,RedSeep-S008,angular_scaled,4.0,32,5,54.59834436936086,56.72683931806643,2.1284949487055727
PlatOnAir_T1,sim,PlatOnAir,RedSeep-S008,angular_scaled,4.0,33,6,66.72729833039723,62.63748509686356,4.089813233533675
PlatOnAir_T1,sim,PlatOnAir,RedSeep-S008,angular_scaled,4.0,34,7,71.91961709789909,66.23127812462937,5.6883389732697225
PlatOnAir_T1,sim,PlatOnAir,RedSeep-S008,angular_scaled,4.0,35,8,74.19828169337809,64.22293616198428,9.975345531393813
PlatOnAir_T1,sim,PlatOnAir,RedSeep-S008,angular_scaled,4.0,36,9,74.48087608343857,81.26933160774314,6.788455524304567
PlatOnAir_T1,sim,PlatOnAir,RedSeep-S008,angular_scaled,4.0,37,10,66.72729833039723,95.48132295246774,28.754024622070503
PlatOnAir_T1,sim,PlatOnAir,RedSeep-S008,angular_scaled,4.0,38,11,93.48584217711708,99.56449210711781,6.078649930000736
PlatOnAir_T1,sim,PlatOnAir,RedSeep-S008,angular_scaled,4.0,39,0,99.48068798255676,99.96790485233414,0.48721686977738443
PlatOnAir_T1,sim,PlatOnAir,RedSeep-S008,angular_scaled,4.0,42,1,4.575372733677008,2.1314588400582797,2.443913893618728
PlatOnAir_T1,sim,PlatOnAir,RedSeep-S008,angular_scaled,4.0,43,2,29.734832026026645,28.84230162058485,0.8925304054417964
PlatOnAir_T1,sim,PlatOnAir,RedSeep-S008,angular_scaled,4.0,44,3,34.77317542910406,33.92546271685312,0.8477127122509387
