session,ts_wall,frame_idx,event,gate_id,sigma_cam,sigma_eff,innovation_xz,obs_x,obs_y,obs_z,pre_x,pre_z,pre_sigma,post_x,post_z,post_sigma,dx,dz,reason
2026-05-08_pilot-Gromozeka_drone-LiftOff_200_track-track-002_session-001,1778254644.0944512,630,injected,"[21, 9]",2.2747961108243793,4.0,8.062687204865457,22.437875747680664,4.521284103393555,33.79214859008789,23.76437757272927,41.74496682462864,17.234249018799233,25.41728769955467,40.39742266960251,7.935414089602508,1.6529101268254003,-1.347544155026128,
2026-05-08_pilot-Gromozeka_drone-LiftOff_200_track-track-002_session-001,1778254644.3451424,638,skipped_innovation,"[17, 21]",2.370383556603319,,15.971858524326361,6.47703218460083,0.5328967571258545,34.238189697265625,21.607758327674727,39.35301042769174,7.519515418429664,,,,,,innovation_xz_gate
2026-05-08_pilot-Gromozeka_drone-LiftOff_200_track-track-002_session-001,1778254644.3551724,638,skipped_innovation,"[17, 21]",2.370383556603319,,15.829935099225445,6.47703218460083,0.5328967571258545,34.238189697265625,21.46595549063994,39.32926260691515,7.50051106196635,,,,,,innovation_xz_gate
2026-05-08_pilot-Gromozeka_drone-LiftOff_200_track-track-002_session-001,1778254644.3651783,638,skipped_innovation,"[17, 21]",2.370383556603319,,15.688165152667862,6.47703218460083,0.5328967571258545,34.238189697265625,21.324243132902303,39.30562030004837,7.492903870464708,,,,,,innovation_xz_gate
2026-05-08_pilot-Gromozeka_drone-LiftOff_200_track-track-002_session-001,1778254644.3752034,638,skipped_innovation,"[17, 21]",2.370383556603319,,15.554123724889713,6.47703218460083,0.5328967571258545,34.238189697265625,21.19020314601703,39.2833225111087,7.480414245577428,,,,,,innovation_xz_gate
2026-05-08_pilot-Gromozeka_drone-LiftOff_200_track-track-002_session-001,1778254644.3852322,638,skipped_innovation,"[17, 21]",2.370383556603319,,15.41883030500934,6.47703218460083,0.5328967571258545,34.238189697265625,21.054858546724148,39.26086891561681,7.467625486864853,,,,,,innovation_xz_gate
2026-05-08_pilot-Gromozeka_drone-LiftOff_200_track-track-002_session-001,1778254644.3952494,638,skipped_innovation,"[17, 21]",2.370383556603319,,15.28090325040705,6.47703218460083,0.5328967571258545,34.238189697265625,20.916840038007397,39.23798502357637,7.454633492504666,,,,,,innovation_xz_gate
2026-05-08_pilot-Gromozeka_drone-LiftOff_200_track-track-002_session-001,1778254644.4052544,638,skipped_innovation,"[17, 21]",2.370383556603319,,15.134242232669456,6.47703218460083,0.5328967571258545,34.238189697265625,20.770041986390755,39.213645330979276,7.439779919383868,,,,,,innovation_xz_gate
2026-05-08_pilot-Gromozeka_drone-LiftOff_200_track-track-002_session-001,1778254658.0759094,1049,injected,"[0, 10]",2.02362566787137,4.0,9.465081348768019,42.634239196777344,0.8593695759773254,27.983116149902344,51.374607650104764,31.61543279893985,9.5553952630633,51.5357197652638,28.96002933555698,4.555653043204222,0.16111211515903534,-2.6554034633828714,
2026-05-08_pilot-Gromozeka_drone-LiftOff_200_track-track-002_session-001,1778254659.6710503,1097,injected,"[0, 11]",2.330921812800817,4.0,9.223991750690185,43.738582611083984,6.772986888885498,24.323278427124023,38.10638656196715,17.018458683891936,9.334382760202276,37.44584485127225,17.73402920489009,6.177122126273444,-0.6605417106949005,0.7155705209981527,
2026-05-08_pilot-Gromozeka_drone-LiftOff_200_track-track-002_session-001,1778254660.1240463,1111,injected,"[10, 12]",2.829676657107138,4.244514985660707,13.376655020507606,45.71516799926758,2.2520101070404053,33.0042724609375,38.26791299979008,21.892418767226953,7.191363800632952,39.67728309435604,29.13603286767212,4.70281297135489,1.4093700945659648,7.243614100445168,
2026-05-08_pilot-Gromozeka_drone-LiftOff_200_track-track-002_session-001,1778254660.1640553,1113,injected,"[12, 13]",1.8491183576056756,4.0,6.672250148790475,36.768898010253906,0.9553921222686768,35.45510482788086,39.650352321807674,29.43711985793762,4.890627473253133,38.75536995544056,32.712606743067,2.284899786623254,-0.8949823663671168,3.2754868851293786,
2026-05-08_pilot-Gromozeka_drone-LiftOff_200_track-track-002_session-001,1778254669.2714424,1385,injected,"[13, 11]",2.6539446233217756,4.0,5.7300874204230805,25.075159072875977,0.5598711371421814,32.819847106933594,19.76461550498912,34.97206197986482,15.027902677119727,23.444658154596677,41.59844535206752,8.296596139103835,3.6800426496075573,6.626383372202703,
2026-05-08_pilot-Gromozeka_drone-LiftOff_200_track-track-002_session-001,1778254669.4621522,1391,injected,"[19, 21]",1.8427847622853273,4.0,9.528104617653428,17.075532913208008,1.641226887702942,34.5949821472168,24.83458340997259,40.12507373720026,8.165144027577044,23.017530209692037,39.60701820729407,7.418432735499824,-1.8170532002805544,-0.5180555299061922,
2026-05-08_pilot-Gromozeka_drone-LiftOff_200_track-track-002_session-001,1778254669.4921844,1392,injected,"[21, 19]",2.339545309820548,4.0,5.706968581060166,18.153833389282227,3.868056058883667,35.18354797363281,21.98166112209463,39.41642232011655,7.185481873148207,23.391376042204243,39.68770214337657,7.501562870280594,1.4097149201096144,0.27127982326001643,
2026-05-08_pilot-Gromozeka_drone-LiftOff_200_track-track-002_session-001,1778254669.8323164,1402,injected,"[21, 19]",2.408450267431447,4.0,5.5611331374096284,18.075700759887695,2.8444530963897705,37.22721481323242,12.51513463716125,37.30662619014049,7.034696321766474,15.388649507992207,38.19107169391646,3.5909024982568964,2.8735148708309577,0.8844455037759715,
2026-05-08_pilot-Gromozeka_drone-LiftOff_200_track-track-002_session-001,1778254682.0418673,1769,skipped_innovation,"[9, 11]",2.4544896263507696,,17.075243353543158,39.29683303833008,1.2565312385559082,41.70177459716797,56.16469037661901,39.04860208150829,7.406588609833553,,,,,,innovation_xz_gate
2026-05-08_pilot-Gromozeka_drone-LiftOff_200_track-track-002_session-001,1778254682.0518744,1769,skipped_innovation,"[9, 11]",2.4544896263507696,,17.006763528753105,39.29683303833008,1.2565312385559082,41.70177459716797,56.11546861269278,39.17917610757275,7.398212383763151,,,,,,innovation_xz_gate
2026-05-08_pilot-Gromozeka_drone-LiftOff_200_track-track-002_session-001,1778254682.0618794,1769,skipped_innovation,"[9, 11]",2.4544896263507696,,16.934598136234445,39.29683303833008,1.2565312385559082,41.70177459716797,56.061963416512,39.3120010852391,7.395491990047242,,,,,,innovation_xz_gate
2026-05-08_pilot-Gromozeka_drone-LiftOff_200_track-track-002_session-001,1778254682.0718873,1769,skipped_innovation,"[9, 11]",2.4544896263507696,,16.862950912171407,39.29683303833008,1.2565312385559082,41.70177459716797,56.00731733811941,39.43929190490337,7.393285889145503,,,,,,innovation_xz_gate
2026-05-08_pilot-Gromozeka_drone-LiftOff_200_track-track-002_session-001,1778254682.0818923,1769,skipped_innovation,"[9, 11]",2.4544896263507696,,16.793095713649713,39.29683303833008,1.2565312385559082,41.70177459716797,55.95281186940575,39.56017873740371,7.388068158816328,,,,,,innovation_xz_gate
2026-05-08_pilot-Gromozeka_drone-LiftOff_200_track-track-002_session-001,1778254682.0918922,1769,skipped_innovation,"[9, 11]",2.4544896263507696,,16.715144926724452,39.29683303833008,1.2565312385559082,41.70177459716797,55.89061301156386,39.691168688167465,7.3887085466858755,,,,,,innovation_xz_gate
2026-05-08_pilot-Gromozeka_drone-LiftOff_200_track-track-002_session-001,1778254682.1018972,1769,skipped_innovation,"[9, 11]",2.4544896263507696,,16.6415869237272,39.29683303833008,1.2565312385559082,41.70177459716797,55.83061367277155,39.810607425251035,7.389009446256469,,,,,,innovation_xz_gate
2026-05-08_pilot-Gromozeka_drone-LiftOff_200_track-track-002_session-001,1778254682.1119013,1769,skipped_innovation,"[9, 11]",2.4544896263507696,,16.56405378410471,39.29683303833008,1.2565312385559082,41.70177459716797,55.76600822222701,39.93142250652972,7.389327572190005,,,,,,innovation_xz_gate
2026-05-08_pilot-Gromozeka_drone-LiftOff_200_track-track-002_session-001,1778254682.2437832,1775,injected,"[9, 11]",2.154532563090168,4.0,12.811781750861252,47.288414001464844,0.8057047724723816,30.86930274963379,54.683106970752895,41.33162885436133,7.351866501580621,49.35277924240813,39.73722045480541,5.7809267001868285,-5.330327728344763,-1.5944083995559168,
2026-05-08_pilot-Gromozeka_drone-LiftOff_200_track-track-002_session-001,1778254682.4048524,1780,injected,"[11, 9]",1.8942675674739284,4.0,7.35768329553378,45.72957229614258,0.2312626838684082,31.75139617919922,49.4887978535993,38.076246113034884,7.013581931158095,50.84701479022936,33.63592187112273,3.098890817379283,1.3582169366300576,-4.440324241912151,
2026-05-08_pilot-Gromozeka_drone-LiftOff_200_track-track-002_session-001,1778254690.4651482,2021,injected,"[9, 10]",1.526878509448101,4.0,3.8233936761631306,34.175960540771484,2.492788553237915,22.817686080932617,33.79867406818117,19.01295296013103,8.664076619369066,35.26132874154871,22.748180527754464,2.728166192671469,1.4626546733675383,3.7352275676234328,
2026-05-08_pilot-Gromozeka_drone-LiftOff_200_track-track-002_session-001,1778254693.2524533,2105,injected,"[12, 21]",2.0881093799234702,4.0,5.317833002938238,20.794652938842773,0.9989235401153564,32.262596130371094,20.24499928694118,37.55194663020473,15.113063688397787,23.48949963275495,41.620716069473325,8.73750908171925,3.244500345813769,4.068769439268593,
2026-05-08_pilot-Gromozeka_drone-LiftOff_200_track-track-002_session-001,1778254693.2830012,2106,injected,"[13, 11]",1.802964290581778,4.0,9.282874554416791,22.622085571289062,0.974714457988739,32.803836822509766,24.297839168569954,41.934204278107536,8.846600149871318,20.59783649305914,38.48687988734196,7.512322996267309,-3.700002675510813,-3.447324390765573,
2026-05-08_pilot-Gromozeka_drone-LiftOff_200_track-track-002_session-001,1778254696.1932814,2193,injected,"[0, 21]",2.9725676834995145,4.458851525249272,6.286451740731866,15.596429824829102,3.5305325984954834,20.7447509765625,10.628730715969471,24.59721006815399,7.497162442275051,10.92410201560517,24.468221060665712,3.110231116663427,0.29537129963569875,-0.12898900748827913,
2026-05-08_pilot-Gromozeka_drone-LiftOff_200_track-track-002_session-001,1778254696.2333002,2194,injected,"[0, 21]",2.984030129677693,4.47604519451654,6.444566519261262,15.670270919799805,3.4084744453430176,20.743074417114258,10.544744417078638,24.649660611105904,3.1491188058915607,10.875336171266852,24.483730483200077,2.985958997625656,0.3305917541882142,-0.16593012790582762,
2026-05-08_pilot-Gromozeka_drone-LiftOff_200_track-track-002_session-001,1778254707.9479742,2546,injected,"[7, 13]",2.7205357786756035,4.080803668013405,10.74511948043949,45.33051681518555,4.340312480926514,38.94437026977539,56.07001073350413,39.292023872257,9.522012422962739,49.89573526263997,41.38748748051766,3.246767063122883,-6.17427547086416,2.0954636082606655,
2026-05-08_pilot-Gromozeka_drone-LiftOff_200_track-track-002_session-001,1778254717.2302563,2824,injected,"[21, 13]",2.2649324158748145,4.0,13.11489542610564,27.496545791625977,0.6600878834724426,31.83063507080078,24.122103383437913,19.157292162494837,9.676785143755708,20.476662851123233,27.14940064183911,9.194310058030105,-3.64544053231468,7.9921084793442745,
2026-05-08_pilot-Gromozeka_drone-LiftOff_200_track-track-002_session-001,1778254718.7853203,2871,injected,"[12, 17]",2.371058223576883,4.0,12.811483007878145,20.35680389404297,2.6512451171875,29.377544403076172,23.739101763134645,41.734492164796634,14.63550232271262,20.516284894318247,38.297168156940465,8.235807508816482,-3.2228168688163983,-3.4373240078561693,
2026-05-08_pilot-Gromozeka_drone-LiftOff_200_track-track-002_session-001,1778254718.9272842,2875,injected,"[9, 11]",2.8500706598083996,4.2751059897126,10.405075352748852,27.25737953186035,2.4221785068511963,31.958742141723633,24.15525010888485,41.890629481977314,9.59716246100096,19.752190660759446,34.80562258118672,5.853688034053477,-4.403059448125404,-7.085006900790596,
2026-05-08_pilot-Gromozeka_drone-LiftOff_200_track-track-002_session-001,1778254732.8287423,3292,injected,"[4, 12]",2.076631570211397,4.0,5.505171439477363,45.83921432495117,0.3404056429862976,27.422191619873047,51.34321350482279,27.30858877655567,10.841185040829556,51.311506432516495,27.14115490993772,3.558679323722449,-0.03170707230629688,-0.16743386661795157,
2026-05-08_pilot-Gromozeka_drone-LiftOff_200_track-track-002_session-001,1778254732.9187694,3295,injected,"[12, 4]",1.3958992497885019,4.0,6.170772979765444,46.204986572265625,-0.17000722885131836,29.607032775878906,50.92708825833072,25.634603439280898,3.67133211842793,51.396825714052326,27.6256355233375,2.7161683798854246,0.4697374557216065,1.9910320840566023,
2026-05-08_pilot-Gromozeka_drone-LiftOff_200_track-track-002_session-001,1778254734.6838162,3348,injected,"[12, 11]",1.677255609765897,4.0,11.47872228598741,43.88212966918945,2.4367635250091553,29.01907730102539,37.516782989977095,19.466934767946007,7.03592667492787,39.20180677755966,25.090522918953443,5.884751312666609,1.6850237875825655,5.623588151007436,
2026-05-08_pilot-Gromozeka_drone-LiftOff_200_track-track-002_session-001,1778254743.4988933,3612,injected,"[10, 21]",1.514360945456016,4.0,4.8039646230448705,24.256147384643555,3.8913238048553467,35.05450439453125,20.34070367223895,37.837915365706344,14.275621528002274,25.328566689192513,42.083009697631105,7.021388520258342,4.987863016953565,4.245094331924761,
2026-05-08_pilot-Gromozeka_drone-LiftOff_200_track-track-002_session-001,1778254743.8191934,3622,injected,"[21, 19]",2.1062288507748,4.0,4.3508384494371795,18.546297073364258,2.2894413471221924,35.177860260009766,20.339376962666304,39.14203226986018,6.506000015255244,21.184965569389856,39.282453599991754,6.388387256101337,0.8455886067235525,0.14042133013157354,
2026-05-08_pilot-Gromozeka_drone-LiftOff_200_track-track-002_session-001,1778254746.5613494,3704,injected,"[12, 19]",2.0893869434318653,4.0,8.55397427923465,14.944772720336914,1.09861159324646,32.54930114746094,11.941541561531853,24.53986430230195,6.550473868866371,12.885502899553607,25.315867056581894,3.7731255627391596,0.9439613380217544,0.7760027542799435,
2026-05-08_pilot-Gromozeka_drone-LiftOff_200_track-track-002_session-001,1778254754.7166064,3949,injected,"[12, 11]",2.5412951723852495,4.0,14.087282760341727,43.027008056640625,4.544439792633057,26.509305953979492,55.218035492532124,19.450241878114902,9.261132448967913,56.2539269480885,38.79335874319103,20.70012228327736,1.0358914555563743,19.343116865076126,
2026-05-08_pilot-Gromozeka_drone-LiftOff_200_track-track-002_session-001,1778254758.9148004,4075,injected,"[10, 9]",2.484793342424661,4.0,14.131490983581866,44.81315612792969,2.7536447048187256,30.111711502075195,37.324216843305635,18.12777117302356,11.094551700550982,38.63105540694777,23.032864652128858,8.45359741855677,1.3068385636421382,4.905093479105297,
2026-05-08_pilot-Gromozeka_drone-LiftOff_200_track-track-002_session-002,1778255567.1967921,237,injected,"[3, 9]",2.0842662817252258,4.0,5.831343599619894,56.993003845214844,3.3160109519958496,16.74039077758789,55.507587808967486,22.379371835907477,11.296260726380607,54.952375985523354,16.71875832531451,5.031443351728265,-0.5552118234441323,-5.660613510592967,
2026-05-08_pilot-Gromozeka_drone-LiftOff_200_track-track-002_session-002,1778255567.2474492,238,skipped_innovation,"[12, 11]",2.4482958558781482,,18.484991962921242,51.63716506958008,2.61344313621521,35.65651321411133,55.026937474124146,17.484986835882818,4.811437242761915,,,,,,innovation_xz_gate
2026-05-08_pilot-Gromozeka_drone-LiftOff_200_track-track-002_session-002,1778255567.2574542,238,skipped_innovation,"[12, 11]",2.4482958558781482,,18.34530027984183,51.63716506958008,2.61344313621521,35.65651321411133,55.04105619670708,17.629767319407236,4.771783671004852,,,,,,innovation_xz_gate
2026-05-08_pilot-Gromozeka_drone-LiftOff_200_track-track-002_session-002,1778255567.2674563,238,skipped_innovation,"[12, 11]",2.4482958558781482,,18.20290666969458,51.63716506958008,2.61344313621521,35.65651321411133,55.055459897465894,17.777445237976202,4.7382128612138334,,,,,,innovation_xz_gate
2026-05-08_pilot-Gromozeka_drone-LiftOff_200_track-track-002_session-002,1778255567.2774603,238,skipped_innovation,"[12, 11]",2.4482958558781482,,18.068244554495973,51.63716506958008,2.61344313621521,35.65651321411133,55.06909096642973,17.917196825941062,4.7044125480455605,,,,,,innovation_xz_gate
2026-05-08_pilot-Gromozeka_drone-LiftOff_200_track-track-002_session-002,1778255567.2874663,238,skipped_innovation,"[12, 11]",2.4482958558781482,,17.937010419827107,51.63716506958008,2.61344313621521,35.65651321411133,55.082379770746016,18.053478292148117,4.666284889623155,,,,,,innovation_xz_gate
2026-05-08_pilot-Gromozeka_drone-LiftOff_200_track-track-002_session-002,1778255567.2984061,238,skipped_innovation,"[12, 11]",2.4482958558781482,,17.799080241145962,51.63716506958008,2.61344313621521,35.65651321411133,55.096342442169046,18.196806763666032,4.639835673477249,,,,,,innovation_xz_gate
2026-05-08_pilot-Gromozeka_drone-LiftOff_200_track-track-002_session-002,1778255572.0147822,381,injected,"[10, 11]",1.7641155926266068,4.0,13.084252634218606,33.31902313232422,1.7694343328475952,32.71308517456055,37.7937117967983,20.41776784022209,11.804254300340295,39.31252841293526,31.05660773052307,3.6458676927435136,1.5188166161369594,10.638839890300979,
2026-05-08_pilot-Gromozeka_drone-LiftOff_200_track-track-002_session-002,1778255579.4280953,604,injected,"[7, 10]",1.8376730772471168,4.0,12.754910816471504,28.819374084472656,1.1776127815246582,36.17764663696289,20.67597306389276,26.360683269701095,11.617033561131938,24.437432622340477,41.97217488689502,4.774532857522748,3.7614595584477186,15.611491617193924,
2026-05-08_pilot-Gromozeka_drone-LiftOff_200_track-track-002_session-002,1778255580.3901482,633,injected,"[12, 13]",2.028176720105801,4.0,7.857576949188814,21.86361312866211,5.613009929656982,31.494361877441406,21.568366174575736,39.3463899433952,8.859991919560347,25.201469045811724,40.286983655110305,6.951081004316054,3.6331028712359874,0.9405937117151026,
2026-05-08_pilot-Gromozeka_drone-LiftOff_200_track-track-002_session-002,1778255581.2010372,658,injected,"[17, 21]",2.379906584920967,4.0,8.158170625164471,16.64190673828125,6.103463649749756,40.77301788330078,10.19505295182537,35.77363550091034,4.59607529412368,13.109024676100338,37.5416490320547,4.01644770318825,2.913971724274969,1.768013531144362,
2026-05-08_pilot-Gromozeka_drone-LiftOff_200_track-track-002_session-002,1778255593.497383,1026,injected,"[7, 10]",2.431098572831941,4.0,12.151584363544348,44.312564849853516,4.737899303436279,40.45835494995117,56.318876853781575,38.58499577225233,9.8270502594786,49.946055271131364,41.45492324872915,2.7573685358656546,-6.372821582650211,2.869927476476825,
2026-05-08_pilot-Gromozeka_drone-LiftOff_200_track-track-002_session-002,1778255593.5274081,1027,injected,"[7, 13]",2.7449636962579445,4.117445544386917,3.3942610956328365,46.61585235595703,3.311636209487915,39.574913024902344,49.681238204713004,41.03245135495519,2.7830329477411,49.44596293854132,40.382058704470936,1.5630412251547756,-0.23527526617168348,-0.6503926504842568,
2026-05-08_pilot-Gromozeka_drone-LiftOff_200_track-track-002_session-002,1778255596.3196392,1111,injected,"[11, 12]",1.6189841368301656,4.0,10.239365006580309,43.20099639892578,3.3617608547210693,28.362333297729492,37.60601529680012,19.78674106133916,11.163995272330938,39.235075137728984,25.230411258903878,5.299365416285357,1.6290598409288606,5.4436701975647175,
2026-05-08_pilot-Gromozeka_drone-LiftOff_200_track-track-002_session-002,1778255602.8539283,1307,injected,"[13, 12]",1.9085098415500532,4.0,1.46124804893755,26.01949691772461,4.465592384338379,16.6175594329834,27.447695213906602,16.308535991628784,9.102627747497484,26.537417138318116,16.81307714207397,2.7475548490733486,-0.9102780755884865,0.5045411504451849,
2026-05-08_pilot-Gromozeka_drone-LiftOff_200_track-track-002_session-002,1778255604.6480553,1360,injected,"[10, 9]",1.4114247457597995,4.0,6.9083550722882805,24.63079071044922,4.45328950881958,33.92387008666992,25.905093625378772,40.71368023761032,11.536940921506359,25.618524988441603,42.054676951748576,6.860874398563139,-0.2865686369371687,1.3409967141382566,
2026-05-08_pilot-Gromozeka_drone-LiftOff_200_track-track-002_session-002,1778255605.4599283,1384,injected,"[19, 21]",2.9869795793241867,4.48046936898628,9.814523076684123,18.713939666748047,2.835476875305176,36.41551208496094,9.168990856102669,34.131039405123296,5.95539889378984,10.087879400514982,35.65800867386624,5.398905523278996,0.9188885444123134,1.5269692687429455,
2026-05-08_pilot-Gromozeka_drone-LiftOff_200_track-track-002_session-002,1778255618.2764032,1769,injected,"[11, 9]",2.049414193812602,4.0,9.71939157103169,45.02284622192383,0.40388166904449463,31.2872257232666,49.3748621987559,39.9778257858883,10.435984763237407,50.87643461546389,33.543559735985795,3.343004816023883,1.5015724167079938,-6.434266049902504,
2026-05-08_pilot-Gromozeka_drone-LiftOff_200_track-track-002_session-002,1778255620.8186803,1846,injected,"[13, 12]",1.3539289366785967,4.0,5.862220074867195,33.93259811401367,1.4865658283233643,26.06783103942871,38.38530375690746,22.254822166646253,8.901036220869614,39.22141905524225,25.17298953148563,2.8939100594925184,0.8361152983347893,2.918167364839377,
2026-05-08_pilot-Gromozeka_drone-LiftOff_200_track-track-002_session-002,1778255629.3879163,2103,injected,"[13, 11]",1.955511185039017,4.0,4.925145478492609,20.680133819580078,6.6288676261901855,34.65231704711914,19.98130962838603,29.777001392300658,13.186115324679742,21.541397302433975,40.056806550052755,7.006618597283507,1.5600876740479457,10.279805157752097,
2026-05-08_pilot-Gromozeka_drone-LiftOff_200_track-track-002_session-002,1778255629.9090643,2118,injected,"[17, 21]",1.8190528286682075,4.0,12.643455771372794,7.866690635681152,1.0498721599578857,34.027095794677734,19.491678973337972,38.998677031266645,9.62558423000755,9.86882161530953,35.3965433053641,2.9405931801574314,-9.622857358028442,-3.602133725902547,
2026-05-08_pilot-Gromozeka_drone-LiftOff_200_track-track-002_session-002,1778255641.5093613,2467,injected,"[12, 3]",2.6527975952630984,4.0,8.011763114842697,54.958499908447266,3.9841136932373047,14.82370376586914,55.55155434039564,22.813486907425634,8.582646431263411,54.902070596866636,16.197874757901626,4.261459099369368,-0.6494837435290037,-6.615612149524008,
2026-05-08_pilot-Gromozeka_drone-LiftOff_200_track-track-002_session-002,1778255645.7953932,2595,injected,"[10, 12]",1.2707516415076228,4.0,5.9877870962269695,33.25960159301758,-0.40362122654914856,25.167695999145508,38.26368860536468,21.879427840585247,11.33490940884286,39.21943035777955,25.164627364390377,3.1845135684529433,0.9557417524148732,3.2851995238051295,
2026-05-08_pilot-Gromozeka_drone-LiftOff_200_track-track-002_session-002,1778255645.8454113,2596,injected,"[10, 12]",1.2970267279184498,4.0,6.025083682738343,33.311012268066406,-0.3537190556526184,25.165184020996094,39.32003365774131,25.604837660159124,3.136068495708701,39.14270523364871,24.850273608189177,2.8304276275729108,-0.1773284240926003,-0.7545640519699468,
2026-05-08_pilot-Gromozeka_drone-LiftOff_200_track-track-002_session-002,1778255645.8554173,2597,injected,"[13, 12]",1.2425896948990451,4.0,5.02173810015052,34.201473236083984,2.1909573078155518,25.69921875,39.166149899997635,24.944341826724038,2.8067277538695525,39.136325133201375,24.824778437731556,2.869888787701185,-0.029824766796259894,-0.11956338899248209,
2026-05-08_pilot-Gromozeka_drone-LiftOff_200_track-track-002_session-002,1778255645.9054453,2598,injected,"[13, 12]",2.682848473846238,4.024272710769357,4.976600860454715,34.319541931152344,2.0794694423675537,25.964746475219727,39.25195964637308,25.303073136739737,2.7599590708947397,39.22390023353318,25.183422504751277,2.789678130465592,-0.028059412839901654,-0.11965063198845982,
2026-05-08_pilot-Gromozeka_drone-LiftOff_200_track-track-002_session-002,1778255651.27378,2759,injected,"[3, 7]",2.4984279087968013,4.0,3.0099706907936685,35.5260009765625,3.5040717124938965,20.008529663085938,33.18326616356159,18.118683861071787,8.016836365199381,34.559846559882175,20.550606188232475,2.7856306497881205,1.376580396320584,2.431922327160688,
2026-05-08_pilot-Gromozeka_drone-LiftOff_200_track-track-002_session-002,1778255652.2109182,2787,skipped_innovation,"[19, 21]",2.573358284988878,,24.55322686321936,25.298206329345703,-0.14520053565502167,41.57401657104492,26.21946513229838,17.038079017841476,6.20197326352007,,,,,,innovation_xz_gate
2026-05-08_pilot-Gromozeka_drone-LiftOff_200_track-track-002_session-002,1778255652.2209232,2787,skipped_innovation,"[19, 21]",2.573358284988878,,24.467889895609094,25.298206329345703,-0.14520053565502167,41.57401657104492,26.112072073867928,17.119666068658997,6.241616196037077,,,,,,innovation_xz_gate
2026-05-08_pilot-Gromozeka_drone-LiftOff_200_track-track-002_session-002,1778255652.2309282,2787,skipped_innovation,"[19, 21]",2.573358284988878,,24.380645280047236,25.298206329345703,-0.14520053565502167,41.57401657104492,26.005237847541224,17.203625300001125,6.276521516591506,,,,,,innovation_xz_gate
2026-05-08_pilot-Gromozeka_drone-LiftOff_200_track-track-002_session-002,1778255652.2409332,2787,skipped_innovation,"[19, 21]",2.573358284988878,,24.30033843337369,25.298206329345703,-0.14520053565502167,41.57401657104492,25.909270765366273,17.281362367942098,6.313426275457372,,,,,,innovation_xz_gate
2026-05-08_pilot-Gromozeka_drone-LiftOff_200_track-track-002_session-002,1778255652.2509413,2787,skipped_innovation,"[19, 21]",2.573358284988878,,24.21136192185926,25.298206329345703,-0.14520053565502167,41.57401657104492,25.805989354920023,17.367980081974782,6.346324332971272,,,,,,innovation_xz_gate
2026-05-08_pilot-Gromozeka_drone-LiftOff_200_track-track-002_session-002,1778255652.2615511,2787,skipped_innovation,"[19, 21]",2.573358284988878,,24.116434237523904,25.298206329345703,-0.14520053565502167,41.57401657104492,25.698407738728164,17.46090314360168,6.391085551356322,,,,,,innovation_xz_gate
2026-05-08_pilot-Gromozeka_drone-LiftOff_200_track-track-002_session-002,1778255652.2716382,2787,skipped_innovation,"[19, 21]",2.573358284988878,,24.032837354899062,25.298206329345703,-0.14520053565502167,41.57401657104492,25.60586486685656,17.54314855610779,6.4287333595171035,,,,,,innovation_xz_gate
2026-05-08_pilot-Gromozeka_drone-LiftOff_200_track-track-002_session-002,1778255652.2816381,2787,skipped_innovation,"[19, 21]",2.573358284988878,,23.943019109110633,25.298206329345703,-0.14520053565502167,41.57401657104492,25.50839224671153,17.631920047570247,6.4666238337514494,,,,,,innovation_xz_gate
2026-05-08_pilot-Gromozeka_drone-LiftOff_200_track-track-002_session-002,1778255653.8049643,2835,injected,"[13, 11]",2.5618301480602894,4.0,5.847141434616945,25.54439926147461,0.4035646915435791,30.374982833862305,19.79578126271538,31.443839260495807,12.46293662422401,19.808129546266812,31.295263605044095,6.692566294836524,0.01234828355143236,-0.1485756554517117,
2026-05-08_pilot-Gromozeka_drone-LiftOff_200_track-track-002_session-002,1778255665.3613143,3183,injected,"[13, 7]",2.7953305802618553,4.192995870392783,10.424073272796596,45.686161041259766,3.8801043033599854,38.54400634765625,56.086169484663735,39.25191027740838,7.514158785067744,50.6671416548274,42.081908142638014,3.326786382094087,-5.419027829836338,2.829997865229636,
2026-05-08_pilot-Gromozeka_drone-LiftOff_200_track-track-002_session-002,1778255667.3413942,3242,injected,"[10, 9]",2.6479391358658155,4.0,12.711515931313595,47.51921463012695,10.712835311889648,27.821184158325195,41.90694490194197,16.41570013658645,8.45459663029609,48.63430657538301,21.126567479315,6.377677439849559,6.727361673441038,4.710867342728548,
2026-05-08_pilot-Gromozeka_drone-LiftOff_200_track-track-002_session-002,1778255667.40142,3243,injected,"[10, 9]",2.8860344576060464,4.32905168640907,7.48028092341596,47.3607063293457,10.892024993896484,28.235702514648438,48.410807397732405,20.82949630367957,6.340344085159046,49.82684822868079,23.021673929617286,4.939138775404166,1.4160408309483827,2.192177625937717,
2026-05-08_pilot-Gromozeka_drone-LiftOff_200_track-track-002_session-002,1778255676.1287992,3505,injected,"[21, 9]",1.7747708253832366,4.0,5.8377635666258305,24.50616455078125,0.34498366713523865,35.07060623168945,25.928689131025425,40.73239987667733,14.928098052129021,23.05260771470742,39.61432266225721,4.623911227447906,-2.876081416318005,-1.1180772144201185,
2026-05-08_pilot-Gromozeka_drone-LiftOff_200_track-track-002_session-002,1778255676.1897511,3507,injected,"[12, 19]",2.705732362530762,4.058598543796143,9.997483610924158,20.46158790588379,0.860034704208374,29.613435745239258,22.21240072279772,39.45641969477545,4.640356776783147,25.50672351677027,42.070464739870545,8.205141187449682,3.2943227939725475,2.6140450450950965,
2026-05-08_pilot-Gromozeka_drone-MadTrainer_track-track-002_session-001,1778254382.588088,575,injected,"[2, 4]",2.0779655949556965,4.0,7.111315159526895,38.559810638427734,1.0382646322250366,13.459060668945312,33.12176439107758,18.041467930396216,8.054483853667374,33.92385833454292,19.228176680560868,6.659499283556608,0.8020939434653371,1.1867087501646516,
2026-05-08_pilot-Gromozeka_drone-MadTrainer_track-track-002_session-001,1778254385.8620842,673,injected,"[19, 21]",2.457156524197962,4.0,8.761388546079298,19.07768440246582,2.816370964050293,35.207275390625,10.345775926267022,35.925400462361864,10.815539446173023,11.610926928275564,36.85880251714166,5.987467388253988,1.2651510020085421,0.9334020547797977,
2026-05-08_pilot-Gromozeka_drone-MadTrainer_track-track-002_session-001,1778254385.892093,674,injected,"[19, 21]",2.411471026876428,4.0,8.009714259945548,19.164621353149414,2.77664852142334,35.12601852416992,11.306101964954653,36.67495220620479,5.885785715428069,13.536019969072417,37.68762808885791,5.776286077318836,2.2299180041177635,1.0126758826531201,
2026-05-08_pilot-Gromozeka_drone-MadTrainer_track-track-002_session-001,1778254397.40445,1019,injected,"[4, 7]",2.6124062722856847,4.0,7.7470857066527214,62.2979736328125,1.8684784173965454,22.404172897338867,55.202818067734896,19.293529161137116,12.082766374417677,55.49198994799837,22.224679100227256,3.2005474897637503,0.2891718802634742,2.9311499390901403,
2026-05-08_pilot-Gromozeka_drone-MadTrainer_track-track-002_session-001,1778254397.41445,1020,injected,"[4, 10]",2.723475963934932,4.085213945902398,13.755137739632875,52.36714172363281,2.5101640224456787,35.763126373291016,55.50675266915861,22.371089286013845,3.1835627652306906,56.14823202000987,28.394164841154176,1.7093023220182408,0.6414793508512631,6.0230755551403306,
2026-05-08_pilot-Gromozeka_drone-MadTrainer_track-track-002_session-001,1778254401.828605,1153,injected,"[12, 13, 11]",2.7742558613854476,4.161383792078171,4.90492049086316,34.731414794921875,1.2797551155090332,25.588457107543945,38.41623988939444,22.351126564514,11.136736262631052,39.34874249482331,25.737576217591922,3.0981946486421976,0.9325026054288728,3.3864496530779213,
2026-05-08_pilot-Gromozeka_drone-MadTrainer_track-track-002_session-001,1778254409.535908,1383,skipped_innovation,"[10, 13]",1.9154072196673857,,15.447808097620728,31.00330352783203,3.3483283519744873,37.63664245605469,20.753420679684393,26.079191326148692,11.69208327885147,,,,,,innovation_xz_gate
2026-05-08_pilot-Gromozeka_drone-MadTrainer_track-track-002_session-001,1778254409.545913,1383,skipped_innovation,"[10, 13]",1.9154072196673857,,15.401160884361394,31.00330352783203,3.3483283519744873,37.63664245605469,20.73006037658164,26.16248750933768,11.710796636069954,,,,,,innovation_xz_gate
2026-05-08_pilot-Gromozeka_drone-MadTrainer_track-track-002_session-001,1778254409.555914,1383,skipped_innovation,"[10, 13]",1.9154072196673857,,15.352889752943153,31.00330352783203,3.3483283519744873,37.63664245605469,20.706297147823115,26.248803180051425,11.727735522266217,,,,,,innovation_xz_gate
2026-05-08_pilot-Gromozeka_drone-MadTrainer_track-track-002_session-001,1778254409.56592,1383,skipped_innovation,"[10, 13]",1.9154072196673857,,15.301262057930225,31.00330352783203,3.3483283519744873,37.63664245605469,20.681204233543284,26.34138297588785,11.739311208714247,,,,,,innovation_xz_gate
2026-05-08_pilot-Gromozeka_drone-MadTrainer_track-track-002_session-001,1778254409.57592,1383,skipped_innovation,"[10, 13]",1.9154072196673857,,15.256268083323093,31.00330352783203,3.3483283519744873,37.63664245605469,20.65919639044033,26.422670663670647,11.75863720730165,,,,,,innovation_xz_gate
2026-05-08_pilot-Gromozeka_drone-MadTrainer_track-track-002_session-001,1778254409.585926,1383,skipped_innovation,"[10, 13]",1.9154072196673857,,15.217253220619707,31.00330352783203,3.3483283519744873,37.63664245605469,20.64081612112995,26.492870638290217,11.771142634889257,,,,,,innovation_xz_gate
2026-05-08_pilot-Gromozeka_drone-MadTrainer_track-track-002_session-001,1778254409.5959291,1383,skipped_innovation,"[10, 13]",1.9154072196673857,,15.171926469225113,31.00330352783203,3.3483283519744873,37.63664245605469,20.619314726953732,26.5749911611165,11.79125252329884,,,,,,innovation_xz_gate
2026-05-08_pilot-Gromozeka_drone-MadTrainer_track-track-002_session-001,1778254409.6059291,1383,skipped_innovation,"[10, 13]",1.9154072196673857,,15.12797101116204,31.00330352783203,3.3483283519744873,37.63664245605469,20.598496229970404,26.65504457555822,11.81353554548302,,,,,,innovation_xz_gate
2026-05-08_pilot-Gromozeka_drone-MadTrainer_track-track-002_session-001,1778254424.5975862,1835,injected,"[9, 11]",1.9003875182490781,4.0,5.7110907510061395,46.6602668762207,7.770373821258545,20.41827392578125,50.55699569894866,24.593446023832904,10.873327845212703,47.85732283006302,20.152263583938986,2.824121181886752,-2.699672868885642,-4.441182439893918,
2026-05-08_pilot-Gromozeka_drone-MadTrainer_track-track-002_session-001,1778254448.824598,2562,injected,"[7, 13]",2.4779399449775954,4.0,14.336639591023715,40.158748626708984,2.196399688720703,38.823455810546875,54.20059864207552,41.715804840117734,8.309940865598932,49.37140216922297,38.85767877301809,5.174818942265474,-4.829196472852551,-2.858126067099647,
2026-05-08_pilot-Gromozeka_drone-MadTrainer_track-track-002_session-001,1778254448.855617,2563,injected,"[7, 13]",2.2445326910819743,4.0,9.107839469962,40.31608581542969,2.25893497467041,38.565757751464844,49.42314023825526,38.446177024376766,4.967261800631213,50.601850598225546,34.37146452950682,10.676341846737676,1.1787103599702888,-4.074712494869949,
2026-05-08_pilot-Gromozeka_drone-MadTrainer_track-track-002_session-001,1778254460.395006,2909,injected,"[12, 21]",1.3335099263938768,4.0,2.3132038484071016,21.901927947998047,0.5155282020568848,33.6109733581543,19.719127165414186,32.84527577566059,14.481569348203697,23.477811605414434,41.614911159273596,7.579613430292761,3.7586844400002484,8.769635383613007,
2026-05-08_pilot-Gromozeka_drone-MadTrainer_track-track-002_session-001,1778254469.239252,3175,injected,"[9, 3]",2.972091548682849,4.458137323024274,14.923315799446518,52.12067413330078,7.817043304443359,13.477388381958008,38.82888853203962,6.692567825737192,11.21585116427124,52.26807939397894,7.274748158770552,5.3149799570763765,13.439190861939316,0.5821803330333601,
2026-05-08_pilot-Gromozeka_drone-MadTrainer_track-track-002_session-001,1778254469.329293,3178,injected,"[2, 0]",2.4398200491180253,4.0,9.568227503997445,49.46058654785156,12.492507934570312,-0.800294041633606,53.55358228427016,7.848310670683423,4.8109158533530625,49.67650364265916,6.654079899082108,1.926653618008746,-3.877078641611,-1.1942307716013154,
2026-05-08_pilot-Gromozeka_drone-MadTrainer_track-track-002_session-002,1778254916.8109772,252,injected,"[13, 7]",2.692167435539484,4.038251153309226,11.762150017786924,44.973819732666016,3.9337196350097656,38.84547805786133,56.61721619246102,37.17829722754986,15.064273982178948,49.41207341701127,40.22062953403476,2.8606616184329114,-7.205142775449751,3.0423323064848944,
2026-05-08_pilot-Gromozeka_drone-MadTrainer_track-track-002_session-002,1778254917.191842,263,injected,"[10, 9]",2.5200977567946405,4.0,12.765334755413328,40.35163879394531,5.38570499420166,42.04005813598633,50.58771787516818,34.41270889390261,3.815116750802655,49.40610870797343,38.56247368467948,2.053314059801902,-1.1816091671947504,4.149764790776871,
2026-05-08_pilot-Gromozeka_drone-MadTrainer_track-track-002_session-002,1778254927.8823602,584,injected,"[13, 10]",2.107535542217049,4.0,10.467679789113625,22.247894287109375,6.085402488708496,36.544620513916016,20.7227238170192,26.188647589821304,12.536479297200954,20.442192018118135,38.1130749680357,3.6453300695935744,-0.28053179890106605,11.924427378214393,
2026-05-08_pilot-Gromozeka_drone-MadTrainer_track-track-002_session-002,1778254929.0844243,620,skipped_innovation,"[17, 21]",2.7614875842763893,,15.841382765273341,5.251587390899658,2.9960618019104004,34.40850067138672,20.367745849961086,39.146766319959504,4.799830489429868,,,,,,innovation_xz_gate
2026-05-08_pilot-Gromozeka_drone-MadTrainer_track-track-002_session-002,1778254929.094427,620,skipped_innovation,"[17, 21]",2.7614875842763893,,15.657562724005397,5.251587390899658,2.9960618019104004,34.40850067138672,20.184679158670573,39.11615833858129,4.7899119909373225,,,,,,innovation_xz_gate
2026-05-08_pilot-Gromozeka_drone-MadTrainer_track-track-002_session-002,1778254929.1044312,620,skipped_innovation,"[17, 21]",2.7614875842763893,,15.468166178648827,5.251587390899658,2.9960618019104004,34.40850067138672,19.99606297573832,39.084460964031656,4.783326790643081,,,,,,innovation_xz_gate
2026-05-08_pilot-Gromozeka_drone-MadTrainer_track-track-002_session-002,1778254929.114432,620,skipped_innovation,"[17, 21]",2.7614875842763893,,15.274765507198499,5.251587390899658,2.9960618019104004,34.40850067138672,19.80347309924654,39.05189206465854,4.784484107301254,,,,,,innovation_xz_gate
2026-05-08_pilot-Gromozeka_drone-MadTrainer_track-track-002_session-002,1778254929.1244402,620,skipped_innovation,"[17, 21]",2.7614875842763893,,15.083029985259778,5.251587390899658,2.9960618019104004,34.40850067138672,19.612564119544793,39.01937270773282,4.775618757258798,,,,,,innovation_xz_gate
2026-05-08_pilot-Gromozeka_drone-MadTrainer_track-track-002_session-002,1778254929.1344402,620,injected,"[17, 21]",2.7614875842763893,4.142231376414584,14.879967616305736,5.251587390899658,2.9960618019104004,34.40850067138672,19.410411202878954,38.9846502016835,4.764634232107067,10.320965072035943,35.90095844844579,2.3926306645576507,-9.089446130843012,-3.0836917532377086,
2026-05-08_pilot-Gromozeka_drone-MadTrainer_track-track-002_session-002,1778254942.7499223,1030,injected,"[4, 12]",2.868610549704782,4.302915824557173,9.541561134749065,51.73013687133789,2.8785135746002197,30.69145965576172,55.460303893118834,21.909247925350538,7.690306241482462,56.16244596436506,28.5237069460969,5.011984576869355,0.7021420712462287,6.614459020746363,
2026-05-08_pilot-Gromozeka_drone-MadTrainer_track-track-002_session-002,1778254943.7976532,1061,injected,"[7, 13]",2.959074370273215,4.438611555409823,8.491844940244945,46.28956985473633,2.170422315597534,38.51662826538086,54.13829082356997,41.7583885345178,4.245064029188937,50.09470859774957,41.63071176712431,2.9465459472284232,-4.043582225820394,-0.12767676739348843,
2026-05-08_pilot-Gromozeka_drone-MadTrainer_track-track-002_session-002,1778254943.8076732,1062,injected,"[9, 11]",2.812739785859593,4.21910967878939,10.469808175255459,47.77153778076172,1.1642111539840698,31.304792404174805,50.00843083953331,41.532851490348754,2.957972265478363,49.48575129313643,38.09130728476288,2.6013974030364886,-0.5226795463968799,-3.4415442055858776,
2026-05-08_pilot-Gromozeka_drone-MadTrainer_track-track-002_session-002,1778254944.0678082,1070,injected,"[11, 7]",2.980897109036756,4.471345663555134,13.213438792348988,38.87968444824219,0.018573235720396042,39.40146255493164,50.815546849398885,33.73311593005001,3.7916876035745535,49.78666961465176,36.88097693820638,2.0189583225035004,-1.028877234747128,3.1478610081563687,
2026-05-08_pilot-Gromozeka_drone-MadTrainer_track-track-002_session-002,1778254955.2563562,1405,injected,"[9, 11]",2.06646513900551,4.0,4.523575928818473,23.83355712890625,3.102714776992798,34.049739837646484,19.94947748406928,36.368503408248074,13.518785890947084,24.19479768973948,41.90305636999869,6.988373934593899,4.2453202056702,5.534552961750613,
2026-05-08_pilot-Gromozeka_drone-MadTrainer_track-track-002_session-002,1778254955.5483682,1414,injected,"[17, 21]",1.3716718361200306,4.0,9.16028818777616,16.931957244873047,1.2065439224243164,33.716400146484375,23.793144026192337,39.785584246094544,7.100294003738593,23.844532857591776,39.79933513665982,7.76861971453505,0.05138883139943928,0.013750890565276563,
2026-05-08_pilot-Gromozeka_drone-MadTrainer_track-track-002_session-002,1778254968.8548582,1812,injected,"[7, 9]",2.1549703538817204,4.0,10.8885484139501,44.54988479614258,1.4042749404907227,39.98794174194336,55.42736034306009,40.47887176663819,11.853545477014414,49.39562586737854,40.125787868354394,2.819723601833374,-6.031734475681546,-0.35308389828379916,
2026-05-08_pilot-Gromozeka_drone-MadTrainer_track-track-002_session-002,1778254969.1849842,1823,injected,"[7, 11]",2.242489729129402,4.0,8.38396605937115,42.0551643371582,2.8867456912994385,36.47979736328125,50.33358488893292,35.153660095634564,2.9772029422250013,49.931605731314754,36.3916053686951,2.7515185009589813,-0.4019791576181646,1.2379452730605394,
2026-05-08_pilot-Gromozeka_drone-MadTrainer_track-track-002_session-002,1778254996.777883,2651,injected,"[10, 0]",2.5178749070112234,4.0,10.27544280946497,43.573543548583984,3.879309892654419,25.7739315032959,38.86310022081402,16.641765901071377,9.898515186372867,37.43880772813442,19.16782396104325,6.904364662905086,-1.424292492679598,2.5260580599718736,
2026-05-08_pilot-Gromozeka_drone-MadTrainer_track-track-002_session-002,1778254996.999921,2658,skipped_innovation,"[4, 7]",2.790196458218642,,15.927136376036927,45.523582458496094,3.443591833114624,36.524871826171875,38.3941913915443,22.2824894357378,7.1481562702787755,,,,,,innovation_xz_gate
2026-05-08_pilot-Gromozeka_drone-MadTrainer_track-track-002_session-002,1778254997.0099242,2658,skipped_innovation,"[4, 7]",2.790196458218642,,15.841281304051023,45.523582458496094,3.443591833114624,36.524871826171875,38.42076258748581,22.365205755460394,7.161275117231994,,,,,,innovation_xz_gate
2026-05-08_pilot-Gromozeka_drone-MadTrainer_track-track-002_session-002,1778254997.019926,2658,skipped_innovation,"[4, 7]",2.790196458218642,,15.756877648178351,45.523582458496094,3.443591833114624,36.524871826171875,38.44679943466135,22.44657877434109,7.171583083791516,,,,,,innovation_xz_gate
2026-05-08_pilot-Gromozeka_drone-MadTrainer_track-track-002_session-002,1778254997.0299273,2658,skipped_innovation,"[4, 7]",2.790196458218642,,15.673984538004916,45.523582458496094,3.443591833114624,36.524871826171875,38.4723242030514,22.52653091331223,7.180463251444159,,,,,,innovation_xz_gate
2026-05-08_pilot-Gromozeka_drone-MadTrainer_track-track-002_session-002,1778254997.0399332,2658,skipped_innovation,"[4, 7]",2.790196458218642,,15.588319894375298,45.523582458496094,3.443591833114624,36.524871826171875,38.498560794935855,22.609240767686384,7.187380362249682,,,,,,innovation_xz_gate
2026-05-08_pilot-Gromozeka_drone-MadTrainer_track-track-002_session-002,1778254997.0499332,2658,skipped_innovation,"[4, 7]",2.790196458218642,,15.510032131872801,45.523582458496094,3.443591833114624,36.524871826171875,38.522509333500146,22.684854780294142,7.200828043063681,,,,,,innovation_xz_gate
2026-05-08_pilot-Gromozeka_drone-MadTrainer_track-track-002_session-002,1778254997.05994,2658,skipped_innovation,"[4, 7]",2.790196458218642,,15.431795332505008,45.523582458496094,3.443591833114624,36.524871826171875,38.54628701585887,22.760510036009673,7.213690020334938,,,,,,innovation_xz_gate
2026-05-08_pilot-Gromozeka_drone-MadTrainer_track-track-002_session-002,1778254997.0699413,2658,skipped_innovation,"[4, 7]",2.790196458218642,,15.355126379847094,45.523582458496094,3.443591833114624,36.524871826171875,38.56955923182066,22.834675804787274,7.221488142877226,,,,,,innovation_xz_gate
2026-05-08_pilot-Gromozeka_drone-MadTrainer_track-track-002_session-002,1778255006.1871662,2933,injected,"[13, 12]",1.8277295596142544,4.0,3.909206300136763,22.665340423583984,3.7610151767730713,32.262474060058594,19.75676273376601,34.87438326968325,12.719742963340263,20.438191627049004,38.10251529527418,7.056514357461478,0.6814288932829946,3.2281320255909307,
2026-05-08_pilot-Gromozeka_drone-MadTrainer_track-track-002_session-002,1778255006.3372111,2938,injected,"[21, 12]",1.8073003604036009,4.0,7.4710105614982725,23.0745906829834,3.475027322769165,33.112735748291016,21.92992060347364,40.49553529989025,7.81526271739056,19.96067022354453,36.4246558612308,5.817695261935519,-1.969250379929111,-4.070879438659453,
2026-05-08_pilot-Gromozeka_drone-MadTrainer_track-track-002_session-002,1778255021.7378461,3400,injected,"[11, 12]",1.8110643238758182,4.0,5.860229221635949,42.75310516357422,7.800251007080078,23.165477752685547,45.65799300499198,18.075889050354174,8.841591673227637,42.30688887547815,16.490697727537277,5.531836622497666,-3.3511041295138284,-1.5851913228168968,
2026-05-08_pilot-Gromozeka_drone-MadTrainer_track-track-002_session-002,1778255021.857896,3403,injected,"[9, 11]",2.040191523881171,4.0,11.95473518878155,47.11747360229492,10.280471801757812,27.224580764770508,41.9840668058173,16.428107817748913,5.32651524980665,46.13199915339503,18.451475948471874,5.957417765913104,4.147932347577729,2.023368130722961,
2026-05-08_pilot-Gromozeka_drone-MadTrainer_track-track-002_session-002,1778255031.97529,3707,injected,"[21, 19]",1.7447306539542957,4.0,2.493642764284373,18.744518280029297,1.711698055267334,34.31452560424805,19.972651790772694,36.48476575585729,15.236097945152903,24.140225330080874,39.88291425945001,8.579136158306218,4.167573539308179,3.398148503592722,
2026-05-08_pilot-Gromozeka_drone-MadTrainer_track-track-002_session-002,1778255032.3763962,3719,injected,"[17, 21]",2.149447629990543,4.0,6.580972327787077,17.766834259033203,3.4981584548950195,34.60670471191406,11.575985992875994,36.838877313779236,3.63805403081159,13.245386644322023,37.58988048282691,3.836920981547478,1.6694006514460291,0.7510031690476779,
2026-05-09_pilot-Gromozeka_drone-MadTrainer_track-track-002_session-003,1778309675.3166506,222,injected,"[12, 9]",2.8182730672506917,4.227409600876038,13.951103715861539,42.77104949951172,0.08244554698467255,27.268089294433594,55.40440793397698,21.349343687714956,11.939642530009152,52.265007920153465,42.41847409064075,13.018329916536647,-3.1394000138235114,21.069130402925794,
2026-05-09_pilot-Gromozeka_drone-MadTrainer_track-track-002_session-003,1778309676.8808436,269,injected,"[7, 13]",2.6937036809659536,4.040555521448931,14.550479062845675,38.961883544921875,1.5826647281646729,39.761070251464844,53.30826005049345,42.18963404899914,12.193602126735854,39.22442097897634,25.185612159282194,15.55571223107757,-14.083839071517112,-17.004021889716945,
2026-05-09_pilot-Gromozeka_drone-MadTrainer_track-track-002_session-003,1778309688.0712285,605,injected,"[3, 10]",1.8988530760911033,4.0,3.7962397229745934,36.59257507324219,2.1069605350494385,19.76238250732422,33.17539623588908,18.108803108614772,8.127636832869849,34.77308710697708,21.10578720293094,2.77674784759613,1.5976908710879982,2.9969840943161685,
2026-05-09_pilot-Gromozeka_drone-MadTrainer_track-track-002_session-003,1778309689.0922496,636,injected,"[21, 11]",1.6200632242463984,4.0,11.839254245969492,25.94283676147461,1.2967474460601807,29.29236602783203,25.704615829617357,17.45550867934921,5.655298881421954,21.33523960918127,24.283113080121066,3.9421237063178713,-4.369376220436088,6.827604400771854,
2026-05-09_pilot-Gromozeka_drone-MadTrainer_track-track-002_session-003,1778309690.1533165,667,injected,"[21, 11]",2.491397973210944,4.0,8.457009821330331,19.700571060180664,7.769089698791504,32.00460433959961,21.682521712091223,40.226093665230884,6.561094203441828,19.74911794509156,34.759411148303926,3.7092686688697087,-1.933403766999664,-5.466682516926959,
2026-05-09_pilot-Gromozeka_drone-MadTrainer_track-track-002_session-003,1778309706.8137596,1167,injected,"[11, 7]",2.4490099996606722,4.0,13.527691903073203,42.38235855102539,5.2553606033325195,37.015357971191406,55.47844012900411,40.405209815652846,13.730633940457434,50.33496332122879,35.14961438768107,9.824263072797896,-5.143476807775322,-5.255595427971777,
2026-05-09_pilot-Gromozeka_drone-MadTrainer_track-track-002_session-003,1778309709.3439105,1243,injected,"[21, 0]",2.6427794886317835,4.0,8.293108489405233,33.7740592956543,4.400357723236084,11.633637428283691,40.61027497389905,16.328507353805136,8.87549430507846,37.4495345812779,17.72700744509217,8.958040780643513,-3.1607403926211504,1.3985000912870333,
2026-05-09_pilot-Gromozeka_drone-MadTrainer_track-track-002_session-003,1778309709.3839235,1244,injected,"[21, 0]",2.5880524377238516,4.0,7.521186751279106,33.80366897583008,4.361660003662109,11.704118728637695,37.30859896861409,18.35871983563873,9.081998797913077,37.544294270751685,19.56756181931136,13.662278213729765,0.23569530213759293,1.208841983672631,
2026-05-09_pilot-Gromozeka_drone-MadTrainer_track-track-002_session-003,1778309719.8873496,1560,injected,"[19, 21]",2.1743123413089562,4.0,13.580284351287496,7.884998798370361,2.208009719848633,34.04627227783203,20.666240470512367,38.63582393132986,15.40524175675803,9.835036925987156,35.35276210847936,5.216567378241041,-10.831203544525211,-3.283061822850499,
2026-05-09_pilot-Gromozeka_drone-MadTrainer_track-track-002_session-003,1778309721.5863616,1610,skipped_innovation,"[12, 13]",2.841158583265135,,15.647761718681208,28.21604347229004,3.3132736682891846,34.38268280029297,12.578850579188776,33.807665210502506,9.673113870222167,,,,,,innovation_xz_gate
2026-05-09_pilot-Gromozeka_drone-MadTrainer_track-track-002_session-003,1778309721.5963666,1610,skipped_innovation,"[12, 13]",2.841158583265135,,15.64131109321695,28.21604347229004,3.3132736682891846,34.38268280029297,12.585003597409388,33.815933168901196,9.699543468409443,,,,,,innovation_xz_gate
2026-05-09_pilot-Gromozeka_drone-MadTrainer_track-track-002_session-003,1778309721.6063716,1610,skipped_innovation,"[12, 13]",2.841158583265135,,15.634271837549493,28.21604347229004,3.3132736682891846,34.38268280029297,12.591722591046695,33.824961642063876,9.729356237143088,,,,,,innovation_xz_gate
2026-05-09_pilot-Gromozeka_drone-MadTrainer_track-track-002_session-003,1778309721.6163745,1610,skipped_innovation,"[12, 13]",2.841158583265135,,15.620124684792374,28.21604347229004,3.3132736682891846,34.38268280029297,12.605235332043987,33.84327166128331,9.758599262829419,,,,,,innovation_xz_gate
2026-05-09_pilot-Gromozeka_drone-MadTrainer_track-track-002_session-003,1778309721.6263816,1610,skipped_innovation,"[12, 13]",2.841158583265135,,15.60619912355471,28.21604347229004,3.3132736682891846,34.38268280029297,12.61853313436308,33.86198870362829,9.799162760163123,,,,,,innovation_xz_gate
2026-05-09_pilot-Gromozeka_drone-MadTrainer_track-track-002_session-003,1778309721.6363845,1610,skipped_innovation,"[12, 13]",2.841158583265135,,15.584375379631119,28.21604347229004,3.3132736682891846,34.38268280029297,12.639414277926171,33.8913795186595,9.844919171222545,,,,,,innovation_xz_gate
2026-05-09_pilot-Gromozeka_drone-MadTrainer_track-track-002_session-003,1778309721.6463885,1610,skipped_innovation,"[12, 13]",2.841158583265135,,15.562893419892609,28.21604347229004,3.3132736682891846,34.38268280029297,12.66000929883331,33.92067371685079,9.893964186080758,,,,,,innovation_xz_gate
2026-05-09_pilot-Gromozeka_drone-MadTrainer_track-track-002_session-003,1778309734.0578635,1984,injected,"[4, 7]",2.694551054448,4.041826581672,3.7167179449221206,53.56482696533203,3.662271738052368,37.25517272949219,55.43604597296523,40.466485811017925,8.789639814152105,54.79540226530069,41.225927193519816,4.008031161894257,-0.6406437076645446,0.7594413825018904,
2026-05-09_pilot-Gromozeka_drone-MadTrainer_track-track-002_session-003,1778309734.0878806,1985,injected,"[9, 10]",2.37965255830301,4.0,13.400577289458882,41.1921272277832,0.7331485748291016,40.8935661315918,54.58232576009791,41.42087529703295,4.030687046427711,49.43191478467303,40.31884700780339,1.8374415625110028,-5.150410975424876,-1.1020282892295583,
2026-05-09_pilot-Gromozeka_drone-MadTrainer_track-track-002_session-003,1778309735.9947326,2042,injected,"[9, 7]",2.1496867040228436,4.0,6.472295257412753,49.81964111328125,7.089178085327148,22.604265213012695,45.39253630547462,17.882893704666518,11.02360841489133,49.19218836316801,21.93968433255071,3.165547866078117,3.799652057693386,4.05679062788419,
2026-05-09_pilot-Gromozeka_drone-MadTrainer_track-track-002_session-003,1778309737.1468225,2077,injected,"[0, 13]",1.4616664824225518,4.0,8.743742174180676,42.3878288269043,6.670161247253418,24.683008193969727,39.25666430416364,16.519134362259923,6.062915099656201,37.425125912887516,19.112402642407996,5.803759288120397,-1.8315383912761263,2.5932682801480738,
2026-05-09_pilot-Gromozeka_drone-MadTrainer_track-track-002_session-003,1778309737.7370446,2095,injected,"[12, 13]",1.9414215683386213,4.0,9.438842331611657,36.291194915771484,1.6327357292175293,35.41373825073242,39.503140347054014,26.538201584846384,5.863031643460619,38.46112373695895,33.43952809139104,2.840627975686334,-1.042016610095061,6.901326506544656,
2026-05-09_pilot-Gromozeka_drone-MadTrainer_track-track-002_session-003,1778309749.1683927,2438,injected,"[0, 17]",2.7859669349255434,4.178950402388315,7.6878067471980405,3.7045786380767822,9.119272232055664,28.190937042236328,9.048526557190973,33.71765335665476,10.703337692376959,9.49458462521138,31.998646041894713,2.2706815954233384,0.44605806802040604,-1.719007314760045,
2026-05-09_pilot-Gromozeka_drone-MadTrainer_track-track-002_session-003,1778309762.7438667,2845,injected,"[10, 9]",2.66930890431426,4.00396335647139,11.70773025869735,47.94536209106445,3.210580348968506,29.26180648803711,56.62545959680423,37.11845049812613,10.605252423125501,53.87291635328858,41.92195667970402,9.178638272015936,-2.752543243515646,4.8035061815778874,
2026-05-09_pilot-Gromozeka_drone-MadTrainer_track-track-002_session-003,1778309763.2886527,2862,skipped_innovation,"[13, 12]",2.875202326672622,,16.746436803772166,36.4122428894043,5.149704456329346,37.297035217285156,52.35866282752929,42.41121518866911,10.201777727941431,,,,,,innovation_xz_gate
2026-05-09_pilot-Gromozeka_drone-MadTrainer_track-track-002_session-003,1778309763.2986677,2862,skipped_innovation,"[13, 12]",2.875202326672622,,16.514578393849245,36.4122428894043,5.149704456329346,37.297035217285156,52.11047665114588,42.42507151671879,10.274982399946472,,,,,,innovation_xz_gate
2026-05-09_pilot-Gromozeka_drone-MadTrainer_track-track-002_session-003,1778309763.3086975,2862,skipped_innovation,"[13, 12]",2.875202326672622,,16.264682654917042,36.4122428894043,5.149704456329346,37.297035217285156,51.849154276934215,42.419697482036604,10.347553768084742,,,,,,innovation_xz_gate
2026-05-09_pilot-Gromozeka_drone-MadTrainer_track-track-002_session-003,1778309763.3186996,2862,skipped_innovation,"[13, 12]",2.875202326672622,,15.997348791007317,36.4122428894043,5.149704456329346,37.297035217285156,51.57721385959201,42.39005237948943,10.418102643251562,,,,,,innovation_xz_gate
2026-05-09_pilot-Gromozeka_drone-MadTrainer_track-track-002_session-003,1778309763.3296456,2862,skipped_innovation,"[13, 12]",2.875202326672622,,15.708956624560336,36.4122428894043,5.149704456329346,37.297035217285156,51.292412227696005,42.33210013206842,10.494827032841703,,,,,,innovation_xz_gate
2026-05-09_pilot-Gromozeka_drone-MadTrainer_track-track-002_session-003,1778309763.3396456,2862,skipped_innovation,"[13, 12]",2.875202326672622,,15.419949110157543,36.4122428894043,5.149704456329346,37.297035217285156,51.01682078715915,42.244876664649745,10.570481112623236,,,,,,innovation_xz_gate
2026-05-09_pilot-Gromozeka_drone-MadTrainer_track-track-002_session-003,1778309763.3496597,2862,skipped_innovation,"[13, 12]",2.875202326672622,,15.130879687615622,36.4122428894043,5.149704456329346,37.297035217285156,50.751427998979636,42.12728267620813,10.644940784591077,,,,,,innovation_xz_gate
2026-05-09_pilot-Gromozeka_drone-MadTrainer_track-track-002_session-003,1778309763.3596675,2862,injected,"[13, 12]",2.875202326672622,4.312803490008934,14.820719992832984,36.4122428894043,5.149704456329346,37.297035217285156,50.47894510776522,41.96411458300406,10.721665126512258,39.41396369507653,30.688809460183464,12.325839231318318,-11.064981412688688,-11.275305122820598,
2026-05-09_pilot-Gromozeka_drone-MadTrainer_track-track-002_session-003,1778309766.0568895,2945,injected,"[11, 9]",2.423974258839507,4.0,9.174563754860424,46.95567321777344,5.086369514465332,31.498703002929688,38.156991761681,34.09789994164242,26.51203916337122,40.82435685633554,16.32613957695498,11.1933293396571,2.667365094654542,-17.771760364687438,
2026-05-09_pilot-Gromozeka_drone-MadTrainer_track-track-002_session-003,1778309766.4078226,2955,skipped_innovation,"[10, 9]",1.995185145053425,,17.94228365956519,34.075782775878906,1.2588152885437012,33.97764587402344,38.79556212263194,16.66726673784437,12.187385314695401,,,,,,innovation_xz_gate
2026-05-09_pilot-Gromozeka_drone-MadTrainer_track-track-002_session-003,1778309766.4178286,2955,skipped_innovation,"[10, 9]",1.995185145053425,,17.86285781252447,34.075782775878906,1.2588152885437012,33.97764587402344,38.67260702558924,16.71639168877544,12.203514070832943,,,,,,innovation_xz_gate
2026-05-09_pilot-Gromozeka_drone-MadTrainer_track-track-002_session-003,1778309766.4278295,2955,skipped_innovation,"[10, 9]",1.995185145053425,,17.777566308677073,34.075782775878906,1.2588152885437012,33.97764587402344,38.5470465117965,16.771552056329707,12.213647869162207,,,,,,innovation_xz_gate
2026-05-09_pilot-Gromozeka_drone-MadTrainer_track-track-002_session-003,1778309774.5200167,3198,injected,"[13, 10]",2.0446229463086194,4.0,4.445577177342202,23.525529861450195,3.531679153442383,31.08758544921875,20.278562644794906,28.05108082487324,10.610652120000136,19.790148530734687,31.513474709374496,3.4729813037907524,-0.4884141140602196,3.4623938845012567,
2026-05-09_pilot-Gromozeka_drone-MadTrainer_track-track-002_session-003,1778309775.6522455,3232,injected,"[21, 11]",1.74062047934206,4.0,8.69197008084615,24.172035217285156,2.868169069290161,33.34498596191406,24.663369844757078,42.02305799262294,6.774043562421573,21.490658755606333,39.991854593306606,6.082313928301166,-3.172711089150745,-2.0312033993163325,
2026-05-09_pilot-Gromozeka_drone-MadTrainer_track-track-002_session-003,1778309779.4103336,3345,injected,"[17, 10]",2.436341267280681,4.0,7.90307568719024,10.53426742553711,6.945262908935547,32.349525451660156,10.958245009231053,24.457830556013054,5.9261925780514435,9.820441035722462,25.784169930765128,3.1751941362481397,-1.137803973508591,1.3263393747520738,
2026-05-09_pilot-Gromozeka_drone-MadTrainer_track-track-002_session-003,1778309786.1254826,3546,skipped_innovation,"[12, 3]",2.5272252943090665,,16.996873265052564,53.373233795166016,6.008845329284668,6.89326810836792,36.3765028970974,6.823701112613529,9.22712041269119,,,,,,innovation_xz_gate
2026-05-09_pilot-Gromozeka_drone-MadTrainer_track-track-002_session-003,1778309786.1354876,3546,skipped_innovation,"[12, 3]",2.5272252943090665,,16.679517273675195,53.373233795166016,6.008845329284668,6.89326810836792,36.69394571959472,6.805827986373025,9.233419637896757,,,,,,innovation_xz_gate
2026-05-09_pilot-Gromozeka_drone-MadTrainer_track-track-002_session-003,1778309786.1454966,3546,skipped_innovation,"[12, 3]",2.5272252943090665,,16.368109580622747,53.373233795166016,6.008845329284668,6.89326810836792,37.00545950386764,6.788501737875391,9.23262184580609,,,,,,innovation_xz_gate
2026-05-09_pilot-Gromozeka_drone-MadTrainer_track-track-002_session-003,1778309786.1563566,3547,skipped_innovation,"[12, 3]",2.9498749443950674,,16.536042737276,53.822994232177734,5.349759101867676,7.764847755432129,37.316820042657945,6.771407755105458,9.226429848197839,,,,,,innovation_xz_gate
2026-05-09_pilot-Gromozeka_drone-MadTrainer_track-track-002_session-003,1778309786.1664286,3547,skipped_innovation,"[12, 3]",2.9498749443950674,,16.240611780766503,53.822994232177734,5.349759101867676,7.764847755432129,37.61378805184193,6.75533994618283,9.223032094674288,,,,,,innovation_xz_gate
2026-05-09_pilot-Gromozeka_drone-MadTrainer_track-track-002_session-003,1778309786.1764295,3547,skipped_innovation,"[12, 3]",2.9498749443950674,,15.94177752171245,53.822994232177734,5.349759101867676,7.764847755432129,37.9142346988083,6.7393524306239145,9.216240630803462,,,,,,innovation_xz_gate
2026-05-09_pilot-Gromozeka_drone-MadTrainer_track-track-002_session-003,1778309786.1864316,3547,skipped_innovation,"[12, 3]",2.9498749443950674,,15.660392978868574,53.822994232177734,5.349759101867676,7.764847755432129,38.19719060350895,6.724574132351365,9.211306276576119,,,,,,innovation_xz_gate
2026-05-09_pilot-Gromozeka_drone-MadTrainer_track-track-002_session-003,1778309786.1964376,3547,skipped_innovation,"[12, 3]",2.9498749443950674,,15.394082077834307,53.822994232177734,5.349759101867676,7.764847755432129,38.465038347755126,6.710829695231839,9.203141988330207,,,,,,innovation_xz_gate
2026-05-09_pilot-Gromozeka_drone-MadTrainer_track-track-002_session-003,1778309786.2064376,3547,skipped_innovation,"[12, 3]",2.9498749443950674,,15.141296564837376,53.822994232177734,5.349759101867676,7.764847755432129,38.71932810201451,6.698015485149547,9.196265169575927,,,,,,innovation_xz_gate
2026-05-09_pilot-Gromozeka_drone-MadTrainer_track-track-002_session-003,1778309804.2282386,4089,skipped_innovation,"[7, 11]",2.6275767223479267,,23.000120128621294,37.15423583984375,1.2860743999481201,44.43505859375,20.10213003314489,29.00031812012501,11.002063800820814,,,,,,innovation_xz_gate
2026-05-09_pilot-Gromozeka_drone-MadTrainer_track-track-002_session-003,1778309804.2382455,4089,skipped_innovation,"[7, 11]",2.6275767223479267,,22.957986767246947,37.15423583984375,1.2860743999481201,44.43505859375,20.088967038452626,29.077788095990556,11.014315611961953,,,,,,innovation_xz_gate
2026-05-09_pilot-Gromozeka_drone-MadTrainer_track-track-002_session-003,1778309804.2482495,4089,skipped_innovation,"[7, 11]",2.6275767223479267,,22.91647701438009,37.15423583984375,1.2860743999481201,44.43505859375,20.076579181338126,29.15374445507693,11.033817577986543,,,,,,innovation_xz_gate
2026-05-09_pilot-Gromozeka_drone-MadTrainer_track-track-002_session-003,1778309804.2582526,4089,skipped_innovation,"[7, 11]",2.6275767223479267,,22.878451838052953,37.15423583984375,1.2860743999481201,44.43505859375,20.065275600631608,29.223517039760967,11.048030568207253,,,,,,innovation_xz_gate
2026-05-09_pilot-Gromozeka_drone-MadTrainer_track-track-002_session-003,1778309804.2682576,4090,skipped_innovation,"[7, 11]",2.609873398853969,,22.98418279568309,37.39999008178711,1.06427001953125,44.37037658691406,20.05443264845189,29.290446344627004,11.06375482934837,,,,,,innovation_xz_gate
2026-05-09_pilot-Gromozeka_drone-MadTrainer_track-track-002_session-003,1778309804.2782605,4090,skipped_innovation,"[7, 11]",2.609873398853969,,22.951821718738447,37.39999008178711,1.06427001953125,44.37037658691406,20.044963494636814,29.350750347621013,11.07444709387722,,,,,,innovation_xz_gate
2026-05-09_pilot-Gromozeka_drone-MadTrainer_track-track-002_session-003,1778309804.2882605,4090,skipped_innovation,"[7, 11]",2.609873398853969,,22.916487192839693,37.39999008178711,1.06427001953125,44.37037658691406,20.03482059057356,29.416571927195797,11.088615732053832,,,,,,innovation_xz_gate
2026-05-09_pilot-Gromozeka_drone-MadTrainer_track-track-002_session-003,1778309804.2982626,4090,skipped_innovation,"[7, 11]",2.609873398853969,,22.88441207088485,37.39999008178711,1.06427001953125,44.37037658691406,20.025578503433525,29.47654772607263,11.101058185680387,,,,,,innovation_xz_gate
2026-05-09_pilot-Gromozeka_drone-MadTrainer_track-track-002_session-003,1778309804.3082645,4090,skipped_innovation,"[7, 11]",2.609873398853969,,22.853669665345382,37.39999008178711,1.06427001953125,44.37037658691406,20.016688855216994,29.53423640022623,11.116267723346567,,,,,,innovation_xz_gate
2026-05-09_pilot-Gromozeka_drone-MadTrainer_track-track-002_session-003,1778309818.2637897,4510,injected,"[7, 2]",2.3300324353874484,4.0,8.913241580007785,63.24045944213867,0.8196303844451904,17.528074264526367,55.45638789869263,21.870205730764265,11.36391067544908,55.037495034330014,17.59325216104999,4.6192179009921075,-0.4188928643626184,-4.276953569714276,
2026-05-09_pilot-Gromozeka_drone-MadTrainer_track-track-002_session-003,1778309829.8340466,4858,injected,"[0, 7]",1.6743613127980312,4.0,3.963272053693632,34.19675827026367,1.535636305809021,19.53354263305664,31.51807032454954,16.612557138215088,10.347728838995732,34.40456921637122,20.186630010709276,2.7175757306839583,2.886498891821681,3.574072872494188,
2026-05-09_pilot-Gromozeka_drone-MadTrainer_track-track-002_session-003,1778309833.5163245,4968,injected,"[21, 19]",2.7853592652144377,4.178038897821656,7.226540635668693,18.8258113861084,5.834532737731934,39.47941970825195,12.011718894149656,37.072963170102476,15.287707718960148,13.304272382220136,37.61047966012435,5.498658365340025,1.2925534880704799,0.5375164900218721,
2026-05-09_pilot-Gromozeka_drone-MadTrainer_track-track-002_session-003,1778309845.7444506,5335,injected,"[11, 12]",2.5197940420858846,4.0,14.544230774412345,42.779090881347656,2.5429115295410156,29.077199935913086,55.465928215886784,21.96532203578662,8.34995129199182,56.23227305501038,38.857457132976855,16.27508875300206,0.7663448391235974,16.892135097190234,
2026-05-09_pilot-Gromozeka_drone-MadTrainer_track-track-002_session-003,1778309846.3346746,5353,injected,"[9, 10]",1.8886540869351314,4.0,4.330796618699687,52.4000358581543,3.7336723804473877,36.56064224243164,56.44705517859961,38.102535225904546,11.592119627016586,56.70377356769845,36.305481730727664,4.71851393094142,0.25671838909883604,-1.7970534951768826,
2026-05-09_pilot-Gromozeka_drone-MadTrainer_track-track-002_session-003,1778309847.1507335,5378,injected,"[7, 13]",1.551976811296032,4.0,8.920605164302536,45.29786682128906,2.939398765563965,38.92878723144531,53.659949139970486,42.03567889241075,5.290420430734441,49.5342093673943,40.68492983986236,2.4501016055036287,-4.125739772576189,-1.3507490525483874,
2026-05-09_pilot-Gromozeka_drone-MadTrainer_track-track-002_session-003,1778309850.0737355,5465,injected,"[13, 0]",2.974236224091023,4.461354336136535,11.009968656216934,42.548118591308594,6.9262189865112305,27.084035873413086,39.978526572067366,16.378121308765603,8.814776862460505,37.86957974830856,20.660834665453432,6.71865144158264,-2.1089468237588065,4.282713356687829,
2026-05-09_pilot-Gromozeka_drone-MadTrainer_track-track-002_session-003,1778309858.3320806,5713,injected,"[13, 12]",1.9647815281443033,4.0,1.4859298560649592,26.881864547729492,4.213367462158203,18.26340103149414,25.560314883625498,17.58406751807687,9.861655406923905,26.665525496409295,16.7295863155516,3.229971514652038,1.1052106127837966,-0.854481202525271,
2026-05-09_pilot-Gromozeka_drone-MadTrainer_track-track-002_session-003,1778309858.4741786,5717,skipped_innovation,"[13, 17]",2.21443811310089,,16.08235530314922,22.679828643798828,0.9059202075004578,33.64924240112305,25.342116464662745,17.78877659284328,3.459434812017781,,,,,,innovation_xz_gate
2026-05-09_pilot-Gromozeka_drone-MadTrainer_track-track-002_session-003,1778309858.4841866,5717,skipped_innovation,"[13, 17]",2.21443811310089,,15.981455537263395,22.679828643798828,0.9059202075004578,33.64924240112305,25.252582259043287,17.87623191089724,3.4755621184393783,,,,,,innovation_xz_gate
2026-05-09_pilot-Gromozeka_drone-MadTrainer_track-track-002_session-003,1778309858.4941905,5717,skipped_innovation,"[13, 17]",2.21443811310089,,15.886942690454838,22.679828643798828,0.9059202075004578,33.64924240112305,25.169791765421046,17.958639107981075,3.487439492063035,,,,,,innovation_xz_gate
2026-05-09_pilot-Gromozeka_drone-MadTrainer_track-track-002_session-003,1778309858.5041907,5717,skipped_innovation,"[13, 17]",2.21443811310089,,15.79072638021243,22.679828643798828,0.9059202075004578,33.64924240112305,25.08669721146429,18.043024944201566,3.5057554137314786,,,,,,innovation_xz_gate
2026-05-09_pilot-Gromozeka_drone-MadTrainer_track-track-002_session-003,1778309858.5141985,5717,skipped_innovation,"[13, 17]",2.21443811310089,,15.696918392188094,22.679828643798828,0.9059202075004578,33.64924240112305,25.00722720637757,18.12582580096961,3.5260848958206474,,,,,,innovation_xz_gate
2026-05-09_pilot-Gromozeka_drone-MadTrainer_track-track-002_session-003,1778309858.5242026,5717,skipped_innovation,"[13, 17]",2.21443811310089,,15.597974259920253,22.679828643798828,0.9059202075004578,33.64924240112305,24.924293058896666,18.213595977908557,3.5473518259486454,,,,,,innovation_xz_gate
2026-05-09_pilot-Gromozeka_drone-MadTrainer_track-track-002_session-003,1778309858.5342107,5717,skipped_innovation,"[13, 17]",2.21443811310089,,15.50444338632932,22.679828643798828,0.9059202075004578,33.64924240112305,24.84671932325808,18.296967341602922,3.5686267271793763,,,,,,innovation_xz_gate
2026-05-09_pilot-Gromozeka_drone-MadTrainer_track-track-002_session-003,1778309860.3689985,5774,injected,"[10, 11]",2.338224203923272,4.0,10.269955358077958,28.357379913330078,0.8941781520843506,32.525733947753906,22.14003901555166,40.69987948216458,11.625589961973994,20.803366567377264,38.91324229233305,7.792325656791478,-1.3366724481743972,-1.7866371898315307,
2026-05-09_pilot-Gromozeka_drone-MadTrainer_track-track-002_session-003,1778309860.5490716,5779,skipped_innovation,"[17, 19]",2.4515251716363706,,17.978448358743147,5.170462608337402,1.7304497957229614,37.536415100097656,22.771106416336824,41.20274063555216,8.404819020562991,,,,,,innovation_xz_gate
2026-05-09_pilot-Gromozeka_drone-MadTrainer_track-track-002_session-003,1778309860.5590715,5779,skipped_innovation,"[17, 19]",2.4515251716363706,,18.135489855822428,5.170462608337402,1.7304497957229614,37.536415100097656,22.91190566551283,41.29636065284706,8.433975730466768,,,,,,innovation_xz_gate
2026-05-09_pilot-Gromozeka_drone-MadTrainer_track-track-002_session-003,1778309860.5690725,5779,skipped_innovation,"[17, 19]",2.4515251716363706,,18.300953425004796,5.170462608337402,1.7304497957229614,37.536415100097656,23.061321273260273,41.388956144129374,8.467326807311231,,,,,,innovation_xz_gate
2026-05-09_pilot-Gromozeka_drone-MadTrainer_track-track-002_session-003,1778309860.5790787,5779,skipped_innovation,"[17, 19]",2.4515251716363706,,18.46838601435596,5.170462608337402,1.7304497957229614,37.536415100097656,23.213617127682227,41.476701506731736,8.501762267491214,,,,,,innovation_xz_gate
2026-05-09_pilot-Gromozeka_drone-MadTrainer_track-track-002_session-003,1778309860.5890815,5779,skipped_innovation,"[17, 19]",2.4515251716363706,,18.63853694965066,5.170462608337402,1.7304497957229614,37.536415100097656,23.369421199567494,41.560463536459395,8.531633269908278,,,,,,innovation_xz_gate
2026-05-09_pilot-Gromozeka_drone-MadTrainer_track-track-002_session-003,1778309860.5990875,5779,skipped_innovation,"[17, 19]",2.4515251716363706,,18.827276667303067,5.170462608337402,1.7304497957229614,37.536415100097656,23.54363585750758,41.64650651795587,8.557657443557888,,,,,,innovation_xz_gate
2026-05-09_pilot-Gromozeka_drone-MadTrainer_track-track-002_session-003,1778309860.6090946,5779,skipped_innovation,"[17, 19]",2.4515251716363706,,19.02624166381782,5.170462608337402,1.7304497957229614,37.536415100097656,23.728752432868387,41.73019032520293,8.590851579364886,,,,,,innovation_xz_gate
2026-05-09_pilot-Gromozeka_drone-MadTrainer_track-track-002_session-003,1778309860.6190996,5779,skipped_innovation,"[17, 19]",2.4515251716363706,,19.233725705168382,5.170462608337402,1.7304497957229614,37.536415100097656,23.92368320513876,41.808758923967666,8.619352075120927,,,,,,innovation_xz_gate
2026-05-09_pilot-Gromozeka_drone-MadTrainer_track-track-002_session-003,1778309860.6291075,5782,skipped_innovation,"[19, 21]",1.8985771001039589,,17.41460329187262,8.393311500549316,2.171381950378418,34.446815490722656,24.13934553381623,41.885284421658696,8.646540409958451,,,,,,innovation_xz_gate
2026-05-09_pilot-Gromozeka_drone-MadTrainer_track-track-002_session-003,1778309860.6391096,5782,skipped_innovation,"[19, 21]",1.8985771001039589,,17.647604840137053,8.393311500549316,2.171381950378418,34.446815490722656,24.36486553624238,41.9533072331124,8.670855248844186,,,,,,innovation_xz_gate
2026-05-09_pilot-Gromozeka_drone-MadTrainer_track-track-002_session-003,1778309860.6491096,5782,skipped_innovation,"[19, 21]",1.8985771001039589,,17.91018173932055,8.393311500549316,2.171381950378418,34.446815490722656,24.62574516621801,42.01534951159862,8.696021103473624,,,,,,innovation_xz_gate
2026-05-09_pilot-Gromozeka_drone-MadTrainer_track-track-002_session-003,1778309860.6591156,5782,skipped_innovation,"[19, 21]",1.8985771001039589,,18.194836174389607,8.393311500549316,2.171381950378418,34.446815490722656,24.91745754347702,42.062894597774616,8.723555176613253,,,,,,innovation_xz_gate
2026-05-09_pilot-Gromozeka_drone-MadTrainer_track-track-002_session-003,1778309860.6691165,5782,skipped_innovation,"[19, 21]",1.8985771001039589,,18.503047855737186,8.393311500549316,2.171381950378418,34.446815490722656,25.246718209897857,42.08392634764925,8.74738265446818,,,,,,innovation_xz_gate
2026-05-09_pilot-Gromozeka_drone-MadTrainer_track-track-002_session-003,1778309860.6791186,5782,skipped_innovation,"[19, 21]",1.8985771001039589,,18.819303758078387,8.393311500549316,2.171381950378418,34.446815490722656,25.60523535854203,42.05706325577503,8.764191605657945,,,,,,innovation_xz_gate
2026-05-09_pilot-Gromozeka_drone-MadTrainer_track-track-002_session-003,1778309860.6891186,5782,skipped_innovation,"[19, 21]",1.8985771001039589,,19.10821424315122,8.393311500549316,2.171381950378418,34.446815490722656,25.967854508829063,41.94743477264149,8.774875616469187,,,,,,innovation_xz_gate
2026-05-09_pilot-Gromozeka_drone-MadTrainer_track-track-002_session-003,1778309862.8892565,5850,injected,"[0, 12]",2.1328322094533,4.0,14.333624858759713,18.344158172607422,5.43797492980957,22.631614685058594,13.140489204283003,35.98731125467831,11.918949367388292,13.385852428914198,30.076766954013532,5.506546789842478,0.24536322463119475,-5.910544300664778,
2026-05-09_pilot-Gromozeka_drone-MadTrainer_track-track-002_session-003,1778309874.0686467,6184,injected,"[4, 12]",2.736568926555301,4.104853389832952,9.360346333213869,60.1413688659668,1.59434175491333,25.398616790771484,56.693381231555904,34.10076967098796,9.217489017943366,56.00213016426504,27.06533983502179,2.871449252629439,-0.6912510672908638,-7.03542983596617,
2026-05-09_pilot-Gromozeka_drone-MadTrainer_track-track-002_session-003,1778309877.1998065,6279,injected,"[17, 0]",2.886523555457277,4.3297853331859155,13.674259530518185,31.6816349029541,-0.2371099889278412,26.59024429321289,40.7170754604055,16.326415200679747,9.542371448278498,38.643726564121465,23.073990072665424,5.013422663031869,-2.0733488962840383,6.747574871985677,
2026-05-09_pilot-Gromozeka_drone-MadTrainer_track-track-002_session-003,1778309884.0070765,6483,injected,"[21, 0]",2.0187986117543466,4.0,5.2045342783821,32.97115707397461,2.3513245582580566,20.07732391357422,29.782195323320156,15.964210736464066,7.911316215372435,33.7951860386677,19.007242785689066,3.154353610856503,4.012990715347545,3.0430320492249994,
2026-05-09_pilot-Gromozeka_drone-MadTrainer_track-track-002_session-003,1778309886.5299435,6559,injected,"[17, 21]",2.679969607764862,4.0199544116472925,14.2179442848452,5.6460466384887695,3.1992125511169434,34.46791076660156,19.730134031486024,32.52152385918102,14.767385064878171,10.114666534089956,35.687800431835115,3.0573167730963675,-9.615467497396068,3.166276572654091,
2026-05-09_pilot-Gromozeka_drone-MadTrainer_track-track-002_session-003,1778309900.4706705,6977,skipped_innovation,"[10, 9]",2.735526829826244,,17.443823004852533,39.458553314208984,1.9352092742919922,41.8699836730957,56.46905607694408,38.00607932857522,8.65972277502333,,,,,,innovation_xz_gate
2026-05-09_pilot-Gromozeka_drone-MadTrainer_track-track-002_session-003,1778309900.4806786,6977,skipped_innovation,"[10, 9]",2.735526829826244,,17.39509088710401,39.458553314208984,1.9352092742919922,41.8699836730957,56.443770132845636,38.11610613187094,8.644558539540869,,,,,,innovation_xz_gate
2026-05-09_pilot-Gromozeka_drone-MadTrainer_track-track-002_session-003,1778309900.4916136,6977,skipped_innovation,"[10, 9]",2.735526829826244,,17.3412996458315,39.458553314208984,1.9352092742919922,41.8699836730957,56.41478393161673,38.23585149941243,8.627214476957656,,,,,,innovation_xz_gate
2026-05-09_pilot-Gromozeka_drone-MadTrainer_track-track-002_session-003,1778309900.5016155,6977,skipped_innovation,"[10, 9]",2.735526829826244,,17.295749891863434,39.458553314208984,1.9352092742919922,41.8699836730957,56.38906561965331,38.33434831334884,8.608244236472467,,,,,,innovation_xz_gate
2026-05-09_pilot-Gromozeka_drone-MadTrainer_track-track-002_session-003,1778309900.5116205,6977,skipped_innovation,"[10, 9]",2.735526829826244,,17.243569100780185,39.458553314208984,1.9352092742919922,41.8699836730957,56.35898395799202,38.44710193571992,8.587753903942856,,,,,,innovation_xz_gate
2026-05-09_pilot-Gromozeka_drone-MadTrainer_track-track-002_session-003,1778309900.5216277,6977,skipped_innovation,"[10, 9]",2.735526829826244,,17.196873856040156,39.458553314208984,1.9352092742919922,41.8699836730957,56.33075778949729,38.54414745274169,8.568164806726644,,,,,,innovation_xz_gate
2026-05-09_pilot-Gromozeka_drone-MadTrainer_track-track-002_session-003,1778309900.5316296,6977,skipped_innovation,"[10, 9]",2.735526829826244,,17.14494547732621,39.458553314208984,1.9352092742919922,41.8699836730957,56.29877385490396,38.651889895524356,8.548061629189846,,,,,,innovation_xz_gate
2026-05-09_pilot-Gromozeka_drone-MadTrainer_track-track-002_session-003,1778309900.5416305,6977,skipped_innovation,"[10, 9]",2.735526829826244,,17.09320213032523,39.458553314208984,1.9352092742919922,41.8699836730957,56.265734930406126,38.75611065251186,8.527938901271206,,,,,,innovation_xz_gate
2026-05-09_pilot-Gromozeka_drone-MadTrainer_track-track-002_session-003,1778309901.0667055,6995,injected,"[11, 9]",2.300781229428173,4.0,12.48868169442029,44.821136474609375,1.155327558517456,31.725299835205078,51.38003364193034,42.35300129944736,8.44486245745103,50.28060632168528,35.3099218063931,3.491680922612063,-1.0994273202450557,-7.0430794930542575,
2026-05-09_pilot-Gromozeka_drone-MadTrainer_track-track-002_session-003,1778309903.7917936,7076,injected,"[13, 12, 10]",2.981935001134449,4.4729025017016735,8.045678991379832,41.393585205078125,2.63305401802063,29.881549835205078,38.43215728464449,22.400714647580177,9.133040103464714,39.650934000659916,27.628010166254818,3.516377110964317,1.2187767160154266,5.227295518674641,
2026-05-09_pilot-Gromozeka_drone-MadTrainer_track-track-002_session-003,1778309911.3410275,7303,injected,"[10, 13]",2.1854483071248425,4.0,4.989643029476037,22.763214111328125,3.6410930156707764,31.1824893951416,20.5893282789904,26.69130269789107,11.657208191966491,19.733636615161586,32.43507635269902,4.027896192705504,-0.8556916638288143,5.743773654807949,
2026-05-09_pilot-Gromozeka_drone-MadTrainer_track-track-002_session-003,1778309911.4110496,7305,injected,"[13, 21]",2.7485750102397155,4.122862515359573,3.8335809349713217,18.466327667236328,6.3684163093566895,29.663066864013672,19.71098335478612,33.28897020034595,4.006130946005524,19.814837507020776,31.220009469816006,2.1247258063080783,0.103854152234657,-2.0689607305299447,
2026-05-09_pilot-Gromozeka_drone-MadTrainer_track-track-002_session-003,1778309912.4449015,7336,injected,"[9, 21]",1.8922128501350695,4.0,6.992500264142227,24.67097282409668,1.0717488527297974,35.09535598754883,25.891956780327018,41.98043101420302,6.754254154751614,25.262369715964677,42.08403496836086,5.952248803313232,-0.6295870643623402,0.1036039541578404,
2026-05-09_pilot-Gromozeka_drone-MadTrainer_track-track-002_session-003,1778309924.3985736,7695,injected,"[13, 2]",2.5240994882423564,4.0,11.666300408385707,51.47272491455078,1.3942815065383911,27.66956901550293,54.93395092081033,16.528542143966668,10.353707302328992,56.370532631506805,30.43856962456757,9.340428534480068,1.4365817106964727,13.910027480600903,
2026-05-09_pilot-Gromozeka_drone-MadTrainer_track-track-002_session-003,1778309924.6305616,7701,injected,"[12, 4]",2.119681366345926,4.0,12.679873473339626,63.6258430480957,2.0881078243255615,23.8824405670166,56.713050446214744,34.51223312112046,9.822770724212218,55.99721933458382,27.020611019277393,2.888563489104248,-0.7158311116309264,-7.491622101843067,
2026-05-09_pilot-Gromozeka_drone-MadTrainer_track-track-002_session-003,1778309926.3175976,7752,injected,"[13, 7]",2.890575332313645,4.335862998470468,7.122787532112745,45.17318344116211,3.2517290115356445,38.18687057495117,51.02491719357377,42.24782050304766,6.140314958552338,49.35059271105148,39.69463445482556,2.4365594350944098,-1.6743244825222874,-2.553186048222102,
2026-05-09_pilot-Gromozeka_drone-MadTrainer_track-track-002_session-003,1778309926.4495876,7756,injected,"[10, 9]",2.2750208308059823,4.0,9.621455499871297,40.09101104736328,3.722508192062378,40.05189895629883,49.49789527024517,38.03127154054417,2.6376840564407673,49.380007791851924,38.77396323634205,1.347128040950665,-0.11788747839324998,0.7426916957978804,
2026-05-09_pilot-Gromozeka_drone-MadTrainer_track-track-002_session-003,1778309927.6716616,7793,injected,"[9, 7]",2.190126433625221,4.0,0.7681034920942719,49.43943405151367,9.276516914367676,23.724279403686523,49.857700424182795,23.08004635884822,5.409257522707561,49.773952103285524,22.923966968755362,2.6671080037271007,-0.08374832089727136,-0.15607939009285943,
2026-05-09_pilot-Gromozeka_drone-MadTrainer_track-track-002_session-003,1778309936.1517797,8047,injected,"[21, 11]",1.7085031774869672,4.0,11.895417181785193,25.51609992980957,1.6919407844543457,29.468887329101562,25.571965585056873,17.573601331813638,9.936374069832949,20.869928982878022,25.677549983345017,5.605527695801714,-4.70203660217885,8.103948651531379,
2026-05-09_pilot-Gromozeka_drone-MadTrainer_track-track-002_session-003,1778309938.0459146,8104,injected,"[9, 10]",2.006824074511007,4.0,8.10047020434996,25.974882125854492,4.221205234527588,33.16261672973633,26.326589972446428,41.25544807125131,11.458862209309753,25.83630256996731,42.000604420662235,5.794460963170306,-0.49028740247911884,0.7451563494109266,
2026-05-09_pilot-Gromozeka_drone-MadTrainer_track-track-002_session-003,1778309938.1959765,8109,injected,"[10, 11]",2.1573598889945442,4.0,8.017596624696203,27.262948989868164,1.5397343635559082,32.52175521850586,25.115366041601707,40.24637450470082,5.759220321308934,26.32596195440764,41.58662233459752,5.690909463183755,1.2105959128059318,1.340247829896704,
2026-05-09_pilot-Gromozeka_drone-MadTrainer_track-track-002_session-003,1778309952.0235705,8523,injected,"[7, 13]",2.123140981465665,4.0,8.294076330033425,45.499393463134766,3.756915807723999,38.23688888549805,52.693593020922776,42.364260311859326,8.873678740079445,49.343930267568894,39.350576832906455,2.386136050250101,-3.3496627533538827,-3.0136834789528706,
2026-05-09_pilot-Gromozeka_drone-MadTrainer_track-track-002_session-003,1778309952.3565705,8533,injected,"[9, 11]",2.2263704293499664,4.0,6.037045844211558,45.623661041259766,2.8778693675994873,30.663183212280273,50.807953854827076,33.75656817835003,3.1303992142248878,51.12224230047458,32.71582926410578,2.3053737456898333,0.3142884456475059,-1.0407389142442511,
2026-05-09_pilot-Gromozeka_drone-MadTrainer_track-track-002_session-003,1778309952.9983976,8552,skipped_innovation,"[13, 7]",2.905868507501929,,21.281584295123658,52.82538986206055,5.315820693969727,42.47418212890625,48.93485194828995,21.551239103319062,4.595533118071357,,,,,,innovation_xz_gate
2026-05-09_pilot-Gromozeka_drone-MadTrainer_track-track-002_session-003,1778309953.0084026,8552,skipped_innovation,"[13, 7]",2.905868507501929,,21.430892977196095,52.82538986206055,5.315820693969727,42.47418212890625,48.84194861408384,21.4167518577656,4.631205472549372,,,,,,innovation_xz_gate
2026-05-09_pilot-Gromozeka_drone-MadTrainer_track-track-002_session-003,1778309953.0184066,8552,skipped_innovation,"[13, 7]",2.905868507501929,,21.57657815583244,52.82538986206055,5.315820693969727,42.47418212890625,48.74975331559184,21.286027144202315,4.674966167696812,,,,,,innovation_xz_gate
2026-05-09_pilot-Gromozeka_drone-MadTrainer_track-track-002_session-003,1778309953.0284126,8552,skipped_innovation,"[13, 7]",2.905868507501929,,21.722369136465908,52.82538986206055,5.315820693969727,42.47418212890625,48.65562312375863,21.155777726863455,4.7153745295136815,,,,,,innovation_xz_gate
2026-05-09_pilot-Gromozeka_drone-MadTrainer_track-track-002_session-003,1778309953.0684235,8555,injected,"[7, 9]",2.565715621933772,4.0,9.28882664710565,38.99150466918945,6.735109329223633,20.856678009033203,48.278247549497294,20.659936668609745,4.869154949135894,42.56246709749492,16.55101886274059,2.9050373445217086,-5.715780452002377,-4.1089178058691544,
2026-05-09_pilot-Gromozeka_drone-MadTrainer_track-track-002_session-003,1778309964.4269717,8895,injected,"[9, 10]",2.415389834951486,4.0,4.432332544617183,23.7786808013916,4.590841293334961,33.402976989746094,19.794386884076054,31.461077464406287,16.717319125494456,19.80292078727199,35.37899008570634,4.598324884626424,0.008533903195935721,3.9179126213000544,
2026-05-09_pilot-Gromozeka_drone-MadTrainer_track-track-002_session-003,1778309964.4569867,8896,injected,"[13, 10]",2.437950330259106,4.0,4.612638897909778,21.32615089416504,4.863344669342041,31.265336990356445,19.832669634975083,35.629503729948176,4.565526590099477,19.73517862725268,32.402478746419995,2.424151156517042,-0.09749100772240382,-3.2270249835281817,
2026-05-09_pilot-Gromozeka_drone-MadTrainer_track-track-002_session-003,1778309964.4969995,8897,injected,"[13, 10]",2.3884817698750753,4.0,1.9648984977702397,21.126142501831055,5.057712554931641,31.449434280395508,19.71982832481701,32.821697572212734,2.427726150326275,19.747491570350544,32.15573750893401,1.7040797252412971,0.027663245533535274,-0.6659600632787246,
2026-05-09_pilot-Gromozeka_drone-MadTrainer_track-track-002_session-003,1778309966.4247425,8955,injected,"[21, 17]",1.8584410833839138,4.0,4.4583525732324985,15.637356758117676,1.9725840091705322,33.909339904785156,11.385318632866463,32.56878798536577,7.746776807844965,12.254067817997074,33.414222046036656,4.094932124834745,0.8687491851306106,0.8454340606708826,
2026-05-09_pilot-Gromozeka_drone-MadTrainer_track-track-002_session-003,1778309977.6884065,9293,injected,"[7, 3]",1.6217176648188438,4.0,3.241302317336474,58.594242095947266,3.4785640239715576,23.127593994140625,55.4892543393877,22.197490911689016,8.38516130027366,55.5365978014747,22.666131614803472,2.79466520839179,0.047343462086999466,0.46864070311445616,
2026-05-09_pilot-Gromozeka_drone-MadTrainer_track-track-002_session-003,1778309979.0115035,9333,skipped_innovation,"[9, 11]",2.575503572223586,,17.07124933147115,39.22374725341797,1.7484726905822754,41.23208999633789,56.15731915812012,39.06836721244522,4.375556701319278,,,,,,innovation_xz_gate
2026-05-09_pilot-Gromozeka_drone-MadTrainer_track-track-002_session-003,1778309979.0215034,9333,skipped_innovation,"[9, 11]",2.575503572223586,,16.835334646695284,39.22374725341797,1.7484726905822754,41.23208999633789,55.97176321650737,39.51964905828449,8.55049318879698,,,,,,innovation_xz_gate
2026-05-09_pilot-Gromozeka_drone-MadTrainer_track-track-002_session-003,1778309979.0315037,9333,skipped_innovation,"[9, 11]",2.575503572223586,,16.786417063863674,39.22374725341797,1.7484726905822754,41.23208999633789,55.93124822869501,39.60629511287621,8.420509640006605,,,,,,innovation_xz_gate
2026-05-09_pilot-Gromozeka_drone-MadTrainer_track-track-002_session-003,1778309979.0415096,9333,skipped_innovation,"[9, 11]",2.575503572223586,,16.73493414191783,39.22374725341797,1.7484726905822754,41.23208999633789,55.88805745568766,39.69625595033641,8.297210156886377,,,,,,innovation_xz_gate
2026-05-09_pilot-Gromozeka_drone-MadTrainer_track-track-002_session-003,1778309979.0515125,9333,skipped_innovation,"[9, 11]",2.575503572223586,,16.68404404325976,39.22374725341797,1.7484726905822754,41.23208999633789,55.84470349335321,39.78255927655671,8.188161777300909,,,,,,innovation_xz_gate
2026-05-09_pilot-Gromozeka_drone-MadTrainer_track-track-002_session-003,1778309979.0615137,9333,skipped_innovation,"[9, 11]",2.575503572223586,,16.628028954137587,39.22374725341797,1.7484726905822754,41.23208999633789,55.79631649986202,39.87514656661997,8.080715295567671,,,,,,innovation_xz_gate
2026-05-09_pilot-Gromozeka_drone-MadTrainer_track-track-002_session-003,1778309979.0724936,9333,skipped_innovation,"[9, 11]",2.575503572223586,,16.566186772667415,39.22374725341797,1.7484726905822754,41.23208999633789,55.74221510292765,39.975601201475065,7.9827711358676385,,,,,,innovation_xz_gate
2026-05-09_pilot-Gromozeka_drone-MadTrainer_track-track-002_session-003,1778309979.0824945,9333,skipped_innovation,"[9, 11]",2.575503572223586,,16.515715915697946,39.22374725341797,1.7484726905822754,41.23208999633789,55.697364388912476,40.0536118755481,7.881774036261163,,,,,,innovation_xz_gate
2026-05-09_pilot-Gromozeka_drone-MadTrainer_track-track-002_session-003,1778309981.9805624,9422,injected,"[12, 19]",2.8702328869690685,4.305349330453603,13.464884285809754,29.03946304321289,3.65141224861145,30.438518524169922,37.707925980314876,20.135079334349093,10.627382623786946,39.65812092084902,29.364532850675207,4.303134655359221,1.9501949405341463,9.229453516326114,
2026-05-09_pilot-Gromozeka_drone-MadTrainer_track-track-002_session-003,1778309982.0316255,9423,injected,"[12, 19]",2.9016649997431294,4.352497499614694,10.61834951220189,28.993331909179688,3.675546169281006,30.558326721191406,39.589831678552244,29.877489735588032,4.429690102153835,39.15277382962703,31.57756018764388,4.054693421049487,-0.43705784892521393,1.7000704520558472,
2026-05-09_pilot-Gromozeka_drone-MadTrainer_track-track-002_session-003,1778309990.3846846,9674,skipped_innovation,"[17, 19]",2.374455726327246,,15.494539573728646,6.172207832336426,1.9111363887786865,37.61988067626953,19.89672431306333,30.42832980235515,14.387104373256488,,,,,,innovation_xz_gate
2026-05-09_pilot-Gromozeka_drone-MadTrainer_track-track-002_session-003,1778309990.3946996,9674,skipped_innovation,"[17, 19]",2.374455726327246,,15.259851139914353,6.172207832336426,1.9111363887786865,37.61988067626953,19.849894286207846,30.853496850182832,14.485932677952704,,,,,,innovation_xz_gate
2026-05-09_pilot-Gromozeka_drone-MadTrainer_track-track-002_session-003,1778309990.4047105,9674,skipped_innovation,"[17, 19]",2.374455726327246,,15.035293101984795,6.172207832336426,1.9111363887786865,37.61988067626953,19.80884377151451,31.28725097567056,14.57637668103918,,,,,,innovation_xz_gate
2026-05-09_pilot-Gromozeka_drone-MadTrainer_track-track-002_session-003,1778309990.4147425,9674,injected,"[17, 19]",2.374455726327246,4.0,14.82323121031899,6.172207832336426,1.9111363887786865,37.61988067626953,19.77419033364263,31.72800019982274,14.671659300488319,12.124080472737878,37.128281045994605,2.429529483418162,-7.650109860904751,5.400280846171864,
2026-05-09_pilot-Gromozeka_drone-MadTrainer_track-track-002_session-003,1778309990.4247546,9675,injected,"[17, 19]",2.597731665080946,4.0,5.961645297403737,6.1205034255981445,0.790683388710022,38.4321403503418,11.913276361567306,37.02324136022245,2.4298348805716206,11.011859876403124,36.47672035182422,1.664463673429074,-0.9014164851641819,-0.5465210083982299,
2026-05-09_pilot-Gromozeka_drone-MadTrainer_track-track-002_session-003,1778310003.9385765,10081,injected,"[7, 13]",2.025949424786081,4.0,9.405707624291974,45.45854568481445,3.5371789932250977,38.28085708618164,54.219860573120656,41.70236221428071,16.070516521738693,49.36228328415626,38.9605505313806,6.524806586851615,-4.857577288964393,-2.7418116829001136,
2026-05-09_pilot-Gromozeka_drone-MadTrainer_track-track-002_session-003,1778310006.5874646,10160,injected,"[0, 21]",2.270709254344624,4.0,7.452565498111725,29.907608032226562,2.682020902633667,19.206871032714844,37.30836404261791,18.32963504490905,9.905997120427836,38.185427845907846,21.63921221620486,8.06553940266749,0.8770638032899356,3.3095771712958104,
2026-05-09_pilot-Gromozeka_drone-MadTrainer_track-track-002_session-003,1778310015.0286906,10414,injected,"[13, 21]",2.491199845736115,4.0,9.929612672884291,25.729290008544922,1.2153805494308472,33.80938720703125,21.070295071885067,25.040637352366552,10.940039739748112,20.290293011234365,37.69065041975545,5.4010423753804355,-0.7800020606507019,12.650013067388898,
2026-05-09_pilot-Gromozeka_drone-MadTrainer_track-track-002_session-003,1778310038.8147495,11127,injected,"[17, 11]",1.468281871807106,4.0,14.811596043157905,23.415668487548828,0.7034516334533691,33.78434753417969,24.248880955524733,18.996205854817116,11.575263118460462,19.72420661694359,34.27735496041153,5.762016335330347,-4.524674338581143,15.281149105594412,
2026-05-09_pilot-Gromozeka_drone-MadTrainer_track-track-002_session-003,1778310040.6227806,11181,skipped_innovation,"[21, 17]",2.703279079191136,,17.27535649899413,5.399751663208008,2.9247517585754395,33.584224700927734,21.679188854278426,39.36504357971403,8.336202886048032,,,,,,innovation_xz_gate
2026-05-09_pilot-Gromozeka_drone-MadTrainer_track-track-002_session-003,1778310040.6327887,11181,skipped_innovation,"[21, 17]",2.703279079191136,,17.074943635627054,5.399751663208008,2.9247517585754395,33.584224700927734,21.478440767245555,39.33135066575094,8.323307097000477,,,,,,innovation_xz_gate
2026-05-09_pilot-Gromozeka_drone-MadTrainer_track-track-002_session-003,1778310040.6427886,11181,skipped_innovation,"[21, 17]",2.703279079191136,,16.874388760211605,5.399751663208008,2.9247517585754395,33.584224700927734,21.27740153759427,39.297825185487156,8.308403162972796,,,,,,innovation_xz_gate
2026-05-09_pilot-Gromozeka_drone-MadTrainer_track-track-002_session-003,1778310040.6527896,11181,skipped_innovation,"[21, 17]",2.703279079191136,,16.65854674175689,5.399751663208008,2.9247517585754395,33.584224700927734,21.060898273567652,39.26187090301885,8.299510219449953,,,,,,innovation_xz_gate
2026-05-09_pilot-Gromozeka_drone-MadTrainer_track-track-002_session-003,1778310040.6627896,11181,skipped_innovation,"[21, 17]",2.703279079191136,,16.430575951808397,5.399751663208008,2.9247517585754395,33.584224700927734,20.832102644802497,39.2239382831076,8.283667215581154,,,,,,innovation_xz_gate
2026-05-09_pilot-Gromozeka_drone-MadTrainer_track-track-002_session-003,1778310040.6727955,11181,skipped_innovation,"[21, 17]",2.703279079191136,,16.209565737112673,5.399751663208008,2.9247517585754395,33.584224700927734,20.61019412407176,39.18712230221674,8.270652438006234,,,,,,innovation_xz_gate
2026-05-09_pilot-Gromozeka_drone-MadTrainer_track-track-002_session-003,1778310040.6838005,11181,skipped_innovation,"[21, 17]",2.703279079191136,,15.945583570263471,5.399751663208008,2.9247517585754395,33.584224700927734,20.345048240654403,39.142978662781545,8.249323265567892,,,,,,innovation_xz_gate
2026-05-09_pilot-Gromozeka_drone-MadTrainer_track-track-002_session-004,1778310414.0644464,198,injected,"[12, 3]",2.69281884211058,4.03922826316587,4.7737493206992205,54.90161895751953,2.5225794315338135,15.359142303466797,55.28303525046485,20.11762989810778,10.203914740809566,54.77201046138871,14.812224591679998,4.832443666805961,-0.5110247890761386,-5.305405306427781,
2026-05-09_pilot-Gromozeka_drone-MadTrainer_track-track-002_session-004,1778310414.2565494,204,injected,"[13, 4]",1.6632294042124591,4.0,10.732940853783681,51.912601470947266,0.7871808409690857,28.202598571777344,55.07181671722412,17.94514379983169,4.515012520694862,55.63098606979379,23.5893077565986,2.0078591828949115,0.5591693525696755,5.64416395676691,
2026-05-09_pilot-Gromozeka_drone-MadTrainer_track-track-002_session-004,1778310415.7705243,249,injected,"[7, 11]",2.364252907713525,4.0,6.601129408779471,43.34422302246094,-0.7774845361709595,38.19690704345703,49.49993025774137,40.58063897154151,4.9491285457953405,49.400423202976256,38.60386189978347,2.0483643511121192,-0.09950705476511246,-1.9767770717580433,
2026-05-09_pilot-Gromozeka_drone-MadTrainer_track-track-002_session-004,1778310418.2356434,323,injected,"[11, 9]",2.2060014748133083,4.0,14.935790515546662,46.84092712402344,3.4251534938812256,29.33173179626465,37.45779272960656,17.711291733142914,9.675149762535938,41.93996069896633,16.420940537270607,10.110136751879933,4.482167969359772,-1.290351195872308,
2026-05-09_pilot-Gromozeka_drone-MadTrainer_track-track-002_session-004,1778310418.2756662,324,injected,"[11, 9]",2.426722098860935,4.0,14.347477232806353,46.787174224853516,3.3723597526550293,29.425222396850586,40.9310132823359,16.327303403314712,10.259392775463944,45.83886683339114,18.21484660200589,10.1385511067533,4.90785355105524,1.8875431986911764,
2026-05-09_pilot-Gromozeka_drone-MadTrainer_track-track-002_session-004,1778310424.1337183,500,injected,"[0, 10]",2.0775747942784397,4.0,1.8590846801265837,34.20689392089844,2.1315348148345947,17.802349090576172,34.155412741980136,19.660720833823078,7.90675771671115,33.86857635896047,19.13176276805395,2.7245966593270228,-0.2868363830196685,-0.5289580657691282,
2026-05-09_pilot-Gromozeka_drone-MadTrainer_track-track-002_session-004,1778310426.2348263,563,skipped_innovation,"[10, 7]",2.8679964335384076,,18.617972208620756,38.82339096069336,2.0792040824890137,38.23418045043945,20.22097795980698,37.47318130101271,7.351728520570368,,,,,,innovation_xz_gate
2026-05-09_pilot-Gromozeka_drone-MadTrainer_track-track-002_session-004,1778310426.2448323,563,skipped_innovation,"[10, 7]",2.8679964335384076,,18.58164367600367,38.82339096069336,2.0792040824890137,38.23418045043945,20.253328818659853,37.578227904151944,7.363558507852468,,,,,,innovation_xz_gate
2026-05-09_pilot-Gromozeka_drone-MadTrainer_track-track-002_session-004,1778310426.2548385,563,skipped_innovation,"[10, 7]",2.8679964335384076,,18.541550415159502,38.82339096069336,2.0792040824890137,38.23418045043945,20.2898485172746,37.689298540392016,7.374489624745271,,,,,,innovation_xz_gate
2026-05-09_pilot-Gromozeka_drone-MadTrainer_track-track-002_session-004,1778310426.2648385,563,skipped_innovation,"[10, 7]",2.8679964335384076,,18.507837079884663,38.82339096069336,2.0792040824890137,38.23418045043945,20.321069726076335,37.782359350231054,7.378727054732039,,,,,,innovation_xz_gate
2026-05-09_pilot-Gromozeka_drone-MadTrainer_track-track-002_session-004,1778310426.2757573,563,skipped_innovation,"[10, 7]",2.8679964335384076,,18.46630861568366,38.82339096069336,2.0792040824890137,38.23418045043945,20.360231261989835,37.89317043615474,7.394636233141335,,,,,,innovation_xz_gate
2026-05-09_pilot-Gromozeka_drone-MadTrainer_track-track-002_session-004,1778310426.2857614,563,skipped_innovation,"[10, 7]",2.8679964335384076,,18.433973887910955,38.82339096069336,2.0792040824890137,38.23418045043945,20.391191009191147,37.97844963879415,7.402963347525362,,,,,,innovation_xz_gate
2026-05-09_pilot-Gromozeka_drone-MadTrainer_track-track-002_session-004,1778310426.2957613,563,skipped_innovation,"[10, 7]",2.8679964335384076,,18.398529850585124,38.82339096069336,2.0792040824890137,38.23418045043945,20.425600119320677,38.069277994498414,7.411281784984906,,,,,,innovation_xz_gate
2026-05-09_pilot-Gromozeka_drone-MadTrainer_track-track-002_session-004,1778310426.3057663,563,skipped_innovation,"[10, 7]",2.8679964335384076,,18.371426311158253,38.82339096069336,2.0792040824890137,38.23418045043945,20.452210977445347,38.13904512879037,7.41638740959704,,,,,,innovation_xz_gate
2026-05-09_pilot-Gromozeka_drone-MadTrainer_track-track-002_session-004,1778310427.6789734,606,injected,"[21, 19]",2.9782839100578085,4.467425865086713,14.491405821911588,5.5632710456848145,2.7001986503601074,34.93204116821289,19.47330573199579,38.995509849150224,14.905835261096318,9.36453613196632,34.59193158976152,3.7357768458134415,-10.10876960002947,-4.403578259388702,
2026-05-09_pilot-Gromozeka_drone-MadTrainer_track-track-002_session-004,1778310436.5071263,871,injected,"[7, 9]",2.6882400212596673,4.032360031889501,7.988447195805896,44.05244064331055,8.16100025177002,13.998590469360352,41.062119071002044,6.590941348730684,10.248054378353242,45.14178478102433,6.452594806115132,4.891958941777313,4.079665710022283,-0.1383465426155519,
2026-05-09_pilot-Gromozeka_drone-MadTrainer_track-track-002_session-004,1778310438.6333554,936,injected,"[2, 9]",2.808405496588102,4.212608244882153,6.26725883216813,58.035240173339844,7.99810791015625,12.522281646728516,55.08205463744508,18.050140948480994,7.401687411387247,54.63673723002903,13.260381295907061,4.634083524744157,-0.44531740741605574,-4.789759652573933,
2026-05-09_pilot-Gromozeka_drone-MadTrainer_track-track-002_session-004,1778310461.8383174,1631,injected,"[2, 0]",1.8971261547655938,4.0,9.338639372191638,47.50651168823242,7.312260627746582,1.4105732440948486,39.774338014869876,6.647335183385865,10.04215550230834,46.60730033397035,6.439890905080534,2.465718890618014,6.832962319100474,-0.20744427830533052,
2026-05-09_pilot-Gromozeka_drone-MadTrainer_track-track-002_session-004,1778310464.6255074,1715,injected,"[11, 9]",2.556547894216802,4.0,4.956609519919077,54.161861419677734,2.674330711364746,29.118473052978516,55.716524945607645,24.411988244324014,8.59314128888405,56.10093825097411,27.963833741278005,2.9955245024733017,0.3844133053664649,3.551845496953991,
2026-05-09_pilot-Gromozeka_drone-MadTrainer_track-track-002_session-004,1778310480.9238904,2204,injected,"[21, 19, 0]",2.7344476434488065,4.10167146517321,7.908624497464584,8.660429954528809,2.5336384773254395,29.20699119567871,13.198272776691724,35.68420695271826,16.448146874041672,13.145582866695536,34.984953740470495,4.529709940696153,-0.05268990999618772,-0.6992532122477684,
2026-05-09_pilot-Gromozeka_drone-MadTrainer_track-track-002_session-004,1778310493.1645052,2571,injected,"[10, 13]",2.988900958316928,4.483351437475392,14.205239352490848,38.823944091796875,5.841985702514648,40.331119537353516,52.889128204934764,42.32094890820122,7.547409578716984,49.35039822254008,39.144846979315595,4.424408379634218,-3.5387299823946847,-3.176101928885622,
2026-05-09_pilot-Gromozeka_drone-MadTrainer_track-track-002_session-004,1778310493.2345324,2573,injected,"[9, 11]",2.054144459732905,4.0,7.400326048601758,44.96391296386719,0.7548649907112122,32.222557067871094,49.488294849181464,38.07873279794048,4.057824799388499,49.84247916812158,36.68886275590067,3.4148666979021383,0.3541843189401135,-1.38987004203981,
2026-05-09_pilot-Gromozeka_drone-MadTrainer_track-track-002_session-004,1778310493.2745483,2574,injected,"[9, 11]",2.085253614353819,4.0,6.416640126665627,44.941471099853516,0.7825070023536682,32.161983489990234,50.03209172614096,36.06824156573898,3.268928989558407,50.17528610369946,35.625399142808924,2.683519295613198,0.14319437755850117,-0.44284242293005605,
2026-05-09_pilot-Gromozeka_drone-MadTrainer_track-track-002_session-004,1778310493.2845533,2575,injected,"[9, 11]",2.1067246220772495,4.0,6.781552919486384,44.627410888671875,0.9293243885040283,31.63716697692871,50.23153044913559,35.45597620911383,2.6425659620631947,50.35082940563718,35.10304732444986,2.6932372781107303,0.11929895650158784,-0.3529288846639673,
2026-05-09_pilot-Gromozeka_drone-MadTrainer_track-track-002_session-004,1778310493.3445773,2576,injected,"[9, 11]",2.050876353094178,4.0,6.564963090516054,44.51863479614258,0.9755613207817078,31.872840881347656,50.69064982546032,34.1100201003004,2.4004020098583485,50.70009812131199,34.08204767880534,2.1972405731899185,0.009448295851669286,-0.027972421495064737,
2026-05-09_pilot-Gromozeka_drone-MadTrainer_track-track-002_session-004,1778310503.2899714,2875,injected,"[0, 11]",2.9734758392252,4.4602137588378,4.84851711961223,28.28251075744629,1.2307783365249634,21.271371841430664,23.674199097660814,19.764195041762452,9.678193372738857,26.874494126731165,16.60182907600171,4.744355238660915,3.2002950290703502,-3.162365965760742,
2026-05-09_pilot-Gromozeka_drone-MadTrainer_track-track-002_session-004,1778310503.4009664,2878,injected,"[13, 21]",1.9590498506420206,4.0,12.543302288176296,27.34497833251953,0.059228476136922836,29.78958511352539,25.843516902600697,17.33647121108979,4.9207520479241955,22.56960686500662,21.55268812542787,5.209287788023659,-3.273910037594078,4.21621691433808,
2026-05-09_pilot-Gromozeka_drone-MadTrainer_track-track-002_session-004,1778310514.7182224,3218,injected,"[12, 13]",2.994931676162589,4.4923975142438834,5.612554973819619,33.78645324707031,8.146456718444824,11.024171829223633,37.441204128080656,6.764644938605208,9.160022735601919,34.67310177644332,6.922102949819447,3.828609711686653,-2.7681023516373386,0.15745801121423852,
2026-05-09_pilot-Gromozeka_drone-MadTrainer_track-track-002_session-004,1778310519.0234394,3347,skipped_innovation,"[12, 13]",2.5979355126445256,,18.579066630030685,36.63222885131836,6.208311080932617,37.75009536743164,54.90361594344708,41.117309434388446,10.29097465711513,,,,,,innovation_xz_gate
2026-05-09_pilot-Gromozeka_drone-MadTrainer_track-track-002_session-004,1778310519.0334435,3347,skipped_innovation,"[12, 13]",2.5979355126445256,,18.485418753945073,36.63222885131836,6.208311080932617,37.75009536743164,54.78621194534923,41.23486283892031,10.262336483159578,,,,,,innovation_xz_gate
2026-05-09_pilot-Gromozeka_drone-MadTrainer_track-track-002_session-004,1778310519.0434453,3347,skipped_innovation,"[12, 13]",2.5979355126445256,,18.37399530637068,36.63222885131836,6.208311080932617,37.75009536743164,54.64725995981211,41.36428375191497,10.2383132848408,,,,,,innovation_xz_gate
2026-05-09_pilot-Gromozeka_drone-MadTrainer_track-track-002_session-004,1778310519.0534503,3347,skipped_innovation,"[12, 13]",2.5979355126445256,,18.25400429663218,36.63222885131836,6.208311080932617,37.75009536743164,54.49868799582333,41.491526978352866,10.20947330837747,,,,,,innovation_xz_gate
2026-05-09_pilot-Gromozeka_drone-MadTrainer_track-track-002_session-004,1778310519.0634563,3347,skipped_innovation,"[12, 13]",2.5979355126445256,,18.129403064608876,36.63222885131836,6.208311080932617,37.75009536743164,54.34571188552556,41.611154066273635,10.179374088902549,,,,,,innovation_xz_gate
2026-05-09_pilot-Gromozeka_drone-MadTrainer_track-track-002_session-004,1778310519.0734622,3347,skipped_innovation,"[12, 13]",2.5979355126445256,,17.994280074015748,36.63222885131836,6.208311080932617,37.75009536743164,54.180973766758406,41.729500759564644,10.144139453233803,,,,,,innovation_xz_gate
2026-05-09_pilot-Gromozeka_drone-MadTrainer_track-track-002_session-004,1778310519.0834703,3347,skipped_innovation,"[12, 13]",2.5979355126445256,,17.848068035265765,36.63222885131836,6.208311080932617,37.75009536743164,54.00441043718417,41.844095799671535,10.107616987748441,,,,,,innovation_xz_gate
2026-05-09_pilot-Gromozeka_drone-MadTrainer_track-track-002_session-004,1778310528.9449263,3645,injected,"[21, 19]",2.0696192747163655,4.0,13.749413420734802,26.730236053466797,3.5192482471466064,33.70281982421875,23.247420514327633,20.401828683156626,11.020751750040937,19.742863269414702,34.66534532624772,7.44531357486822,-3.504557244912931,14.26351664309109,
2026-05-09_pilot-Gromozeka_drone-MadTrainer_track-track-002_session-004,1778310529.0249584,3647,injected,"[21, 13]",2.0790038673167883,4.0,8.849681003409291,26.195293426513672,2.1560444831848145,29.61124610900879,19.85321614616525,35.783353498887195,7.568112673245259,19.839244524492997,30.9601243690391,4.5421539618959015,-0.013971621672251189,-4.8232291298480945,
2026-05-09_pilot-Gromozeka_drone-MadTrainer_track-track-002_session-004,1778310529.0949793,3649,injected,"[13, 21]",1.5582959844030402,4.0,7.417976629012028,26.8979434967041,1.0690685510635376,30.007713317871094,19.755577263557516,32.01095615391871,4.61638947958009,19.89231641888515,30.46651238980194,2.7277538115126014,0.1367391553276356,-1.544443764116771,
2026-05-09_pilot-Gromozeka_drone-MadTrainer_track-track-002_session-004,1778310531.0320582,3707,injected,"[12, 13]",1.9908662665080543,4.0,9.411556864250894,23.803865432739258,2.636565923690796,30.216951370239258,22.9142975216882,39.58637352641604,10.01211418590658,23.018780776471623,41.36316233016917,7.204783498557133,0.10448325478342113,1.7767888037531279,
2026-05-09_pilot-Gromozeka_drone-MadTrainer_track-track-002_session-004,1778310531.2221503,3713,injected,"[12, 13]",2.3262630034592537,4.0,9.173275734181042,26.102794647216797,1.141409158706665,31.28649139404297,25.492925999903175,40.439471669796795,7.569770237095187,21.101957943417332,39.43653203182835,7.282713443395171,-4.390968056485843,-1.0029396379684457,
2026-05-09_pilot-Gromozeka_drone-MadTrainer_track-track-002_session-004,1778310544.8325863,4121,injected,"[9, 10]",2.9584204791154125,4.437630718673119,12.576727488673264,39.55587387084961,3.8485758304595947,39.954246520996094,51.88821532565143,42.42151800312492,9.93238094023591,49.47277604427032,38.158895675348326,5.388215307565725,-2.4154392813811114,-4.262622327776597,
2026-05-09_pilot-Gromozeka_drone-MadTrainer_track-track-002_session-004,1778310545.6564534,4146,injected,"[7, 12]",2.696172594056963,4.044258891085445,8.911022933723576,46.905364990234375,3.267773151397705,17.737316131591797,50.941794725452084,25.68172074855321,4.556630838944045,47.853655275207565,20.148039751491883,2.358756601903843,-3.088139450244519,-5.533680997061328,
2026-05-09_pilot-Gromozeka_drone-MadTrainer_track-track-002_session-004,1778310545.6964793,4147,injected,"[7, 12]",2.615317471355624,4.0,2.155796403163181,46.83424758911133,3.596440076828003,17.39318084716797,47.26566622341757,19.505368361065504,2.4403271661200923,46.685990397499864,18.938075062082753,1.8033498997831665,-0.579675825917704,-0.5672932989827508,
2026-05-09_pilot-Gromozeka_drone-MadTrainer_track-track-002_session-004,1778310554.9027364,4424,injected,"[13, 17]",1.8259227453645932,4.0,11.764924004880822,20.373146057128906,0.8815193176269531,34.61724090576172,21.880020871029718,22.94921771689839,10.660943155709944,19.826574531222764,35.58189727564028,4.261942195924906,-2.0534463398069533,12.632679558741891,
2026-05-09_pilot-Gromozeka_drone-MadTrainer_track-track-002_session-004,1778310556.3939145,4468,injected,"[17, 19]",2.194250812707737,4.0,11.362883270337727,6.366978168487549,0.3397216796875,37.669551849365234,17.685536900583966,38.67222051019242,9.033348085584649,10.923864100163396,36.412334793174004,3.2979634364256163,-6.76167280042057,-2.2598857170184132,
2026-05-09_pilot-Gromozeka_drone-MadTrainer_track-track-002_session-004,1778310556.8240643,4481,injected,"[21, 19]",2.606539799918881,4.0,8.537342704791795,19.529918670654297,2.8362815380096436,35.241058349609375,11.413474427387541,32.59350224916436,3.31350082901764,12.420608818368851,33.606267525544816,3.5893490909334846,1.0071343909813102,1.0127652763804562,
2026-05-09_pilot-Gromozeka_drone-MadTrainer_track-track-002_session-004,1778310565.5481803,4743,injected,"[3, 9]",2.922394760279505,4.383592140419257,3.386940567500713,39.798500061035156,4.332948207855225,4.10288143157959,37.68740651558771,6.751399970338982,9.689045096428195,39.9897930499626,6.637480503977223,3.003014032848681,2.3023865343748895,-0.11391946636175909,
2026-05-09_pilot-Gromozeka_drone-MadTrainer_track-track-002_session-004,1778310570.9416564,4905,injected,"[13, 0]",2.881406854803692,4.3221102822055375,9.553908636167822,40.104209899902344,8.318108558654785,15.747455596923828,48.289660471967196,20.674479968745555,9.691431938037944,41.94584569125153,16.42187462702088,3.0088007232524103,-6.343814780715668,-4.252605341724674,
2026-05-09_pilot-Gromozeka_drone-MadTrainer_track-track-002_session-004,1778310583.5119064,5282,injected,"[19, 12]",1.8540551982141982,4.0,6.72758466899185,17.913288116455078,1.564751148223877,29.845428466796875,12.12670418438585,33.27702312170185,12.720861605076777,13.132625676956968,36.0131036243077,4.438845677822966,1.005921492571117,2.7360805026058514,
2026-05-09_pilot-Gromozeka_drone-MadTrainer_track-track-002_session-004,1778310592.9914114,5566,injected,"[2, 0]",2.4201579340327664,4.0,13.041045773901532,48.25572204589844,-0.03433459624648094,17.51777458190918,41.14234052352608,6.587601747311982,9.872678155598116,55.21166114752356,9.02107408273807,5.808458432706016,14.069320623997477,2.433472335426087,
2026-05-09_pilot-Gromozeka_drone-MadTrainer_track-track-002_session-004,1778310609.0100334,6047,skipped_innovation,"[13, 12]",2.864318038939117,,16.799557601785686,28.223918914794922,5.063364505767822,32.72386169433594,11.42479188267143,32.60358462132149,10.77657451862463,,,,,,innovation_xz_gate
2026-05-09_pilot-Gromozeka_drone-MadTrainer_track-track-002_session-004,1778310609.0200353,6047,skipped_innovation,"[13, 12]",2.864318038939117,,16.80133388769377,28.223918914794922,5.063364505767822,32.72386169433594,11.423026916651267,32.60200738591975,10.74406552787882,,,,,,innovation_xz_gate
2026-05-09_pilot-Gromozeka_drone-MadTrainer_track-track-002_session-004,1778310609.0300434,6047,skipped_innovation,"[13, 12]",2.864318038939117,,16.799251026495877,28.223918914794922,5.063364505767822,32.72386169433594,11.425096518872852,32.603856854892015,10.71119940420174,,,,,,innovation_xz_gate
2026-05-09_pilot-Gromozeka_drone-MadTrainer_track-track-002_session-004,1778310609.0400443,6047,skipped_innovation,"[13, 12]",2.864318038939117,,16.79552510406992,28.223918914794922,5.063364505767822,32.72386169433594,11.428799219760117,32.60716571798328,10.678412469448306,,,,,,innovation_xz_gate
2026-05-09_pilot-Gromozeka_drone-MadTrainer_track-track-002_session-004,1778310609.0500484,6047,skipped_innovation,"[13, 12]",2.864318038939117,,16.787667269183736,28.223918914794922,5.063364505767822,32.72386169433594,11.436610173474147,32.614145859571494,10.645728832122776,,,,,,innovation_xz_gate
2026-05-09_pilot-Gromozeka_drone-MadTrainer_track-track-002_session-004,1778310609.0600502,6047,skipped_innovation,"[13, 12]",2.864318038939117,,16.782429459063188,28.223918914794922,5.063364505767822,32.72386169433594,11.441818313371234,32.61880003564574,10.615024915475647,,,,,,innovation_xz_gate
2026-05-09_pilot-Gromozeka_drone-MadTrainer_track-track-002_session-004,1778310609.0700552,6047,skipped_innovation,"[13, 12]",2.864318038939117,,16.779980155481002,28.223918914794922,5.063364505767822,32.72386169433594,11.444254176827192,32.620976808474595,10.586773239487403,,,,,,innovation_xz_gate
2026-05-09_pilot-Gromozeka_drone-MadTrainer_track-track-002_session-004,1778310622.4535003,6450,injected,"[10, 4]",2.0976548504696835,4.0,12.670374610293502,44.40904235839844,2.2905423641204834,33.1910285949707,38.32739627371214,22.075635049720493,10.795902784536974,39.69061760589188,28.89223105505764,5.018477600358871,1.3632213321797408,6.816596005337146,
2026-05-09_pilot-Gromozeka_drone-MadTrainer_track-track-002_session-004,1778310622.6045234,6454,injected,"[12, 13]",1.81948152458636,4.0,5.560264167737153,36.64379119873047,1.5078662633895874,35.127227783203125,39.495727112797674,30.354073778032603,5.3797304923661144,38.56740597272028,33.18777891142254,2.0570998048661018,-0.9283211400773936,2.8337051333899375,
2026-05-09_pilot-Gromozeka_drone-MadTrainer_track-track-002_session-004,1778310630.5838335,6694,injected,"[9, 10]",2.107161144525671,4.0,7.553666795337508,27.215017318725586,3.4942657947540283,32.76393127441406,19.710376369160336,33.62314386341215,14.702006975619609,22.426888549307474,40.94713127110079,7.898561781656031,2.716512180147138,7.323987407688634,
2026-05-09_pilot-Gromozeka_drone-MadTrainer_track-track-002_session-004,1778310630.6248155,6695,injected,"[17, 19]",1.9570319215834366,4.0,9.944674835888886,13.527678489685059,1.0167094469070435,42.63005065917969,23.417274167361914,41.58484497433249,7.93741321144827,21.795567234461124,39.38469645431426,4.610427722103101,-1.6217069329007892,-2.2001485200182316,
2026-05-09_pilot-Gromozeka_drone-MadTrainer_track-track-002_session-004,1778310645.8035433,7151,injected,"[2, 13]",1.551687567583444,4.0,11.846053758782638,41.99833297729492,5.04196310043335,28.373445510864258,37.745737593886446,17.317025558593034,10.196031452072264,39.260506434504755,25.34003690400764,4.979115999268896,1.5147688406183093,8.023011345414606,
2026-05-09_pilot-Gromozeka_drone-MadTrainer_track-track-002_session-004,1778310645.9142654,7154,injected,"[13, 0]",2.102567851833559,4.0,8.779805672140617,32.811866760253906,2.4603328704833984,21.169363021850586,39.546211805500796,26.802620023986314,5.012617847397346,39.11899905207355,24.75593811853248,2.9583263815277094,-0.4272127534272485,-2.046681905453834,
2026-05-09_pilot-Gromozeka_drone-MadTrainer_track-track-002_session-004,1778310646.1243403,7160,injected,"[9, 7]",2.808223490981531,4.212335236472296,11.50309776563325,39.55732345581055,3.122375249862671,38.65354537963867,39.596352111716314,27.150513824012354,2.9144870667536447,39.26294208716474,31.224351042883168,1.7284649043623066,-0.33341002455157565,4.073837218870814,
2026-05-09_pilot-Gromozeka_drone-MadTrainer_track-track-002_session-004,1778310652.1486664,7341,skipped_innovation,"[11, 17]",1.3563172810317197,,17.062413046987114,25.08863067626953,0.4956755042076111,34.09606170654297,26.17891960156509,17.068519046329957,9.06128413004082,,,,,,innovation_xz_gate
2026-05-09_pilot-Gromozeka_drone-MadTrainer_track-track-002_session-004,1778310652.1586742,7341,skipped_innovation,"[11, 17]",1.3563172810317197,,16.977293253080727,25.08863067626953,0.4956755042076111,34.09606170654297,26.0763705375429,17.147526189644996,9.1030573519525,,,,,,innovation_xz_gate
2026-05-09_pilot-Gromozeka_drone-MadTrainer_track-track-002_session-004,1778310652.1686792,7341,skipped_innovation,"[11, 17]",1.3563172810317197,,16.89212125165596,25.08863067626953,0.4956755042076111,34.09606170654297,25.97605227334771,17.227266749887463,9.143531969061273,,,,,,innovation_xz_gate
2026-05-09_pilot-Gromozeka_drone-MadTrainer_track-track-002_session-004,1778310652.1786795,7341,skipped_innovation,"[11, 17]",1.3563172810317197,,16.81571362785692,25.08863067626953,0.4956755042076111,34.09606170654297,25.887733624605772,17.299345977209057,9.188389757977001,,,,,,innovation_xz_gate
2026-05-09_pilot-Gromozeka_drone-MadTrainer_track-track-002_session-004,1778310652.1886795,7341,skipped_innovation,"[11, 17]",1.3563172810317197,,16.737322174139738,25.08863067626953,0.4956755042076111,34.09606170654297,25.799030977370634,17.37382247331989,9.227303455140365,,,,,,innovation_xz_gate
2026-05-09_pilot-Gromozeka_drone-MadTrainer_track-track-002_session-004,1778310652.1986794,7341,skipped_innovation,"[11, 17]",1.3563172810317197,,16.65433530569685,25.08863067626953,0.4956755042076111,34.09606170654297,25.707250196062578,17.45321957052811,9.272379150011906,,,,,,innovation_xz_gate
2026-05-09_pilot-Gromozeka_drone-MadTrainer_track-track-002_session-004,1778310652.2086844,7341,skipped_innovation,"[11, 17]",1.3563172810317197,,16.571244800748698,25.08863067626953,0.4956755042076111,34.09606170654297,25.61689574810847,17.533239173525967,9.313554249729188,,,,,,innovation_xz_gate
2026-05-09_pilot-Gromozeka_drone-MadTrainer_track-track-002_session-004,1778310652.9105494,7364,injected,"[21, 13]",2.611058834581514,4.0,6.997571595394631,21.658044815063477,6.307655334472656,31.289073944091797,21.329325685092805,24.29922759626232,12.417417836275153,19.713725068701038,33.08234067608661,3.8709432871965044,-1.6156006163917667,8.78311307982429,
2026-05-09_pilot-Gromozeka_drone-MadTrainer_track-track-002_session-004,1778310653.7947183,7390,injected,"[9, 10]",1.6101507361986722,4.0,8.358890479445437,25.934104919433594,3.5550239086151123,33.18308639526367,26.341270253387542,41.5320543816791,6.151142358356167,23.652879163245455,41.696721435912586,5.904840028845469,-2.688391090142087,0.16466705423348316,
2026-05-09_pilot-Gromozeka_drone-MadTrainer_track-track-002_session-004,1778310654.0167923,7397,injected,"[21, 11]",2.966050891966809,4.449076337950213,7.154341993623426,20.886260986328125,3.3666043281555176,33.30260467529297,23.868498058565418,39.8057478696796,6.551036810591617,26.203293151889113,41.78234529541324,7.4965739867713586,2.334795093323695,1.9765974257336438,
2026-05-09_pilot-Gromozeka_drone-MadTrainer_track-track-002_session-004,1778310654.0877523,7399,skipped_innovation,"[19, 17]",2.9156437977159326,,20.150119645097295,5.77793550491333,0.9512442946434021,38.30934524536133,25.793974443034763,40.63001474775554,7.713856026561859,,,,,,innovation_xz_gate
2026-05-09_pilot-Gromozeka_drone-MadTrainer_track-track-002_session-004,1778310654.0977573,7399,skipped_innovation,"[19, 17]",2.9156437977159326,,19.919779485728444,5.77793550491333,0.9512442946434021,38.30934524536133,25.578082468531054,40.48920647470314,7.740856915540017,,,,,,innovation_xz_gate
2026-05-09_pilot-Gromozeka_drone-MadTrainer_track-track-002_session-004,1778310654.1077573,7399,skipped_innovation,"[19, 17]",2.9156437977159326,,19.673151136090482,5.77793550491333,0.9512442946434021,38.30934524536133,25.344084188861213,40.358418523968716,7.762035875243548,,,,,,innovation_xz_gate
2026-05-09_pilot-Gromozeka_drone-MadTrainer_track-track-002_session-004,1778310654.1177614,7399,skipped_innovation,"[19, 17]",2.9156437977159326,,19.409569070252207,5.77793550491333,0.9512442946434021,38.30934524536133,25.09170972398561,40.23535067307697,7.785170766206142,,,,,,innovation_xz_gate
2026-05-09_pilot-Gromozeka_drone-MadTrainer_track-track-002_session-004,1778310654.2478244,7404,injected,"[21, 19]",2.0947593587468245,4.0,4.879514901788368,18.962871551513672,1.9436945915222168,35.010311126708984,21.28891126223847,39.2997405690598,7.82415905798575,24.45390062889277,39.98323874514683,7.897318895992986,3.1649893666543,0.6834981760870278,
2026-05-09_pilot-Gromozeka_drone-MadTrainer_track-track-002_session-004,1778310663.0490224,7668,injected,"[12, 7]",2.3008231427737726,4.0,7.263748859542628,44.76591491699219,8.4608154296875,12.875733375549316,41.12881803700735,6.588160411351494,9.213992618239521,45.5944452339919,6.444452362149805,3.708467581767973,4.465627196984549,-0.14370804920168911,
2026-05-09_pilot-Gromozeka_drone-MadTrainer_track-track-002_session-004,1778310666.7009854,7778,injected,"[10, 9]",2.9898613830770646,4.484792074615597,12.326989377478554,47.45957565307617,2.91926908493042,30.103307723999023,56.27835098298623,38.71631351716083,8.571619556278653,55.129810985837246,40.866561591015234,7.414199419660787,-1.148539997148987,2.1502480738544065,
2026-05-09_pilot-Gromozeka_drone-MadTrainer_track-track-002_session-004,1778310669.1451354,7851,injected,"[0, 3]",2.6844591840430483,4.026688776064573,13.69076435956425,49.94442367553711,4.567389488220215,23.32913589477539,37.38811458825475,17.87238495179245,8.80712682091208,48.63090241466492,21.12198196377743,4.131711745742324,11.242787826410165,3.249597011984978,
2026-05-09_pilot-Gromozeka_drone-MadTrainer_track-track-002_session-004,1778310669.1851563,7852,injected,"[12, 9]",1.510550514529554,4.0,7.485849509274217,43.20948028564453,6.020288467407227,26.190509796142578,48.34157773490373,20.740783321647893,4.489488444135891,46.82392417419234,19.067431384269174,6.274696878858761,-1.5176535607113877,-1.673351937378719,
2026-05-09_pilot-Gromozeka_drone-MadTrainer_track-track-002_session-004,1778310678.3594832,8128,injected,"[9, 10]",2.5920144838071435,4.0,13.27740713752774,22.384164810180664,2.0275096893310547,30.067516326904297,9.834213282334176,25.73297402760946,22.207456968371964,11.85550472727862,33.003768642582585,23.459791793618304,2.0212914449444437,7.270794614973127,
2026-05-09_pilot-Gromozeka_drone-MadTrainer_track-track-002_session-004,1778310680.6017344,8194,injected,"[21, 9]",2.3830693083768084,4.0,4.810089523258351,22.779441833496094,3.5637001991271973,35.17684555053711,19.967937235648055,39.079716688307236,12.32012847548572,23.396321151542544,39.68883508619826,4.433838676909964,3.4283839158944893,0.6091183978910237,
2026-05-09_pilot-Gromozeka_drone-MadTrainer_track-track-002_session-004,1778310680.6317563,8195,injected,"[21, 9]",2.4624268366877433,4.0,4.703609638397131,23.14984130859375,3.587719202041626,34.8676872253418,22.74914368164168,39.554198192167476,4.292008951816868,24.052253488667475,39.856817088403446,4.503684426405851,1.3031098070257947,0.3026188962359697,
2026-05-09_pilot-Gromozeka_drone-MadTrainer_track-track-002_session-004,1778310681.2178514,8213,injected,"[21, 19]",2.749715603408383,4.124573405112574,5.395852047322059,18.650590896606445,3.316781997680664,35.3325080871582,13.843836688576799,37.7841061986314,3.3168237224149193,15.724086470391965,38.268004729053054,2.6421893320975958,1.8802497818151664,0.483898530421655,
2026-05-09_pilot-Gromozeka_drone-MadTrainer_track-track-002_session-004,1778310693.2770653,8574,injected,"[13, 7]",1.8268715466871972,4.0,7.859274078589562,46.88694381713867,2.2545621395111084,39.42241287231445,54.46059066121029,41.521951517749166,10.234516725427609,49.548664790715435,40.72471745517409,2.870578949036471,-4.911925870494855,-0.7972340625750789,
2026-05-09_pilot-Gromozeka_drone-MadTrainer_track-track-002_session-004,1778310693.4180753,8579,injected,"[13, 7]",1.8626273892881557,4.0,3.79523052324365,45.69855880737305,2.734795093536377,38.006160736083984,49.49350029833219,38.05299880561179,2.9795276590660196,49.49262887311317,38.05730683922271,1.8201650672511591,-0.0008714252190173966,0.004308033610918471,
2026-05-09_pilot-Gromozeka_drone-MadTrainer_track-track-002_session-004,1778310696.0951355,8659,injected,"[11, 9]",2.4981354209004456,4.0,13.15837465471589,45.660621643066406,2.94317889213562,30.891761779785156,37.77531483906425,20.35778056845642,9.82445171490995,38.7450294207113,23.408083517003412,8.760525309628203,0.9697145816470467,3.0503029485469924,
2026-05-09_pilot-Gromozeka_drone-MadTrainer_track-track-002_session-004,1778310702.4285693,8849,skipped_innovation,"[0, 10]",2.9580740887806636,,15.389211433261224,12.753069877624512,1.822588562965393,27.822784423828125,24.842943607088447,18.301083853907027,11.018994446427268,,,,,,innovation_xz_gate
2026-05-09_pilot-Gromozeka_drone-MadTrainer_track-track-002_session-004,1778310702.4385774,8849,skipped_innovation,"[0, 10]",2.9580740887806636,,15.253321593646959,12.753069877624512,1.822588562965393,27.822784423828125,24.750441646578142,18.403289199734054,11.013554662458072,,,,,,innovation_xz_gate
2026-05-09_pilot-Gromozeka_drone-MadTrainer_track-track-002_session-004,1778310702.4485793,8849,skipped_innovation,"[0, 10]",2.9580740887806636,,15.11627743316671,12.753069877624512,1.822588562965393,27.822784423828125,24.65803757419154,18.507550257143922,11.005550099692654,,,,,,innovation_xz_gate
2026-05-09_pilot-Gromozeka_drone-MadTrainer_track-track-002_session-004,1778310704.1455033,8901,injected,"[10, 9]",2.2507297530634283,4.0,6.3151232794988905,24.97406768798828,3.795520067214966,33.394065856933594,20.25881828969845,37.59492352498142,15.736143987044276,25.454306834111303,42.075682202973105,6.725530948444202,5.195488544412854,4.4807586779916875,
2026-05-09_pilot-Gromozeka_drone-MadTrainer_track-track-002_session-004,1778310705.5286963,8942,injected,"[21, 19]",1.813591939630247,4.0,5.118625769545499,5.325481414794922,2.545498847961426,33.60508728027344,10.137441243034969,31.859987747278467,6.475590288514665,9.45559244914242,32.02492249822312,3.181645110358383,-0.6818487938925486,0.16493475094465282,
2026-05-09_pilot-Gromozeka_drone-MadTrainer_track-track-002_session-004,1778310718.7112234,9337,injected,"[13, 12]",2.0088260991144438,4.0,9.313877211313432,38.958763122558594,10.429628372192383,21.68177032470703,48.2060651516282,20.5701436380047,7.795000118879467,40.852459928755515,16.326218524217698,4.7894871758015825,-7.353605222872687,-4.243925113787004,
2026-05-09_pilot-Gromozeka_drone-MadTrainer_track-track-002_session-004,1778310719.7951803,9370,injected,"[12, 17]",2.582939363367985,4.0,11.337551541711543,28.615657806396484,3.2445669174194336,29.60978126525879,39.46259470025533,26.31068517972118,9.9224144818719,39.114473352669336,31.695447239167322,10.46476852101926,-0.34812134758599456,5.3847620594461425,
2026-05-09_pilot-Gromozeka_drone-MadTrainer_track-track-002_session-004,1778310719.8852162,9373,injected,"[9, 7]",2.8400834846843095,4.260125227026464,6.3441479851106495,39.18167495727539,2.506279706954956,39.05756378173828,38.74950643704514,32.72815274854526,11.155617690658557,38.08249951455213,34.24692656946404,2.517489222288679,-0.6670069224930089,1.5187738209187742,
2026-05-09_pilot-Gromozeka_drone-MadTrainer_track-track-002_session-004,1778310728.0516403,9618,injected,"[9, 10]",1.6549969318114286,4.0,6.223009109732743,25.85417366027832,5.4175920486450195,34.56884765625,19.71004783527776,33.58114313242828,15.845123801217005,24.053467224221812,41.85636967082475,6.634945338625546,4.343419388944053,8.275226538396467,
2026-05-09_pilot-Gromozeka_drone-MadTrainer_track-track-002_session-004,1778310728.1925883,9622,injected,"[13, 19]",2.274230112020718,4.0,12.03983967149402,14.795367240905762,2.4219939708709717,34.78102111816406,25.43883623068979,40.40901429324761,6.615332414974481,23.487745959129388,39.709803400391294,7.318062977257178,-1.9510902715604033,-0.6992108928563141,
2026-05-09_pilot-Gromozeka_drone-MadTrainer_track-track-002_session-004,1778310736.6169324,9875,injected,"[12, 7]",2.8699304873841536,4.304895731076231,6.957514923304951,40.90650177001953,10.329232215881348,13.372076988220215,42.24317029204172,6.544168730909918,9.862001062923973,41.63502671408691,6.567666720788756,3.026369060484894,-0.6081435779548059,0.023497989878837444,
2026-05-09_pilot-Gromozeka_drone-MadTrainer_track-track-002_session-004,1778310752.4145024,10349,injected,"[13, 12]",2.085632947631826,4.0,13.373925383096845,30.125322341918945,11.293335914611816,34.1587028503418,21.450271511811987,23.980030380530096,12.694508583873024,20.951351203212177,39.18588638785632,5.731189496310615,-0.4989203085998106,15.205856007326226,
2026-05-09_pilot-Gromozeka_drone-MadTrainer_track-track-002_session-004,1778310754.0144584,10398,injected,"[19, 21]",1.9638471551689654,4.0,10.73967205994872,8.084807395935059,2.34372615814209,34.263710021972656,17.862730689308446,38.705868509031546,7.500577689994489,9.16772921836817,34.12745572239423,3.3336230355048153,-8.695001470940277,-4.578412786637315,
2026-05-09_pilot-Gromozeka_drone-MadTrainer_track-track-002_session-004,1778310766.9181573,10784,skipped_innovation,"[12, 10]",2.6493577871443854,,15.128589542500857,39.63720703125,2.6877663135528564,39.79928970336914,54.688491589395916,41.32672372655461,9.043346540425762,,,,,,innovation_xz_gate
2026-05-09_pilot-Gromozeka_drone-MadTrainer_track-track-002_session-004,1778310766.9281573,10784,skipped_innovation,"[12, 10]",2.6493577871443854,,15.063359371246102,39.63720703125,2.6877663135528564,39.79928970336914,54.61612324138591,41.392043518946295,9.020421788730264,,,,,,innovation_xz_gate
2026-05-09_pilot-Gromozeka_drone-MadTrainer_track-track-002_session-004,1778310766.9381573,10784,skipped_innovation,"[12, 10]",2.6493577871443854,,15.000495773004433,39.63720703125,2.6877663135528564,39.79928970336914,54.546435731287794,41.45149217458543,8.997881931780789,,,,,,innovation_xz_gate
2026-05-09_pilot-Gromozeka_drone-MadTrainer_track-track-002_session-004,1778310766.9481583,10784,injected,"[12, 10]",2.6493577871443854,4.0,14.93714716710044,39.63720703125,2.6877663135528564,39.79928970336914,54.47612140473347,41.50954866272074,8.979730840667406,49.34439451349467,39.31827486171577,4.676305244260463,-5.131726891238799,-2.191273801004968,
2026-05-09_pilot-Gromozeka_drone-MadTrainer_track-track-002_session-004,1778310792.8351393,11562,injected,"[13, 12]",1.339592909307529,4.0,5.010482377828078,34.25788497924805,1.3897308111190796,25.966934204101562,39.138195974684685,24.8322544050631,9.665168855751897,39.437013485828565,26.174119943777463,2.6215043055771865,0.29881751114388067,1.3418655387143623,
2026-05-09_pilot-Gromozeka_drone-MadTrainer_track-track-002_session-004,1778310793.5161173,11582,injected,"[0, 2]",2.445237056591136,4.0,10.427391560298705,40.08073043823242,6.376020431518555,23.16507911682129,38.45036870058121,33.46422545796003,2.9115190356950706,39.66085840727203,27.73803228188934,2.735884516729308,1.2104897066908222,-5.726193176070694,
