mode,method,ref_lap,test_lap,delta,median,mean,p95,pct_under_2m,pct_under_5m,tracking_pct,latency_median_ms,latency_p95_ms,n_frames
loo,nn_greedy,1,2,0.0,2.600724434752018,4.597885403945103,12.435656924883004,46.1082910321489,58.71404399323181,96.02032176121931,0.04660000195144676,0.05909499886911363,1182
loo,nn_window,1,2,0.0,8.01914537090449,8.338759839504979,20.939563141807547,18.95093062605753,31.387478849407785,100.0,0.06880000000819564,0.1141950000601355,1182
loo,nn_greedy,1,3,0.0,2.50884956694825,5.3165084098515125,15.96334890860139,41.985353946297806,60.13018714401953,96.90553745928338,0.043399999412940815,0.05845999985467642,1229
loo,nn_window,1,3,0.0,9.90846034193012,9.583735550479766,17.588340904930384,5.451586655817739,29.454841334418226,100.0,0.06509999730042182,0.08641999957035294,1229
loo,nn_greedy,1,4,0.0,2.10329189473804,4.457617236151013,13.654173609534231,49.00947459086994,64.51335055986219,96.98275862068965,0.046299999667098746,0.07409999670926481,1161
loo,nn_window,1,4,0.0,10.136541289813678,11.737387987769663,20.498231082789527,6.2015503875969,7.321274763135229,100.0,0.06479999865405262,0.08280000110971741,1161
loo,nn_greedy,1,5,0.0,4.48327538603555,6.098412828720641,17.05903715471128,30.942091616248916,51.25324114088159,96.62629757785467,0.046799999836366624,0.06243999814614654,1157
loo,nn_window,1,5,0.0,9.116381045193164,9.009399890129398,15.118692040722491,4.840103716508211,11.927398444252377,100.0,0.06600000051548705,0.09261999948648736,1157
loo,nn_window,1,6,0.0,10.796937328454312,12.126627201482828,21.229050013097353,3.6036036036036037,10.565110565110565,100.0,0.06120000034570694,0.08449999950244091,1221
loo,nn_greedy,1,6,0.0,6.663500147933889,6.9279808997664905,15.485856365646486,27.764127764127768,44.96314496314496,95.98360655737706,0.048400001105619594,0.11010000162059441,1221
loo,nn_greedy,1,7,0.0,3.2090995518351697,4.943611745278449,14.160567840078574,44.45399828030954,57.43766122098022,96.64371772805508,0.04610000178217888,0.06317000079434361,1163
loo,particle,1,2,0.0,0.9750009153374106,1.332550145761154,3.8597532691593486,79.18781725888326,100.0,100.0,0.35815000046568457,0.5675500000506872,1182
loo,nn_window,1,7,0.0,8.447810396651109,9.085526528026943,17.616784793220315,5.2450558899398105,14.617368873602752,100.0,0.0667000022076536,0.13675999907718472,1163
loo,particle,1,4,0.0,1.2545843751495074,1.56291703715577,3.811151769414275,68.81998277347114,99.82773471145563,100.0,0.34470000173314475,0.5485999972734135,1161
loo,particle,1,3,0.0,1.0104756869849634,1.3695173625270272,3.419674647193055,75.8340113913751,100.0,100.0,0.3456999984337017,0.7750800010398953,1229
loo,nn_greedy,1,8,0.0,4.498358636847283,5.231110893787561,12.402910835857863,39.11187019641332,55.08112724167379,96.32478632478633,0.046299999667098746,0.05395000152930152,1171
loo,particle,1,5,0.0,1.9782416641000102,3.2467450841024568,13.642506564839529,50.56179775280899,84.44252376836646,97.75086505190312,0.35009999919566326,0.7839600009901916,1157
loo,particle,1,6,0.0,1.6339031660618821,1.997912263623236,4.726073372127777,60.1965601965602,96.96969696969697,100.0,0.34589999995660037,0.5139000022609252,1221
loo,nn_window,1,8,0.0,10.104462667476756,11.622086811095302,20.446306756618185,0.4269854824935952,6.063193851409053,100.0,0.06380000195349567,0.10260000090056565,1171
loo,particle,1,7,0.0,1.2448978574627003,1.4267950887045473,2.8219326741956476,77.64402407566638,100.0,100.0,0.3329999999550637,0.5369499998778337,1163
loo,nn_greedy,1,9,0.0,2.583987629889012,5.233484937482364,16.344647501203994,42.857142857142854,58.48214285714286,96.6041108132261,0.04149999949731864,0.05970500333205563,1120
loo,nn_window,1,9,0.0,9.878627133407504,9.806613845684906,16.049126561852454,0.0,2.767857142857143,100.0,0.059699999837903306,0.08635500216769282,1120
loo,particle,1,8,0.0,1.8721608302125357,2.9510029348008464,9.727454814473468,56.191289496157125,82.83518360375747,98.63247863247864,0.3385999989404809,0.7502000007661991,1171
loo,hmm_forward,1,4,0.0,1.219628370642801,2.9075438165553895,10.53156197835631,63.82428940568475,81.30921619293713,96.4655172413793,0.22990000070421956,0.28329999986453913,1161
loo,hmm_forward,1,2,0.0,0.9425270995459091,1.9979087854174482,10.107480947746227,78.51099830795262,88.83248730964468,96.61303979678239,0.24729999859118834,0.43985999909637036,1182
loo,hmm_forward,1,5,0.0,2.6457302317014326,5.17428930384247,17.749372322582147,38.37510803802939,68.19360414866033,94.80968858131487,0.23820000205887482,0.45570000147563433,1157
loo,nn_greedy,1,10,0.0,3.1818548658688273,4.753300715362871,12.59897576719599,38.31948291782087,62.04986149584487,96.11829944547135,0.04519999856711365,0.06211000072653393,1083
loo,hmm_forward,1,6,0.0,1.693963240078182,4.045456538296502,14.369034733248865,55.44635544635545,75.51187551187552,96.39344262295081,0.21750000087195076,0.2616000019770581,1221
loo,nn_window,1,10,0.0,10.948395837094173,12.352135473812487,21.274471274358106,0.8310249307479225,8.771929824561402,100.0,0.060599999414989725,0.0783900002716109,1083
loo,hmm_forward,1,3,0.0,1.1713591349479202,3.915216358718975,19.60544332817874,64.03580146460537,78.68185516680228,97.80130293159608,0.22590000298805535,0.37683999980799837,1229
loo,nn_greedy,1,11,0.0,4.4194897442089776,5.711145038456162,14.4506854071907,26.633165829145728,54.85762144053601,97.06621961441743,0.04230000195093453,0.0574699974094983,1194
loo,nn_window,1,11,0.0,7.725490725835437,7.195976241279669,13.965201641415701,20.016750418760466,38.19095477386934,100.0,0.06050000047252979,0.08103500094875925,1194
loo,hmm_forward,1,10,0.0,1.2796185746370414,3.005767157246202,10.949143230705943,67.40535549399816,81.16343490304709,97.59704251386322,0.22060000264900737,0.3394000021216924,1083
loo,particle,1,9,0.0,1.4236446704926273,1.9656238523984224,5.393596843660452,62.410714285714285,92.41071428571429,100.0,0.33195000105479266,0.6204899982549249,1120
loo,hmm_forward,1,7,0.0,1.34971381506712,3.1283405933436774,11.689577793139646,64.5743766122098,81.8572656921754,97.41824440619621,0.22900000112713315,0.3225599986762969,1163
loo,nn_greedy,1,12,0.0,3.8805656393712282,5.440141686807505,13.634505628323149,38.009049773755656,52.76018099547512,96.55797101449275,0.04229999831295572,0.060600000142585465,1105
loo,particle,1,10,0.0,1.4653218194067514,1.5510778355320507,3.212336227781777,64.72760849492151,100.0,100.0,0.3361999988555908,0.7846899974538195,1083
loo,hmm_forward,1,11,0.0,4.402948332337157,5.501756310696422,14.890033630304583,34.92462311557789,53.68509212730318,97.40150880134115,0.21850000121048652,0.27159999935975065,1194
loo,nn_window,1,12,0.0,9.278321190897575,8.201027754849125,16.331170092978144,18.190045248868778,32.48868778280543,100.0,0.05989999772282317,0.06907999922987074,1105
loo,particle,1,11,0.0,3.040565566763071,3.9221761941074007,13.887872268159734,31.742043551088777,84.7571189279732,99.24559932942162,0.32479999936185777,0.5954099995506112,1194
loo,hmm_forward,1,12,0.0,1.1033842586649805,2.991700838190273,11.158912057310594,69.23076923076923,79.00452488687783,95.56159420289855,0.21879999985685572,0.26480000087758526,1105
loo,nn_greedy,1,13,0.0,5.072530999467569,5.573143848498676,13.994101640577622,31.19800332778702,49.25124792013311,95.503746877602,0.04459999763639644,0.06445999988500266,1202
loo,nn_window,1,13,0.0,10.234089022576189,10.620665638548525,15.784924311947076,0.0,2.7454242928452577,100.0,0.05980000059935264,0.07608499763591682,1202
loo,particle,1,12,0.0,1.201938399220971,1.9945217181060748,5.069528778994142,63.438914027149316,94.66063348416289,98.55072463768117,0.32869999995455146,0.5440199995064176,1105
loo,hmm_forward,1,9,0.0,1.4443013340030988,4.028291271246061,14.712424892678754,57.67857142857142,71.33928571428572,96.96157283288652,0.22709999939252157,0.3497449999485979,1120
loo,hmm_forward,1,8,0.0,3.0638125964839604,4.797865039842382,12.849771918739686,44.49188727583262,55.76430401366353,97.09401709401709,0.2213000007031951,0.366599999324535,1171
loo,hmm_forward,1,13,0.0,5.64328263369595,5.75882483920128,12.752461783426343,20.049916805324457,43.09484193011647,93.08909242298084,0.21890000061830506,0.29085499954817357,1202
loo,nn_greedy,1,14,0.0,4.8059934652574166,6.104882568258349,16.895542958645336,41.336633663366335,50.330033003300336,96.11890999174236,0.04220000118948519,0.05204499975661748,1212
loo,nn_window,1,14,0.0,10.18784823431508,11.442696788879877,21.693908937536282,3.7128712871287126,5.9405940594059405,100.0,0.060500002291519195,0.09275500196963567,1212
loo,particle,1,13,0.0,2.5789482067346348,3.5520907104595354,11.584495867244122,37.85357737104825,78.6189683860233,99.33388842631142,0.337049999870942,0.6938500013347948,1202
loo,nn_greedy,1,15,0.0,2.6370600283408776,5.181358516616092,14.197298211803105,37.58620689655172,58.620689655172406,96.37618636755823,0.045200000386103056,0.06131000100140226,1160
loo,hmm_forward,1,14,0.0,1.4836228538671774,4.8941217567496675,22.880676366210107,58.168316831683164,70.54455445544554,94.54995871180843,0.2328000009583775,0.37158499853831034,1212
loo,particle,1,14,0.0,1.726811352747421,3.2372940252947013,16.007219548749518,54.45544554455446,85.06600660066007,97.60528488852188,0.3249000001233071,0.500389999615436,1212
loo,nn_window,1,15,0.0,7.7682534752401775,8.649575487785917,17.544793683591813,5.517241379310345,23.103448275862068,100.0,0.06040000153006986,0.07993499730218898,1160
loo,hmm_forward,1,15,0.0,1.5436557030226674,3.3342435162658433,11.712535604058274,61.63793103448276,77.67241379310344,98.70578084555652,0.2182000025641173,0.24641000254632672,1160
loo,nn_greedy,1,16,0.0,4.342912715190321,6.252207461676477,16.140573698059576,36.12565445026178,50.34904013961605,96.85589519650655,0.04219999937049579,0.05895000140299089,1146
loo,particle,1,15,0.0,1.6194599212466403,1.9285092769797991,3.929021372821049,59.48275862068966,100.0,100.0,0.32610000198474154,0.5565050012592108,1160
loo,nn_window,1,16,0.0,8.92089546863686,8.298593074159037,16.43396050656436,14.223385689354275,32.809773123909245,100.0,0.060200000007171184,0.08002499907888705,1146
loo,hmm_forward,1,16,0.0,2.6426728960579497,5.047415017567707,13.798123088705722,44.76439790575916,59.51134380453752,95.37117903930131,0.21950000154902227,0.29705000088142697,1146
loo,particle,1,16,0.0,1.462959534608371,2.1541594604033665,5.417754504109463,71.29144851657941,94.58987783595113,97.81659388646288,0.3236999982618727,0.49132500043924665,1146
loo,nn_greedy,1,17,0.0,3.2262774436301305,5.456172232718967,15.380594174343008,39.10422049956934,55.81395348837209,96.63793103448276,0.04199999966658652,0.05279999822960235,1161
loo,nn_window,1,17,0.0,13.517705136785148,14.300911427236233,22.684224711289005,3.5314384151593456,7.235142118863049,100.0,0.05999999848427251,0.07919999916339293,1161
loo,dtw_online,1,9,0.0,4.823397294690137,6.238686996056209,16.349882760385338,43.214285714285715,50.357142857142854,98.92761394101876,31.107650000194553,37.34321499923681,1120
loo,dtw_online,1,10,0.0,8.584083338523454,9.12333843315112,24.304838010482165,27.88550323176362,42.56694367497691,98.8909426987061,31.359500000689877,38.64037000130334,1083
loo,particle,1,17,0.0,0.9726427216485142,1.5338068958274806,4.649537357681747,74.59086993970715,97.84668389319552,100.0,0.32730000020819716,0.5835999982082285,1161
loo,nn_greedy,1,18,0.0,3.1886775055415577,5.193006965556989,13.190873974213716,39.696699375557536,56.46743978590544,96.07142857142857,0.04199999966658652,0.054700001783203334,1121
loo,dtw_online,1,7,0.0,4.210096329328621,5.45347199297903,13.950355095617356,33.44797936371453,56.835769561478934,98.62306368330465,31.286900000850437,37.861669999256264,1163
loo,dtw_online,1,4,0.0,2.148361449991535,4.2958789666347545,14.75454905046066,49.00947459086994,70.6287683031869,98.9655172413793,31.17280000151368,42.26600000038161,1161
loo,dtw_online,1,2,0.0,1.008322540927201,1.4319586125286088,4.19713119777282,82.57191201353638,96.19289340101524,99.23793395427603,31.216800000038347,38.0132100011906,1182
loo,nn_window,1,18,0.0,11.37541514388148,11.75232028140722,20.46182306546689,4.549509366636931,12.221231043710972,100.0,0.06329999814624898,0.10659999679774046,1121
loo,nn_greedy,1,19,0.0,2.3085645595085875,4.3182514005785135,12.325407364949248,43.712574850299404,65.86826347305389,96.10486891385767,0.043799998820759356,0.057649998780107126,1336
loo,nn_window,1,19,0.0,14.757365695146932,14.660870383122218,24.654716760986187,4.640718562874251,5.763473053892216,100.0,0.06319999738479964,0.12180000067019137,1336
loo,particle,1,18,0.0,1.4161030861081778,1.7498587070368459,4.496334438158335,68.86708296164139,96.61016949152543,99.375,0.3366999990248587,0.6869999997434206,1121
loo,dtw_online,1,8,0.0,8.129873866290668,7.464394838014269,14.591788595410904,27.75405636208369,35.69598633646456,98.97435897435898,32.01700000136043,39.106250000259024,1171
loo,particle,1,19,0.0,1.7768748758429604,1.9456784179969495,5.026458808417274,56.51197604790419,94.83532934131736,100.0,0.33195000105479266,0.7320499998968444,1336
loo,nn_greedy,1,20,0.0,4.148865461956852,6.173241882844552,17.01570255035099,37.75322283609576,50.552486187845304,96.58986175115207,0.04280000212020241,0.06315000064205378,1086
loo,nn_window,1,20,0.0,12.534772007634208,12.122721331411885,21.388570928394472,6.169429097605893,11.41804788213628,100.0,0.06049999865354039,0.09074999979929999,1086
loo,hmm_forward,1,18,0.0,2.0352007886814625,3.687550206890143,11.733357136368234,49.24174843889384,76.0035682426405,97.58928571428571,0.22340000214171596,0.563900000997819,1121
loo,hmm_forward,1,17,0.0,1.2274174303996608,3.8385345340997787,15.319005848761844,64.42721791559,74.24633936261843,96.12068965517241,0.22230000104173087,0.31099999978323467,1161
loo,hmm_forward,1,20,0.0,2.689193481506949,5.351117937772688,23.34668668007428,45.11970534069982,64.1804788213628,96.12903225806451,0.22190000163391232,0.34537499959697016,1086
loo,dtw_online,1,6,0.0,10.77333478708033,10.777628307718556,21.444988109231378,9.172809172809172,20.96642096642097,98.52459016393442,31.590099999448285,40.956400000141,1221
loo,nn_window,2,1,0.0,9.31896774096283,8.708623940943992,14.371844047474887,11.139674378748929,14.481576692373608,100.0,0.061400001868605614,0.07140000161598437,1167
loo,nn_greedy,2,1,0.0,2.0024607091088518,4.397563666505359,13.687942365671145,49.95715509854327,63.667523564695806,96.483704974271,0.04319999789004214,0.07544999934907544,1167
loo,particle,1,20,0.0,2.2363611163806656,4.465965651104236,21.953074116154532,44.47513812154696,76.42725598526704,98.15668202764977,0.3247500008001225,0.48829999923327705,1086
loo,hmm_forward,1,19,0.0,2.145848352085654,4.247658187727017,11.302236627979088,48.57784431137724,65.19461077844312,96.92883895131087,0.22019999960321002,0.346150000950729,1336
loo,nn_greedy,2,3,0.0,2.9653296961456608,5.5540297958986855,15.999394811365994,41.334418226200164,57.36371033360456,97.06840390879479,0.04260000059730373,0.05431999888969583,1229
loo,nn_window,2,3,0.0,9.761131062597025,10.010830622821068,17.139516266571132,4.393816110659072,8.70626525630594,100.0,0.060599999414989725,0.08131999857141635,1229
loo,hmm_forward,2,1,0.0,1.5374214410827616,2.8128808018920193,12.694011639021939,59.21165381319623,84.57583547557842,97.34133790737565,0.2206999997724779,0.34176000081060925,1167
loo,dtw_online,1,3,0.0,0.9987036590247484,1.798248630775634,7.092181028364692,75.6712774613507,92.75834011391375,99.3485342019544,32.51100000125007,40.96610000196961,1229
loo,particle,2,1,0.0,1.218210410785106,1.3761539568798602,3.4284102300885397,83.1191088260497,100.0,100.0,0.3259999975853134,0.4630299990822096,1167
loo,nn_greedy,2,4,0.0,1.5941680712996456,4.099462288245778,14.349960722686257,57.622739018087856,70.11197243755383,97.75862068965517,0.04229999831295572,0.049700000090524554,1161
loo,nn_window,2,4,0.0,10.726176890874568,11.219160648711574,17.611039047795646,0.0,2.0671834625323,100.0,0.0610999995842576,0.0870000003487803,1161
loo,dtw_online,1,14,0.0,11.77890948605771,10.650581164375575,18.76450236469937,12.706270627062707,18.06930693069307,98.67877786952931,30.744549998416915,35.005474999707076,1212
loo,hmm_forward,2,3,0.0,1.751069685079236,3.8189042934977944,14.625945030498402,53.13262815296989,79.17005695687551,96.17263843648209,0.23190000138129108,0.5426000010629646,1229
loo,particle,2,3,0.0,1.3362358917512578,1.6975202272692274,4.131246899975662,70.46379170056957,99.26769731489016,100.0,0.3362000024935696,0.6526600009237878,1229
loo,hmm_forward,2,4,0.0,1.3198479244730843,2.324532601904353,9.884404291477288,70.45650301464255,89.75021533161069,97.84482758620689,0.21919999926467426,0.28640000164159574,1161
loo,nn_greedy,2,5,0.0,4.6714631229473325,6.262495393816094,17.42966091256377,30.682800345721695,50.99394987035436,96.53979238754326,0.0441999982285779,0.056400000175926834,1157
loo,nn_window,2,5,0.0,10.16371263618844,11.151209386724497,17.24127109864628,0.0,1.1235955056179776,100.0,0.06049999865354039,0.078860000212444,1157
loo,particle,2,4,0.0,1.2585678456696388,1.4635354204869444,3.013304739843662,71.0594315245478,100.0,100.0,0.33179999809362926,0.6739999989804346,1161
loo,dtw_online,1,13,0.0,5.247214419358723,6.133147284105805,13.72357160769211,29.866888519134775,46.422628951747086,98.50124895920067,31.48200000032375,37.938714997289935,1202
loo,hmm_forward,2,5,0.0,2.2171861960145223,4.394147979400421,15.566611875173221,45.2895419187554,71.82368193604148,96.280276816609,0.21890000061830506,0.26044000042020343,1157
loo,nn_greedy,2,6,0.0,5.154232191183271,6.60623178934631,17.03282488062785,28.58312858312858,49.631449631449634,96.39344262295081,0.04310000076657161,0.062200000684242696,1221
loo,nn_window,2,6,0.0,10.097157524104043,10.701851324780897,18.284514135275664,3.357903357903358,5.814905814905815,100.0,0.060599999414989725,0.09689999933470972,1221
loo,particle,2,5,0.0,1.5837028338958266,1.6297854593782934,2.937535490037749,62.575626620570446,100.0,100.0,0.32780000037746504,0.557039998966502,1157
loo,dtw_online,1,17,0.0,8.227677582403697,8.92007268943252,24.753027363652016,33.850129198966414,47.88975021533161,98.62068965517241,30.88480000224081,36.910099999658996,1161
loo,hmm_forward,2,6,0.0,4.162661653374035,6.102383726452229,15.935228535582567,28.33742833742834,54.217854217854224,95.40983606557377,0.2204000011261087,0.2916000012191944,1221
loo,nn_greedy,2,7,0.0,1.9688025815115866,4.432109468858564,13.30369942465367,50.38693035253654,64.5743766122098,97.33218588640275,0.04310000076657161,0.05859000229975207,1163
loo,nn_window,2,7,0.0,3.853119915447195,7.928398573918739,21.58363323446309,39.55288048151333,50.81685296646603,100.0,0.060299997130641714,0.07336999879044011,1163
loo,dtw_online,1,5,0.0,2.0660347586884154,3.966335613861356,15.045296469004802,49.178910976663786,72.34226447709594,98.96193771626297,36.01340000022901,47.72875999988173,1157
loo,particle,2,6,0.0,2.0601748405730187,3.4692111656015028,12.243853379332606,46.43734643734644,78.37837837837837,99.09836065573771,0.3268000000389293,0.5450000026030466,1221
loo,hmm_forward,2,7,0.0,1.4529723475235354,2.4980591182210907,10.766689207460676,63.972484952708506,87.10232158211522,98.62306368330465,0.21779999951831996,0.2540299996326211,1163
loo,nn_greedy,2,8,0.0,2.2247100839286693,5.109864377779995,15.515587655261283,47.993168232280105,58.326216908625106,96.92307692307692,0.04260000059730373,0.059250000049360096,1171
loo,nn_window,2,8,0.0,10.418227497280862,10.752939321198157,23.436516742467177,18.44577284372331,21.5200683176772,100.0,0.06049999865354039,0.07850000110920519,1171
loo,dtw_online,1,12,0.0,6.606221603833533,6.805661985485848,16.098287253172394,38.73303167420815,46.244343891402714,99.09420289855072,35.06519999791635,47.683120000147014,1105
loo,particle,2,7,0.0,1.3270335156807462,1.4034525070628352,2.9329533740457463,79.19174548581256,100.0,100.0,0.334399999701418,0.9237100010068363,1163
loo,hmm_forward,2,8,0.0,1.5555329195995116,3.818954350274927,10.873043968886503,55.33731853116994,68.23228010247652,94.70085470085469,0.2193000000261236,0.28419999762263615,1171
loo,nn_greedy,2,9,0.0,2.455091950077303,4.990117729265776,16.896760865444797,46.339285714285715,60.357142857142854,96.24664879356568,0.04740000076708384,0.08136500073305791,1120
loo,nn_window,2,9,0.0,8.684046523714795,8.90494978368448,15.046383707862608,4.910714285714286,21.25,100.0,0.060349999330355786,0.09490500215179054,1120
loo,dtw_online,1,15,0.0,1.6323531639701825,2.955749702504439,10.156746401828846,56.63793103448276,77.67241379310344,99.137187230371,32.51405000082741,43.055259997709065,1160
loo,particle,2,8,0.0,1.3871977238794557,1.9306194110415453,7.2364389962846385,69.76942783945346,92.82664389410759,100.0,0.3386999997019302,0.7894999980635475,1171
loo,hmm_forward,2,9,0.0,1.6609922207297272,3.267310587011257,13.020220993360418,59.464285714285715,80.89285714285714,97.40840035746203,0.21839999863004778,0.2973900009237695,1120
loo,nn_greedy,2,10,0.0,3.5851283907463456,5.685344782676115,18.403487235969124,39.05817174515235,54.93998153277931,96.85767097966729,0.042499999835854396,0.06919000006746485,1083
loo,nn_window,2,10,0.0,10.214745663849342,10.521296024302325,17.59603390040645,0.0,7.109879963065559,100.0,0.06040000153006986,0.08177999734471084,1083
loo,particle,2,9,0.0,1.4692179697570262,2.042662299762076,6.3304805041903816,71.33928571428572,90.53571428571429,100.0,0.32730000020819716,0.583105001533113,1120
loo,hmm_forward,2,10,0.0,1.7941835029058706,3.942266838493731,11.336119846315697,56.14035087719298,69.71375807940905,97.50462107208872,0.21770000239484943,0.28146999793534616,1083
loo,nn_greedy,2,11,0.0,3.222170096151939,5.006513857144755,16.002761730537976,38.60971524288107,61.47403685092128,96.06035205364627,0.04224999975122046,0.057470001047477105,1194
loo,nn_window,2,11,0.0,9.842376226276706,10.642307534955815,16.980406139699483,0.0,2.763819095477387,100.0,0.06030000076862052,0.07993499984877415,1194
loo,particle,2,10,0.0,1.6799856174521703,2.1738394910663783,6.034493214224112,59.83379501385041,91.32040627885503,100.0,0.3269000008003786,0.5480999996507303,1083
loo,hmm_forward,2,11,0.0,2.7775872223386786,4.411545168803522,12.547424411228555,36.4321608040201,65.15912897822446,97.65297569153395,0.22205000095709693,0.31636499916203303,1194
loo,particle,2,11,0.0,1.9796275437658988,2.2820894367825932,5.769981645793059,50.58626465661642,92.96482412060301,100.0,0.3274000009696465,0.5896299999221798,1194
loo,nn_greedy,2,12,0.0,2.532331978512638,5.20463576101971,15.614728478370738,45.61085972850679,56.7420814479638,96.64855072463769,0.042100000428035855,0.059480001800693565,1105
loo,nn_window,2,12,0.0,9.716678552890418,9.563216493254913,16.52402151005037,8.868778280542987,12.48868778280543,100.0,0.06039999789209105,0.08097999889287166,1105
loo,dtw_online,1,16,0.0,8.207301322823959,7.563673558141798,16.48155401009272,30.104712041884817,42.495636998254795,99.03930131004367,34.9163499995484,46.61012500218931,1146
loo,hmm_forward,2,12,0.0,1.2258686543112884,2.4769927418115225,10.201193230620023,71.04072398190046,87.51131221719457,97.19202898550725,0.22470000112662092,0.5409999997937119,1105
loo,particle,2,12,0.0,1.0682695144989738,1.7044324998207643,5.809093624156624,76.38009049773756,90.67873303167421,100.0,0.32750000173109584,0.6137399985163936,1105
loo,nn_greedy,2,13,0.0,4.012109500012592,5.416325517981683,16.77378885373126,38.60232945091514,55.82362728785357,95.75353871773522,0.042499999835854396,0.07209499963209964,1202
loo,nn_window,2,13,0.0,5.187896124862575,6.1067303743356165,14.461193369769378,12.479201331114808,47.171381031613976,100.0,0.060599999414989725,0.12634000195248524,1202
loo,dtw_online,1,11,0.0,11.951091551029041,11.666019176137144,23.48522836977972,1.675041876046901,13.5678391959799,98.40737636211232,36.676099998658174,47.130530000322324,1194
loo,hmm_forward,2,13,0.0,5.817547436455471,5.348527919308563,11.911263646080078,26.28951747088186,45.4242928452579,94.75437135720233,0.22159999934956431,0.34051499969791627,1202
loo,particle,2,13,0.0,1.7534371880894883,2.8593724065577057,9.793455162036377,54.99168053244592,85.85690515806988,98.66777685262281,0.32640000063111074,0.575280001248757,1202
loo,nn_greedy,2,14,0.0,2.4750051873868704,5.488064590797094,16.549163312290155,44.306930693069305,57.920792079207914,96.36663914120561,0.042499999835854396,0.06254000199987791,1212
loo,nn_window,2,14,0.0,9.435512387572054,9.157635888290063,15.884698497563654,7.920792079207921,12.706270627062707,100.0,0.06009999924572185,0.0902349998796126,1212
loo,dtw_online,1,20,0.0,8.376805323763957,6.488299170245352,18.165732875627345,38.02946593001841,46.408839779005525,99.07834101382488,30.43509999952221,32.23745000104827,1086
loo,hmm_forward,2,14,0.0,1.783791238981217,4.105650284245283,13.193385611973317,53.960396039603964,71.94719471947195,96.44921552436003,0.22330000138026662,0.3671050009870673,1212
loo,dtw_online,1,18,0.0,10.778448225356046,10.401884176442628,21.67296011696658,8.385370205173952,26.94023193577163,98.39285714285715,35.1766999992833,43.597699997917516,1121
loo,particle,2,14,0.0,1.6391632376382739,1.7339010762622982,3.3459881364936277,67.4092409240924,99.17491749174917,100.0,0.33059999987017363,0.6191800008309668,1212
loo,nn_greedy,2,15,0.0,1.9335402026699007,4.540259068768372,13.958675567821745,50.172413793103445,64.22413793103449,96.98015530629853,0.04280000212020241,0.05050500240031396,1160
loo,dtw_online,2,4,0.0,1.1113775858506396,2.2210577263121367,12.16708451607061,75.10766580534023,90.95607235142118,99.39655172413792,31.301300001359778,36.23110000262386,1161
loo,nn_window,2,15,0.0,10.43010545180774,12.37151211956935,21.365557597281768,2.844827586206897,5.517241379310345,100.0,0.06129999746917747,0.08141500129568156,1160
loo,dtw_online,2,10,0.0,7.752336103578125,8.58623463872835,23.8907454599506,38.78116343490305,46.445060018467224,98.70609981515712,31.367999999929452,36.03141000130563,1083
loo,nn_greedy,2,16,0.0,2.775526327058359,5.335589798635853,16.754925318942647,36.12565445026178,58.813263525305416,96.94323144104804,0.04199999966658652,0.050675000238697976,1146
loo,nn_window,2,16,0.0,10.224517479032649,10.718031576213818,19.304342083025475,0.08726003490401396,3.7521815008726005,100.0,0.060100002883700654,0.07127499793568859,1146
loo,hmm_forward,2,15,0.0,1.7669350036797535,3.9140660651420016,12.895286830642238,52.1551724137931,75.0,96.11734253666955,0.22109999918029644,0.32258000010187965,1160
loo,hmm_forward,2,16,0.0,1.7948372140993762,3.874706973752822,13.982706023270037,54.10122164048866,72.25130890052355,96.94323144104804,0.2204000011261087,0.3081500017287908,1146
loo,particle,2,15,0.0,1.099703321149147,1.3864629121503569,3.553128215291584,72.06896551724138,100.0,100.0,0.32949999877018854,0.5752199982453019,1160
loo,nn_greedy,2,17,0.0,2.2339831098923635,4.6378636455026445,14.366119480529857,46.425495262704565,62.18776916451335,96.37931034482759,0.044299998990027234,0.05729999975301325,1161
loo,nn_window,2,17,0.0,9.890068953055872,9.918907960818249,18.644625470569515,4.7372954349698535,15.417743324720067,100.0,0.0608000009378884,0.09329999738838524,1161
loo,particle,2,16,0.0,1.530413442020236,1.722312617574881,3.523031858234229,66.05584642233858,96.9458987783595,100.0,0.32575000113865826,0.581975000386592,1146
loo,hmm_forward,2,17,0.0,1.3557560793854218,2.6398693146795043,10.754105640722658,66.0637381567614,84.23772609819122,97.67241379310346,0.22119999994174577,0.42300000131945126,1161
loo,dtw_online,2,1,0.0,8.899206013293856,8.58547661022394,18.04944540246948,14.738646101113966,34.01885175664096,99.05660377358491,32.08290000111447,43.37180999900739,1167
loo,particle,2,17,0.0,1.1111965251306062,1.3166405405780492,3.6576192144664623,84.3238587424634,100.0,100.0,0.3262999998696614,0.532900001417147,1161
loo,nn_greedy,2,18,0.0,2.8794410539682045,5.559713436055582,16.88052211072011,39.1614629794826,56.19982158786797,96.07142857142857,0.04289999924367294,0.08180000077118166,1121
loo,nn_window,2,18,0.0,9.285718327994008,8.855889253893881,14.345064544110343,9.991079393398751,15.700267618198039,100.0,0.060599999414989725,0.081900001532631,1121
loo,hmm_forward,2,18,0.0,1.6916250665103125,2.77990837245011,8.625486767894339,54.41570026761819,80.55307760927744,95.44642857142858,0.22160000298754312,0.41290000081062317,1121
loo,dtw_online,2,5,0.0,1.9116342596906064,2.4242383381108192,5.609756586163291,51.33967156439066,92.56698357821953,99.13494809688581,32.11179999925662,43.96563999835054,1157
loo,particle,2,18,0.0,1.0689748992474006,1.3500976850311026,2.883513484115373,73.23818019625334,100.0,100.0,0.3257999997003935,0.5531000024348032,1121
loo,nn_greedy,2,19,0.0,2.2485989884994413,4.478882911463958,12.061274976653287,44.76047904191617,62.4251497005988,96.55430711610487,0.04430000262800604,0.059500000133994035,1336
loo,nn_window,2,19,0.0,9.740372520386014,9.36699778173419,14.686271954167964,8.158682634730539,10.254491017964073,100.0,0.060599999414989725,0.08535000142728677,1336
loo,dtw_online,2,11,0.0,13.02213173888465,11.46863253471217,21.739711326039192,13.986599664991624,22.36180904522613,98.23973176865046,30.875699998432538,33.45193499881134,1194
loo,hmm_forward,2,19,0.0,2.1106072793350346,3.5677729270481664,9.644027291651414,47.1556886227545,74.10179640718563,97.15355805243445,0.2231499984191032,0.4481000014493475,1336
loo,dtw_online,2,3,0.0,9.982515604077348,10.850539959954974,23.63766402918437,15.215622457282343,18.71440195280716,98.61563517915309,32.44289999929606,37.44217999992543,1229
loo,nn_greedy,2,20,0.0,3.9978557176934966,5.985301939309465,18.23202989350343,37.01657458563536,59.48434622467772,96.7741935483871,0.042499999835854396,0.06445000053645344,1086
loo,nn_window,2,20,0.0,8.260227159511235,8.731422578403656,16.32745310278939,11.878453038674033,16.574585635359114,100.0,0.06049999865354039,0.07500000083382474,1086
loo,particle,2,19,0.0,1.5918793135277478,2.4792157989571857,8.348834662259893,60.02994011976048,86.75149700598801,98.50187265917603,0.32869999995455146,0.5660000006173505,1336
loo,hmm_forward,2,20,0.0,2.037692247119632,3.801623880477574,17.07360057037914,48.34254143646409,84.16206261510129,96.68202764976958,0.2207000015914673,0.2765749995887745,1086
loo,nn_greedy,3,1,0.0,2.017663156525567,4.722741519449527,15.152774323152942,49.52870608397601,65.98114824335904,96.483704974271,0.04360000093583949,0.05450000026030466,1167
loo,nn_window,3,1,0.0,10.221523462338117,10.174994970794577,15.3888192088154,0.0,1.1996572407883461,100.0,0.06120000034570694,0.07356999740295578,1167
loo,dtw_online,2,6,0.0,9.477895209641881,10.281993066450214,23.667731161169122,13.513513513513514,21.785421785421786,98.60655737704917,32.383800000388874,37.735199999588076,1221
loo,particle,2,20,0.0,1.7791546810316696,2.2037536821208596,4.695817642211821,55.432780847145494,95.02762430939227,100.0,0.3285000020696316,0.6228499987628311,1086
loo,hmm_forward,3,1,0.0,1.1720488270701583,2.3866607819716417,10.342718935801031,67.00942587832049,86.54670094258783,97.59862778730704,0.23220000002766028,0.35153000062564405,1167
loo,nn_greedy,3,2,0.0,2.59146436943759,5.460548175653597,15.879085615822518,44.41624365482234,57.10659898477157,96.69771380186283,0.043799998820759356,0.05529500249394915,1182
loo,nn_window,3,2,0.0,10.803053118746178,11.220496828491349,16.173662783206193,0.0,0.0,100.0,0.06190000203787349,0.1015849986288231,1182
loo,particle,3,1,0.0,0.9717735597920935,1.4192203950934712,4.028572873583125,75.74978577549271,100.0,100.0,0.334700001985766,0.5931600004259963,1167
loo,dtw_online,2,8,0.0,11.12826275608289,11.04554522764077,22.131017728689276,17.16481639624253,18.616567036720753,98.97435897435898,32.08960000119987,50.361449997581076,1171
loo,dtw_online,2,7,0.0,9.340386172845895,8.736885486880642,17.526651680189175,17.540842648323302,33.36199484092863,98.79518072289156,32.7863000020443,50.73701000037543,1163
loo,hmm_forward,3,2,0.0,1.1018004325465829,2.4965148075658417,9.759765562096883,70.13536379018612,87.64805414551607,96.69771380186283,0.21839999863004778,0.28815500299970187,1182
loo,nn_greedy,3,4,0.0,2.5397108852214267,4.741893222328021,16.45898108907887,45.0473729543497,65.7192075796727,97.06896551724138,0.04400000034365803,0.055199998314492404,1161
loo,nn_window,3,4,0.0,11.29744637305759,13.824447874487316,23.747111389860827,1.8087855297157622,4.3066322136089585,100.0,0.06150000263005495,0.07950000144774094,1161
loo,particle,3,2,0.0,1.3343337439193284,1.6821650499896632,3.8397251500516205,67.00507614213198,100.0,100.0,0.32759999885456637,0.457485001970781,1182
loo,hmm_forward,3,4,0.0,1.4268816046001105,2.5929329343873966,11.336710208560776,63.04909560723514,88.71662360034453,98.01724137931035,0.21890000061830506,0.27319999935571104,1161
loo,nn_greedy,3,5,0.0,3.0708368612400836,5.359856013620132,17.109025610383718,40.622299049265344,61.10630942091616,95.76124567474048,0.043399999412940815,0.05666000070050362,1157
loo,nn_window,3,5,0.0,9.820095491033486,10.201631658299284,15.294589215851072,0.0,2.679343128781331,100.0,0.06130000110715628,0.0777999986894429,1157
loo,particle,3,4,0.0,1.3813554243557777,1.6249966752217864,4.206760733568537,75.45219638242894,100.0,100.0,0.32470000223838724,0.4243000003043562,1161
loo,hmm_forward,3,5,0.0,1.3704930668842312,2.917240659696864,11.824966964066629,67.84788245462403,85.30682800345721,97.31833910034602,0.21829999968758784,0.2867600000172389,1157
loo,particle,3,5,0.0,1.3837072535938901,1.6181832922388852,3.442468557090587,70.95937770095074,99.22212618841833,100.0,0.32730000020819716,0.4692599977715873,1157
loo,nn_greedy,3,6,0.0,2.6442599363937513,5.742550430231782,15.859499125550075,44.63554463554463,58.55855855855856,95.16393442622952,0.043399999412940815,0.05379999856813811,1221
loo,dtw_online,2,12,0.0,10.251924021506605,11.712077260585378,23.44830026260745,3.8009049773755654,7.782805429864253,98.0072463768116,33.05699999691569,51.91782000110833,1105
loo,nn_window,3,6,0.0,12.887992765081227,13.622062103130038,23.27245065349156,2.8665028665028665,8.517608517608517,100.0,0.06139999823062681,0.07499999992433004,1221
loo,hmm_forward,3,6,0.0,1.443751768292086,2.7111930820817283,10.097623998323742,67.8951678951679,85.58558558558559,95.81967213114754,0.21869999909540638,0.2677999982552137,1221
loo,dtw_online,2,9,0.0,9.220166852317643,8.850786103398303,17.671712799031518,14.017857142857142,29.107142857142858,98.92761394101876,36.07700000065961,53.15423499851021,1120
loo,nn_greedy,3,7,0.0,3.7460624023489286,5.480055417422783,16.697687599572145,30.782459157351678,56.835769561478934,95.86919104991394,0.04400000034365803,0.05787999762105753,1163
loo,nn_window,3,7,0.0,11.567678502400065,14.264601586840548,23.57163551271317,0.2579535683576956,2.063628546861565,100.0,0.06289999873843044,0.07558000070275736,1163
loo,particle,3,6,0.0,1.242087276893236,1.467999275794444,3.259296861185441,77.47747747747748,100.0,100.0,0.3270999986852985,0.4571999998006504,1221
loo,dtw_online,1,19,0.0,2.0650592505773595,3.5842096567467756,13.049371363405296,48.57784431137724,79.56586826347305,98.57677902621724,34.95964999819989,43.43860000153654,1336
loo,hmm_forward,3,7,0.0,1.334147950496722,3.170942094968506,12.756191383203573,63.11263972484953,83.66294067067928,96.55765920826161,0.2199000009568408,0.3166699996654642,1163
loo,nn_greedy,3,8,0.0,2.6767677658128,5.029397785971766,15.795719518874094,43.0401366353544,61.48590947907772,95.72649572649573,0.04310000076657161,0.052549999963957816,1171
loo,nn_window,3,8,0.0,10.330591174496497,13.292571975149128,22.83452381633974,0.0,2.7327070879590094,100.0,0.06130000110715628,0.08230000094044954,1171
loo,particle,3,7,0.0,1.4466029651719485,1.739714517716627,4.167681106888264,68.01375752364575,98.88220120378331,100.0,0.3265000013925601,0.445949998902506,1163
loo,hmm_forward,3,8,0.0,1.933979639566822,3.63907419064555,11.26624996264869,50.896669513236546,70.45260461144322,95.81196581196582,0.21980000019539148,0.2729999996518018,1171
loo,particle,3,8,0.0,1.5387629858140779,2.130280513113002,5.688513683015748,59.948761742100764,88.64218616567037,100.0,0.3251000016462058,0.4378000012366101,1171
loo,nn_greedy,3,9,0.0,1.6857749270816784,4.202973546292957,14.182738693410375,54.55357142857142,68.03571428571429,96.24664879356568,0.04289999924367294,0.05279999841150129,1120
loo,nn_window,3,9,0.0,11.753504609413643,14.128159501077029,23.48767872976859,0.0,5.803571428571429,100.0,0.06070000017643906,0.06970499962335452,1120
loo,dtw_online,2,14,0.0,9.401195719020755,9.001064316399427,19.184843568164442,14.85148514851485,32.0957095709571,99.0916597853014,32.231300001512864,37.484904999655555,1212
loo,hmm_forward,3,9,0.0,0.9863794815605114,2.28719809204048,8.717484729499816,72.14285714285714,83.92857142857143,98.03395889186774,0.21969999943394214,0.25922999830072513,1120
loo,particle,3,9,0.0,1.1198277481779053,1.4386344921173482,4.083737541093713,78.66071428571428,100.0,100.0,0.32389999978477135,0.43661999952746555,1120
loo,nn_greedy,3,10,0.0,3.5238841051322414,5.601798328414562,17.024542011118214,36.84210526315789,58.17174515235457,96.30314232902033,0.04319999789004214,0.05547000073420345,1083
loo,nn_window,3,10,0.0,7.539062219218091,7.510946882613302,13.499363325177026,15.143120960295475,30.009233610341646,100.0,0.060900001699337736,0.07710000099905301,1083
loo,dtw_online,2,13,0.0,2.0519870214323754,3.7170396684170295,12.024263654402532,48.75207986688852,75.79034941763727,98.83430474604496,35.41465000125754,50.546030000077735,1202
loo,hmm_forward,3,10,0.0,1.3633342269197224,2.4228905515799792,9.63530843550146,72.02216066481995,88.08864265927978,96.21072088724584,0.22259999968810007,0.3092999988439259,1083
loo,particle,3,10,0.0,1.371506894222456,1.6922324063550092,4.563020699228763,71.09879963065559,97.78393351800554,100.0,0.3260000012232922,0.4691100009949875,1083
loo,nn_greedy,3,11,0.0,4.819186812270618,6.069410172651807,15.262322454758644,24.036850921273032,52.34505862646566,96.39564124057,0.04310000076657161,0.05614000056084475,1194
loo,nn_window,3,11,0.0,9.031513690120565,8.909296532370488,15.20192625349926,1.507537688442211,24.87437185929648,100.0,0.06139999823062681,0.08290500063594661,1194
loo,dtw_online,2,16,0.0,9.80698416743651,10.765704753739172,23.943864534979603,14.223385689354275,19.895287958115183,98.8646288209607,31.17770000062592,32.42562499963242,1146
loo,hmm_forward,3,11,0.0,4.647900879876112,5.026137535029791,12.103395693355383,34.92462311557789,56.03015075376885,93.46186085498742,0.21845000082976185,0.2615999983390793,1194
loo,particle,3,11,0.0,2.9894482932259607,3.548296270752617,8.692801715991882,36.68341708542713,72.27805695142379,100.0,0.3257000007579336,0.4068799982633206,1194
loo,nn_greedy,3,12,0.0,3.2918571425934915,5.474709613188839,16.0054790988932,40.36199095022624,54.38914027149321,97.19202898550725,0.04310000076657161,0.05909999890718609,1105
loo,nn_window,3,12,0.0,11.07237276763817,10.966154735215792,14.9259044630656,1.3574660633484164,3.5294117647058822,100.0,0.06070000017643906,0.07059999916236848,1105
loo,dtw_online,2,15,0.0,1.0786751878716248,2.66862329591411,12.726678625662851,76.8103448275862,83.36206896551724,99.5685936151855,30.57855000042764,46.409575001416655,1160
loo,dtw_online,2,18,0.0,10.47048287332708,10.84576385643625,23.64401120947399,17.752007136485283,22.301516503122212,98.83928571428572,31.58859999894048,44.26959999909741,1121
loo,hmm_forward,3,12,0.0,1.077050831863649,1.7740415427484846,7.792610607891521,82.98642533936652,92.21719457013575,96.82971014492753,0.21809999816468917,0.27773999827331863,1105
loo,nn_greedy,3,13,0.0,5.09576627705549,6.2166141167504,16.209618156295473,29.28452579034942,48.75207986688852,96.75270607826812,0.043199999709031545,0.05819499947392615,1202
loo,nn_window,3,13,0.0,8.674753135913111,8.511189272895658,14.095845197011272,0.7487520798668885,27.371048252911812,100.0,0.060900001699337736,0.06990000110818073,1202
loo,particle,3,12,0.0,1.1225300041369475,1.4380082379892014,3.6244008946121893,76.289592760181,100.0,100.0,0.3299999989394564,0.5494999975780956,1105
loo,dtw_online,2,20,0.0,9.754111894588792,9.371586881841711,22.21377878656655,22.007366482504604,23.941068139963168,98.89400921658986,32.11069999997562,49.62754999996832,1086
loo,dtw_online,2,17,0.0,1.7463407055332387,6.7699463527278665,24.310063639410295,52.71317829457365,58.74246339362619,98.79310344827587,32.412999997177394,46.128599999065045,1161
loo,nn_greedy,3,14,0.0,3.470473461143287,5.6003789140166464,14.147700300347692,42.9042904290429,52.310231023102304,96.11890999174236,0.04350000017439015,0.05383499883464539,1212
loo,particle,3,13,0.0,1.7079375620370079,2.169098135460013,4.996052407004629,60.648918469217975,95.00831946755409,99.16736053288926,0.32949999877018854,0.5308499979946647,1202
loo,nn_window,3,14,0.0,11.249722225728702,11.076421591360745,15.780929554935483,0.7425742574257426,3.3003300330033,100.0,0.06295000093814451,0.08479999814881012,1212
loo,hmm_forward,3,13,0.0,5.218928593753212,5.9912875387157385,13.866210052722597,30.86522462562396,49.25124792013311,96.00333055786844,0.22680000256514177,0.32668999938323395,1202
loo,hmm_forward,3,14,0.0,1.3417215736963994,2.62381532465449,8.920389127571603,68.06930693069307,83.993399339934,97.52270850536746,0.22495000121125486,0.3159449974191375,1212
loo,nn_greedy,3,15,0.0,3.7232460726904493,6.145980690322893,16.638222222311114,35.86206896551724,54.568965517241374,96.03106125970665,0.04799999987881165,0.055599997722310945,1160
loo,particle,3,14,0.0,1.3830660800630372,2.0431530092970513,5.814258899371062,63.613861386138616,93.48184818481849,100.0,0.3346999983477872,0.4564499980915571,1212
loo,nn_window,3,15,0.0,11.219582370398633,13.976160779610796,23.03083425373258,2.844827586206897,5.43103448275862,100.0,0.06259999827307183,0.07950500130391447,1160
loo,hmm_forward,3,15,0.0,1.9021899493287222,3.5336227078618982,12.646575163547517,51.810344827586206,76.72413793103449,96.54874892148403,0.21869999909540638,0.2992350007843924,1160
loo,particle,3,15,0.0,1.647506691899391,1.8963940172143088,4.3699932237497405,60.258620689655174,99.05172413793103,100.0,0.3256500003772089,0.4173150015049032,1160
loo,nn_greedy,3,16,0.0,2.826335640188165,5.190526152631737,17.29913221385105,42.495636998254795,60.47120418848168,97.03056768558952,0.043000000005122274,0.05080000119050965,1146
loo,nn_window,3,16,0.0,16.749276115799958,16.372207592462175,24.78848719274655,0.0,2.530541012216405,100.0,0.06079999729990959,0.0686999992467463,1146
loo,dtw_online,3,5,0.0,1.1624268649233824,3.5129567599978975,16.195288999337787,66.63785652549697,80.8124459809853,99.13494809688581,31.745500000397442,35.54538000098546,1157
loo,hmm_forward,3,16,0.0,1.9147387014057407,2.7615609386414515,7.220053161052528,52.5305410122164,87.26003490401396,96.5938864628821,0.21710000146413222,0.24560000110795954,1146
loo,particle,3,16,0.0,1.573946510871331,1.862609481965226,3.956406353776036,65.88132635253055,99.65095986038395,100.0,0.32469999860040843,0.4111499993086909,1146
loo,dtw_online,3,4,0.0,9.521597927198028,9.040041293472104,18.879501126404797,16.96813092161929,26.614987080103358,98.87931034482759,32.48619999794755,39.218600002641324,1161
loo,nn_greedy,3,17,0.0,3.005930997591904,4.970477912561693,14.199406805121615,44.01378122308355,58.39793281653747,96.29310344827586,0.043099997128592804,0.055900000006658956,1161
loo,dtw_online,3,2,0.0,7.297588961201001,8.485065649849766,22.05235467835084,27.326565143824027,46.277495769881554,99.06858594411516,32.725749999372056,35.64405999932205,1182
loo,nn_window,3,17,0.0,15.82299947971702,15.902795433973843,24.671164116681094,0.17226528854435832,4.04823428079242,100.0,0.06139999823062681,0.07689999983995222,1161
loo,hmm_forward,3,17,0.0,1.259335287404242,2.461643415449172,10.28458303479014,68.5615848406546,87.25236864771747,97.06896551724138,0.21940000078757294,0.2958000004582573,1161
loo,nn_greedy,3,18,0.0,3.156330408563272,5.378185079780381,16.06130920640538,40.05352363960749,55.48617305976806,96.51785714285714,0.043300002289470285,0.05740000051446259,1121
loo,particle,3,17,0.0,1.1817997347661342,1.5744620076384188,4.404963571503477,75.45219638242894,98.70801033591732,100.0,0.3274000009696465,0.4138999975111801,1161
loo,nn_window,3,18,0.0,10.366799222647977,9.812514715575002,14.818526521885813,11.59678858162355,12.934879571810884,100.0,0.06119999670772813,0.07540000297012739,1121
loo,hmm_forward,3,18,0.0,1.6202962226351028,2.76004052156072,9.591735641370397,63.69313113291704,85.28099910793934,97.41071428571428,0.2190000013797544,0.26810000053956173,1121
loo,dtw_online,3,1,0.0,9.625907433640235,8.722770114623941,15.500787679833408,15.167095115681233,24.764353041988006,99.31389365351629,33.22250000201166,50.48901999907685,1167
loo,nn_greedy,3,19,0.0,2.452252955939656,4.497287092873545,13.929473798471989,44.31137724550898,69.46107784431138,96.10486891385767,0.04400000034365803,0.05402499755291501,1336
loo,particle,3,18,0.0,1.5585911154877674,1.8208376565434452,3.890877612945895,66.81534344335415,100.0,100.0,0.32609999834676273,0.45089999912306666,1121
loo,nn_window,3,19,0.0,11.043742759979251,10.686801292604455,14.701871019806084,1.4970059880239521,3.0688622754491015,100.0,0.06270000085351057,0.0757750012780889,1336
loo,hmm_forward,3,19,0.0,2.1231640026848977,3.7523740428662835,11.163333611547747,49.17664670658682,70.58383233532935,96.62921348314607,0.21879999985685572,0.29260000064823544,1336
loo,particle,3,19,0.0,1.5090609277274933,1.904878202723432,5.210184061540284,62.27544910179641,94.46107784431138,100.0,0.32454999927722383,0.4310750018703402,1336
loo,nn_greedy,3,20,0.0,2.3357033820715563,6.293723734609245,23.74068673859223,46.59300184162063,55.61694290976059,96.58986175115207,0.04310000076657161,0.052900001719535794,1086
loo,nn_window,3,20,0.0,11.83201472906028,11.704862409930481,15.60992151423369,0.0,0.0,100.0,0.06100000064179767,0.07567500142613426,1086
loo,dtw_online,2,19,0.0,10.559465339419202,10.801356369071017,23.551228176013726,14.595808383233532,18.937125748502996,98.72659176029963,31.43504999752622,40.32614999869111,1336
loo,hmm_forward,3,20,0.0,1.399041525663542,2.9798739221275112,9.165374597633205,65.28545119705342,80.66298342541437,97.32718894009217,0.22089999947638717,0.3081499990003067,1086
loo,dtw_online,3,9,0.0,6.549667393325327,6.565867476546764,16.72612050758596,37.857142857142854,45.982142857142854,98.74888293118856,33.180949998495635,48.02998500181273,1120
loo,dtw_online,3,7,0.0,5.455995028346369,7.458370075333182,16.428645881911457,15.82115219260533,45.571797076526224,98.79518072289156,33.15940000175033,41.79539000033401,1163
loo,dtw_online,3,8,0.0,2.8125980845636906,5.461972284254123,18.695879759552696,41.246797608881295,60.973526900085396,98.54700854700855,32.89369999765768,41.27285000140546,1171
loo,nn_greedy,4,1,0.0,1.722202601046196,3.9283786933923546,12.531030747778495,54.67009425878321,68.808911739503,96.91252144082333,0.0427999984822236,0.053140000818530105,1167
loo,nn_window,4,1,0.0,11.612868165962462,14.547069381240513,24.380293097809147,0.7712082262210797,4.284490145672665,100.0,0.062200000684242696,0.07610999855387492,1167
loo,particle,3,20,0.0,1.678065487386149,2.0475805151816933,6.157703491431459,59.852670349907925,92.5414364640884,99.17050691244239,0.32749999991210643,0.4699749988503754,1086
loo,dtw_online,3,6,0.0,11.052548041501192,11.018199778254251,22.694540093004555,9.41850941850942,21.294021294021295,98.11475409836066,32.98290000020643,40.27420000056736,1221
loo,nn_greedy,4,2,0.0,2.102838422462205,4.761914398253002,13.91502246721058,48.56175972927242,61.844331641285955,96.95173581710415,0.042499999835854396,0.05079499769635732,1182
loo,nn_window,4,2,0.0,9.207989516527304,9.962809019747763,23.177567298640486,16.159052453468696,25.296108291032148,100.0,0.06070000017643906,0.07568499804619934,1182
loo,hmm_forward,4,1,0.0,1.0847786814073883,2.1940682920238417,10.651200753398378,80.63410454155957,88.2604970008569,96.31217838765008,0.22959999841987155,0.3362000024935696,1167
loo,particle,4,1,0.0,1.2098913629339068,1.6231257271979438,4.652182851438847,70.26563838903171,97.17223650385604,100.0,0.3301999968243763,0.4152899979089853,1167
loo,nn_greedy,4,3,0.0,2.5867999653384044,4.951352344204611,14.31268326928029,41.82262001627339,63.791700569568754,97.06840390879479,0.04229999831295572,0.0511199999891687,1229
loo,hmm_forward,4,2,0.0,1.0481179381578705,2.105140708446823,9.983675246599963,76.98815566835871,89.00169204737732,97.0364098221846,0.22200000057637226,0.2919450020272054,1182
loo,dtw_online,3,10,0.0,8.733234109199834,8.66486439789856,22.3314458714558,29.362880886426595,41.735918744229,98.61367837338263,33.09590000208118,50.61511999956562,1083
loo,nn_window,4,3,0.0,9.80327469406011,9.950846844154666,15.912762690925124,5.614320585842148,7.160292921074044,100.0,0.06170000051497482,0.07547999775852074,1229
loo,particle,4,2,0.0,1.0678273548884776,1.4538576340794238,3.7698658403825944,76.39593908629442,99.49238578680203,100.0,0.3298999999969965,0.49061500121752094,1182
loo,nn_greedy,4,5,0.0,2.7916282994803265,5.171220235205905,16.876339385561707,39.49870354364736,61.88418323249783,96.53979238754326,0.0441999982285779,0.05882000041310676,1157
loo,hmm_forward,4,3,0.0,1.26615664473098,2.7598721813738796,12.55000778869398,75.50854353132628,88.12042310821806,97.14983713355049,0.22939999689697288,0.3238999997847712,1229
loo,nn_window,4,5,0.0,9.939193557188666,9.941999524414971,15.76762177586043,2.679343128781331,7.000864304235091,100.0,0.060599999414989725,0.08012000180315226,1157
loo,particle,4,3,0.0,1.1592930932477576,1.1972485567064604,2.4080017377783527,86.81855166802278,100.0,100.0,0.32809999902383424,0.4096400007256306,1229
loo,hmm_forward,4,5,0.0,1.4141000412565663,2.799069645555405,12.69764305892269,64.47709593777009,86.08470181503888,96.7128027681661,0.2213000007031951,0.2935399999842048,1157
loo,nn_greedy,4,6,0.0,7.0767188619571835,6.8850521945621965,15.431383514488799,30.95823095823096,47.25634725634726,95.49180327868852,0.042199997551506385,0.051700000767596066,1221
loo,particle,4,5,0.0,1.254674218706482,1.5228676974039679,3.317280022427645,78.13310285220398,98.2713915298185,100.0,0.3255000010540243,0.4000799999630545,1157
loo,nn_window,4,6,0.0,10.483330496725292,10.799046686015782,17.97557602080861,4.340704340704341,6.388206388206388,100.0,0.06009999924572185,0.06969999958528206,1221
loo,hmm_forward,4,6,0.0,2.075085752598972,4.360143432685169,13.940600111947012,49.058149058149056,69.2055692055692,95.32786885245902,0.22059999901102856,0.2859999985957984,1221
loo,particle,4,6,0.0,1.4280709378029661,1.4890028365431085,2.6779358530228956,83.29238329238329,100.0,100.0,0.32610000198474154,0.4668000001402106,1221
loo,nn_greedy,4,7,0.0,2.3986739842082834,4.715505265481388,14.260847652993021,44.02407566638005,63.88650042992261,96.64371772805508,0.042100000428035855,0.05259000026853754,1163
loo,nn_window,4,7,0.0,10.231513582765531,10.04947300890285,16.26201092490043,8.85640584694755,9.630266552020636,100.0,0.05999999848427251,0.08017999971343667,1163
loo,dtw_online,3,11,0.0,9.302023225364554,9.06320380913243,16.462766068200327,15.159128978224457,28.391959798994975,97.98826487845767,32.055650002803304,37.37065000004804,1194
loo,hmm_forward,4,7,0.0,1.1252916876815604,1.935073132754392,9.131682901492734,73.25881341358556,91.14359415305245,98.02065404475043,0.22030000036465935,0.25257999986933993,1163
loo,particle,4,7,0.0,1.1922717819672337,1.3375943647974784,3.157998249910451,83.74892519346517,100.0,100.0,0.32560000181547366,0.41422000031161577,1163
loo,nn_greedy,4,8,0.0,2.255302312233164,4.681405072868206,12.709155210267724,44.064901793339025,62.083689154568745,96.32478632478633,0.04230000195093453,0.059100000726175494,1171
loo,nn_window,4,8,0.0,9.369609477148565,9.323260969902684,16.777658179303412,3.0742954739538857,25.27754056362084,100.0,0.060200000007171184,0.08454999988316558,1171
loo,dtw_online,3,12,0.0,7.608572163590044,7.1289640640913525,16.889506545254044,34.751131221719454,43.98190045248869,98.82246376811594,33.353300001181196,41.55744000017876,1105
loo,hmm_forward,4,8,0.0,0.9211180114962122,2.5946447162838973,9.414710381296906,70.3672075149445,79.41929974380871,96.23931623931624,0.21969999943394214,0.2804000014293706,1171
loo,particle,4,8,0.0,1.0165387550222316,1.7696340486511077,5.730142393255738,70.28181041844577,93.08283518360376,100.0,0.3259999975853134,0.42054999903484713,1171
loo,nn_greedy,4,9,0.0,2.8762715018079192,5.0010606248443255,14.581664682499252,43.03571428571429,59.017857142857146,95.97855227882037,0.042599996959324926,0.055999997130129486,1120
loo,nn_window,4,9,0.0,12.861526475506132,15.02890241420804,25.056973499962304,0.08928571428571429,4.910714285714286,100.0,0.06030000076862052,0.07905000129539981,1120
loo,dtw_online,3,13,0.0,11.75232055845272,11.103351198093847,23.597676195058433,12.895174708818635,25.79034941763727,98.66777685262281,32.12380000150006,33.96974000297632,1202
loo,hmm_forward,4,9,0.0,1.3744823073877779,2.889595600723208,12.567505276122594,66.07142857142857,84.28571428571429,98.48078641644325,0.21825000112585258,0.2792000013869256,1120
loo,particle,4,9,0.0,1.32957844083144,1.8453971927503996,5.283759423161305,68.30357142857143,93.92857142857143,100.0,0.3259999994043028,0.39167499890027097,1120
loo,nn_greedy,4,10,0.0,3.0609354297362814,4.954087150881064,15.054923897980224,39.24284395198522,58.63342566943675,96.85767097966729,0.04150000313529745,0.05194000295887227,1083
loo,nn_window,4,10,0.0,7.853538626422053,7.745624541635608,13.451537896823059,7.29455216989843,29.45521698984303,100.0,0.059300000430084765,0.07636999980604738,1083
loo,dtw_online,3,15,0.0,6.9727184155072335,7.615521270554487,15.931769788717695,19.396551724137932,42.931034482758626,98.53321829163072,32.89145000053395,37.48148999984551,1160
loo,hmm_forward,4,10,0.0,1.3678657951258382,3.843209456065247,12.547518006242193,60.48014773776546,70.91412742382272,97.04251386321626,0.22090000129537657,0.24878999938664492,1083
loo,dtw_online,3,18,0.0,10.858894528325656,11.191864640369214,22.93046411269487,7.850133809099019,19.268510258697592,98.125,32.685999998648185,34.137499998905696,1121
loo,nn_greedy,4,11,0.0,2.3472094571280246,4.271707566876112,12.826303685426316,44.89112227805695,67.00167504187606,96.1441743503772,0.04229999831295572,0.051035001706623,1194
loo,particle,4,10,0.0,1.3001787499516801,2.0102112193442174,5.326232474637589,64.63527239150508,92.89012003693445,100.0,0.3276999996160157,0.4433100017195098,1083
loo,dtw_online,3,17,0.0,10.293249184846811,11.236106189312887,25.02646020445829,6.029285099052541,24.54780361757106,98.44827586206897,31.91099999821745,33.91610000107903,1161
loo,nn_window,4,11,0.0,7.151958308642203,7.100003713920986,13.767669687886524,16.666666666666664,41.959798994974875,100.0,0.06000000212225132,0.0762349996875855,1194
loo,dtw_online,3,16,0.0,1.6519383958798899,2.848146022497661,13.092173849591616,63.089005235602095,87.08551483420594,99.47598253275109,32.324050000170246,40.93627500242292,1146
loo,hmm_forward,4,11,0.0,2.0475154395342035,3.9771496746246986,14.646997562848332,48.82747068676717,74.03685092127303,94.13243922883487,0.219150000702939,0.26817999987542857,1194
loo,nn_greedy,4,12,0.0,2.1463859490267123,4.524823240513735,13.47388621526209,48.05429864253394,66.06334841628959,96.19565217391303,0.0427999984822236,0.05178000137675553,1105
loo,nn_window,4,12,0.0,10.279970661276264,9.770047315650375,13.296204665346965,0.904977375565611,6.0633484162895925,100.0,0.06009999924572185,0.07444000002578831,1105
loo,particle,4,11,0.0,1.4717184505271041,2.1475102038551475,5.69545494038375,62.47906197654941,90.78726968174205,100.0,0.3256999989389442,0.47468500179093087,1194
loo,hmm_forward,4,12,0.0,0.9045222710177849,2.00515733335418,10.18746723190658,78.55203619909503,88.5972850678733,97.73550724637681,0.21800000104121864,0.24435999948764214,1105
loo,dtw_online,3,14,0.0,1.2010229056270332,2.0640077004332364,9.76039266264753,76.23762376237624,91.91419141914191,99.50454170107349,32.61994999957096,40.713119999963965,1212
loo,nn_greedy,4,13,0.0,2.7649112288590714,4.779529621174765,14.187867977231004,44.84193011647255,60.48252911813644,96.08659450457951,0.042100000428035855,0.05079499769635732,1202
loo,nn_window,4,13,0.0,3.871054741306353,5.647949406038432,15.068171244230713,28.452579034941767,60.232945091514146,100.0,0.06039999789209105,0.07209499981399858,1202
loo,particle,4,12,0.0,0.8344949140634953,1.1860144795249268,2.934743248185991,75.1131221719457,100.0,100.0,0.3262999998696614,0.45671999760088505,1105
loo,hmm_forward,4,13,0.0,4.02212701880552,4.187063615381575,9.791665741200777,37.18801996672213,63.56073211314476,97.751873438801,0.21859999833395705,0.2695900016988163,1202
loo,nn_greedy,4,14,0.0,2.6006651754330408,5.684467822574525,15.08121749184227,43.23432343234324,56.353135313531354,96.28406275805119,0.04220000118948519,0.05674499916494825,1212
loo,nn_window,4,14,0.0,8.106422360795406,8.932933242787096,22.50729902573426,17.491749174917494,31.765676567656765,100.0,0.05990000136080198,0.07439999899361283,1212
loo,particle,4,13,0.0,1.594367361499485,2.8213687848960243,10.03453673795465,58.98502495840267,84.02662229617304,98.91756869275603,0.32619999910821207,0.4712949981694692,1202
loo,hmm_forward,4,14,0.0,1.4933767303281393,4.392024415605277,19.354722172174437,58.25082508250825,74.66996699669967,96.7795210569777,0.21980000019539148,0.28629500120587187,1212
loo,particle,4,14,0.0,1.66355433185331,2.220293165794897,6.540016440396799,59.98349834983499,89.60396039603961,99.25681255161024,0.3260000012232922,0.5007300003853745,1212
loo,nn_greedy,4,15,0.0,4.013043059206831,5.6817006632087805,14.49950695631914,36.810344827586206,54.05172413793103,96.54874892148403,0.04220000118948519,0.053720001415058484,1160
loo,nn_window,4,15,0.0,10.377467389227261,10.34596650354179,16.48783348493517,3.2758620689655173,6.206896551724138,100.0,0.05990000136080198,0.07380499810096808,1160
loo,dtw_online,3,20,0.0,1.363531711412474,2.1307397836611237,5.933931059599981,69.42909760589319,87.20073664825047,99.53917050691244,33.45690000060131,43.21427500053687,1086
loo,hmm_forward,4,15,0.0,1.3318774473718313,2.7189216675278605,11.30643502369158,66.55172413793103,86.03448275862068,97.75668679896462,0.21919999926467426,0.2504050002244185,1160
loo,dtw_online,4,5,0.0,1.1408924248604266,1.6916686584198135,4.574223395076076,73.98444252376837,96.02420051858253,99.65397923875432,30.827899998257635,32.31780000132858,1157
loo,nn_greedy,4,16,0.0,1.6928594230997402,4.394120837760239,15.150063756866967,53.49040139616056,68.06282722513089,97.55458515283843,0.042100000428035855,0.04807499954040395,1146
loo,nn_window,4,16,0.0,8.322564169543746,8.148651051893562,13.596179301268585,2.181500872600349,22.5130890052356,100.0,0.06000000212225132,0.07259999983943999,1146
loo,particle,4,15,0.0,1.2374630610722885,1.6001862516760181,4.391988574757109,76.29310344827587,99.05172413793103,100.0,0.32604999978502747,0.5317299988746526,1160
loo,dtw_online,4,2,0.0,9.501719584026741,8.526580303662374,14.259399621681082,8.037225042301184,21.065989847715734,98.89923793395428,30.98350000072969,33.22924999865791,1182
loo,hmm_forward,4,16,0.0,1.0920927041451698,1.754849852267772,6.41027647944512,80.10471204188482,93.717277486911,98.3406113537118,0.21979999837640207,0.2990499988300144,1146
loo,particle,4,16,0.0,1.0541951225800261,1.291617426569004,2.979859978922682,81.15183246073299,100.0,100.0,0.3257999997003935,0.4135249992032186,1146
loo,nn_greedy,4,17,0.0,2.6427630797191,4.621379344349458,14.584856688689985,47.286821705426355,65.97760551248923,96.37931034482759,0.042100000428035855,0.051300001359777525,1161
loo,nn_window,4,17,0.0,10.280581520266606,9.828278621731844,14.148529205245547,0.516795865633075,7.493540051679587,100.0,0.06009999924572185,0.08030000026337802,1161
loo,dtw_online,4,1,0.0,5.0572322304534865,7.995144528211831,20.631914317194617,32.904884318766065,49.87146529562982,99.05660377358491,31.03749999718275,38.848450002114994,1167
loo,hmm_forward,4,17,0.0,1.2613689171489726,2.7045332212338686,10.407369438327606,64.85788113695091,82.68733850129199,96.03448275862068,0.21970000307192095,0.270499996986473,1161
loo,nn_greedy,4,18,0.0,1.7435882798431264,3.9326622815854377,11.981956594626586,53.43443354148082,70.11596788581623,96.96428571428571,0.042100000428035855,0.05709999823011458,1121
loo,particle,4,17,0.0,0.9925482854812615,1.5590970327425546,4.915762556877421,77.51937984496125,95.69336778639104,100.0,0.3266000021540094,0.43110000115120783,1161
loo,nn_window,4,18,0.0,9.37839752364726,9.107956115017005,14.524271847887345,5.619982158786797,14.540588760035684,100.0,0.05980000059935264,0.08009999874047935,1121
loo,hmm_forward,4,18,0.0,1.2027304606974552,1.970330740955554,10.223893730920437,82.60481712756467,91.70383586083854,97.85714285714285,0.21940000078757294,0.28170000223326497,1121
loo,particle,4,18,0.0,1.04831935437292,1.2951727998446498,2.9968604598099153,79.30419268510259,100.0,100.0,0.3255000010540243,0.3906999991158955,1121
loo,nn_greedy,4,19,0.0,2.2347350199305622,3.9812355013673257,12.38956939805372,45.58383233532935,67.81437125748504,97.07865168539325,0.04169999738223851,0.050224999540660065,1336
loo,nn_window,4,19,0.0,10.14763490613074,9.55979788656695,14.978324450317714,7.410179640718563,10.104790419161677,100.0,0.059399997553555295,0.07034999998722924,1336
loo,dtw_online,4,7,0.0,8.463172654012391,7.393788454122134,14.40311227244671,12.037833190025795,35.4256233877902,98.9672977624785,31.163600000581937,33.97656999804894,1163
loo,dtw_online,4,6,0.0,9.5329079057635,11.2877957655883,25.14131277533438,7.862407862407863,20.065520065520065,98.77049180327869,30.815399997663917,32.15309999723104,1221
loo,hmm_forward,4,19,0.0,1.354795297932214,3.1046716086840687,10.022830242461431,56.287425149700596,78.6676646706587,97.60299625468166,0.22199999875738285,0.2768500007732655,1336
loo,nn_greedy,4,20,0.0,2.8774642638146144,5.266383497341956,17.335039998863884,45.21178637200737,58.74769797421732,97.05069124423963,0.04199999966658652,0.04997500218451023,1086
loo,nn_window,4,20,0.0,2.5691683285163256,6.067780495379155,15.46203010799635,43.554327808471456,59.02394106813996,100.0,0.060200000007171184,0.07547499808424618,1086
loo,particle,4,19,0.0,1.1283089846458236,1.5987960427698846,4.247356479588445,71.7065868263473,100.0,100.0,0.3279000011389144,0.4878999980064691,1336
loo,dtw_online,4,3,0.0,7.183379998040196,7.454760858193375,13.970127192595132,6.753458096013018,32.302685109845406,98.9413680781759,31.60359999674256,39.06589999896823,1229
loo,hmm_forward,4,20,0.0,1.942249578492909,5.132394174145523,23.013269009881654,50.736648250460405,69.9815837937385,97.78801843317973,0.23754999892844353,0.31562500043946784,1086
loo,nn_greedy,5,1,0.0,4.1385862655770245,5.589865766619644,15.156329231840928,37.53213367609254,53.64181662382177,96.65523156089193,0.04310000076657161,0.057210000159102506,1167
loo,particle,4,20,0.0,1.4943529603750698,2.95344775556179,11.459192110645573,61.97053406998159,80.11049723756905,100.0,0.3372999981365865,0.45212500117486343,1086
loo,nn_window,5,1,0.0,10.844683988654673,11.1265188693922,17.620090433293594,0.0,2.227934875749786,100.0,0.06679999933112413,0.07856999909563456,1167
loo,hmm_forward,5,1,0.0,2.1908839807453755,4.201779084607125,15.982170367500355,44.90145672664953,74.63581833761782,95.88336192109776,0.22820000231149606,0.27177999909326905,1167
loo,particle,5,1,0.0,1.8546733561383608,2.966867733509895,9.296122691188454,51.7566409597258,82.09083119108827,100.0,0.3329999999550637,0.43913999797950964,1167
loo,nn_greedy,5,2,0.0,5.27355344395886,6.17002841509284,16.11764889446852,30.37225042301184,48.81556683587141,96.35901778154107,0.04189999890513718,0.048795000475365675,1182
loo,nn_window,5,2,0.0,12.24213940496993,14.728227638270628,24.311935635433148,1.7766497461928936,8.967851099830796,100.0,0.061400001868605614,0.08027500025491466,1182
loo,dtw_online,3,19,0.0,10.504553591053977,9.991878023377796,24.280214015567903,21.931137724550897,35.85329341317365,98.57677902621724,33.472799997980474,42.773950000992045,1336
loo,hmm_forward,5,2,0.0,1.7636473392937955,2.6023494187457645,9.112651127774212,58.03722504230119,90.69373942470389,97.2904318374259,0.2193000000261236,0.27661500043905113,1182
loo,dtw_online,4,8,0.0,10.943358634770194,12.45496857377798,24.712211713225155,5.5508112724167376,17.079419299743808,98.80341880341881,31.319599998823833,38.51394999946933,1171
loo,nn_greedy,5,3,0.0,4.720075532057581,5.801353022885767,14.853181045119317,39.056143205858426,51.098454027664765,95.76547231270358,0.04260000059730373,0.06046000125934364,1229
loo,nn_window,5,3,0.0,8.793936915902878,8.53147357857671,13.91567239758018,0.0,24.410089503661514,100.0,0.05999999848427251,0.07171999823185614,1229
loo,particle,5,2,0.0,1.809173181937078,1.9470838421251326,3.5857520903249323,57.95262267343486,100.0,100.0,0.32609999834676273,0.5495200011864655,1182
loo,hmm_forward,5,3,0.0,1.4441067263802583,2.506828294694944,9.487625871421335,69.65012205044752,90.3986981285598,99.0228013029316,0.21920000290265307,0.27179999888176093,1229
loo,particle,5,3,0.0,1.0389239863115474,1.307771161676633,2.958478287188283,76.24084621643613,100.0,100.0,0.3257999997003935,0.5214600016188342,1229
loo,nn_greedy,5,4,0.0,2.6811508814903156,5.139531966493844,16.270987444924728,40.999138673557276,60.2928509905254,96.89655172413794,0.04180000178166665,0.054299998737405986,1161
loo,nn_window,5,4,0.0,10.666010232925446,9.712994103005624,16.90989986794353,2.239448751076658,30.1464254952627,100.0,0.0594000011915341,0.07970000297063962,1161
loo,dtw_online,4,9,0.0,6.1510033858226265,6.46976963093095,16.35348579477761,35.08928571428571,48.214285714285715,99.01697944593387,31.316399999923306,40.79726000181836,1120
loo,dtw_online,4,10,0.0,9.413926669939471,8.81660756109939,23.050293499379492,36.011080332409975,44.87534626038781,98.8909426987061,30.357800002093427,39.03410000093571,1083
loo,hmm_forward,5,4,0.0,1.3774246224941005,1.9822952437801529,5.304881215927467,74.67700258397933,94.22911283376399,97.93103448275862,0.21980000019539148,0.32479999936185777,1161
loo,nn_greedy,5,6,0.0,7.671368280843593,7.269760061546057,15.243227142952891,19.737919737919736,35.54463554463555,96.31147540983606,0.041799998143687844,0.049700000090524554,1221
loo,particle,5,4,0.0,1.204945894251178,1.5065205808415822,3.818221970888681,77.60551248923342,99.56933677863911,100.0,0.325099998008227,0.454699998954311,1161
loo,nn_window,5,6,0.0,12.895426499950206,14.77801716649941,25.164716885916995,2.293202293202293,6.306306306306306,100.0,0.059600002714432776,0.07050000203889795,1221
loo,hmm_forward,5,6,0.0,3.580453129766285,5.0164092504352835,13.405182816448665,32.841932841932845,60.03276003276004,96.14754098360656,0.21969999943394214,0.3173000004608184,1221
loo,particle,5,6,0.0,1.2071122619593455,1.4687619578328865,3.1663880694766515,72.64537264537265,100.0,100.0,0.32619999910821207,0.3834000017377548,1221
loo,nn_greedy,5,7,0.0,6.4602244953200065,6.2416436956283,13.023819071195854,26.139294926913152,42.046431642304384,96.815834767642,0.041700001020217314,0.05369000100472475,1163
loo,nn_window,5,7,0.0,10.228781807920114,9.641465650262381,18.867747394034,4.12725709372313,31.814273430782457,100.0,0.05959999907645397,0.07818999874871223,1163
loo,dtw_online,4,12,0.0,12.392011875560552,11.708998596609892,22.046667744652986,9.502262443438914,12.217194570135746,98.18840579710145,30.479099998046877,40.349960000457926,1105
loo,hmm_forward,5,7,0.0,2.0615126172758753,4.411104248311939,16.73293676685817,47.89337919174548,74.72055030094583,96.12736660929431,0.22119999994174577,0.2596899987111101,1163
loo,particle,5,7,0.0,1.4508661455540306,1.8163524165012057,4.0635628162701485,66.46603611349957,97.42046431642304,100.0,0.3256999989389442,0.4120800018426962,1163
loo,nn_greedy,5,8,0.0,4.690776832474365,5.720884164897809,15.464400460672357,32.621690862510675,53.03159692570453,96.06837606837607,0.04199999966658652,0.049050000598072074,1171
loo,nn_window,5,8,0.0,11.705185532044204,14.055131506743091,24.32149193396473,1.964133219470538,8.112724167378309,100.0,0.06190000203787349,0.08575000174460001,1171
loo,dtw_online,4,13,0.0,9.835169629556363,11.786101190721782,24.508572218964634,13.477537437603992,20.715474209650584,98.91756869275603,29.993000001923065,36.97602999927768,1202
loo,dtw_online,4,11,0.0,8.700262228910118,8.276494715012019,14.272773445058576,10.050251256281408,21.943048576214405,99.24559932942162,30.986550002126023,38.56218499713576,1194
loo,hmm_forward,5,8,0.0,2.940294464018561,4.285932386044113,12.181885084360882,34.24423569598633,69.68403074295473,94.27350427350427,0.2179000002797693,0.25365000146848615,1171
loo,nn_greedy,5,9,0.0,4.554917234231089,6.364296813042399,17.761519531352214,34.375,52.23214285714286,96.51474530831099,0.04180000178166665,0.05109999983687885,1120
loo,nn_window,5,9,0.0,12.67716101008702,15.036857178015573,24.268834723143712,0.0,2.6785714285714284,100.0,0.059600002714432776,0.0718000010238029,1120
loo,particle,5,8,0.0,1.8924467976987795,2.099113437559647,5.029368749997746,52.177625960717336,94.87617421007685,99.65811965811966,0.32560000181547366,0.42520000170043204,1171
loo,hmm_forward,5,9,0.0,1.5633287418836348,3.7616912006738086,15.762415362552781,58.57142857142858,78.92857142857143,95.44235924932975,0.22139999782666564,0.3104049988905899,1120
loo,particle,5,9,0.0,1.3698713490383847,1.97037338501941,5.508220402046326,61.69642857142858,91.16071428571428,100.0,0.32594999902357813,0.4316050013585482,1120
loo,nn_greedy,5,10,0.0,6.152046570281785,6.83346023834259,19.442953284736305,27.0544783010157,43.76731301939058,96.11829944547135,0.04190000254311599,0.049780000699683996,1083
loo,nn_window,5,10,0.0,8.0094620231163,7.979864815153191,14.292112590822592,13.665743305632502,33.33333333333333,100.0,0.05959999907645397,0.06839000052423215,1083
loo,dtw_online,4,14,0.0,7.723416079597309,8.10665154741102,17.78612400999293,14.273927392739274,33.415841584158414,99.0916597853014,31.029550000312156,36.312730000463496,1212
loo,hmm_forward,5,10,0.0,2.655210146600247,5.033828668646182,15.624992249182807,38.042474607571556,61.495844875346265,96.5804066543438,0.21740000011050142,0.25275999723817216,1083
loo,dtw_online,4,18,0.0,9.355853099901982,8.514907406672863,13.757668194874638,9.901873327386262,18.73327386262266,99.46428571428572,30.24379999988014,39.93830000035814,1121
loo,nn_greedy,5,11,0.0,4.647170900877594,6.236826632141377,16.980024440165746,22.445561139028474,53.68509212730318,96.81475272422463,0.04239999907440506,0.05857999967702192,1194
loo,dtw_online,4,16,0.0,9.144363795466354,8.110928019269185,13.919936257760215,19.284467713787084,25.916230366492147,99.21397379912665,31.104649999178946,36.091625000153726,1146
loo,particle,5,10,0.0,1.792321455394457,2.046864953069838,4.7732153238500095,55.58633425669437,96.02954755309327,100.0,0.32529999953112565,0.4130299996177198,1083
loo,nn_window,5,11,0.0,3.3817284422615534,5.14429646692455,14.686384439427837,32.747068676716914,60.2177554438861,100.0,0.05999999848427251,0.08361499749298665,1194
loo,hmm_forward,5,11,0.0,2.241442896089465,4.0293054730141336,16.138061694271354,44.63986599664992,78.72696817420436,94.71919530595139,0.2181999989261385,0.24617000090074723,1194
loo,nn_greedy,5,12,0.0,4.630726616318562,5.988403516722013,18.67084994976837,33.212669683257914,52.307692307692314,95.7427536231884,0.04190000254311599,0.051679997704923146,1105
loo,particle,5,11,0.0,2.0925076037003,2.3790774911358046,5.607376547459462,47.73869346733669,90.61976549413735,100.0,0.32500000088475645,0.416535001022566,1194
loo,nn_window,5,12,0.0,11.586962023393534,11.528387622107237,16.770487447976734,0.0,3.167420814479638,100.0,0.05980000059935264,0.07080000068526715,1105
loo,dtw_online,4,15,0.0,9.554907489402375,9.207307956233809,15.723580685716504,9.39655172413793,19.310344827586206,99.0509059534081,31.620999998267507,46.07566999839037,1160
loo,hmm_forward,5,12,0.0,1.4076895886865073,3.732631206758028,16.527618352807607,65.97285067873302,79.00452488687783,96.82971014492753,0.21700000070268288,0.2648599991516675,1105
loo,nn_greedy,5,13,0.0,5.341495519833696,6.591446504965744,17.72811665812815,30.282861896838604,48.25291181364393,96.66944213155703,0.04180000178166665,0.04989500139345183,1202
loo,nn_window,5,13,0.0,7.264409625455638,7.429991504210836,13.448947055527741,4.575707154742097,35.524126455906824,100.0,0.05959999907645397,0.06689999991067452,1202
loo,dtw_online,4,17,0.0,9.07824080521167,8.355487818409706,14.331578017471749,13.006029285099052,23.34194659776055,99.3103448275862,31.072099998709746,38.55409999960102,1161
loo,particle,5,12,0.0,1.3354345826339356,1.4711426394367013,2.9696100618925096,80.54298642533936,99.5475113122172,99.63768115942028,0.325099998008227,0.4291600009310059,1105
loo,hmm_forward,5,13,0.0,3.052429490557374,4.860226776466183,12.090964486012176,32.02995008319468,59.900166389351085,96.50291423813488,0.2184999975725077,0.2642600007675356,1202
loo,nn_greedy,5,14,0.0,5.791157352698268,6.077951056555602,15.553026677462993,31.105610561056107,47.35973597359736,95.54087530966143,0.04199999966658652,0.05224499964242569,1212
loo,particle,5,13,0.0,1.5784704877232145,2.2319962563846154,6.135365776100662,64.97504159733776,90.51580698835274,99.25062447960033,0.32590000046184286,0.46091499971225863,1202
loo,nn_window,5,14,0.0,9.558259369407239,9.340144058001792,15.919634840054265,0.33003300330033003,21.947194719471945,100.0,0.05959999907645397,0.07390000046143541,1212
loo,hmm_forward,5,14,0.0,1.5071747993048779,2.9927693676432923,9.628555848413258,64.60396039603961,82.5907590759076,98.01816680429397,0.21869999909540638,0.26911999975709483,1212
loo,particle,5,14,0.0,1.4375148005280223,1.632553743540781,3.7436819878280816,68.89438943894389,100.0,100.0,0.32310000096913427,0.3921350011296454,1212
loo,nn_greedy,5,15,0.0,4.481296374734277,6.295198379398133,16.701350235406938,34.82758620689655,51.724137931034484,95.85849870578085,0.04160000025876798,0.050315000953560216,1160
loo,nn_window,5,15,0.0,13.320443287773998,14.937787824699978,24.56177000606235,1.6379310344827587,7.672413793103448,100.0,0.05949999831500463,0.07440000263159163,1160
loo,dtw_online,4,20,0.0,11.28817937477947,10.649261249096268,14.224727930922365,1.1970534069981584,4.143646408839778,99.72350230414746,31.689499999629334,46.62987500159943,1086
loo,hmm_forward,5,15,0.0,1.7635704941481443,3.134217237684246,10.740673239418442,61.206896551724135,85.77586206896551,97.32528041415013,0.22119999994174577,0.271920000341197,1160
loo,particle,5,15,0.0,1.7580278848957405,1.9752148206332887,4.31683676540978,66.89655172413794,98.44827586206897,100.0,0.325099998008227,0.3797350018430733,1160
loo,nn_greedy,5,16,0.0,4.977473333808203,5.960896506407776,16.24835337050577,32.11169284467714,50.34904013961605,95.45851528384279,0.041700001020217314,0.05052499909652397,1146
loo,nn_window,5,16,0.0,13.55801340907089,14.54347118316881,24.50309026093981,0.4363001745200698,8.726003490401396,100.0,0.0594000011915341,0.07434999952238286,1146
loo,dtw_online,5,1,0.0,11.435049708866835,13.01166270506485,24.157351180516322,11.99657240788346,26.392459297343617,99.22813036020584,30.840399998851353,38.19087000156289,1167
loo,hmm_forward,5,16,0.0,2.164348667535544,3.928422026367121,13.470092500407214,45.0261780104712,74.69458987783595,95.89519650655022,0.2199000009568408,0.28434999785531545,1146
loo,particle,5,16,0.0,1.2225625741317936,1.5637646543637804,3.7791919209254594,70.85514834205934,99.47643979057592,100.0,0.3245999996579485,0.44034999973519007,1146
loo,nn_greedy,5,17,0.0,4.459088097749165,5.416357808869548,14.671191427558519,38.07062876830319,51.335055986218784,96.72413793103448,0.04190000254311599,0.05310000051395036,1161
loo,nn_window,5,17,0.0,12.542454143374519,14.549851176314123,24.759088618609052,3.273040482342808,9.043927648578812,100.0,0.05980000059935264,0.08019999950192869,1161
loo,dtw_online,4,19,0.0,6.713546506874696,6.856771942622843,12.920179374345365,6.5119760479041915,38.622754491017965,99.17602996254682,30.808299999989686,32.89387499899021,1336
loo,hmm_forward,5,17,0.0,1.4099519009377663,2.4097674855917597,8.911035665896707,61.49870801033591,88.88888888888889,96.37931034482759,0.21750000087195076,0.2975999996124301,1161
loo,dtw_online,5,2,0.0,9.645999836934331,8.693250657027594,15.026057275496756,11.505922165820643,22.081218274111674,99.40728196443692,31.33930000149121,41.89816499911103,1182
loo,nn_greedy,5,18,0.0,2.89324909231884,5.27841612087176,15.693245659348557,41.39161462979482,57.448706512042826,96.16071428571429,0.04199999966658652,0.052999999752501026,1121
loo,particle,5,17,0.0,1.1880521703300435,1.4295955994500904,3.3037100422122823,74.07407407407408,99.91386735572783,99.48275862068967,0.32529999953112565,0.43419999929028563,1161
loo,nn_window,5,18,0.0,12.354791519447787,14.11160467466204,24.47824069219805,4.817127564674398,9.901873327386262,100.0,0.060999998822808266,0.07550000009359792,1121
loo,hmm_forward,5,18,0.0,1.5231026139486266,2.7010049736460053,11.508527112635896,68.24264049955397,89.11685994647635,96.16071428571429,0.2272000019729603,0.28840000231866725,1121
loo,particle,5,18,0.0,1.208503363770877,1.3820637922135957,3.3137468553118476,80.90990187332739,100.0,100.0,0.3313000015623402,0.4864000002271496,1121
loo,nn_greedy,5,19,0.0,4.116159183813457,5.297530471846917,14.15751203621836,37.72455089820359,53.59281437125748,96.25468164794007,0.04189999890513718,0.05294999937177636,1336
loo,nn_window,5,19,0.0,10.381181613738455,10.545765454106105,16.43671421880368,0.0,2.619760479041916,100.0,0.0610999995842576,0.07354999979725108,1336
loo,dtw_online,5,4,0.0,9.082123792418523,8.382610297036804,14.555370707339367,11.972437553832902,25.32299741602067,98.9655172413793,31.54989999893587,45.20259999844711,1161
loo,hmm_forward,5,19,0.0,2.2724563643281956,3.4284223862171372,10.825141234945397,45.958083832335326,81.811377245509,96.32958801498127,0.21654999909515027,0.2589250016171718,1336
loo,particle,5,19,0.0,1.4704628457710243,2.1221829449663767,4.623027053637609,64.52095808383234,96.48203592814372,100.0,0.32360000113840215,0.4422249985509552,1336
loo,nn_greedy,5,20,0.0,5.8306125448965,6.695757769479363,16.145433287639314,28.360957642725598,46.96132596685083,96.86635944700461,0.04169999738223851,0.050400000873196404,1086
loo,dtw_online,5,3,0.0,7.192277181865473,7.1524060691958065,13.944053298168075,19.283970707892596,40.439381611065905,99.42996742671009,31.37100000094506,41.703080000297625,1229
loo,nn_window,5,20,0.0,8.480708292719827,8.630785362859125,14.291287770338574,0.0,21.36279926335175,100.0,0.059300000430084765,0.07347499922616407,1086
loo,hmm_forward,5,20,0.0,2.6895632943992434,4.600757572528122,16.029260548593697,40.23941068139963,71.73112338858195,97.32718894009217,0.21669999841833487,0.26672500007407507,1086
loo,particle,5,20,0.0,1.6448023669752416,2.05274246766857,4.919887570182805,61.87845303867403,95.48802946593001,99.72350230414746,0.32220000139204785,0.4954999994879472,1086
loo,nn_greedy,6,1,0.0,4.317303432634881,6.073445347941198,15.296824536884609,29.220222793487576,52.52784918594687,96.22641509433963,0.04329999865149148,0.0548999996681232,1167
loo,nn_window,6,1,0.0,11.498860826122915,14.247500417864428,24.09224787793414,1.0282776349614395,6.598114824335904,100.0,0.06100000246078707,0.07059999916236848,1167
loo,dtw_online,5,6,0.0,12.5225967347684,12.11085378750008,22.965620932779867,5.569205569205569,13.267813267813267,98.36065573770492,30.253699998866068,37.04250000009779,1221
loo,hmm_forward,6,1,0.0,2.20636109821898,4.040827570776903,15.473408713906341,44.64438731790917,74.293059125964,97.08404802744425,0.21740000011050142,0.25247999910789076,1167
loo,particle,6,1,0.0,1.297131815206763,1.6519762522492056,4.390236987792102,69.58011996572408,97.85775492716367,100.0,0.3253999966545962,0.4028199989988934,1167
loo,nn_greedy,6,2,0.0,5.628488203962245,6.694916479453204,16.67747527591629,23.942470389170897,46.53130287648054,96.02032176121931,0.04280000212020241,0.05439499946078286,1182
loo,nn_window,6,2,0.0,13.235035550973333,14.68927606076478,24.371592085010903,1.1844331641285957,6.514382402707277,100.0,0.06089999806135893,0.07238499838422287,1182
loo,dtw_online,5,9,0.0,1.9956470577493701,4.158372586007739,15.051675759647484,50.0,71.96428571428571,98.30205540661304,29.923199997938354,31.90979500013782,1120
loo,hmm_forward,6,2,0.0,2.5515961816633945,4.873148333795404,15.562676266719848,34.940778341793575,66.07445008460236,96.8670618120237,0.21735000154876616,0.2821150023009978,1182
loo,particle,6,2,0.0,1.3879770335246606,1.744656343855497,5.011607825529657,70.38917089678512,94.9238578680203,99.15325994919559,0.32285000088450033,0.4435899982127012,1182
loo,nn_greedy,6,3,0.0,2.4123239374739254,5.821166520235643,19.356928710715263,44.58909682668836,59.80471928397071,96.33550488599349,0.043099997128592804,0.05280000186758116,1229
loo,nn_window,6,3,0.0,11.20129148261657,14.758435590369507,25.05027837543234,0.6509357200976403,2.7664768104149715,100.0,0.0610999995842576,0.07609999956912361,1229
loo,dtw_online,5,7,0.0,10.683146469453469,10.745797570563331,22.66922262302878,9.114359415305245,22.35597592433362,98.02065404475043,32.34080000038375,47.96161999984177,1163
loo,hmm_forward,6,3,0.0,2.046268855814363,4.812544187047497,17.47270883374471,49.064279902359644,67.12774613506916,96.49837133550488,0.2181999989261385,0.25426000211155037,1229
loo,dtw_online,5,10,0.0,8.6962017273743,9.311510129707395,24.070039213389478,18.74422899353647,42.10526315789473,98.8909426987061,31.166100001428276,41.88771999761227,1083
loo,nn_greedy,6,4,0.0,4.272391076721749,6.446824250376054,16.731489898869043,29.71576227390181,51.59345391903531,96.8103448275862,0.04609999814420007,0.08059999890974723,1161
loo,particle,6,3,0.0,1.1156223092057513,1.5122957386216338,4.637618532716646,77.94955248169244,96.01301871440195,99.42996742671009,0.32929999724728987,0.5665199991199183,1229
loo,nn_window,6,4,0.0,12.96306920365338,14.534903887294417,24.660465057781767,0.0,2.9285099052540913,100.0,0.06170000051497482,0.08320000051753595,1161
loo,hmm_forward,6,4,0.0,2.309329574209018,5.036958692376971,13.452069504711668,43.06632213608958,63.2213608957795,97.75862068965517,0.22170000011101365,0.29279999944265,1161
loo,particle,6,4,0.0,1.3636325225434907,1.739642891254133,4.881362450409349,72.17915590008613,95.17657192075797,99.91379310344828,0.3274000009696465,0.4700999998021871,1161
loo,dtw_online,5,12,0.0,10.712693572618715,10.164825056206253,24.021518073149405,21.176470588235293,31.94570135746606,97.55434782608695,30.13459999783663,40.20657999717514,1105
loo,nn_greedy,6,5,0.0,4.361149828635158,6.35957162144506,19.125544287540393,31.287813310285223,53.06828003457217,95.15570934256056,0.04329999865149148,0.05239999809418807,1157
loo,nn_window,6,5,0.0,10.15995770309333,9.591533695824063,16.836190949866175,3.3707865168539324,18.84183232497839,100.0,0.06169999687699601,0.07728000127826819,1157
loo,hmm_forward,6,5,0.0,2.5769621304586168,5.422174158786663,20.608598018883935,40.881590319792565,67.50216076058773,95.24221453287197,0.21840000044903718,0.26580000121612113,1157
loo,dtw_online,5,8,0.0,13.00272941642152,11.875244768528637,23.834684507779144,9.137489325362939,20.922288642186164,98.71794871794873,31.715199998870958,46.572350000133156,1171
loo,nn_greedy,6,7,0.0,5.476102440495572,6.3755567696931115,16.222059619569958,32.58813413585555,48.15133276010318,96.04130808950086,0.04519999856711365,0.06049999865354039,1163
loo,nn_window,6,7,0.0,11.486034576811232,14.367564843233446,24.842563779299436,3.52536543422184,6.620808254514188,100.0,0.061499998992076144,0.07550000009359792,1163
loo,particle,6,5,0.0,1.882714099988208,3.3589448518976566,12.67651941584196,52.46326707000865,80.38029386343993,99.30795847750865,0.33009999970090576,0.47850000119069636,1157
loo,hmm_forward,6,7,0.0,1.8638462762102506,3.1642563226509557,13.4040262731914,54.686156491831476,84.52278589853826,97.93459552495698,0.21879999985685572,0.3032300028280587,1163
loo,particle,6,7,0.0,1.746167334300318,2.3857464006189373,5.728813751488258,57.523645743766124,90.79965606190885,99.65576592082617,0.3255000010540243,0.43157999898539773,1163
loo,dtw_online,5,11,0.0,12.179775761790777,10.96191755297446,22.762259325523697,12.73031825795645,22.8643216080402,97.98826487845767,30.977349999375292,33.44823999977962,1194
loo,nn_greedy,6,8,0.0,2.773286744967112,5.513827978965399,14.644365656551685,33.902647309991465,58.923996584116146,96.06837606837607,0.04320000152802095,0.05585000144492369,1171
loo,nn_window,6,8,0.0,11.165485870259037,11.466741786179865,16.806027366526173,0.0,1.5371477369769428,100.0,0.06170000051497482,0.07805000132066198,1171
loo,hmm_forward,6,8,0.0,2.2313502686929727,4.364242799741944,11.699421587008484,46.96840307429547,68.57386848847139,95.8974358974359,0.21950000154902227,0.2678500004549278,1171
loo,particle,6,8,0.0,1.3973324364493307,2.4211123655748,9.687955039630948,70.96498719043552,87.10503842869343,98.37606837606837,0.323799999023322,0.399049999032286,1171
loo,nn_greedy,6,9,0.0,6.690850173260706,7.263821660442136,19.3483892610337,28.83928571428571,45.80357142857142,95.35299374441466,0.04280000212020241,0.051524999253160765,1120
loo,nn_window,6,9,0.0,12.908501562213239,15.177361646162577,24.52389519438031,0.0,2.142857142857143,100.0,0.06089999806135893,0.07749999731458956,1120
loo,dtw_online,5,13,0.0,6.297576978352847,7.074188615587516,13.649529907957422,20.881863560732114,40.93178036605657,98.00166527893423,30.866599998262245,33.55285500165337,1202
loo,hmm_forward,6,9,0.0,1.9354562382248606,4.552946483235026,19.32483371790942,51.07142857142857,73.125,97.85522788203752,0.21940000078757294,0.2670399995622574,1120
loo,particle,6,9,0.0,1.3854149600565573,1.8074159803380976,4.613901241752584,67.58928571428572,95.71428571428572,100.0,0.32479999936185777,0.41123000246443553,1120
loo,nn_greedy,6,10,0.0,5.009767597589592,7.0835578202495615,24.573705286299344,33.795013850415515,49.86149584487535,95.74861367837339,0.04280000212020241,0.04990000124962535,1083
loo,nn_window,6,10,0.0,9.253906145801285,8.943085859274598,21.418296531687293,8.587257617728532,30.47091412742382,100.0,0.0608000009378884,0.07549000001745297,1083
loo,dtw_online,5,14,0.0,9.700487507135003,9.544556881551337,16.75989216745629,10.396039603960396,16.419141914191417,98.67877786952931,30.791949999184,33.05728000032104,1212
loo,dtw_online,5,15,0.0,10.197232781779833,9.237341958583617,15.264796329124957,13.10344827586207,15.60344827586207,99.3960310612597,31.17854999982228,35.279379998974036,1160
loo,hmm_forward,6,10,0.0,1.5906923727080156,3.242480807870499,13.58374725930028,60.664819944598335,81.4404432132964,96.11829944547135,0.22389999867300503,0.32717000176489774,1083
loo,nn_greedy,6,11,0.0,6.914170287523728,7.348667408139952,17.01192286777059,18.76046901172529,43.71859296482412,95.38977367979882,0.047900000936351717,0.055199998314492404,1194
loo,nn_window,6,11,0.0,8.492074163854705,8.852434167469,19.14454556746508,9.631490787269682,28.14070351758794,100.0,0.06159999975352548,0.07359999781328952,1194
loo,particle,6,10,0.0,1.25841547088697,1.6530879754462553,4.409034671564723,74.79224376731301,96.21421975992614,100.0,0.33939999775611795,0.5311400007485642,1083
loo,dtw_online,5,16,0.0,10.336075647655456,9.917313592072572,14.294935015994149,1.6579406631762654,11.518324607329843,99.03930131004367,31.15819999948144,34.7154250011954,1146
loo,hmm_forward,6,11,0.0,3.1196164283197443,4.84524730557873,15.125002820841045,32.914572864321606,66.33165829145729,96.56328583403186,0.21934999858785886,0.3555900000719696,1194
loo,nn_greedy,6,12,0.0,3.764335778048902,6.204478562541966,16.7841810636651,34.57013574660633,54.38914027149321,95.83333333333334,0.042900002881651744,0.05210000017541461,1105
loo,nn_window,6,12,0.0,11.4545513856326,12.94328748303902,22.334821671992703,2.5339366515837103,6.6968325791855206,100.0,0.06070000017643906,0.06955999924684873,1105
loo,particle,6,11,0.0,3.4333292470878747,4.260964493225229,11.777827211041764,24.623115577889447,75.79564489112228,98.23973176865046,0.3243000010115793,0.4662399989683759,1194
loo,hmm_forward,6,12,0.0,1.7292116107650142,3.5232126017179937,13.608488540034724,56.01809954751131,80.63348416289593,94.29347826086956,0.21969999943394214,0.25418000004719943,1105
loo,particle,6,12,0.0,1.345782709862984,1.8353913144603957,5.596064008924157,73.66515837104073,93.66515837104072,100.0,0.3237000018998515,0.41459999993094204,1105
loo,nn_greedy,6,13,0.0,5.1929950039019666,6.135297618736316,15.28784160594784,30.199667221297837,48.16971713810317,95.00416319733556,0.0427999984822236,0.05339499930414605,1202
loo,nn_window,6,13,0.0,4.30278394722289,5.746969922465571,12.788863110558516,28.286189683860236,53.32778702163061,100.0,0.06089999806135893,0.07679499922232935,1202
loo,dtw_online,5,18,0.0,1.8010727840289804,4.838523982438343,16.45909801755434,52.27475468331847,66.36931311329171,98.75,31.040599998959806,41.29870000178926,1121
loo,hmm_forward,6,13,0.0,3.55133574373383,5.8665729914421565,15.665442461840936,36.10648918469218,55.32445923460898,96.00333055786844,0.2164999987144256,0.24710000070626847,1202
loo,particle,6,13,0.0,2.045125995829557,2.7492196327639165,7.985965325678503,48.336106489184694,83.02828618968387,98.91756869275603,0.3235000003769528,0.4378849984277622,1202
loo,nn_greedy,6,14,0.0,4.970979378750794,6.5085219060561,16.702437083184925,34.15841584158416,50.165016501650165,95.12799339388934,0.04270000135875307,0.04950000020471634,1212
loo,nn_window,6,14,0.0,11.838219770702828,14.682762910714775,25.722632397300433,3.8778877887788776,6.6006600660066,100.0,0.06100000246078707,0.07404999869322641,1212
loo,dtw_online,5,17,0.0,6.657434009462615,7.1407181333807825,18.086612858578693,39.62101636520241,47.286821705426355,98.79310344827587,31.280300001526484,45.81690000122762,1161
loo,hmm_forward,6,14,0.0,2.851983600297343,5.34372611633058,17.473346259163133,41.914191419141915,58.993399339933994,95.70602807597027,0.22080000053392723,0.3122800006167381,1212
loo,particle,6,14,0.0,1.6449013331679505,2.002558088647992,5.3937575494164225,62.458745874587464,93.23432343234323,99.0916597853014,0.3254999974160455,0.4639799988581217,1212
loo,nn_greedy,6,15,0.0,4.09470494767687,6.165571766999892,14.946524552372676,23.879310344827587,54.568965517241374,95.59965487489215,0.043000000005122274,0.055905000044731416,1160
loo,nn_window,6,15,0.0,11.911827012161272,14.635689577574675,24.566000472852423,2.0689655172413794,7.06896551724138,100.0,0.061499998992076144,0.07692999970458911,1160
loo,dtw_online,5,20,0.0,11.127066141251536,10.218085952747444,14.320347368147631,3.0386740331491713,4.972375690607735,99.44700460829493,31.311249998907442,44.600899999750254,1086
loo,hmm_forward,6,15,0.0,2.800849606518894,4.691717607741068,15.08035695539775,28.706896551724135,71.63793103448276,96.98015530629853,0.22019999960321002,0.28105000055802515,1160
loo,particle,6,15,0.0,1.8012469122499075,2.1047948965198975,5.856764412858121,56.896551724137936,93.01724137931035,99.4823123382226,0.3265000013925601,0.46636999777547283,1160
loo,nn_greedy,6,16,0.0,4.263782791701701,6.110460229495691,16.554569435957596,30.45375218150087,53.83944153577661,96.24454148471617,0.04350000017439015,0.06035000114934519,1146
loo,nn_window,6,16,0.0,12.45660211505615,14.509511490063232,24.54829336628668,0.0,1.0471204188481675,100.0,0.061499998992076144,0.07520000053773401,1146
loo,dtw_online,6,1,0.0,6.288033842164163,8.0857762907251,21.734212455907205,21.85089974293059,47.90059982862039,99.57118353344768,33.17419999802951,37.58036000035645,1167
loo,hmm_forward,6,16,0.0,2.9959536264116284,4.680181577431212,12.374676334911683,33.42059336823734,63.17626527050611,96.85589519650655,0.2175999979954213,0.29180000092310365,1146
loo,particle,6,16,0.0,1.6600755768782705,2.536044560071997,8.241247553424959,59.860383944153575,88.39441535776615,98.60262008733625,0.32220000139204785,0.49162499908561585,1146
loo,nn_greedy,6,17,0.0,4.281878232607295,6.25158511058263,18.455581317075566,32.6442721791559,54.608096468561584,95.60344827586206,0.04289999924367294,0.052200000936863944,1161
loo,nn_window,6,17,0.0,13.121298887991763,13.841581296171363,22.034867858829106,0.34453057708871665,2.842377260981912,100.0,0.06089999806135893,0.07720000212430023,1161
loo,dtw_online,5,19,0.0,12.073055077091297,11.028413189861904,22.79031608238345,13.09880239520958,21.33233532934132,98.27715355805243,31.758249997437815,47.76772500099469,1336
loo,hmm_forward,6,17,0.0,2.7634983223177656,4.882298508275982,14.785428696041906,37.553832902670116,67.61412575366063,96.03448275862068,0.22810000155004673,0.32219999775406905,1161
loo,particle,6,17,0.0,1.3024249962828802,1.8905714311968977,5.362095927674338,67.09732988802756,93.88458225667527,99.3103448275862,0.3316000002087094,0.427399998443434,1161
loo,nn_greedy,6,18,0.0,6.602374973773905,6.58569828668021,16.109033344226667,27.74308652988403,47.72524531668154,96.16071428571429,0.04280000212020241,0.054299998737405986,1121
loo,nn_window,6,18,0.0,10.471760422743877,11.560342861219628,25.521444476757292,11.864406779661017,22.658340767172167,100.0,0.06209999992279336,0.0746000005165115,1121
loo,dtw_online,6,2,0.0,5.552871490379658,7.8865212140549765,21.057805767481955,21.99661590524535,47.800338409475465,99.66130397967824,31.853799999225885,34.147724998911144,1182
loo,hmm_forward,6,18,0.0,2.2946269413898146,4.036701305460316,11.83044006884945,44.42462087421944,73.05976806422836,96.60714285714286,0.21660000129486434,0.26450000223121606,1121
loo,particle,6,18,0.0,1.6516574741349428,2.2281826145889365,5.847874971210516,60.570918822479925,90.54415700267619,98.03571428571428,0.3223000021534972,0.3957999979320448,1121
loo,nn_greedy,6,19,0.0,3.085997120195322,5.255632856934049,13.22640067883981,36.00299401197605,60.32934131736527,95.4307116104869,0.04289999924367294,0.05237500135990558,1336
loo,nn_window,6,19,0.0,10.134821758477585,13.15444544585445,24.412420206445077,0.29940119760479045,6.287425149700598,100.0,0.0610999995842576,0.07842500053811818,1336
loo,dtw_online,6,3,0.0,1.4168375029260274,2.304598435659641,9.752139820427141,69.4873881204231,89.74776240846217,98.7785016286645,32.218700001976686,35.75107999859027,1229
loo,hmm_forward,6,19,0.0,3.666646986328722,5.43531639604745,13.670470509928116,37.12574850299401,55.91317365269462,96.17977528089887,0.21610000112559646,0.24485000085405773,1336
loo,particle,6,19,0.0,1.5262436061981453,1.9959109535722868,4.858611144222649,65.4940119760479,95.43413173652695,100.0,0.3253499999118503,0.4107249988010153,1336
loo,nn_greedy,6,20,0.0,4.692462424994195,7.461667594607579,19.59077085541427,26.335174953959484,52.762430939226526,96.22119815668204,0.04289999924367294,0.05687500106432708,1086
loo,nn_window,6,20,0.0,16.819783608647597,15.64269795653088,25.85155787027403,0.6445672191528545,5.801104972375691,100.0,0.0610999995842576,0.07299999924725853,1086
loo,dtw_online,6,10,0.0,9.138365734643775,8.673885857863068,23.520607642385603,22.530009233610343,39.7045244690674,98.79852125693161,32.671699998900294,33.96421000143164,1083
loo,hmm_forward,6,20,0.0,2.600469873234799,5.456946641177909,20.274238402235465,44.935543278084715,66.02209944751381,95.66820276497697,0.21840000044903718,0.2818000002662302,1086
loo,dtw_online,6,9,0.0,2.209203866508094,5.475319338128259,20.442076214875488,43.30357142857143,66.07142857142857,98.30205540661304,32.92709999914223,34.17151000085141,1120
loo,nn_greedy,7,1,0.0,4.034178100083906,5.231332487442881,15.139744011592269,42.159383033419026,53.29905741216795,96.65523156089193,0.043000000005122274,0.052909999067196636,1167
loo,nn_window,7,1,0.0,8.688197532150877,8.91008874666884,16.319880402456054,2.3993144815766922,20.822622107969153,100.0,0.05980000059935264,0.07291999972949273,1167
loo,particle,6,20,0.0,2.1369617659196933,4.2849987572481645,15.913375150318124,47.05340699815838,72.92817679558011,98.89400921658986,0.3235000003769528,0.4380249993118923,1086
loo,hmm_forward,7,1,0.0,2.2433032310430177,4.505615558847058,13.991584578342632,48.24335904027421,63.924592973436155,95.54030874785592,0.2175999979954213,0.2476700014085509,1167
loo,particle,7,1,0.0,1.1860021554935,1.863230417214512,6.171778445460761,72.6649528706084,88.2604970008569,100.0,0.3251999987696763,0.4057800011651125,1167
loo,nn_greedy,7,2,0.0,2.145194064239253,5.038382625583609,14.82028709297009,48.90016920473773,59.729272419627755,95.51227773073666,0.041700001020217314,0.0482950003060978,1182
loo,nn_window,7,2,0.0,9.085264536066152,8.726523967459539,17.314169397933124,5.668358714043993,31.725888324873097,100.0,0.0594000011915341,0.07847500110074182,1182
loo,dtw_online,6,4,0.0,7.108372493988226,8.551480288022065,17.79943791868394,14.814814814814813,40.310077519379846,98.87931034482759,34.02220000134548,47.35939999955008,1161
loo,dtw_online,6,7,0.0,9.80022089151719,9.977218061960988,25.119483049332942,22.35597592433362,37.40326741186586,98.79518072289156,32.45500000048196,44.57349999793216,1163
loo,dtw_online,6,12,0.0,11.461146958292643,11.371060549160486,23.9289066243096,5.791855203619909,23.167420814479637,98.6413043478261,32.5345000019297,34.55476000235649,1105
loo,nn_greedy,7,3,0.0,3.8270126057839398,5.5050222331309415,15.006670713718433,35.88283157038242,55.57363710333605,96.49837133550488,0.042100000428035855,0.050499998906161636,1229
loo,nn_window,7,3,0.0,4.854983633455293,5.8616887042537,15.741483335082924,31.082180634662326,50.85435313262815,100.0,0.059699999837903306,0.0729600003978703,1229
loo,hmm_forward,7,2,0.0,1.3103520226453385,2.8669224393023756,10.623409877271564,69.96615905245346,83.58714043993231,96.69771380186283,0.2193000000261236,0.3153150004436612,1182
loo,particle,7,2,0.0,1.0856465172811185,1.6275947944796405,4.47874125658007,75.4653130287648,97.12351945854483,100.0,0.3245999996579485,0.45935000198369386,1182
loo,hmm_forward,7,3,0.0,1.7334130970623753,3.7999417591020053,14.610688367599826,54.43449959316518,77.86818551668023,97.14983713355049,0.21850000121048652,0.31024000127217727,1229
loo,nn_greedy,7,4,0.0,2.2426185672453776,4.947705247744091,14.180959147815555,44.6167097329888,61.92937123169682,96.63793103448276,0.04199999966658652,0.053400002798298374,1161
loo,nn_window,7,4,0.0,10.153678317776768,10.430219922112961,16.44577458771188,1.9810508182601205,5.340223944875108,100.0,0.059699999837903306,0.07329999789362773,1161
loo,particle,7,3,0.0,1.277096726280267,1.9462446683939303,5.659599558018345,62.32709519934907,93.08380797396258,100.0,0.32470000223838724,0.4775599976710509,1229
loo,dtw_online,6,5,0.0,4.106405989963139,6.046310651292156,15.277075388616737,23.595505617977526,56.95764909248056,99.13494809688581,34.27029999875231,47.007959998154554,1157
loo,hmm_forward,7,4,0.0,1.0120778768210656,2.2929999681687887,9.815152638716071,72.6959517657192,87.76916451335056,96.20689655172414,0.21859999833395705,0.29889999859733507,1161
loo,dtw_online,6,8,0.0,11.282685091874322,10.38828376598875,17.925123953593072,4.6968403074295475,18.360375747224595,98.63247863247864,32.96540000155801,43.90235000028042,1171
loo,nn_greedy,7,5,0.0,6.739058235077111,6.838492672895163,17.722999253227787,25.75626620570441,39.325842696629216,96.45328719723183,0.04220000118948519,0.05787999980384486,1157
loo,nn_window,7,5,0.0,9.02976307185248,9.028412552271549,16.074181643413965,5.012964563526361,20.48401037165082,100.0,0.0624999993306119,0.08003999755601401,1157
loo,particle,7,4,0.0,1.0515230492998666,1.285922315794323,3.424022496053534,83.80706287683032,100.0,100.0,0.3293000008852687,0.5878000010852702,1161
loo,hmm_forward,7,5,0.0,1.8973299811491526,4.548144328079298,15.497083499409223,51.25324114088159,67.67502160760588,96.88581314878893,0.2179000002797693,0.26351999986218294,1157
loo,nn_greedy,7,6,0.0,4.404351786154751,6.073846887897807,15.095958914169081,32.514332514332516,53.64455364455365,95.0,0.04220000118948519,0.05459999738377519,1221
loo,nn_window,7,6,0.0,9.936528985263783,9.544385398704957,16.433162602633555,4.586404586404586,14.66011466011466,100.0,0.06049999865354039,0.07729999924777076,1221
loo,particle,7,5,0.0,1.2900685070237479,2.120971336407784,7.342809910253069,67.07000864304236,91.01123595505618,99.5674740484429,0.32860000283108093,0.5359399983717594,1157
loo,hmm_forward,7,6,0.0,3.1328254009668726,6.099319492856825,15.667428985084012,38.4930384930385,56.42915642915642,96.72131147540983,0.22119999994174577,0.2941999991890043,1221
loo,dtw_online,6,11,0.0,10.647830230131365,9.758659673686617,21.44625056266146,13.5678391959799,36.59966499162479,99.16177703269071,33.069650000470574,34.45229999906587,1194
loo,nn_greedy,7,8,0.0,3.776675811717937,5.552154541580636,14.653944548420693,36.46456020495303,55.76430401366353,96.32478632478633,0.04229999831295572,0.04970000190951396,1171
loo,particle,7,6,0.0,2.7631502052925465,3.606837788612664,9.114895508384585,35.95413595413595,70.84357084357084,99.26229508196721,0.3257999997003935,0.5285000006551854,1221
loo,nn_window,7,8,0.0,10.974611782609081,13.413607472807438,24.399176419876103,1.7079419299743808,4.6968403074295475,100.0,0.06040000153006986,0.07254999945871532,1171
loo,hmm_forward,7,8,0.0,2.390141370734358,4.761829256784366,12.654407229231824,46.37062339880444,62.85226302305722,95.55555555555556,0.2182000025641173,0.2727999981289031,1171
loo,particle,7,8,0.0,0.9800211859083234,1.3207294833124275,3.682293251841656,83.51836037574722,98.97523484201537,100.0,0.32439999995403923,0.39215000106196385,1171
loo,nn_greedy,7,9,0.0,4.803422481204498,5.517809774350178,14.80291535820411,36.160714285714285,50.17857142857143,95.88918677390528,0.04239999907440506,0.051700000767596066,1120
loo,nn_window,7,9,0.0,7.772956775817323,8.743742765749012,16.239982220498188,4.285714285714286,29.82142857142857,100.0,0.060200000007171184,0.07281500129465711,1120
loo,dtw_online,6,13,0.0,9.843477022524159,9.619213336373257,21.330797569464046,13.061564059900165,29.866888519134775,99.16736053288926,33.01935000126832,34.34919499941316,1202
loo,hmm_forward,7,9,0.0,1.3204872372353313,3.320272597551898,13.214122221628717,63.482142857142854,77.32142857142857,95.79982126899017,0.22030000036465935,0.29292500021256274,1120
loo,particle,7,9,0.0,1.2097984215623416,1.8566088719770895,5.972451055153674,73.92857142857143,90.53571428571429,100.0,0.3256999989389442,0.4513249985393486,1120
loo,nn_greedy,7,10,0.0,2.26628300988541,4.855530113399449,13.390894420335172,44.78301015697138,61.12650046168052,96.5804066543438,0.04189999890513718,0.0495799995405832,1083
loo,nn_window,7,10,0.0,8.30209320926608,9.183532211588481,16.182661486424436,2.1237303785780237,21.23730378578024,100.0,0.05990000136080198,0.06740000026184134,1083
loo,dtw_online,6,15,0.0,6.873882877574525,8.151032314042265,21.33429210119015,20.948275862068964,45.17241379310345,99.4823123382226,33.791800000471994,44.056814999748894,1160
loo,hmm_forward,7,10,0.0,1.466054110681011,3.314553841866145,12.109710981146307,66.11265004616806,77.8393351800554,95.93345656192237,0.2210000020568259,0.299389998690458,1083
loo,dtw_online,6,14,0.0,1.6342340075454689,2.4445975780091556,9.10562403635192,60.808580858085804,87.87128712871286,99.33938893476466,33.77030000046943,44.70661000068503,1212
loo,nn_greedy,7,11,0.0,4.512569018348447,5.867400335535172,15.897656019509778,32.1608040201005,52.596314907872696,96.64710813076279,0.04350000017439015,0.05633499968098476,1194
loo,particle,7,10,0.0,1.3993508473094705,2.0282365988014623,6.602614810186392,64.81994459833795,90.02770083102493,100.0,0.3283000005467329,0.49753999846871005,1083
loo,nn_window,7,11,0.0,7.998364369627095,8.726358391292452,16.12785229618292,1.0050251256281406,25.4606365159129,100.0,0.059699999837903306,0.0713349998477497,1194
loo,dtw_online,6,16,0.0,7.4490343707821065,8.225522082455289,21.05022922629758,25.82897033158813,44.4153577661431,99.21397379912665,33.37875000033819,43.73902499992255,1146
loo,hmm_forward,7,11,0.0,4.1670122438766475,5.400497470236257,13.869300306548084,37.52093802345058,55.44388609715243,95.55741827326068,0.21964999905321747,0.2846500003215623,1194
loo,nn_greedy,7,12,0.0,2.4440833915343037,4.923129331829947,15.062627071651384,42.081447963800905,64.34389140271493,96.55797101449275,0.04690000059781596,0.06347999951685779,1105
loo,nn_window,7,12,0.0,9.512754767501841,9.076526154110326,15.680398415836574,5.701357466063349,14.29864253393665,100.0,0.06009999924572185,0.0790000005508773,1105
loo,particle,7,11,0.0,2.1605052154779685,2.75931264197271,8.314592739555007,47.571189279731996,89.53098827470687,100.0,0.33135000194306485,0.5167899986190604,1194
loo,hmm_forward,7,12,0.0,1.6879747009425843,3.2896207277088876,11.789350505981837,58.099547511312224,80.63348416289593,97.73550724637681,0.21980000019539148,0.2531599995563738,1105
loo,particle,7,12,0.0,1.2478591263670862,1.7186286539759152,5.330751133750168,71.31221719457014,94.29864253393664,100.0,0.3256999989389442,0.44545999771798944,1105
loo,nn_greedy,7,13,0.0,5.342257632319496,5.903310556695951,15.312659603378561,33.86023294509151,48.668885191347755,95.503746877602,0.04189999890513718,0.05499999679159373,1202
loo,nn_window,7,13,0.0,2.497278152186211,4.467501122533779,14.153322713199888,41.597337770382694,67.72046589018302,100.0,0.05980000059935264,0.07778999952279265,1202
loo,dtw_online,6,17,0.0,5.886537816382302,8.262613384868256,21.39901725476675,22.739018087855296,46.6838931955211,99.22413793103448,33.0891999983578,35.19569999843952,1161
loo,hmm_forward,7,13,0.0,4.505535083525451,4.6864257800485625,10.604859166879269,33.693843594009984,55.158069883527446,95.08742714404663,0.2172999993490521,0.2699850003409665,1202
loo,particle,7,13,0.0,1.9353846748477634,2.7629241555803086,8.196023044042631,51.99667221297837,79.11813643926789,97.83513738551207,0.3243000028305687,0.3848949987514061,1202
loo,nn_greedy,7,14,0.0,5.157262249323194,5.999188315917199,15.766893122227664,38.613861386138616,49.587458745874585,95.37572254335261,0.04180000178166665,0.0494900004923693,1212
loo,nn_window,7,14,0.0,10.018117048741153,10.94040004148734,24.435914727034767,12.293729372937294,18.81188118811881,100.0,0.059300000430084765,0.06800000119255856,1212
loo,dtw_online,6,18,0.0,6.259335752197763,8.2822467365283,21.959886312102913,24.53166815343443,45.13826940231936,99.10714285714286,33.64259999943897,43.392100000346545,1121
loo,hmm_forward,7,14,0.0,2.0569829712647474,4.740107005568048,14.717399462801229,49.257425742574256,64.85148514851485,93.64161849710982,0.2266000010422431,0.30764499970246106,1212
loo,particle,7,14,0.0,2.0191046420292054,4.126874096935201,12.386521084237062,49.66996699669967,71.78217821782178,97.52270850536746,0.33120000080089085,0.5136499978107169,1212
loo,nn_greedy,7,15,0.0,2.8439769986695183,5.2863429295723785,14.250979183230076,37.93103448275862,58.10344827586207,96.28990509059534,0.04189999890513718,0.05391999948187729,1160
loo,nn_window,7,15,0.0,11.572268158076575,12.491508203315721,24.715804200761248,1.896551724137931,4.051724137931034,100.0,0.06130000110715628,0.0762250016123289,1160
loo,dtw_online,6,20,0.0,10.754612122706991,10.05666386375637,18.687669565623175,1.7495395948434622,22.283609576427256,98.98617511520737,31.704299999546492,34.34272500089719,1086
loo,hmm_forward,7,15,0.0,2.5860831243919105,4.388565669719245,11.011066595893867,45.689655172413794,59.827586206896555,96.37618636755823,0.21689999994123355,0.2895399999033543,1160
loo,particle,7,15,0.0,1.3246888041546183,1.5118281168359078,3.413159747484066,72.84482758620689,100.0,100.0,0.3232500002923189,0.45934000117995305,1160
loo,nn_greedy,7,16,0.0,3.928912710565751,5.580309101481895,15.731167665668274,34.29319371727749,54.3630017452007,97.2052401746725,0.04189999890513718,0.05745000089518726,1146
loo,nn_window,7,16,0.0,10.33462195894964,10.39603609723588,17.00947097453465,1.5706806282722512,5.49738219895288,100.0,0.059399997553555295,0.06919999941601418,1146
loo,dtw_online,7,1,0.0,10.827261574666458,10.194998584506632,15.442630507913902,5.055698371893745,10.454155955441301,99.05660377358491,31.137399997533066,33.183390000340296,1167
loo,hmm_forward,7,16,0.0,2.2730638062150472,4.447601506286989,12.859313648965887,46.42233856893543,66.66666666666666,96.85589519650655,0.2196000004914822,0.2689749981072964,1146
loo,particle,7,16,0.0,1.5095748392305892,1.739623479502412,3.815455120993922,68.58638743455498,100.0,100.0,0.3251999987696763,0.4436749995875289,1146
loo,nn_greedy,7,17,0.0,2.6470690813579325,5.035737813517517,15.181082871615109,42.204995693367785,61.154177433247206,96.20689655172414,0.042100000428035855,0.05660000169882551,1161
loo,dtw_online,6,19,0.0,11.304419235033777,9.781316977271883,21.185647725248334,19.535928143712574,36.52694610778443,98.95131086142322,31.702899999800138,34.318375001021195,1336
loo,nn_window,7,17,0.0,14.309081597068724,13.815000116154645,24.773850423981848,2.4978466838931954,7.4074074074074066,100.0,0.05949999831500463,0.07510000068577938,1161
loo,hmm_forward,7,17,0.0,1.5313147034989332,3.098597772227655,14.226522023539136,60.63738156761412,83.29026701119724,97.5,0.2201000024797395,0.29350000113481656,1161
loo,dtw_online,7,2,0.0,10.323327410477008,9.581775046268536,24.168737017587002,31.472081218274113,36.46362098138748,98.81456392887384,31.163050000031944,32.61985999979515,1182
loo,nn_greedy,7,18,0.0,6.1259155613354155,6.412623339006228,15.240843843331476,30.33006244424621,46.29794826048171,96.25,0.04190000254311599,0.054299998737405986,1121
loo,nn_window,7,18,0.0,9.761492753656977,9.516078893522124,15.977413552327086,1.2488849241748439,13.826940231935772,100.0,0.05999999848427251,0.07810000170138665,1121
loo,particle,7,17,0.0,1.2572465459758668,1.4855093301694227,3.2426929482146454,80.27562446167097,100.0,100.0,0.32590000046184286,0.4943999992974568,1161
loo,hmm_forward,7,18,0.0,2.2238045385917546,4.730460556544994,14.238591153681128,47.814451382694024,64.7636039250669,97.41071428571428,0.21999999808031134,0.29069999800412916,1121
loo,particle,7,18,0.0,1.409876732024464,1.8900760020053438,4.330683939084248,64.94201605709188,96.43175735950045,100.0,0.32450000071548857,0.4988000000594184,1121
loo,nn_greedy,7,19,0.0,2.8683996252490402,5.040277472193985,13.690947445747813,36.90119760479042,61.67664670658682,95.73033707865169,0.041700001020217314,0.05079999846202554,1336
loo,nn_window,7,19,0.0,6.914483112344918,7.905763744764807,15.423191886914966,4.640718562874251,34.50598802395209,100.0,0.05949999831500463,0.07330000153160654,1336
loo,dtw_online,7,9,0.0,9.076102190536673,10.145895747820456,23.899893584719177,18.392857142857146,35.267857142857146,97.49776586237712,31.072650001078728,32.59270499947888,1120
loo,dtw_online,7,3,0.0,10.247662477745164,11.288951273155263,24.92029444163706,12.205044751830757,18.55166802278275,99.185667752443,31.20409999974072,34.05813999997917,1229
loo,hmm_forward,7,19,0.0,2.0454785880458983,4.043521585750969,13.21653144489955,49.40119760479042,71.40718562874252,96.70411985018727,0.22779999926569872,0.27572499857342336,1336
loo,nn_greedy,7,20,0.0,6.530895649960028,6.817673099098539,16.028519819628293,24.861878453038674,43.462246777163905,97.23502304147466,0.043000000005122274,0.05267500091576949,1086
loo,nn_window,7,20,0.0,9.903516477803642,9.590187126684002,16.346169719594332,0.0,18.96869244935543,100.0,0.05989999772282317,0.07174999791459413,1086
loo,particle,7,19,0.0,1.717962114110778,2.1183907711254433,6.790270434069608,58.982035928143716,89.74550898203593,100.0,0.3349499984324211,0.42137499895034125,1336
loo,hmm_forward,7,20,0.0,2.501875239532991,5.1954279442953935,16.043851206240625,46.13259668508287,60.86556169429097,96.31336405529954,0.21639999977196567,0.2585749980426044,1086
loo,dtw_online,7,10,0.0,3.045288224721024,7.42720095814547,23.83871597267716,43.58264081255771,54.385964912280706,98.70609981515712,31.186500000330852,34.82058000045071,1083
loo,nn_greedy,8,1,0.0,4.394517299196684,5.512873957004547,13.177706418306993,32.390745501285345,53.213367609254504,96.99828473413379,0.042499999835854396,0.06009999924572185,1167
loo,nn_window,8,1,0.0,10.683983600320891,10.334911681838532,17.77504899505582,5.141388174807198,8.740359897172237,100.0,0.060200000007171184,0.06760000178474002,1167
loo,particle,7,20,0.0,1.786432568483841,3.963063896359468,14.942545467765605,52.762430939226526,73.84898710865562,96.036866359447,0.3214999996998813,0.44617500043386826,1086
loo,dtw_online,7,4,0.0,1.0025877020503446,2.147583548833217,8.68565797458846,73.90180878552972,91.12833763996555,99.22413793103448,31.820299998798873,44.59029999998165,1161
loo,dtw_online,7,5,0.0,10.38257234659699,11.333646331254862,24.944521951202606,7.519446845289542,18.66897147796024,98.87543252595155,31.43609999824548,43.44085999910021,1157
loo,nn_greedy,8,2,0.0,3.7086584219099485,5.267708067190281,14.519700418475608,38.155668358714045,54.145516074450086,96.10499576629975,0.04329999865149148,0.05499000035342761,1182
loo,nn_window,8,2,0.0,10.34344339647835,11.72309576166741,19.856533499889142,4.822335025380711,6.429780033840947,100.0,0.06009999924572185,0.07029000043985435,1182
loo,hmm_forward,8,1,0.0,1.7122627796053609,3.9896906654779363,13.251087528770997,53.12767780634105,65.80976863753213,97.08404802744425,0.21810000180266798,0.27868000070157,1167
loo,particle,8,1,0.0,1.8121301747041232,2.5347695663303442,8.17860659577115,52.784918594687234,88.77463581833763,100.0,0.33030000122380443,0.44787000006181193,1167
loo,hmm_forward,8,2,0.0,1.7508804266937146,3.8577219723005323,11.825956407835584,53.63790186125211,69.4585448392555,96.18966977138018,0.21840000044903718,0.2668799988896353,1182
loo,nn_greedy,8,3,0.0,3.2130921506952124,5.542268632509169,15.624987644246165,37.91700569568755,56.22457282343368,97.23127035830619,0.042499999835854396,0.054940001427894423,1229
loo,nn_window,8,3,0.0,10.305554786255197,11.382357392969006,18.62761365234262,0.0,2.115541090317331,100.0,0.060200000007171184,0.0724599987734109,1229
loo,particle,8,2,0.0,1.4549649999131158,2.1540080193152997,5.797612568976867,61.75972927241963,91.28595600676819,100.0,0.32794999970064964,0.5179650006539305,1182
loo,hmm_forward,8,3,0.0,2.1094067662958476,4.8026392444058175,14.659631592509347,48.82017900732303,65.01220504475184,97.06840390879479,0.2176000016334001,0.3106799988017883,1229
loo,particle,8,3,0.0,1.4531505731901955,1.9133344992437316,5.5946198855771,67.7786818551668,93.24654190398698,100.0,0.3260000012232922,0.4355199998826719,1229
loo,nn_greedy,8,4,0.0,3.0581168700675883,4.539583149470031,11.332988171159673,40.82687338501292,61.154177433247206,97.58620689655172,0.04199999966658652,0.056799999583745375,1161
loo,nn_window,8,4,0.0,10.327877128870359,11.268716479289628,18.44565786349652,0.0,0.0,100.0,0.05989999772282317,0.08410000009462237,1161
loo,dtw_online,7,6,0.0,9.658899711294492,9.536611941946582,24.460077105585366,28.33742833742834,36.69123669123669,98.60655737704917,31.153800002357457,42.39850000158185,1221
loo,hmm_forward,8,4,0.0,1.5684009572686337,3.8507827660276135,13.94799164662799,57.53660637381568,75.79672695951766,97.75862068965517,0.21670000205631368,0.24090000079013407,1161
loo,dtw_online,7,8,0.0,1.3475771150137934,2.2736024409408007,8.570424779701717,65.84116140051238,86.42186165670367,98.88888888888889,32.052499998826534,44.24039999867091,1171
loo,particle,8,4,0.0,1.463469352696399,1.9256905764650798,5.178247034361162,62.96296296296296,94.14298018949182,100.0,0.3249000001233071,0.4706999970949255,1161
loo,nn_greedy,8,5,0.0,4.960353057711823,6.454081725320805,20.288482683199,27.398444252376837,50.56179775280899,96.88581314878893,0.04239999907440506,0.05718000029446561,1157
loo,nn_window,8,5,0.0,9.105802919400798,9.577394262324074,15.79560752569581,5.185825410544512,10.025929127052722,100.0,0.06030000076862052,0.08030000026337802,1157
loo,hmm_forward,8,5,0.0,3.0625320731704906,5.650915260077305,19.484708704677388,36.90579083837511,60.76058772687987,97.57785467128028,0.21840000044903718,0.30605999927502137,1157
loo,particle,8,5,0.0,1.7407929125851127,1.9552913261174047,4.346211232233015,55.92048401037165,97.66637856525497,100.0,0.32389999978477135,0.4333799988671673,1157
loo,nn_greedy,8,6,0.0,6.380781150545019,6.517069240672133,14.652155610790055,27.027027027027028,48.976248976248975,96.22950819672131,0.04199999966658652,0.04959999932907522,1221
loo,nn_window,8,6,0.0,9.31756209383193,8.546465389133193,17.524546141192925,29.565929565929565,34.479934479934485,100.0,0.06009999924572185,0.07299999924725853,1221
loo,dtw_online,7,12,0.0,10.22779617596081,11.14281250311311,24.594850287717787,11.67420814479638,18.28054298642534,98.91304347826086,31.37129999959143,41.86405999862472,1105
loo,hmm_forward,8,6,0.0,3.03460803705884,5.3190345805513735,14.444311637009918,37.67403767403768,59.78705978705978,95.73770491803279,0.21850000121048652,0.3006999977515079,1221
loo,particle,8,6,0.0,1.5724485983880196,1.8101769246491797,3.667754446148372,64.94676494676494,97.62489762489763,99.75409836065575,0.32699999792384915,0.44979999802308157,1221
loo,nn_greedy,8,7,0.0,3.1093875158200595,5.617691501113475,16.419958271743173,32.33018056749785,58.125537403267415,97.07401032702238,0.04229999831295572,0.050999999075429514,1163
loo,nn_window,8,7,0.0,8.347053764922851,8.396805734503687,18.2936897299577,5.760963026655202,34.56577815993121,100.0,0.06039999789209105,0.08058000312303176,1163
loo,dtw_online,7,11,0.0,9.728041441711467,9.079674098539828,16.766902432766663,6.61641541038526,25.711892797319933,98.74266554903605,32.81614999832527,45.23087499983376,1194
loo,dtw_online,7,13,0.0,1.4749434846642848,2.5966915030447906,7.721206556839116,61.23128119800333,83.36106489184692,99.0008326394671,31.827849999899627,42.243355001664895,1202
loo,hmm_forward,8,7,0.0,2.196159870225537,3.988410334297644,11.696229001848002,45.74376612209802,72.31298366294067,97.84853700516352,0.22159999934956431,0.32467999772052103,1163
loo,nn_greedy,8,9,0.0,3.229025741328189,5.3513345931328935,14.96746560861468,37.589285714285715,56.607142857142854,96.24664879356568,0.042100000428035855,0.055505000455013935,1120
loo,particle,8,7,0.0,1.7280479563849158,2.0835227292625644,4.596418194210363,62.42476354256233,97.42046431642304,100.0,0.32619999910821207,0.4566899995552376,1163
loo,nn_window,8,9,0.0,9.891291400273719,9.815981308072885,16.253313058337124,3.9285714285714284,7.857142857142857,100.0,0.05999999848427251,0.07400499962386675,1120
loo,dtw_online,7,14,0.0,6.18961103503247,8.637470435705968,24.34313571874741,32.508250825082506,48.51485148514851,98.76135425268373,31.38990000115882,33.332979998522205,1212
loo,hmm_forward,8,9,0.0,1.9495428223444207,4.004175245054861,13.471662165547057,50.89285714285714,65.26785714285714,96.4253798033959,0.2206999997724779,0.3836849997242097,1120
loo,nn_greedy,8,10,0.0,4.584966739945542,5.505637918467904,13.644188475205404,32.96398891966759,51.43120960295475,96.85767097966729,0.04239999907440506,0.056570001470390666,1083
loo,particle,8,9,0.0,1.4469822889546387,1.901864241977398,5.577094656833922,66.33928571428571,92.14285714285714,100.0,0.3257999997003935,0.46930500211601583,1120
loo,nn_window,8,10,0.0,13.549358706413496,14.061249484089323,23.980147049392837,0.0,0.0,100.0,0.060200000007171184,0.08045999857131386,1083
loo,hmm_forward,8,10,0.0,1.4379817275709288,4.024762980400071,13.024531494556372,57.52539242843952,69.25207756232687,96.11829944547135,0.22039999748812988,0.3078699981415411,1083
loo,particle,8,10,0.0,1.3435856410726226,1.8690776238666353,4.721695531456915,68.79039704524469,95.66020313942751,100.0,0.3248000029998366,0.5316899998433655,1083
loo,nn_greedy,8,11,0.0,4.0443694409552595,5.029745065504456,14.025367127327366,30.402010050251256,64.74036850921273,95.80888516345348,0.04239999907440506,0.05379999856813811,1194
loo,nn_window,8,11,0.0,14.009873010359389,14.170301259848666,23.161578070566623,1.340033500837521,2.8475711892797317,100.0,0.060200000007171184,0.06880000000819564,1194
loo,dtw_online,7,15,0.0,1.214921038730685,2.62534564465787,12.507237418861619,70.77586206896552,85.08620689655172,99.5685936151855,31.602650000422727,40.82458000157203,1160
loo,hmm_forward,8,11,0.0,1.7737066917532078,4.211401293022397,14.295880367855354,54.020100502512555,69.84924623115577,95.89270746018441,0.22510000053443946,0.2505800004655611,1194
loo,particle,8,11,0.0,2.9786017733531045,3.162730629803751,7.1251923888019455,42.04355108877722,78.55946398659967,100.0,0.3294500002084533,0.4415449993757647,1194
loo,nn_greedy,8,12,0.0,2.8314040115692185,4.885435016470215,13.67453523042722,39.81900452488688,59.18552036199095,96.46739130434783,0.04199999966658652,0.05437999934656545,1105
loo,nn_window,8,12,0.0,10.386903803018198,11.463016065094166,17.788771388521823,0.0,2.3529411764705883,100.0,0.061400001868605614,0.08178000061889179,1105
loo,dtw_online,7,16,0.0,1.6956271254075244,3.547737887451193,13.432503236014192,57.24258289703316,76.26527050610821,99.12663755458514,30.1189500005421,31.669800000599935,1146
loo,hmm_forward,8,12,0.0,1.3868694875750085,2.8398946601288966,10.23539288193008,65.52036199095022,79.27601809954751,98.46014492753623,0.21550000019487925,0.2457999973557889,1105
loo,particle,8,12,0.0,0.8426344726072442,1.0725692117973875,2.5663006449662173,88.23529411764706,100.0,100.0,0.3235000003769528,0.39340000002994197,1105
loo,nn_greedy,8,13,0.0,3.9286118901115077,5.1553919256050245,13.488709233468875,30.033277870216306,53.74376039933444,96.00333055786844,0.042400002712383866,0.05619499879685464,1202
loo,nn_window,8,13,0.0,10.180424970684538,10.962548585354794,16.930187893164113,0.0,0.0,100.0,0.060100002883700654,0.0765800012231921,1202
loo,dtw_online,7,18,0.0,1.6177504020646105,3.821195428553965,14.232470731794175,54.68331846565566,70.65120428189117,98.39285714285715,31.211900000926107,32.83870000086608,1121
loo,dtw_online,7,17,0.0,8.544234462116597,9.254374140673043,24.471456960971633,25.925925925925924,40.310077519379846,98.9655172413793,30.392599997867364,32.46520000175224,1161
loo,hmm_forward,8,13,0.0,3.5353445610218017,4.450110492230542,12.847725533837975,40.68219633943428,59.98336106489185,96.25312239800166,0.21865000053367112,0.25570000070729293,1202
loo,nn_greedy,8,14,0.0,7.348662805929644,6.783947809198883,15.692927085405058,24.00990099009901,42.82178217821782,96.20148637489679,0.042100000428035855,0.05549000052269549,1212
loo,particle,8,13,0.0,1.6904504575631552,2.5699942667908777,6.937518526458597,57.32113144758736,84.77537437603993,99.25062447960033,0.3246000014769379,0.4164299991316512,1202
loo,nn_window,8,14,0.0,8.48701834909776,8.322044136082882,23.648368036615807,26.65016501650165,38.11881188118812,100.0,0.06009999924572185,0.07463500078301878,1212
loo,hmm_forward,8,14,0.0,2.9054143961952184,5.265779719955444,15.176820291366509,37.12871287128713,59.818481848184824,93.5590421139554,0.21710000146413222,0.2592350005215849,1212
loo,particle,8,14,0.0,2.453979601923768,2.998862125024955,7.926976789417612,38.28382838283829,88.53135313531352,99.0916597853014,0.32329999885405414,0.47074500034796113,1212
loo,nn_greedy,8,15,0.0,4.796396993021113,6.123133563659765,14.622554575172616,34.224137931034484,50.172413793103445,96.37618636755823,0.04189999890513718,0.04980500089004635,1160
loo,nn_window,8,15,0.0,7.672070373212682,7.842304691632309,14.768621166858253,10.172413793103448,30.431034482758623,100.0,0.05999999848427251,0.07499999992433004,1160
loo,dtw_online,7,20,0.0,2.3230348961473863,3.196534008318391,9.158604593482425,46.86924493554328,86.09576427255985,99.07834101382488,31.24885000033828,32.8225500006738,1086
loo,hmm_forward,8,15,0.0,2.6171386525020868,4.036437525554599,10.653074114471462,41.46551724137931,64.74137931034483,97.15271786022434,0.2183499982493231,0.29871500064473366,1160
loo,particle,8,15,0.0,1.4703077139550254,1.9772610264805115,4.88513631118212,60.43103448275862,95.51724137931035,100.0,0.3253999984735856,0.4679250012486591,1160
loo,nn_greedy,8,16,0.0,4.263662356003138,5.9623583202984705,16.249970596871936,32.63525305410122,55.14834205933682,96.76855895196506,0.04220000118948519,0.05605000114883296,1146
loo,nn_window,8,16,0.0,7.441424128497074,8.074554726171419,23.313916431568806,28.79581151832461,40.83769633507853,100.0,0.05999999848427251,0.07137499869713793,1146
loo,dtw_online,8,1,0.0,5.943928063859869,6.973332951291306,14.639231399826642,31.362467866323907,46.87232219365895,98.3704974271012,31.57140000257641,33.791050001309486,1167
loo,hmm_forward,8,16,0.0,1.9076327465050618,4.333023434783072,13.649190350933527,52.617801047120416,70.33158813263525,96.06986899563319,0.2199000009568408,0.3062249970753328,1146
loo,particle,8,16,0.0,1.6414859896064895,2.3452603923132,7.743985620877014,56.719022687609076,91.36125654450262,100.0,0.3221000006305985,0.4365249997135834,1146
loo,nn_greedy,8,17,0.0,3.810725676371209,5.646987671683906,15.29585622890061,31.869078380706288,56.24461670973299,96.12068965517241,0.04209999679005705,0.052600000344682485,1161
loo,nn_window,8,17,0.0,13.338317094130046,13.638555184057184,24.42397195504149,5.254091300602928,6.718346253229974,100.0,0.05999999848427251,0.07550000009359792,1161
loo,dtw_online,8,2,0.0,7.768528853845,7.689683409638553,16.252002176871198,21.31979695431472,35.19458544839256,98.81456392887384,30.583400000978145,40.032339999197575,1182
loo,hmm_forward,8,17,0.0,2.0573487179786043,4.250168678473312,13.131084247479519,49.00947459086994,67.09732988802756,95.6896551724138,0.2181999989261385,0.31540000054519624,1161
loo,particle,8,17,0.0,1.6077125811063455,2.47100348194032,7.8927554042631,60.12058570198106,86.99397071490095,100.0,0.32559999817749485,0.46939999811002053,1161
loo,nn_greedy,8,18,0.0,3.967745971292979,5.287604912398177,12.020801200021895,36.30686886708296,55.04014272970562,96.60714285714286,0.042100000428035855,0.050099999498343095,1121
loo,nn_window,8,18,0.0,8.73205375990506,8.344654909456876,16.96828696883164,5.530776092774309,35.68242640499554,100.0,0.06000000212225132,0.07540000297012739,1121
loo,dtw_online,8,3,0.0,7.873740112628662,7.664635183089816,17.411322667868088,33.279088689991866,39.86981285598048,99.185667752443,31.471399997826666,32.96817999944324,1229
loo,dtw_online,7,19,0.0,10.719864414160092,11.231803791664605,24.386728031698546,9.3562874251497,18.263473053892216,99.17602996254682,31.227949999447446,32.79104999910487,1336
loo,hmm_forward,8,18,0.0,1.9083832982552484,4.1186743704660085,12.01357974805063,52.63157894736842,63.1578947368421,96.42857142857143,0.2268999996886123,0.30979999792180024,1121
loo,nn_greedy,8,19,0.0,3.2035706354487856,4.929381791564231,12.496401735331517,36.75149700598803,59.50598802395209,95.73033707865169,0.042499999835854396,0.05920000148762483,1336
loo,particle,8,18,0.0,1.7552433317826392,2.1637561124370825,5.5198421933060855,58.60838537020518,92.0606601248885,100.0,0.33039999834727496,0.5025999998906627,1121
loo,nn_window,8,19,0.0,10.025287650081083,10.790412797480462,18.114123650407084,0.0,0.0,100.0,0.06030000076862052,0.105000000075961,1336
loo,hmm_forward,8,19,0.0,1.9116731272261296,3.6955806293267144,10.817886528906854,51.122754491017965,69.61077844311377,97.00374531835206,0.21719999858760275,0.2927750001617824,1336
loo,dtw_online,8,4,0.0,8.132904126577005,7.6642853290468524,16.217546491556536,24.031007751937985,31.52454780361757,98.79310344827587,31.432499999937136,41.44340000129887,1161
loo,nn_greedy,8,20,0.0,5.203942367736785,6.479152513818061,22.83251021672825,41.71270718232044,49.90791896869245,97.41935483870968,0.042100000428035855,0.05875000078958692,1086
loo,nn_window,8,20,0.0,12.273842406820691,11.280689021009156,17.44843592560852,5.70902394106814,7.18232044198895,100.0,0.05999999848427251,0.07772499975544633,1086
loo,particle,8,19,0.0,1.3705608617857288,1.7894874389705298,4.94465042167769,74.32634730538922,95.73353293413174,98.87640449438202,0.3255000010540243,0.5190250003579422,1336
loo,dtw_online,8,5,0.0,2.7603679498892935,4.901308540019111,15.999412125451109,42.61019878997407,64.39066551426103,98.78892733564014,31.607400000211783,40.9170399994764,1157
loo,hmm_forward,8,20,0.0,2.581121208601922,5.367059678030454,18.29805738449305,41.62062615101289,59.66850828729282,96.12903225806451,0.2179000002797693,0.28182500045659253,1086
loo,nn_greedy,9,1,0.0,1.7225493192697934,3.8646513933519517,11.990347687313442,55.012853470437015,69.23736075407027,96.99828473413379,0.041200000850949436,0.049570000192034065,1167
loo,nn_window,9,1,0.0,9.983468803558308,8.74400211407209,17.51892418323175,8.483290488431876,34.96143958868895,100.0,0.05869999949936755,0.069709999661427,1167
loo,particle,8,20,0.0,1.5725701995409196,2.2325628601410727,6.16257087611776,61.32596685082873,88.12154696132598,100.0,0.325400000292575,0.5427250007414841,1086
loo,hmm_forward,9,1,0.0,1.274397387425719,2.7290439504359405,11.33981136022194,64.69580119965724,83.54755784061697,98.3704974271012,0.22109999918029644,0.310190000163857,1167
loo,particle,9,1,0.0,1.0385811036980224,1.4169934722503228,4.207854078184665,81.14824335904028,97.6006855184233,100.0,0.32529999953112565,0.5377399978897301,1167
loo,nn_greedy,9,2,0.0,2.8946658262399456,4.834547337483737,13.333528513937518,42.978003384094755,58.629441624365484,96.61303979678239,0.041200000850949436,0.05228499812801603,1182
loo,nn_window,9,2,0.0,10.54971125393459,9.200946492342224,18.5023044756971,9.052453468697124,33.417935702199664,100.0,0.05879999662283808,0.07508500075346093,1182
loo,dtw_online,8,6,0.0,12.72550342282391,12.240927050939531,22.119941835071838,8.026208026208026,9.41850941850942,98.77049180327869,31.116199999814853,41.01779999837163,1221
loo,hmm_forward,9,2,0.0,1.5926581216840534,3.119730805984135,10.898640412680395,59.64467005076142,81.7258883248731,96.10499576629975,0.21740000011050142,0.2549999990151264,1182
loo,particle,9,2,0.0,1.286224808065997,1.72946316858391,4.427204730506824,70.89678510998309,98.22335025380711,100.0,0.322900001265225,0.503459998799372,1182
loo,nn_greedy,9,3,0.0,2.453225456506768,5.284429401596024,16.09426014096355,46.29780309194467,60.53702196908055,96.90553745928338,0.0411000000895001,0.052959999447921284,1229
loo,nn_window,9,3,0.0,10.079129631925632,9.228456750255603,17.05260078816264,4.719283970707893,35.15052888527258,100.0,0.05880000026081689,0.07495999961975029,1229
loo,dtw_online,8,7,0.0,8.838831739788633,8.594242707734878,16.150988550113173,3.267411865864144,27.171109200343942,99.22547332185886,31.58580000308575,38.911929999812855,1163
loo,hmm_forward,9,3,0.0,1.2323972870212894,2.629922834396389,11.766492522543302,67.860048820179,86.16761594792514,97.55700325732899,0.21779999951831996,0.33019999973475883,1229
loo,dtw_online,8,10,0.0,9.33951242799356,9.061865947617207,21.31687841238946,24.838411819021236,27.0544783010157,99.26062846580407,31.43399999680696,33.29673999978695,1083
loo,nn_greedy,9,4,0.0,3.3411769201030412,5.20296063953357,13.282978488789533,39.44875107665805,58.39793281653747,96.98275862068965,0.04149999949731864,0.04690000059781596,1161
loo,nn_window,9,4,0.0,10.698555843184174,9.307005772567797,16.779441694264914,4.3927648578811365,36.69250645994832,100.0,0.05869999949936755,0.06639999992330559,1161
loo,particle,9,3,0.0,1.0330646020204828,1.516862936470642,4.877425029106638,80.87876322213181,95.1993490642799,100.0,0.325400000292575,0.5373799998778845,1229
loo,hmm_forward,9,4,0.0,1.3320857462692048,2.8951933731409882,10.909000006985542,62.70456503014643,84.40999138673557,97.75862068965517,0.2167999991797842,0.307099999190541,1161
loo,particle,9,4,0.0,1.4579387909647665,1.7019385093508015,4.8745863018172395,75.88285960378983,95.26270456503015,100.0,0.32500000088475645,0.5229000016697682,1161
loo,nn_greedy,9,5,0.0,3.413160021855977,5.871532058844245,17.202489239217492,35.95505617977528,57.21694036300777,96.36678200692042,0.041200000850949436,0.05011999965063297,1157
loo,nn_window,9,5,0.0,10.568293974069372,9.512398798633875,17.18432461429006,4.148660328435609,26.44770959377701,100.0,0.05889999738428742,0.07509999995818364,1157
loo,dtw_online,8,9,0.0,7.396593492196593,7.362396345782396,16.227043117022482,27.32142857142857,43.660714285714285,98.30205540661304,31.537400000161142,40.27588000026299,1120
loo,hmm_forward,9,5,0.0,1.95461404948066,3.2703763538365953,13.197236142470434,50.82108902333622,86.25756266205704,98.1833910034602,0.22229999740375206,0.31645999915781436,1157
loo,particle,9,5,0.0,1.4168850228724565,1.9334787204198312,5.579433677019457,68.2800345721694,93.3448573898012,100.0,0.3237000018998515,0.4281600005924704,1157
loo,nn_greedy,9,6,0.0,5.936021878485376,7.007530860952033,17.52150306863342,27.27272727272727,47.82964782964783,95.81967213114754,0.0411000000895001,0.05619999865302816,1221
loo,nn_window,9,6,0.0,10.352011499203122,9.582807156890574,17.53916096396988,3.5217035217035217,25.389025389025388,100.0,0.05869999949936755,0.07230000119307078,1221
loo,dtw_online,8,12,0.0,9.459168845110815,8.45210821770197,22.371645658779205,30.04524886877828,41.990950226244344,99.0036231884058,31.626600000890903,41.14834000065457,1105
loo,hmm_forward,9,6,0.0,2.144537747100001,4.408620867003649,12.755162281930865,48.484848484848484,68.71416871416871,96.47540983606558,0.22679999892716296,0.29240000003483146,1221
loo,dtw_online,8,11,0.0,6.114846951347388,7.0575534222031635,14.640693744558025,13.23283082077052,47.73869346733669,98.65884325230512,32.34064999924158,43.96603500063064,1194
loo,nn_greedy,9,7,0.0,4.065108277419705,5.426934210103078,14.144926976137766,32.67411865864144,55.11607910576096,96.29948364888124,0.04189999890513718,0.057659999220049885,1163
loo,nn_window,9,7,0.0,10.459381710466698,9.444107829061341,18.54697528843945,2.407566638005159,32.67411865864144,100.0,0.058900001022266224,0.07268999725056345,1163
loo,particle,9,6,0.0,1.4942061237210855,1.7835638536197391,4.125327765499424,68.3046683046683,97.70679770679772,100.0,0.33260000054724514,0.5473000019264873,1221
loo,hmm_forward,9,7,0.0,2.043208915793392,3.648497662349461,11.206622487003408,49.09716251074806,78.07394668959587,98.19277108433735,0.22639999951934442,0.2806300006341184,1163
loo,particle,9,7,0.0,1.5965508837139732,1.8819153870104255,4.236922112405413,63.628546861564914,98.45227858985382,100.0,0.33210000037797727,0.6499999992229276,1163
loo,nn_greedy,9,8,0.0,4.8680379599573795,5.581369963862628,14.041860912140992,33.39026473099915,50.98206660973526,96.06837606837607,0.041200000850949436,0.0518000015290454,1171
loo,nn_window,9,8,0.0,11.454171199851501,11.072160197065356,16.67353388108784,1.3663535439795047,8.795900939368062,100.0,0.06079999729990959,0.079100000220933,1171
loo,dtw_online,8,13,0.0,10.03319405262122,9.297530198358901,21.85423728355676,18.63560732113145,41.18136439267887,99.25062447960033,30.495599999994738,32.13002000029519,1202
loo,hmm_forward,9,8,0.0,3.409543256600192,4.757062378304985,11.03225404170951,32.87788215200683,57.472245943637915,97.43589743589743,0.2159000032406766,0.2799000012601027,1171
loo,particle,9,8,0.0,1.3092492091020445,2.0824469910133248,9.626925731998824,76.00341588385994,89.15456874466268,100.0,0.3237000018998515,0.4300500004319474,1171
loo,nn_greedy,9,10,0.0,2.027559268920331,4.048847472836298,13.148311675835437,49.769159741458914,69.3444136657433,97.13493530499076,0.0411000000895001,0.0532500016561243,1083
loo,nn_window,9,10,0.0,10.0214721216118,10.197444362635506,16.32232754043128,2.0313942751615883,9.233610341643583,100.0,0.05859999873791821,0.07065999961923802,1083
loo,dtw_online,8,15,0.0,9.446483710320258,9.149947987958189,15.646346764989453,0.0,26.03448275862069,99.0509059534081,31.355850000181817,33.00172500203189,1160
loo,dtw_online,8,14,0.0,3.601578495765083,5.699356039033865,16.12630622622303,23.597359735973598,59.98349834983499,98.5962014863749,30.57854999860865,32.365270000627795,1212
loo,hmm_forward,9,10,0.0,1.3220917856210086,2.5707340309446796,9.729146522358887,67.95937211449676,85.87257617728532,97.59704251386322,0.2189999977417756,0.2988399988680612,1083
loo,nn_greedy,9,11,0.0,4.504195816841375,6.174262258777271,15.530732724077561,23.115577889447238,53.015075376884425,95.97652975691534,0.041050001527764834,0.054935002299316686,1194
loo,particle,9,10,0.0,1.1902719982501326,2.072402974379484,7.016668765284179,66.29732225300093,94.0904893813481,99.81515711645102,0.32219999775406905,0.38779999886173755,1083
loo,nn_window,9,11,0.0,10.043467335712977,10.369125637332964,16.64788537039986,0.9212730318257957,3.433835845896147,100.0,0.058900001022266224,0.07839000008971185,1194
loo,dtw_online,8,16,0.0,7.868324320765771,7.7641508378762865,16.25511644555422,11.169284467713787,40.924956369982546,98.95196506550218,31.25229999932344,33.1951249991107,1146
loo,hmm_forward,9,11,0.0,5.143038501296472,5.987889601735875,13.252948424435127,24.958123953098827,48.99497487437186,95.47359597652975,0.21860000197193585,0.2900200011936248,1194
loo,nn_greedy,9,12,0.0,3.1080820601434906,5.014416549418198,14.297092323554086,42.71493212669683,60.723981900452486,96.55797101449275,0.040800001443130895,0.04708000196842476,1105
loo,nn_window,9,12,0.0,8.765506818726788,8.866435116272953,16.72957857430046,8.506787330316742,34.02714932126697,100.0,0.058999998145736754,0.07836000077077186,1105
loo,particle,9,11,0.0,2.510726449241195,2.8526047556202028,7.783595956668879,40.03350083752093,88.60971524288107,100.0,0.3237000000808621,0.4091249986231559,1194
loo,hmm_forward,9,12,0.0,1.4880296413268579,2.8001843824511305,10.429247703831477,65.70135746606334,83.98190045248869,99.0036231884058,0.21600000036414713,0.23921999963931737,1105
loo,particle,9,12,0.0,1.104522834600334,1.5695647254928824,5.072782960900863,77.55656108597286,94.84162895927601,100.0,0.32500000088475645,0.3991599987784865,1105
loo,nn_greedy,9,13,0.0,6.30754076564217,6.695722706795681,17.48305795862388,25.873544093178037,42.51247920133112,95.503746877602,0.041200000850949436,0.049695000052452094,1202
loo,nn_window,9,13,0.0,7.471070922807427,7.64719716961739,12.531915929390719,1.497504159733777,24.708818635607322,100.0,0.05859999873791821,0.06890000076964498,1202
loo,dtw_online,8,17,0.0,5.154645790971842,6.663693967545269,16.19342492907796,32.38587424633936,49.87080103359173,99.13793103448276,31.319599998823833,33.242000001337146,1161
loo,hmm_forward,9,13,0.0,5.367522507926907,5.886045266723197,14.243247714421447,35.524126455906824,49.001663893510816,97.91840133222316,0.22050000006856862,0.28437000091798836,1202
loo,particle,9,13,0.0,2.0671972043522704,2.5351009515074807,5.652854660409136,47.33777038269551,89.18469217970049,99.16736053288926,0.3237000018998515,0.4850450026424371,1202
loo,nn_greedy,9,14,0.0,1.9884580207190288,5.152560840801792,16.391091859667625,50.24752475247525,61.221122112211226,96.53179190751445,0.04099999932805076,0.05030000102124177,1212
loo,nn_window,9,14,0.0,10.362779038345156,9.530319454624944,18.160530011941244,6.105610561056106,28.795379537953796,100.0,0.05889999738428742,0.06934500052011572,1212
loo,dtw_online,8,18,0.0,7.500096032384545,7.101115774552411,15.07217107096823,27.921498661909013,44.06779661016949,99.28571428571429,30.600400001276284,39.3536999981734,1121
loo,hmm_forward,9,14,0.0,1.635353374800029,4.158670416942592,13.365045037219298,53.63036303630363,71.69966996699671,96.36663914120561,0.2172999993490521,0.25582500002201414,1212
loo,dtw_online,8,20,0.0,8.295931482735982,8.49649905745337,17.418547183553628,21.731123388581953,39.50276243093923,99.07834101382488,31.52235000015935,39.05809999923804,1086
loo,nn_greedy,9,15,0.0,4.40655790509987,5.818249974897344,14.233346729349938,32.758620689655174,52.1551724137931,95.94477998274374,0.04180000178166665,0.0568050030778977,1160
loo,particle,9,14,0.0,1.605001761337539,2.056923589430921,5.38108480164942,58.993399339933994,93.06930693069307,100.0,0.32559999817749485,0.44899499953316996,1212
loo,nn_window,9,15,0.0,9.063052616958648,8.63713219129542,19.006476218080163,6.810344827586206,41.55172413793103,100.0,0.05979999878036324,0.07752000074106034,1160
loo,hmm_forward,9,15,0.0,1.6946229910519848,2.888267334602494,9.085806110300366,57.24137931034483,82.41379310344827,97.23899913718724,0.21779999951831996,0.3015200001755147,1160
loo,particle,9,15,0.0,1.9233473403126582,2.2884229897725814,4.979840106840541,51.46551724137931,95.0,100.0,0.32500000088475645,0.4309049996663816,1160
loo,dtw_online,9,1,0.0,9.66833629879671,8.433758223371772,17.622907761736744,17.223650385604113,33.67609254498715,99.05660377358491,30.23390000089421,33.501730000716634,1167
loo,nn_greedy,9,16,0.0,3.835255898538413,5.557945270889144,14.200009410503982,38.65619546247818,53.752181500872595,96.76855895196506,0.040800001443130895,0.04627500038623111,1146
loo,nn_window,9,16,0.0,9.361012142173651,8.722602348730039,16.799302264219797,9.24956369982548,37.347294938917976,100.0,0.05880000026081689,0.07982499937497778,1146
loo,hmm_forward,9,16,0.0,1.6587367763911725,3.1868377631244735,11.848322709420785,55.497382198952884,79.31937172774869,95.89519650655022,0.2179000002797693,0.2801749988066149,1146
loo,particle,9,16,0.0,1.563636252021148,1.8234719102420622,4.743973403667862,63.26352530541012,95.37521815008726,100.0,0.3232500002923189,0.4265749994374346,1146
loo,nn_greedy,9,17,0.0,2.1846303724855867,4.853659495364904,15.444068915758075,48.66494401378122,60.63738156761412,96.4655172413793,0.040899998566601425,0.05239999882178381,1161
loo,nn_window,9,17,0.0,10.273673693862204,9.571121780747957,18.273216325507068,5.770887166236004,21.53316106804479,100.0,0.058499997976468876,0.0684000006003771,1161
loo,dtw_online,9,2,0.0,10.006466925734838,9.028595896653119,18.560462281805492,10.575296108291033,30.118443316412858,99.15325994919559,30.327450000186218,39.89116500251839,1182
loo,hmm_forward,9,17,0.0,1.3261877633276966,2.5580302594990783,10.373055459551813,63.565891472868216,85.61584840654608,96.98275862068965,0.22090000129537657,0.3155999984301161,1161
loo,particle,9,17,0.0,1.1943607476544527,1.7249498617283834,5.621211879503353,79.67269595176572,93.71231696813092,100.0,0.3259999975853134,0.5300999982864596,1161
loo,nn_greedy,9,18,0.0,3.278465085751023,5.410143675027017,14.466104106940556,41.21320249776985,55.932203389830505,96.25,0.0411000000895001,0.04990000161342323,1121
loo,nn_window,9,18,0.0,10.05884605469061,9.034034787781952,17.111630128847548,5.263157894736842,32.56021409455843,100.0,0.058999998145736754,0.07679999907850288,1121
loo,dtw_online,8,19,0.0,7.497941654750473,7.598422885235726,15.421035960586154,5.4640718562874255,40.49401197604791,99.02621722846442,31.614400000762544,34.09322499828704,1336
loo,hmm_forward,9,18,0.0,1.890827087764138,3.5281155754651716,10.829000755530016,51.56110615521855,77.25245316681534,98.92857142857143,0.21840000044903718,0.2488999998604413,1121
loo,particle,9,18,0.0,1.5132418217715746,1.9989824179623137,5.347055783811046,63.87154326494202,93.5771632471008,98.75,0.3240999976696912,0.3848000014841091,1121
loo,nn_greedy,9,19,0.0,4.567555996124498,5.86663431943234,14.721974113471529,27.54491017964072,52.61976047904192,95.58052434456928,0.04099999932805076,0.0517999988005613,1336
loo,nn_window,9,19,0.0,11.289479485500152,10.900941199185453,16.466947862358914,3.3682634730538923,9.056886227544911,100.0,0.058499997976468876,0.06979999761824729,1336
loo,dtw_online,9,3,0.0,1.0647042956843562,2.5306892778764483,9.665197183899899,70.21969080553295,83.8079739625712,98.8599348534202,29.443599996739067,39.19452000118326,1229
loo,hmm_forward,9,19,0.0,2.0544073470237945,4.098263537547587,13.33225005957589,49.40119760479042,72.23053892215569,97.45318352059925,0.2167999991797842,0.29070000073261326,1336
loo,dtw_online,9,4,0.0,10.213463427268652,9.021200705490763,18.620304904880282,15.07321274763135,33.33333333333333,98.62068965517241,30.407300000661053,33.00840000156313,1161
loo,nn_greedy,9,20,0.0,1.8691355989731067,4.991714529309228,16.614240996998248,51.841620626151006,61.51012891344383,97.14285714285714,0.041299997974419966,0.05657499877997907,1086
loo,nn_window,9,20,0.0,10.694493056736635,9.69756843915753,17.672598460811678,0.3683241252302026,34.34622467771639,100.0,0.05909999890718609,0.07730000197625486,1086
loo,particle,9,19,0.0,1.7175920422020174,2.0954932735131555,5.6521304918170046,57.035928143712574,94.08682634730539,100.0,0.3269499993621139,0.4500249997363426,1336
loo,hmm_forward,9,20,0.0,1.9606257347296547,4.264990231276506,13.148839663745377,50.552486187845304,65.65377532228361,98.4331797235023,0.21829999968758784,0.30787499781581573,1086
loo,particle,9,20,0.0,1.5530287845861244,2.195083025341068,6.732263928244174,59.94475138121547,90.60773480662984,99.44700460829493,0.32294999982696027,0.43892499979847344,1086
loo,nn_greedy,10,1,0.0,2.0199822991594614,3.858576038960186,11.840365749135161,49.70008568980291,69.40874035989717,97.77015437392795,0.04090000220458023,0.06114000098023099,1167
loo,nn_window,10,1,0.0,6.845543883398645,7.22128830801858,13.261451604018728,9.940017137960583,35.132819194515854,100.0,0.05830000009154901,0.0731700005417224,1167
loo,dtw_online,9,5,0.0,9.506216877421847,9.738871552544452,22.34289386304419,13.13742437337943,32.15211754537597,98.87543252595155,30.143899999529822,38.671220001560876,1157
loo,hmm_forward,10,1,0.0,2.298727266151894,4.145022576680621,11.950864885536873,43.44473007712082,65.89545844044558,98.3704974271012,0.21809999816468917,0.3006499984621769,1167
loo,particle,10,1,0.0,1.0458133763972477,1.4166055456596167,4.262425048480143,81.14824335904028,98.11482433590403,100.0,0.32590000046184286,0.4431499990459998,1167
loo,nn_greedy,10,2,0.0,3.034732258321159,4.963154353315495,13.456739116041856,40.947546531302876,57.69881556683587,98.3065198983912,0.04050000279676169,0.04958999943482923,1182
loo,nn_window,10,2,0.0,7.929799280675299,7.557127659474901,14.04275678233936,11.844331641285956,35.44839255499154,100.0,0.05819999933009967,0.06690000009257346,1182
loo,dtw_online,9,6,0.0,10.346901369486107,9.17847193154216,18.471212506377533,13.923013923013924,28.992628992628994,99.18032786885246,30.787200001213932,41.5404999985185,1221
loo,hmm_forward,10,2,0.0,2.8851174463193283,4.722847526428357,14.343922695323792,37.309644670050766,62.2673434856176,96.61303979678239,0.22050000188755803,0.2958449998914151,1182
loo,particle,10,2,0.0,1.3235621791141665,1.6537250153000265,4.20309151578749,72.41962774957699,97.88494077834179,99.15325994919559,0.32270000156131573,0.5272900023555849,1182
loo,nn_greedy,10,3,0.0,4.049485544105567,5.419323989894574,14.275354903907974,35.313262815296994,55.65500406834825,97.55700325732899,0.040800001443130895,0.06077999860281122,1229
loo,nn_window,10,3,0.0,10.500774754686336,9.505437399703082,17.562092552652015,5.207485760781123,28.966639544344996,100.0,0.05850000161444768,0.07658000104129312,1229
loo,dtw_online,9,7,0.0,11.159069581919123,11.956821916053913,21.564151126222814,5.588993981083405,9.028374892519347,98.19277108433735,30.17829999953392,37.92026000082842,1163
loo,hmm_forward,10,3,0.0,2.404396740354369,4.437386908910334,13.085951470154683,43.124491456468675,69.73148901545973,96.17263843648209,0.22030000036465935,0.3048600010515655,1229
loo,particle,10,3,0.0,1.3669268165355855,1.563240545725557,3.4895825675696943,84.0520748576078,96.9894222945484,100.0,0.3243000028305687,0.41532000032020727,1229
loo,nn_greedy,10,4,0.0,2.5764362818288777,4.857314710879033,12.712619509008658,45.21963824289406,59.25925925925925,97.58620689655172,0.04039999839733355,0.05270000110613182,1161
loo,nn_window,10,4,0.0,10.992407152059453,9.529346806268633,17.014367445287043,4.909560723514212,31.43841515934539,100.0,0.05810000220662914,0.06589999975403771,1161
loo,dtw_online,9,8,0.0,2.688992347912804,4.260768204007836,11.215177105703438,43.894107600341584,68.23228010247652,98.2051282051282,30.273899999883724,39.90229999908479,1171
loo,hmm_forward,10,4,0.0,2.222795127414399,3.6977841880155906,11.956380320536189,46.85615848406546,78.1223083548665,97.32758620689656,0.22670000180369243,0.319799997669179,1161
loo,particle,10,4,0.0,1.4942317398749532,1.695123297660679,4.148077886952524,75.36606373815677,97.67441860465115,100.0,0.33059999987017363,0.43430000005173497,1161
loo,nn_greedy,10,5,0.0,5.150000194618141,6.291412571754393,16.418447899080494,28.867761452031115,48.83318928262749,96.7128027681661,0.04070000068168156,0.054919999820413075,1157
loo,nn_window,10,5,0.0,9.865249831039057,9.283322016503831,18.046798596289367,3.9757994814174586,29.040622299049268,100.0,0.06159999975352548,0.08562000075471587,1157
loo,dtw_online,9,10,0.0,9.406392963978899,9.053085097334424,21.07187796177758,31.301939058171747,37.119113573407205,98.70609981515712,29.26600000137114,31.48768000064591,1083
loo,hmm_forward,10,5,0.0,3.325491504230924,4.922458727654815,17.044228079617046,35.782195332757134,65.68712186689714,97.23183391003461,0.2173000029870309,0.29005999895161955,1157
loo,particle,10,5,0.0,1.6362168206717025,2.12423778912949,5.315725828594939,64.47709593777009,93.94987035436473,99.30795847750865,0.3233999996155035,0.4378599987830968,1157
loo,nn_greedy,10,6,0.0,6.533132392308659,6.76886553139064,15.725625123747466,28.91072891072891,43.4070434070434,96.63934426229508,0.04070000068168156,0.05020000025979243,1221
loo,nn_window,10,6,0.0,10.214303511281013,9.353709235079027,17.485840982033917,3.5217035217035217,20.884520884520885,100.0,0.058499997976468876,0.07469999763998203,1221
loo,dtw_online,9,12,0.0,11.122577673787166,11.54240972410292,22.184941117666767,6.60633484162896,13.936651583710407,98.27898550724638,30.0427000001946,31.345619998319307,1105
loo,hmm_forward,10,6,0.0,2.8966239029616907,4.542110772783301,12.660563885603526,44.55364455364455,66.83046683046683,96.80327868852459,0.21660000129486434,0.24730000222916715,1221
loo,particle,10,6,0.0,1.452254909757251,2.1212086040884324,6.560811979303512,70.5978705978706,92.46519246519247,99.34426229508196,0.32279999868478626,0.3831000030913856,1221
loo,nn_greedy,10,7,0.0,2.9870149102229897,5.150217416418866,12.565132725146219,40.32674118658641,57.953568357695616,97.76247848537005,0.040499999158782884,0.049870001384988386,1163
loo,nn_window,10,7,0.0,11.699786170012407,11.831380892797805,18.682780377821455,0.0,3.52536543422184,100.0,0.05830000009154901,0.07308000022021585,1163
loo,dtw_online,9,11,0.0,8.857688003228345,9.021168725787584,18.90815091454817,7.2864321608040195,28.726968174204355,98.49119865884325,29.132849998859456,31.04282999993302,1194
loo,hmm_forward,10,7,0.0,2.416120450705257,3.9229876856202823,11.830057904922787,38.779019776440244,76.4402407566638,97.93459552495698,0.21600000036414713,0.25617999745009,1163
loo,particle,10,7,0.0,1.3484475059696959,1.6048267072352238,4.069489043067178,74.89251934651763,97.24849527085124,100.0,0.3218000019842293,0.400170001375954,1163
loo,nn_greedy,10,8,0.0,5.571000373220643,5.589961570469573,11.879693578672766,29.461998292058073,46.6268146883006,97.77777777777777,0.04030000127386302,0.05095000233268365,1171
loo,nn_window,10,8,0.0,7.6088386326324775,7.697954298472166,13.017844224214464,5.038428693424423,23.82578992314261,100.0,0.057600002037361264,0.07404999814752955,1171
loo,dtw_online,9,13,0.0,5.700770850349097,6.5856288796652045,14.632232755599844,28.036605657237935,43.67720465890183,98.50124895920067,29.960849999042694,31.560750001881388,1202
loo,hmm_forward,10,8,0.0,3.525041479992553,4.989014240526858,12.491818409733446,30.145175064047823,54.7395388556789,97.86324786324786,0.2176000016334001,0.26219999926979654,1171
loo,particle,10,8,0.0,1.2164542075950449,1.850882663373213,5.675451003946284,69.000853970965,92.31426131511529,100.0,0.3246000014769379,0.4549999994196696,1171
loo,nn_greedy,10,9,0.0,2.008043378019905,4.499450399398041,15.340278881814232,49.910714285714285,65.35714285714286,97.40840035746203,0.04059999992023222,0.05510499777301447,1120
loo,nn_window,10,9,0.0,10.408567754464023,9.922854230115483,18.224251947012615,5.178571428571429,19.375,100.0,0.05819999933009967,0.0763300024118507,1120
loo,dtw_online,9,14,0.0,4.0649192962132465,5.390604296451358,16.572373339431472,35.148514851485146,59.32343234323433,97.85301403798513,30.18530000008468,31.559094999283843,1212
loo,hmm_forward,10,9,0.0,1.8351363855308565,4.072301351664575,13.960230339092904,52.85714285714286,72.85714285714285,94.72743521000893,0.2190000013797544,0.24923999862949128,1120
loo,particle,10,9,0.0,1.1618757875782215,1.609617885127199,4.5242445363439305,75.26785714285714,97.94642857142857,100.0,0.3238500012230361,0.40492499829269946,1120
loo,nn_greedy,10,11,0.0,4.165343805091907,5.466578200869377,13.137293735946864,29.564489112227804,55.36013400335008,97.40150880134115,0.04040000021632295,0.05087000045023158,1194
loo,nn_window,10,11,0.0,10.718951755271476,10.949649933934294,19.398274654085647,4.0201005025125625,7.537688442211055,100.0,0.058000001445179805,0.07273500086739658,1194
loo,dtw_online,9,17,0.0,10.201180044871805,10.939907993689493,22.668983755070204,6.804478897502153,15.15934539190353,98.44827586206897,30.148399997415254,31.740300000819843,1161
loo,hmm_forward,10,11,0.0,4.43184400843592,5.278356285347434,12.643801126312836,28.224455611390287,55.9463986599665,97.4853310980721,0.21719999858760275,0.2852750012607428,1194
loo,dtw_online,9,15,0.0,10.080767666958131,9.18402910038576,19.174876141486088,10.431034482758621,31.551724137931036,98.61949956859361,30.196499999874504,40.253360001042886,1160
loo,nn_greedy,10,12,0.0,2.2920355361631892,4.51479130835017,12.352406354277472,45.79185520361991,62.171945701357465,96.92028985507247,0.04059999992023222,0.049740000395104275,1105
loo,nn_window,10,12,0.0,11.084322896711347,9.619329848216022,16.739987264949985,4.615384615384616,26.877828054298643,100.0,0.05869999949936755,0.10169999950448982,1105
loo,particle,10,11,0.0,2.113921520880178,2.6173420694229383,7.554251689692923,46.482412060301506,89.69849246231156,99.49706621961441,0.3223999992769677,0.4928150005071074,1194
loo,hmm_forward,10,12,0.0,1.2153027665104492,2.257047768082496,8.001184685773715,66.2443438914027,86.96832579185521,97.91666666666666,0.216500000533415,0.2474799992342013,1105
loo,dtw_online,9,16,0.0,10.187814918612759,9.214131765184282,16.96567038620428,16.05584642233857,27.748691099476442,98.95196506550218,30.586499999117223,41.3959249999607,1146
loo,nn_greedy,10,13,0.0,4.253928039652375,5.348101707634908,15.106203606502428,33.52745424292845,50.998336106489184,97.16902581182349,0.04079999780515209,0.05329499854269671,1202
loo,nn_window,10,13,0.0,8.03136346283722,8.476663704764889,17.92243140725747,2.6622296173044924,21.630615640599,100.0,0.05819999933009967,0.07538499939983014,1202
loo,particle,10,12,0.0,1.066071092265741,1.7056910137339683,6.633289468529738,76.92307692307693,93.21266968325791,100.0,0.32300000020768493,0.4557600012049076,1105
loo,hmm_forward,10,13,0.0,6.244819159665132,5.9279582111393685,12.526867994097692,17.88685524126456,44.42595673876872,97.4188176519567,0.21689999994123355,0.27529499730007956,1202
loo,particle,10,13,0.0,1.9187084730797874,3.4479975979685347,11.847407783600334,51.58069883527454,77.20465890183029,98.0849292256453,0.3228999994462356,0.4613499997503824,1202
loo,nn_greedy,10,14,0.0,3.8952787315968123,5.531473071479631,15.074041978331945,35.396039603960396,54.45544554455446,97.27497935590421,0.04020000051241368,0.04614499848685228,1212
loo,nn_window,10,14,0.0,9.8015510052609,8.971767010403356,18.190371961624137,4.455445544554455,32.755775577557756,100.0,0.058000001445179805,0.07568999990326121,1212
loo,dtw_online,9,20,0.0,10.545738661628189,10.295823279191834,17.76022491050646,0.0,15.009208103130756,99.07834101382488,30.30389999912586,31.26795000025595,1086
loo,hmm_forward,10,14,0.0,3.8567100784039754,5.887921944907134,17.629620129898754,28.135313531353134,56.43564356435643,96.03633360858794,0.21614999968733173,0.26073499902850017,1212
loo,dtw_online,9,18,0.0,11.86548821653816,12.184803100047022,24.392589681024436,5.887600356824264,14.62979482604817,98.48214285714286,30.595000000175787,40.42449999906239,1121
loo,nn_greedy,10,15,0.0,4.106547019776924,5.594054374338218,13.185529715962236,28.448275862068968,55.00000000000001,97.58412424503882,0.04100000296602957,0.046804999874439084,1160
loo,particle,10,14,0.0,1.9346717188222442,3.0605466392614757,8.53992417955817,51.4026402640264,83.16831683168317,99.0916597853014,0.32389999978477135,0.39321499843936186,1212
loo,nn_window,10,15,0.0,10.336012442565057,9.926300430099204,19.17775718957617,1.810344827586207,20.344827586206897,100.0,0.05850000161444768,0.0655999974696897,1160
loo,hmm_forward,10,15,0.0,3.3577030609968688,4.81107557414212,11.472905216455661,30.775862068965516,59.91379310344828,96.11734253666955,0.22050000188755803,0.27753500198741665,1160
loo,particle,10,15,0.0,1.9863007510253694,2.168748857105434,4.450772907089889,50.689655172413794,96.20689655172414,100.0,0.3255000010540243,0.4388500015920726,1160
loo,nn_greedy,10,16,0.0,4.619318653536483,6.174371617747391,15.668816500390824,32.28621291448517,51.65794066317626,97.64192139737992,0.04070000068168156,0.05700000019714935,1146
loo,nn_window,10,16,0.0,7.421724207068097,7.229495828495629,13.459428305991048,11.605584642233858,41.012216404886566,100.0,0.05869999949936755,0.07707500117248856,1146
loo,dtw_online,10,1,0.0,9.909897637551278,8.854937265964029,17.499968724864065,13.196229648671808,30.248500428449017,99.22813036020584,27.877799999259878,37.37949000060326,1167
loo,hmm_forward,10,16,0.0,2.423085873463922,4.19046645490931,14.129140500396977,43.1064572425829,72.6003490401396,96.76855895196506,0.21629999901051633,0.25122499846474966,1146
loo,particle,10,16,0.0,1.5129613449427042,1.776241882965372,4.0196763638631365,67.10296684118674,97.90575916230367,99.30131004366812,0.32500000088475645,0.4419249989950913,1146
loo,nn_greedy,10,17,0.0,4.755383278960837,5.665289926741864,14.711866197642868,36.60637381567614,50.55986218776917,97.41379310344827,0.040499999158782884,0.053599997045239434,1161
loo,nn_window,10,17,0.0,9.323728121289882,8.975528596756181,18.154767624383354,4.3066322136089585,30.663221360895783,100.0,0.05830000009154901,0.07750000077066943,1161
loo,dtw_online,10,2,0.0,10.446459897511058,9.243746599198486,18.569941356255118,9.560067681895093,28.25719120135364,99.15325994919559,28.746899999532616,38.76391000030708,1182
loo,hmm_forward,10,17,0.0,2.454664492002924,4.1967742619807735,12.242739601578162,45.65030146425496,65.37467700258398,97.67241379310346,0.21669999841833487,0.24850000045262277,1161
loo,particle,10,17,0.0,1.3998441939695914,1.8900990170993663,5.417864273146684,68.21705426356588,93.45391903531439,99.82758620689656,0.32469999860040843,0.414699999964796,1161
loo,nn_greedy,10,18,0.0,4.446528320347892,5.648878841853012,13.325316209292053,32.38180196253345,52.185548617305976,97.32142857142857,0.04019999687443487,0.04650000118999742,1121
loo,nn_window,10,18,0.0,10.090018982917668,8.89841696521901,17.20438393267938,9.812667261373774,28.63514719000892,100.0,0.05830000009154901,0.07700000060140155,1121
loo,dtw_online,9,19,0.0,5.476963514809672,7.879584734717403,16.96987191006382,11.077844311377245,47.1556886227545,98.42696629213484,30.282150000857655,35.109100000227045,1336
loo,hmm_forward,10,18,0.0,2.4734637085340463,3.7560691170876392,11.544826371478017,37.377341659232826,76.53880463871543,96.60714285714286,0.21909999850322492,0.28199999724165536,1121
loo,particle,10,18,0.0,1.926964406135418,1.984367704999286,3.7189565173705086,51.91793041926851,98.30508474576271,99.28571428571429,0.32310000096913427,0.4853999998886138,1121
loo,nn_greedy,10,19,0.0,2.543331371931549,4.339410803755922,12.378395881234932,40.94311377245509,62.94910179640718,97.52808988764045,0.04030000127386302,0.05239999882178381,1336
loo,nn_window,10,19,0.0,5.458141475824119,8.122792441293619,17.243449553166563,7.784431137724551,48.20359281437126,100.0,0.05790000068373047,0.07140000161598437,1336
loo,dtw_online,10,4,0.0,10.785884121524285,9.30035633630773,17.938928201524252,12.144702842377262,28.251507321274765,98.70689655172413,28.884999999718275,39.46689999793307,1161
loo,hmm_forward,10,19,0.0,3.35189854015553,4.705187883431771,11.772784721517715,34.955089820359284,59.65568862275449,97.00374531835206,0.21919999926467426,0.2550749986767187,1336
loo,dtw_online,10,3,0.0,10.217281970278762,10.770197711309171,25.943450483209105,24.491456468673718,30.51261187957689,98.53420195439739,28.763500002241926,37.31341999955475,1229
loo,nn_greedy,10,20,0.0,4.037701260882374,5.658684895497695,17.30657694500481,34.06998158379374,54.14364640883977,97.32718894009217,0.040699998862692155,0.05207499998505227,1086
loo,nn_window,10,20,0.0,10.478689120621917,9.265064878985367,17.456794774571463,8.195211786372008,36.003683241252304,100.0,0.05860000237589702,0.07270000060088933,1086
loo,particle,10,19,0.0,1.629471955818807,1.8778299184268934,4.178652416328219,63.398203592814376,97.30538922155688,99.7752808988764,0.3238000026613008,0.5274749992167926,1336
loo,hmm_forward,10,20,0.0,4.451646674364256,5.634251337028374,19.448409318620463,33.14917127071823,58.28729281767956,96.58986175115207,0.21965000087220687,0.2644499973030179,1086
loo,dtw_online,10,5,0.0,9.741913728163416,9.224525253520932,18.046798596289367,11.66810717372515,26.44770959377701,98.96193771626297,28.829800001403783,38.27577999982168,1157
loo,particle,10,20,0.0,1.8895568076181337,3.96357733690284,19.902022038432484,51.10497237569061,82.96500920810314,97.78801843317973,0.32189999910769984,0.5229249991316465,1086
loo,nn_greedy,11,1,0.0,5.81710449850724,6.224393101173582,14.197358301490638,23.39331619537275,47.47215081405313,97.59862778730704,0.04360000093583949,0.06040000153006986,1167
loo,nn_window,11,1,0.0,6.956778721358292,7.375563764584319,13.036500367216032,4.284490145672665,30.848329048843187,100.0,0.0610999995842576,0.08200999873224647,1167
loo,hmm_forward,11,1,0.0,2.256984897807342,3.828711819663819,14.428869398284203,46.44387317909169,76.6923736075407,97.51286449399656,0.21810000180266798,0.25600999942980707,1167
loo,dtw_online,10,6,0.0,10.189283069033308,9.178432313974364,18.177665687570265,11.138411138411138,27.108927108927112,98.85245901639344,27.518599999893922,29.044599999906495,1221
loo,nn_greedy,11,2,0.0,4.912508149895459,6.261319689159869,15.275293798357582,27.326565143824027,51.35363790186125,97.12108382726502,0.04289999924367294,0.05759499836131,1182
loo,particle,11,1,0.0,1.3292557765106323,2.1884998585092688,9.324476799079148,66.0668380462725,91.60239931448157,100.0,0.32450000071548857,0.5362400010199054,1167
loo,nn_window,11,2,0.0,7.351759076558413,7.51687412529449,13.805279968622822,4.653130287648055,33.417935702199664,100.0,0.06030000076862052,0.07526999870606235,1182
loo,hmm_forward,11,2,0.0,1.470119728850701,2.9272238443620906,13.663153629015758,64.72081218274111,83.92554991539764,96.69771380186283,0.2167999991797842,0.2500900016457308,1182
loo,particle,11,2,0.0,1.3841501499765916,1.7077575058451526,3.498469837055933,68.95093062605753,98.73096446700508,100.0,0.32389999978477135,0.40944500105979403,1182
loo,nn_greedy,11,3,0.0,6.767655806644209,7.559558967530652,16.46264437947648,19.446704637917005,39.381611065907244,97.63843648208469,0.04229999831295572,0.04912000076728871,1229
loo,nn_window,11,3,0.0,9.882200146628831,10.974756542897875,18.712900845510926,2.8478437754271764,10.089503661513426,100.0,0.05999999848427251,0.06957999867154283,1229
loo,dtw_online,10,7,0.0,9.44299093319738,8.879065874998483,18.716079070545085,11.865864144454,33.87790197764403,98.7091222030981,28.33939999982249,29.50803999992786,1163
loo,hmm_forward,11,3,0.0,3.1163408021258387,5.391086241395486,16.023797430846198,31.163547599674533,66.47681041497152,96.90553745928338,0.2176000016334001,0.26315999930375256,1229
loo,particle,11,3,0.0,1.6928512754078513,2.5316687433862546,10.076241294263474,63.384865744507735,88.20179007323027,100.0,0.3233999996155035,0.3850200009765103,1229
loo,nn_greedy,11,4,0.0,2.984497415552109,5.511409623055058,15.69243948955047,39.79328165374677,59.08699397071489,97.58620689655172,0.04199999966658652,0.048499998229090124,1161
loo,nn_window,11,4,0.0,10.90194842766652,10.899547458754565,18.76517876099689,6.976744186046512,9.474590869939707,100.0,0.05990000136080198,0.07040000127744861,1161
loo,dtw_online,10,8,0.0,8.400499446443904,8.56028582904187,16.984022193563646,10.930828351836038,30.74295473953886,98.80341880341881,28.026399999362184,36.44635000091512,1171
loo,hmm_forward,11,4,0.0,1.387172836387686,2.8375930115487997,13.455448879687191,67.26959517657191,84.49612403100775,97.84482758620689,0.21560000095632859,0.24540000231354497,1161
loo,particle,11,4,0.0,1.4025540060128958,2.2912842694953777,9.33969056004465,67.786391042205,88.97502153316107,100.0,0.3211999974155333,0.4284999995434191,1161
loo,nn_greedy,11,5,0.0,6.008273309144628,7.3690613275487165,16.99427559179525,19.878997407087297,44.684528954191876,96.79930795847751,0.042100000428035855,0.055580000480404144,1157
loo,nn_window,11,5,0.0,7.0916364552432665,7.577803023043603,13.382843576593139,3.543647363872083,30.85566119273985,100.0,0.05980000059935264,0.07041999779175967,1157
loo,dtw_online,10,9,0.0,1.1314104868339925,1.689390737984991,4.215388169642786,72.23214285714286,96.42857142857143,99.55317247542449,28.842550000263145,39.88707499829615,1120
loo,hmm_forward,11,5,0.0,2.705494959009217,5.114926380507043,17.281366649119043,38.46153846153847,63.439930855661196,97.66435986159169,0.2175999979954213,0.2473199987434782,1157
loo,particle,11,5,0.0,1.7276777959386374,2.009913039990585,4.179394580378114,59.80985306828004,95.67847882454625,100.0,0.3229000030842144,0.37435999765875766,1157
loo,nn_greedy,11,6,0.0,9.05813294354801,8.090581306694789,17.117435332431693,15.151515151515152,36.93693693693694,96.80327868852459,0.042499999835854396,0.05330000203684904,1221
loo,nn_window,11,6,0.0,11.812200453044028,11.699463493018609,20.522060519082856,6.224406224406224,7.944307944307945,100.0,0.06039999789209105,0.07550000009359792,1221
loo,dtw_online,10,12,0.0,1.2284086980903348,1.8437496457809401,7.713295001307597,73.93665158371041,93.4841628959276,99.27536231884058,28.186499999719672,37.16909999930067,1105
loo,hmm_forward,11,6,0.0,4.327175100864229,5.961938958973502,16.084806656859474,30.548730548730546,55.28255528255528,95.81967213114754,0.21710000146413222,0.2722999997786246,1221
loo,particle,11,6,0.0,2.1066067788407548,2.7578437653214807,7.276944612310353,45.94594594594595,87.7968877968878,100.0,0.3226000007998664,0.4737999988719821,1221
loo,nn_greedy,11,7,0.0,5.425098548698891,6.4294603904194725,15.563348741855886,31.29836629406707,49.18314703353396,97.07401032702238,0.04270000135875307,0.06478999894170555,1163
loo,nn_window,11,7,0.0,11.883445620003197,11.662203133577544,18.833690073354155,5.674978503869303,8.942390369733449,100.0,0.060200000007171184,0.08021000030566926,1163
loo,dtw_online,10,11,0.0,8.843323985652127,8.84879408969765,18.617472024395408,10.804020100502512,26.716917922948074,98.65884325230512,28.7033499989775,38.74549499996647,1194
loo,hmm_forward,11,7,0.0,1.7921061373373854,3.7299589449148556,15.107937519940286,53.568357695614786,79.10576096302665,98.9672977624785,0.21950000154902227,0.26516000107221754,1163
loo,particle,11,7,0.0,1.4839295189767499,2.4428547628478294,10.144532086831914,65.34823731728288,89.68185726569217,100.0,0.3221000006305985,0.41446999857726036,1163
loo,nn_greedy,11,8,0.0,3.3816128939436463,5.421937026779465,15.660021700446618,34.5004269854825,59.1801878736123,96.41025641025641,0.04220000118948519,0.054200001613935456,1171
loo,nn_window,11,8,0.0,10.152927238558437,10.585959438067619,18.572578045642462,5.977796754910333,11.61400512382579,100.0,0.06009999924572185,0.07184999958553817,1171
loo,dtw_online,10,15,0.0,10.02564938797816,9.226697650648033,19.17775718957617,10.344827586206897,28.620689655172416,98.61949956859361,28.59454999997979,29.57379500148818,1160
loo,hmm_forward,11,8,0.0,1.7631226396192092,3.79729810266551,12.05112873411771,54.397950469684034,73.18531169940222,96.4957264957265,0.216500000533415,0.27799999952549115,1171
loo,dtw_online,10,13,0.0,1.9369442799386039,2.6378793592754346,7.784244751117796,52.495840266222956,86.02329450915141,99.33388842631142,28.915799999595038,37.982335000197054,1202
loo,nn_greedy,11,9,0.0,6.379577155794053,6.861986304716543,16.274213715360396,18.928571428571427,42.76785714285714,97.22966934763181,0.04320000152802095,0.054605000877927516,1120
loo,particle,11,8,0.0,1.333864376963617,2.617754595854752,9.999763866387806,63.193851409052094,83.8599487617421,100.0,0.3221000006305985,0.39275000017369166,1171
loo,nn_window,11,9,0.0,11.802777472165964,11.725226455964307,19.0639361552975,0.0,0.5357142857142857,100.0,0.060599999414989725,0.07311000008485279,1120
loo,dtw_online,10,14,0.0,10.006490391075648,9.56180583664204,18.55640675360639,6.8481848184818475,23.51485148514851,98.84393063583815,28.75654999843391,38.756339998872136,1212
loo,hmm_forward,11,9,0.0,2.7664420417190585,5.14290117988535,15.922441819955473,41.69642857142858,64.82142857142857,95.62109025915997,0.21740000011050142,0.26561000249785127,1120
loo,nn_greedy,11,10,0.0,4.34442761324798,5.563008976275827,14.462153161245855,29.732225300092335,56.32502308402585,96.67282809611831,0.04269999772077426,0.05716000232496293,1083
loo,nn_window,11,10,0.0,9.42944242153321,8.722397290068491,17.27854373136021,14.866112650046167,34.903047091412745,100.0,0.06040000153006986,0.0847199982672463,1083
loo,particle,11,9,0.0,1.3661326175029795,2.137440948417889,7.347936940696006,70.35714285714286,91.69642857142857,100.0,0.32220000139204785,0.45095499917806586,1120
loo,hmm_forward,11,10,0.0,1.6330993309232673,3.6491440653217806,12.141052741302829,55.493998153277936,73.03785780240074,96.5804066543438,0.2164999968954362,0.25815999870246725,1083
loo,particle,11,10,0.0,1.5383850242830723,2.228804967000678,8.710056012118269,63.80424746075716,93.16712834718375,100.0,0.32389999978477135,0.4519899983279165,1083
loo,nn_greedy,11,12,0.0,5.2977047380324,6.557744156809063,16.072780517667795,29.773755656108598,49.59276018099548,96.73913043478261,0.042199997551506385,0.05886000071768648,1105
loo,nn_window,11,12,0.0,11.910919197189115,11.342016934562187,19.007909520509823,6.787330316742081,10.407239819004525,100.0,0.05980000059935264,0.07507999835070217,1105
loo,dtw_online,10,16,0.0,9.920851686436581,8.87743285457864,16.889825176542328,15.357766143106458,28.184991273996506,98.8646288209607,28.909399999974994,37.88247499960562,1146
loo,hmm_forward,11,12,0.0,1.6683340150882604,2.9317284756579025,11.303216156228755,57.466063348416284,85.3393665158371,97.82608695652173,0.221800000872463,0.3100999994785524,1105
loo,dtw_online,10,17,0.0,9.682136273279662,9.67532337246617,25.32789516958966,35.228251507321275,41.94659776055125,98.79310344827587,27.839600003062515,32.87020000061602,1161
loo,nn_greedy,11,13,0.0,4.591718609140653,5.931920539732012,15.333084990509157,24.292845257903494,51.663893510815306,96.00333055786844,0.04535000152827706,0.05539999983739108,1202
loo,particle,11,12,0.0,1.7029930809453924,2.2538424452820527,8.0453849808321,61.44796380090498,90.67873303167421,100.0,0.3269000008003786,0.5384000003687106,1105
loo,nn_window,11,13,0.0,10.06635527979073,10.234801525611527,18.387504177506695,3.9933444259567388,16.97171381031614,100.0,0.06129999746917747,0.08407500008615901,1202
loo,hmm_forward,11,13,0.0,4.571084885635333,5.3091900641433565,12.062888394170233,20.632279534109816,54.65890183028286,96.83597002497918,0.21800000104121864,0.31333499719039554,1202
loo,particle,11,13,0.0,2.5513281406992294,4.594320374095942,11.822552362769338,44.259567387687184,61.89683860232945,99.6669442131557,0.3218000019842293,0.5291850022331346,1202
loo,nn_greedy,11,14,0.0,7.1949940584961745,7.3693346135548214,15.145831584274147,23.762376237623762,41.5016501650165,97.10982658959537,0.04280000212020241,0.05564500170294196,1212
loo,nn_window,11,14,0.0,11.2252495018696,11.66432107745488,22.05421208939822,5.445544554455446,9.653465346534654,100.0,0.060599999414989725,0.07034499922156101,1212
loo,dtw_online,10,18,0.0,10.049989158657349,8.920947527396324,17.29588497438715,14.897413024085637,25.334522747546835,98.83928571428572,29.09189999991213,39.165599999250844,1121
loo,hmm_forward,11,14,0.0,2.9046829865450086,5.437488921798409,18.422638858964856,39.68646864686469,62.62376237623762,96.11890999174236,0.2160500007448718,0.2421700015474926,1212
loo,particle,11,14,0.0,2.1993784256087157,3.4968984365951714,10.941156125338045,44.38943894389439,77.39273927392739,97.60528488852188,0.32250000003841706,0.5249849997198909,1212
loo,nn_greedy,11,15,0.0,3.158243173692783,5.510462855053195,15.292312436785936,40.51724137931034,59.05172413793104,96.63503019844694,0.042499999835854396,0.0538100021003629,1160
loo,nn_window,11,15,0.0,11.072499210085564,11.295047233700126,18.839119160761367,3.8793103448275863,10.60344827586207,100.0,0.06009999924572185,0.07670499853702495,1160
loo,dtw_online,10,20,0.0,10.617237478223089,10.223379325898476,18.449914886321107,0.0,17.03499079189687,99.35483870967742,28.45999999954074,32.82607500023005,1086
loo,hmm_forward,11,15,0.0,1.488197827633106,2.4367831132316327,8.146937711541343,61.46551724137931,88.79310344827587,98.18809318377913,0.22139999782666564,0.33221999765373766,1160
loo,particle,11,15,0.0,1.4121022252184878,2.1806422917827617,8.896955196471135,69.48275862068965,89.39655172413794,100.0,0.3221000006305985,0.44453000045905344,1160
loo,nn_greedy,11,16,0.0,5.515873623786618,6.4951839962529645,16.511325821180986,31.93717277486911,46.8586387434555,97.117903930131,0.04260000059730373,0.04967500080965692,1146
loo,nn_window,11,16,0.0,11.232318377026505,11.636456379889193,18.52334966922278,0.0,3.7521815008726005,100.0,0.060500002291519195,0.07802500113029964,1146
loo,dtw_online,10,19,0.0,7.326499397441651,8.083054380367518,17.004878282330562,10.778443113772456,42.964071856287426,98.95131086142322,28.78480000072159,32.024199998886616,1336
loo,hmm_forward,11,16,0.0,1.7731730389927636,3.159362319343765,10.37400667531487,56.54450261780105,79.66841186736475,96.24454148471617,0.21919999926467426,0.26687499939725967,1146
loo,particle,11,16,0.0,1.7197370982903837,2.738698603415847,10.345857547724224,61.518324607329845,87.17277486910994,100.0,0.3222999985155184,0.4415749972395133,1146
loo,nn_greedy,11,17,0.0,6.087762103845703,6.676562515256379,16.100370374906337,22.049956933677866,42.46339362618433,96.8103448275862,0.04220000118948519,0.04819999958272092,1161
loo,nn_window,11,17,0.0,10.513749923957041,11.15314726974696,19.83046972682872,2.670111972437554,8.957795004306632,100.0,0.060200000007171184,0.07059999916236848,1161
loo,dtw_online,11,1,0.0,9.270502872187716,8.144254775071223,13.832997574667006,7.28363324764353,28.19194515852613,99.31389365351629,32.04139999797917,38.71486999814806,1167
loo,hmm_forward,11,17,0.0,1.8093975766429762,3.661898140707419,14.49893770775677,53.746770025839794,78.8975021533161,97.32758620689656,0.22739999985788018,0.33340000300086103,1161
loo,particle,11,17,0.0,1.4095919882170422,2.2818776576721116,9.356350939982558,72.86821705426357,89.49181739879414,100.0,0.33070000063162297,0.4545999981928617,1161
loo,nn_greedy,11,18,0.0,5.7309521454188825,6.249388412507317,14.974511416590776,29.527207850133806,47.01159678858162,96.875,0.04229999831295572,0.04959999932907522,1121
loo,nn_window,11,18,0.0,11.416334380938995,11.298469317334064,18.753164409604913,5.530776092774309,10.347903657448706,100.0,0.06150000263005495,0.07720000212430023,1121
loo,dtw_online,11,3,0.0,7.42858287686769,9.306641909004954,25.508366223438173,18.633034987794954,41.65988608624898,98.9413680781759,31.45789999689441,33.43093999865232,1229
loo,hmm_forward,11,18,0.0,1.6913192625923825,3.9458303947865643,14.398797702594806,53.43443354148082,71.72167707404104,98.125,0.21689999994123355,0.24560000019846484,1121
loo,particle,11,18,0.0,1.7891507935281474,2.3056002347840225,8.09972353558466,59.05441570026761,92.68510258697592,100.0,0.32159999682335183,0.4023000001325272,1121
loo,nn_greedy,11,19,0.0,3.5280347188793413,5.584649655321794,15.963511849268453,38.32335329341318,59.206586826347305,97.07865168539325,0.04229999831295572,0.05360000068321824,1336
loo,nn_window,11,19,0.0,6.350181016127451,6.871891780025167,12.249362067340389,3.293413173652695,38.398203592814376,100.0,0.060200000007171184,0.07449999975506216,1336
loo,dtw_online,11,2,0.0,11.032228474839233,10.583369191598864,24.511130586683983,13.451776649746192,19.796954314720814,98.7298899237934,33.01985000143759,44.090324997887365,1182
loo,hmm_forward,11,19,0.0,2.247053287203701,4.130338602337072,13.777997539011213,48.278443113772454,64.07185628742515,98.42696629213484,0.2189999977417756,0.25039999945875024,1336
loo,particle,11,19,0.0,1.7762079107134086,3.139013769008428,11.381001363623897,58.38323353293413,83.15868263473054,96.92883895131087,0.3233499992347788,0.5053250006312737,1336
loo,nn_greedy,11,20,0.0,5.3745715083254995,6.682407540257868,17.794636557669083,26.795580110497237,49.8158379373849,97.23502304147466,0.042100000428035855,0.050000001465377863,1086
loo,dtw_online,11,4,0.0,1.2995665043736013,1.599745998887337,3.457848823850904,72.52368647717485,97.50215331610681,99.74137931034483,32.19790000002831,33.49789999992936,1161
loo,nn_window,11,20,0.0,12.031366553148167,12.066431191786448,20.797495712500147,6.445672191528545,9.760589318600369,100.0,0.06000000212225132,0.06760000178474002,1086
loo,hmm_forward,11,20,0.0,2.01770335115373,4.301363123145633,17.905067291788328,49.8158379373849,78.36095764272561,99.63133640552996,0.22009999884176068,0.3435499993429403,1086
loo,particle,11,20,0.0,1.8899768656752587,3.675365993922688,14.003055391231664,51.10497237569061,74.21731123388582,98.4331797235023,0.3206999972462654,0.5232750008872245,1086
loo,nn_greedy,12,1,0.0,2.2178923755855293,4.736315231660745,13.655926259421939,47.98628963153384,60.75407026563839,97.51286449399656,0.040800001443130895,0.054309999904944575,1167
loo,nn_window,12,1,0.0,10.066260355626714,9.829328823027588,17.652627417557746,6.8551842330762645,15.338474721508142,100.0,0.058400000852998346,0.06874000064271969,1167
loo,dtw_online,11,5,0.0,1.993122003033332,2.3696735691314346,5.726774145443221,50.56179775280899,93.08556611927399,99.48096885813149,31.382400000438793,33.4322599999723,1157
loo,hmm_forward,12,1,0.0,1.5578999834774225,3.189592886790886,10.843566124207094,56.98371893744645,80.11996572407884,97.59862778730704,0.21710000146413222,0.29753000053460726,1167
loo,particle,12,1,0.0,1.6395076474712642,2.121489893532463,4.60857718129613,55.612682090831186,97.6006855184233,100.0,0.3246000014769379,0.4485000008571661,1167
loo,nn_greedy,12,2,0.0,2.912705947627927,5.363729598203913,17.942532158490923,44.077834179357026,58.37563451776649,96.35901778154107,0.04059999992023222,0.045500000851461664,1182
loo,nn_window,12,2,0.0,10.000367722375323,8.741793905967713,18.489795084692997,11.6751269035533,33.840947546531304,100.0,0.05819999933009967,0.06718999884469669,1182
loo,dtw_online,11,6,0.0,11.85997304728688,11.670799227487791,25.077511782265137,6.142506142506143,21.53972153972154,98.77049180327869,32.02489999966929,33.777100001316285,1221
loo,hmm_forward,12,2,0.0,1.5115002027970363,3.1615037294392208,10.707793927667701,58.79864636209814,83.24873096446701,96.61303979678239,0.21719999858760275,0.2473749993441743,1182
loo,particle,12,2,0.0,2.1549187783925525,2.1018025102106552,4.680722313840684,45.93908629441624,96.61590524534687,100.0,0.32499999724677764,0.40012499885051517,1182
loo,nn_greedy,12,3,0.0,2.62560812652262,5.339257606857073,18.10936521820811,45.80960130187144,59.31651749389748,96.66123778501628,0.0411000000895001,0.05169999931240454,1229
loo,nn_window,12,3,0.0,12.022077895070487,12.36777505062815,21.026677696949907,2.196908055329536,4.637917005695687,100.0,0.058400000852998346,0.064560000464553,1229
loo,dtw_online,11,8,0.0,2.0015877048809365,3.5913582221319906,11.162741171457448,49.87190435525192,76.68659265584971,99.48717948717949,32.228300002316246,34.08610000042245,1171
loo,hmm_forward,12,3,0.0,1.9999699888362912,3.9959767761105502,17.173260452023438,50.0406834825061,78.03091944670464,97.47557003257329,0.21860000197193585,0.2987399988342076,1229
loo,dtw_online,11,10,0.0,2.7420130130659213,7.534954445205831,24.43377689120928,40.07386888273315,57.24838411819021,98.98336414048059,32.1576999995159,36.98512000300978,1083
loo,dtw_online,11,9,0.0,8.882171454422991,10.048122797676797,24.35312019811987,12.946428571428573,24.017857142857142,98.30205540661304,32.28320000198437,33.78151999841066,1120
loo,nn_greedy,12,4,0.0,2.109585490712209,4.780072380083292,15.264716275906736,47.97588285960379,65.20241171403963,96.4655172413793,0.04109999645152129,0.05539999983739108,1161
loo,dtw_online,11,7,0.0,1.5688094696535753,1.8381761293270504,4.2000363570755175,64.1444539982803,97.33447979363714,99.65576592082617,32.34639999936917,43.950170000607606,1163
loo,nn_window,12,4,0.0,10.998540657233386,13.087799482651588,21.944596150220466,1.8949181739879413,4.3066322136089585,100.0,0.05790000068373047,0.06600000051548705,1161
loo,particle,12,3,0.0,1.758614147877037,1.78585137257369,3.537220655695677,61.75752644426363,100.0,100.0,0.3251999987696763,0.45759999993606393,1229
loo,hmm_forward,12,4,0.0,1.2598574487456289,2.3738155060791564,9.952535687886197,66.0637381567614,87.94142980189493,98.79310344827587,0.21770000239484943,0.2519999979995191,1161
loo,nn_greedy,12,5,0.0,4.69460563424244,6.294149226135072,19.521338498406468,36.56006914433881,52.11754537597234,96.79930795847751,0.04069999704370275,0.04899999839835802,1157
loo,nn_window,12,5,0.0,9.386449387430552,8.994991781606842,16.799857751294507,5.790838375108038,30.423509075194467,100.0,0.05880000026081689,0.06976000149734322,1157
loo,dtw_online,11,12,0.0,8.644280747423695,9.446517562107013,25.224122175447235,29.140271493212673,35.02262443438914,98.09782608695652,31.81140000015148,33.09118000106537,1105
loo,particle,12,4,0.0,1.6559663779189793,1.7838619746673672,4.476897135912871,58.656330749354005,99.31093884582258,100.0,0.3218000019842293,0.3555000002961606,1161
loo,nn_greedy,12,6,0.0,4.270684306310367,6.729774911305229,18.007421047650467,32.104832104832106,53.890253890253895,96.14754098360656,0.040899998566601425,0.051399998483248055,1221
loo,nn_window,12,6,0.0,11.726540700894848,13.710871868820451,21.796645927973405,1.638001638001638,3.7674037674037675,100.0,0.06330000178422779,0.09710000085760839,1221
loo,hmm_forward,12,5,0.0,1.751130871103094,3.4399129498670513,15.247856632967611,58.859118409680214,82.10890233362143,98.70242214532871,0.2167999991797842,0.24609999964013698,1157
loo,particle,12,5,0.0,1.5615415079866635,1.772796165991729,3.985467759760003,66.03284356093346,98.87640449438202,100.0,0.3252000024076551,0.40144000158761656,1157
loo,hmm_forward,12,6,0.0,1.667710686457737,3.0786676127186565,10.224293872622344,57.73955773955773,81.81818181818183,96.47540983606558,0.21890000061830506,0.3050999985134695,1221
loo,nn_greedy,12,7,0.0,2.313375614213482,4.6411098505638355,17.682431411918614,45.399828030954424,70.76526225279449,97.16006884681583,0.04079999780515209,0.05138999877090099,1163
loo,particle,12,6,0.0,1.7052970138365144,2.0603261705584286,4.363121322913213,58.8042588042588,96.72399672399672,100.0,0.3206000001227949,0.4406000007293187,1221
loo,nn_window,12,7,0.0,10.931558491567062,12.75280637978519,22.179222875606367,1.3757523645743766,3.7833190025795354,100.0,0.05859999873791821,0.07039000083750578,1163
loo,hmm_forward,12,7,0.0,1.7850262259175844,3.2888090695019976,12.884889895078876,55.03009458297507,83.74892519346517,96.72977624784853,0.2189999977417756,0.2970500027004163,1163
loo,particle,12,7,0.0,1.4922763504861607,1.8472834036132733,4.094298753318557,63.54256233877902,99.6560619088564,100.0,0.32559999817749485,0.41614999718149187,1163
loo,nn_greedy,12,8,0.0,2.791947488646353,5.171443050716193,13.284844653453725,41.246797608881295,56.70367207514945,96.15384615384616,0.040899998566601425,0.046749999455641955,1171
loo,nn_window,12,8,0.0,10.64942337073952,12.031418450912563,19.43489230392646,0.5123825789923143,3.8428693424423574,100.0,0.058400000852998346,0.06620000203838572,1171
loo,dtw_online,11,14,0.0,9.94242450104378,11.190209550582209,24.961742280516876,11.056105610561056,18.646864686468646,98.10074318744839,31.219199998304248,40.24257000073703,1212
loo,hmm_forward,12,8,0.0,1.5358141181982836,3.2404343956494697,9.568314286151736,54.05636208368916,69.94022203245089,96.58119658119658,0.21710000146413222,0.25844999800028745,1171
loo,particle,12,8,0.0,1.6885849593983475,2.1822144997704505,8.212803707192524,59.09479077711358,91.63108454312552,100.0,0.3228999994462356,0.3440000000409782,1171
loo,nn_greedy,12,9,0.0,2.0714668898225668,4.497714738599664,15.023447886645675,48.92857142857142,66.33928571428571,96.33601429848079,0.04070000068168156,0.05210500021348707,1120
loo,nn_window,12,9,0.0,11.069362998279278,13.271673994482262,21.895120789122874,0.0,2.857142857142857,100.0,0.05819999933009967,0.06520500155602349,1120
loo,dtw_online,11,13,0.0,10.31626919010174,11.515478346811738,24.87239548276629,3.494176372712146,15.474209650582363,99.25062447960033,33.44345000004978,43.27565499970661,1202
loo,hmm_forward,12,9,0.0,1.315763240548621,2.8705018703946417,13.278000137767318,61.25000000000001,85.26785714285714,98.30205540661304,0.22090000129537657,0.26045499998872396,1120
loo,particle,12,9,0.0,1.6641421138083747,1.9231142895060918,4.603078631060431,66.33928571428571,98.92857142857143,100.0,0.326449999192846,0.829535000048052,1120
loo,nn_greedy,12,10,0.0,2.0204051326636336,3.9539395395857007,12.293841194615464,49.122807017543856,71.6528162511542,96.7652495378928,0.0411000000895001,0.05059999966761097,1083
loo,nn_window,12,10,0.0,13.38649714689407,14.048705879751497,22.56448841837789,0.0,2.0313942751615883,100.0,0.05900000178371556,0.07169000018620862,1083
loo,dtw_online,11,16,0.0,9.190050820849166,9.903461631151043,24.599226175100743,16.230366492146597,37.347294938917976,98.95196506550218,31.78979999938747,36.76584999902843,1146
loo,hmm_forward,12,10,0.0,0.9974633632533715,1.7828010325670418,6.326068997594156,75.99261311172668,91.87442289935365,97.87430683918669,0.22019999960321002,0.29301000176928926,1083
loo,particle,12,10,0.0,1.4201952205488217,1.8124437658945562,4.462698053355761,61.40350877192983,97.78393351800554,100.0,0.32279999868478626,0.41891999790095685,1083
loo,dtw_online,11,15,0.0,8.15477495504771,9.620871743622967,24.81929061367865,23.70689655172414,40.94827586206897,99.0509059534081,33.49234999950568,43.60080499936885,1160
loo,nn_greedy,12,11,0.0,3.609267816444957,5.211159828558454,12.998963896415123,30.65326633165829,59.882747068676714,96.9823973176865,0.04099999932805076,0.04663499857997521,1194
loo,nn_window,12,11,0.0,13.448846018664245,15.377648038627036,25.792629971096563,2.512562814070352,5.360134003350084,100.0,0.05949999831500463,0.08011499994609031,1194
loo,hmm_forward,12,11,0.0,2.6685870575390487,3.7178393017670874,10.185158484002903,44.472361809045225,68.50921273031825,94.30008382229673,0.2160499989258824,0.24950000079115853,1194
loo,particle,12,11,0.0,2.0828840752297406,3.1084081338897183,8.533085078566264,48.91122278056951,76.29815745393634,100.0,0.323799999023322,0.5199749999519554,1194
loo,nn_greedy,12,13,0.0,3.1859485647838994,4.948388230406104,14.314342368192557,40.18302828618968,59.81697171381032,96.08659450457951,0.040800001443130895,0.04800000151590211,1202
loo,nn_window,12,13,0.0,11.20562196292974,13.909481427473018,24.78222129042059,1.747088186356073,3.9933444259567388,100.0,0.05859999873791821,0.0719899990144768,1202
loo,dtw_online,11,17,0.0,7.292006864021869,9.08955820184669,24.878205507223992,25.23686477174849,41.515934539190354,99.05172413793103,32.13279999908991,41.75060000125086,1161
loo,hmm_forward,12,13,0.0,4.085913396742989,4.594587899494197,11.053148474110124,37.18801996672213,58.818635607321134,95.92006661115737,0.2199000009568408,0.2857500014215476,1202
loo,particle,12,13,0.0,1.741624267877068,2.379395553255513,5.473869548306716,56.2396006655574,92.09650582362728,99.25062447960033,0.32634999843139667,0.4424050006491599,1202
loo,nn_greedy,12,14,0.0,4.008865043219092,6.034487419993218,16.935186068533522,35.726072607260726,56.188118811881196,95.7886044591247,0.04099999932805076,0.04640000042854808,1212
loo,nn_window,12,14,0.0,8.89731230442076,8.755268672136747,18.048532057392066,8.828382838283828,33.085808580858085,100.0,0.05850000161444768,0.06768000075680904,1212
loo,dtw_online,11,18,0.0,7.138983766399991,9.267524284656027,25.252941919374816,17.93041926851026,42.19446922390723,98.92857142857143,31.936100000166334,40.47269999864511,1121
loo,hmm_forward,12,14,0.0,3.348015302857129,5.345352066337293,20.214118943728344,35.06600660066007,62.458745874587464,96.53179190751445,0.22610000087297522,0.2749000012045146,1212
loo,particle,12,14,0.0,2.5486591969187478,2.9896768571638423,6.7422619071505645,37.54125412541254,85.47854785478548,99.42196531791907,0.3313000015623402,0.4348949993072893,1212
loo,nn_greedy,12,15,0.0,3.261172799948852,5.876007671653965,18.26342091494794,36.206896551724135,57.84482758620689,96.72131147540983,0.04079999780515209,0.04630999974324367,1160
loo,nn_window,12,15,0.0,11.449519086965884,13.488092468225906,22.011185741871934,1.6379310344827587,3.8793103448275863,100.0,0.05990000136080198,0.07060499920044094,1160
loo,dtw_online,11,20,0.0,6.112387261107507,6.536429690163421,18.33596503226739,33.42541436464088,47.32965009208103,98.89400921658986,32.06624999984342,41.45805000189284,1086
loo,hmm_forward,12,15,0.0,1.9597164306113553,3.6228549779036365,9.784285699674252,50.51724137931034,78.87931034482759,96.72131147540983,0.2176000016334001,0.26900499669864075,1160
loo,particle,12,15,0.0,1.5104694679452964,2.0993704115869423,5.454575480770462,61.55172413793103,92.06896551724138,100.0,0.3237000018998515,0.44191499982844107,1160
loo,nn_greedy,12,16,0.0,2.406935509135261,5.232786423024623,16.86563657484293,41.8848167539267,61.69284467713787,96.5938864628821,0.0411000000895001,0.04904999968857737,1146
loo,nn_window,12,16,0.0,9.624958432884043,8.960126053162687,16.94762129603711,9.860383944153577,29.49389179755672,100.0,0.05859999873791821,0.06679999933112413,1146
loo,dtw_online,12,2,0.0,8.272492385316259,7.7115636325255235,17.714675376854302,27.072758037225043,40.77834179357022,98.39119390347163,28.90875000230153,38.29095000146481,1182
loo,hmm_forward,12,16,0.0,1.6680114479922328,3.100360634801791,10.364624040934002,56.36998254799301,84.11867364746945,97.81659388646288,0.21720000222558156,0.311225000587001,1146
loo,dtw_online,12,1,0.0,11.215012802584855,10.938383580905825,17.652627417557746,7.02656383890317,9.254498714652955,99.14236706689536,30.840100000204984,41.596719999506604,1167
loo,dtw_online,11,19,0.0,8.916425364095602,8.625022987647972,24.78281979709467,34.58083832335329,45.209580838323355,99.02621722846442,30.848999998852378,32.1344499989209,1336
loo,nn_greedy,12,17,0.0,1.9718524236757051,5.007824717263889,16.930956513803764,50.64599483204134,64.77174849267873,96.20689655172414,0.04070000068168156,0.04819999958272092,1161
loo,nn_window,12,17,0.0,16.171400607740164,15.958293018010776,24.308308447133573,0.6029285099052542,4.909560723514212,100.0,0.0591000025451649,0.07639999967068434,1161
loo,particle,12,16,0.0,1.8974894675795952,2.1300859889784904,5.030610919356944,52.879581151832454,94.76439790575915,100.0,0.32300000020768493,0.4838250006287126,1146
loo,hmm_forward,12,17,0.0,1.3381160864379176,2.5914391244839,7.486089739319364,59.25925925925925,84.23772609819122,96.98275862068965,0.22650000028079376,0.33739999707904644,1161
loo,nn_greedy,12,18,0.0,2.758992244328514,4.674609329748964,12.732406720305539,44.95985727029438,63.06868867082962,96.51785714285714,0.04489999992074445,0.05830000009154901,1121
loo,particle,12,17,0.0,1.3679436755923549,1.923962676076656,5.297253600969292,68.64771748492679,93.28165374677002,100.0,0.33660000190138817,0.4688000008172821,1161
loo,nn_window,12,18,0.0,10.768416627753956,12.684815301444297,22.002203803802473,3.2114183764495987,5.263157894736842,100.0,0.058400000852998346,0.0743000018701423,1121
loo,hmm_forward,12,18,0.0,1.7875838770806494,2.9092091789783447,10.035727414345898,51.65031222123104,82.4264049955397,98.03571428571428,0.21659999765688553,0.2796000007947441,1121
loo,particle,12,18,0.0,1.8665226433734776,2.046253374815581,4.750825761191396,58.87600356824264,96.96699375557539,100.0,0.3228999994462356,0.3916000023309607,1121
loo,nn_greedy,12,19,0.0,2.2403736206159692,4.085281959744875,12.617195288528528,45.134730538922156,69.23652694610777,96.32958801498127,0.04079999780515209,0.04780000017490238,1336
loo,nn_window,12,19,0.0,9.573628583827869,9.708048079726709,16.658651615689188,2.769461077844311,13.17365269461078,100.0,0.05839999721501954,0.06769999981770525,1336
loo,dtw_online,12,3,0.0,8.746634952420294,7.641560660801534,15.445511620564943,24.979658258746948,36.12693246541904,98.2084690553746,29.77919999830192,38.47791999942273,1229
loo,hmm_forward,12,19,0.0,2.250201708098774,4.093145940646345,10.502721995735886,45.58383233532935,66.69161676646706,97.45318352059925,0.2176000016334001,0.24470000062137842,1336
loo,particle,12,19,0.0,1.5736728349329607,2.1708450144447196,5.163861756232665,57.26047904191617,94.08682634730539,100.0,0.32529999953112565,0.3842750002149842,1336
loo,nn_greedy,12,20,0.0,3.535782853772713,6.909370689041071,23.45466836620056,41.804788213627994,54.972375690607734,96.49769585253456,0.04130000161239877,0.05295000028127106,1086
loo,nn_window,12,20,0.0,11.05152964568415,11.711813889825004,17.59574318788635,0.0,5.616942909760589,100.0,0.05870000313734636,0.06654999833699549,1086
loo,dtw_online,12,5,0.0,1.2938297551757243,2.119956764576283,7.271101882140104,69.74935177182368,87.89974070872947,99.22145328719724,29.659100000571925,35.30057999960264,1157
loo,hmm_forward,12,20,0.0,2.826414542254597,5.2738811119134645,18.439783958686917,43.83057090239411,56.16942909760589,97.78801843317973,0.2181999989261385,0.25267500041081803,1086
loo,dtw_online,12,7,0.0,5.149770084837979,6.940214436453597,16.20620025133032,29.3207222699914,49.699054170249354,98.45094664371773,29.63159999853815,30.784819998734747,1163
loo,nn_greedy,13,1,0.0,3.616814679845009,5.378816717705631,13.084272104073158,28.020565552699228,55.52699228791774,96.0548885077187,0.042900002881651744,0.05779999992228113,1167
loo,nn_window,13,1,0.0,9.981013899795192,9.553284359605714,18.40742924887288,4.627249357326478,19.794344473007712,100.0,0.06070000017643906,0.07442999885824979,1167
loo,particle,12,20,0.0,2.2265007502665277,3.3503748365093586,10.449711361983436,41.06813996316759,79.4659300184162,99.07834101382488,0.32154999826161657,0.441025002146489,1086
loo,hmm_forward,13,1,0.0,1.4514927112564198,3.1621205971432174,11.299424429937357,59.55441302485004,78.57754927163667,97.68439108061749,0.21850000121048652,0.24701000002096407,1167
loo,dtw_online,12,6,0.0,9.00009277134828,8.829927505413208,20.00716393608987,20.96642096642097,35.872235872235876,98.27868852459017,29.683700002351543,30.79519999664626,1221
loo,nn_greedy,13,2,0.0,4.114913407191432,5.712940555518381,16.133754247303372,30.710659898477154,56.09137055837563,95.93564775613886,0.04549999903247226,0.05288999891490676,1182
loo,particle,13,1,0.0,1.8175544306500087,2.1697982217075116,5.327376770935355,55.012853470437015,92.37360754070265,100.0,0.3233999996155035,0.3924799992091721,1167
loo,nn_window,13,2,0.0,10.19993204624096,9.716422621551489,19.283192275009124,3.2148900169204735,23.3502538071066,100.0,0.06120000034570694,0.07579000230180101,1182
loo,dtw_online,12,8,0.0,1.361006006786558,3.247215254576095,11.640576935132437,60.71733561058924,78.39453458582409,99.48717948717949,28.991000002861256,33.687600000121165,1171
loo,hmm_forward,13,2,0.0,1.8123075371544068,3.5183194952712644,11.39991635091689,52.53807106598985,76.56514382402707,94.83488569009315,0.21670000205631368,0.2522800003134762,1182
loo,dtw_online,12,4,0.0,1.006193877548559,1.8484502610706928,7.004672903540852,75.53832902670112,93.71231696813092,99.48275862068967,30.070199998590397,40.15840000283788,1161
loo,nn_greedy,13,3,0.0,4.412424337867459,6.669479134947272,16.645165031740344,28.315703824247358,53.53946297803092,96.74267100977198,0.042599996959324926,0.048260000039590516,1229
loo,nn_window,13,3,0.0,7.159613739564052,7.687858600832447,13.512245354754853,4.393816110659072,25.549227013832382,100.0,0.0608000009378884,0.0746000005165115,1229
loo,particle,13,2,0.0,1.6840557261538067,2.083776629432332,4.779555166366888,57.69881556683587,95.76988155668359,100.0,0.32329999885405414,0.42175499947916256,1182
loo,hmm_forward,13,3,0.0,2.0218924404495997,4.043732834829795,13.643464512411722,49.47111472742067,75.26444263628966,97.9641693811075,0.21859999833395705,0.30476000101771206,1229
loo,nn_greedy,13,4,0.0,2.679797587778284,4.616690400259893,14.246768512955523,43.58311800172265,65.03014642549526,96.72413793103448,0.042499999835854396,0.051700000767596066,1161
loo,nn_window,13,4,0.0,11.19028269110488,9.8620211005578,17.478507236974842,3.7898363479758825,29.543496985357447,100.0,0.06049999865354039,0.06949999806238338,1161
loo,particle,13,3,0.0,1.771720511078466,2.0091205534203334,4.43634776868445,56.55004068348251,97.39625711960944,100.0,0.32499999724677764,0.4387400018458719,1229
loo,hmm_forward,13,4,0.0,3.5706619555366914,4.560612535349934,11.775014051158134,38.50129198966408,60.37898363479759,96.98275862068965,0.2170999978261534,0.289100000372855,1161
loo,particle,13,4,0.0,1.8110572944935477,2.311196492260265,5.899816951656704,54.263565891472865,88.54435831180018,100.0,0.3212000010535121,0.41369999962626025,1161
loo,nn_greedy,13,5,0.0,6.105028170459804,7.19021994476533,19.54021745376083,26.01555747623163,45.030250648228176,95.58823529411765,0.0425000034738332,0.05529999907594174,1157
loo,nn_window,13,5,0.0,11.62758279341035,11.61712976306698,21.075343804910606,2.8522039757994815,6.568712186689715,100.0,0.06040000153006986,0.07522000087192282,1157
loo,dtw_online,12,9,0.0,1.1737447401392636,2.418015770019436,7.515556408478786,67.05357142857142,81.25,98.74888293118856,29.221850001704297,37.931675000254465,1120
loo,hmm_forward,13,5,0.0,2.3716255325207576,4.733024873839939,20.145460218353232,44.2523768366465,70.00864304235091,98.35640138408304,0.21669999841833487,0.24377999725402336,1157
loo,particle,13,5,0.0,1.8155348095434507,2.6595215721970646,6.751759701907565,56.00691443388073,86.68971477960243,99.22145328719724,0.32469999860040843,0.5349000013666227,1157
loo,nn_greedy,13,6,0.0,5.362065934158993,6.85918040905508,16.289532132838584,30.057330057330056,48.56674856674857,94.75409836065573,0.04269999772077426,0.050099999498343095,1221
loo,nn_window,13,6,0.0,11.46123189099398,11.300620659416229,19.495279646535963,0.5733005733005733,14.332514332514332,100.0,0.06070000017643906,0.07840000034775585,1221
loo,dtw_online,12,10,0.0,6.2342393068473845,6.910668683270729,16.38295846511045,36.10341643582641,47.92243767313019,98.15157116451016,30.340799999976298,41.250659998331685,1083
loo,hmm_forward,13,6,0.0,3.9212806371587563,5.727786198065576,14.818410051915459,33.660933660933665,56.75675675675676,98.44262295081967,0.22080000053392723,0.25649999952293,1221
loo,particle,13,6,0.0,1.9179951488556772,2.4984659085959526,6.151114325981228,52.825552825552826,92.3013923013923,98.9344262295082,0.32329999885405414,0.5277999989630189,1221
loo,nn_greedy,13,7,0.0,3.147898949966841,5.007778689764037,14.663890715107003,39.810834049871026,62.25279449699054,95.9552495697074,0.0427999984822236,0.05838000070070845,1163
loo,nn_window,13,7,0.0,9.497877308303979,11.097510337997074,20.623872230390567,0.17196904557179707,6.362854686156492,100.0,0.060999998822808266,0.08247000223491337,1163
loo,dtw_online,12,11,0.0,12.773983933463859,13.961066059445837,25.688984822015296,7.6214405360134005,17.252931323283082,99.16177703269071,29.59874999942258,40.22914000124729,1194
loo,hmm_forward,13,7,0.0,2.896387692691859,4.427784758931349,12.1072298370417,44.36801375752364,63.628546861564914,95.00860585197934,0.21940000078757294,0.27480000062496335,1163
loo,particle,13,7,0.0,1.6223257896299985,1.9749036393404713,4.958940934109509,66.72398968185726,95.09888220120378,99.05335628227195,0.32499999724677764,0.47527999959129236,1163
loo,nn_greedy,13,8,0.0,3.4256267847494932,5.038409204870928,13.36289160824029,39.880444064901795,54.05636208368916,96.66666666666667,0.0439000032201875,0.05210000017541461,1171
loo,nn_window,13,8,0.0,9.863361968182543,9.840157114814026,16.43772109230831,5.209222886421862,15.200683176771989,100.0,0.06219999704626389,0.07005000043136533,1171
loo,dtw_online,12,13,0.0,1.9330124591039048,3.238900740301593,9.62634050239841,50.998336106489184,77.78702163061564,98.50124895920067,30.148250001730048,41.703370000323055,1202
loo,hmm_forward,13,8,0.0,2.009510459454077,3.4855423451496366,10.38218991935128,49.786507258753204,74.55166524338172,95.64102564102565,0.21749999723397195,0.3018500010512071,1171
loo,dtw_online,12,14,0.0,11.936363722533207,12.563211325198623,25.176457828205084,7.920792079207921,13.2013201320132,98.92650701899257,29.691499998079962,31.226655000318715,1212
loo,nn_greedy,13,9,0.0,5.4299239420865595,6.317547744371672,16.047870553310624,29.642857142857142,48.660714285714285,95.08489722966935,0.04260000059730373,0.05289999899105169,1120
loo,nn_window,13,9,0.0,11.8326919276521,11.978765668689887,18.11756818243715,0.0,2.232142857142857,100.0,0.06049999865354039,0.0793299999713781,1120
loo,particle,13,8,0.0,1.620017472587652,2.8016976245405516,12.015960159506793,59.948761742100764,86.84884713919728,97.94871794871794,0.32500000088475645,0.490999998874031,1171
loo,hmm_forward,13,9,0.0,2.2375733081903775,4.723991386091298,13.826913105733295,46.964285714285715,63.92857142857142,97.49776586237712,0.21659999947587494,0.2875049991416745,1120
loo,particle,13,9,0.0,1.418112510454003,1.8654025380966641,5.134762017947215,69.55357142857143,94.55357142857143,100.0,0.3226000007998664,0.4196100009721704,1120
loo,nn_greedy,13,10,0.0,4.182434391386908,5.814546229279704,15.59176009767814,33.33333333333333,53.093259464450604,96.95009242144177,0.042400002712383866,0.05557999793381893,1083
loo,nn_window,13,10,0.0,12.177257426939589,12.155260816240347,20.061108813045337,4.524469067405355,8.033240997229916,100.0,0.060599999414989725,0.0817700009065447,1083
loo,dtw_online,12,15,0.0,1.6629716876735745,2.9014758722558858,8.541070836428135,59.05172413793104,80.43103448275862,99.0509059534081,29.822349999449216,41.93210499961423,1160
loo,hmm_forward,13,10,0.0,3.2366956063655787,4.573957278937905,11.255186041472578,41.089566020313946,61.58818097876269,97.41219963031423,0.22610000087297522,0.26606999999785325,1083
loo,dtw_online,12,16,0.0,1.6086122150129547,2.4289611296791325,8.987264018406862,62.04188481675392,87.78359511343804,99.47598253275109,29.80759999991278,32.96277499794087,1146
loo,nn_greedy,13,11,0.0,4.88735607946799,5.471936727266345,13.998396611476103,24.706867671691793,50.67001675041875,95.38977367979882,0.043000000005122274,0.05379999984143069,1194
loo,particle,13,10,0.0,2.418287189123222,3.208602449062188,10.077039373139298,40.81255771006463,81.80978762696213,99.07578558225508,0.3311000000394415,0.5009400021663167,1083
loo,nn_window,13,11,0.0,5.194081633871414,6.482933102280744,16.50582962065042,17.839195979899497,47.31993299832496,100.0,0.060599999414989725,0.06973499985178931,1194
loo,hmm_forward,13,11,0.0,3.3009897645827686,4.8575390514987955,12.859223495677023,33.50083752093803,60.13400335008375,95.3059513830679,0.2181999989261385,0.29297500186657993,1194
loo,dtw_online,12,18,0.0,1.2536955321554584,2.287090089529151,8.32378668433535,70.02676181980375,87.77876895628903,99.375,28.696800000034273,30.14900000198395,1121
loo,particle,13,11,0.0,3.9072787541665597,5.055556700406326,13.299781057931257,27.386934673366838,59.12897822445561,98.15590947191953,0.3226000007998664,0.5006049992516637,1194
loo,nn_greedy,13,12,0.0,3.292874136672129,4.957625134169536,14.499226654732214,37.737556561085974,61.35746606334842,95.47101449275362,0.043000000005122274,0.05405999763752333,1105
loo,nn_window,13,12,0.0,9.030959538373205,8.579778567629312,15.122956670741576,4.796380090497738,26.877828054298643,100.0,0.060599999414989725,0.07115999978850594,1105
loo,hmm_forward,13,12,0.0,1.6068386785122417,3.2345432210217497,10.921414648522918,55.294117647058826,79.72850678733032,99.09420289855072,0.21689999994123355,0.2663600011146627,1105
loo,particle,13,12,0.0,1.9172231734229759,2.1749086594366487,5.247775400757439,52.85067873303168,94.57013574660633,98.09782608695652,0.32280000232276507,0.43989999903715216,1105
loo,nn_greedy,13,14,0.0,5.672843583161322,6.716505096029649,15.656098373796207,30.115511551155116,47.77227722772277,95.62345169281585,0.04280000212020241,0.048645001334080014,1212
loo,nn_window,13,14,0.0,8.91001456301608,9.365429873636533,20.702030457716827,7.920792079207921,20.462046204620464,100.0,0.06049999865354039,0.06794500077376142,1212
loo,dtw_online,12,17,0.0,1.2815280762274273,2.037744681547635,7.191811052177988,74.24633936261843,87.33850129198967,99.05172413793103,29.77159999863943,39.21730000001844,1161
loo,hmm_forward,13,14,0.0,2.21799107959073,4.8765218770826015,15.385642803477062,46.864686468646866,67.57425742574257,96.61436829066888,0.21910000214120373,0.25976000124501303,1212
loo,particle,13,14,0.0,1.5778496125382002,2.5244594836397973,8.132076641804286,58.333333333333336,89.68646864686468,98.51362510322048,0.32479999936185777,0.5685999984052627,1212
loo,nn_greedy,13,15,0.0,3.9850490006051906,5.681742756748748,13.779264964818225,35.689655172413794,55.431034482758626,96.03106125970665,0.04260000059730373,0.05410000085248612,1160
loo,nn_window,13,15,0.0,11.825285647013569,12.663708738354208,23.816967550992437,1.6379310344827587,9.137931034482758,100.0,0.06064999979571439,0.07670500181120588,1160
loo,dtw_online,12,20,0.0,1.9927936810962947,3.807017531880555,13.977196589704743,50.1841620626151,71.36279926335175,99.17050691244239,29.8139499991521,31.878374999905645,1086
loo,hmm_forward,13,15,0.0,1.682853907300101,3.198230062208432,10.563072390394673,55.603448275862064,79.13793103448276,98.36065573770492,0.2180499996029539,0.25119999936578097,1160
loo,particle,13,15,0.0,2.1011192741365106,2.642178960162982,7.338888178509218,48.10344827586207,86.98275862068967,100.0,0.3220999988116091,0.39458500250475476,1160
loo,nn_greedy,13,16,0.0,4.754529522143693,6.079575761197409,15.79199518562258,32.37347294938918,51.047120418848166,96.06986899563319,0.04269999772077426,0.04807499954040395,1146
loo,dtw_online,12,19,0.0,1.750992059643389,2.719712437633677,9.440808469810026,54.34131736526946,86.97604790419162,99.10112359550561,28.880849999040947,32.1395000009943,1336
loo,nn_window,13,16,0.0,9.36614175401245,9.923161573552324,17.587232028463156,2.356020942408377,18.1500872600349,100.0,0.06049999865354039,0.07487500170100247,1146
loo,hmm_forward,13,16,0.0,1.8779147717225362,3.156638363945843,10.588075064752763,54.712041884816756,79.66841186736475,98.42794759825327,0.21765000019513536,0.27830000180983916,1146
loo,particle,13,16,0.0,1.3947880012314195,1.896108484271593,4.700130739953686,65.18324607329843,95.89877835951134,100.0,0.32330000067304354,0.4028750017823768,1146
loo,nn_greedy,13,17,0.0,4.665456496365676,6.466583171504066,15.886229314201367,29.112833763996555,52.97157622739018,96.37931034482759,0.04270000135875307,0.05600000076810829,1161
loo,nn_window,13,17,0.0,12.37823302414939,12.056639134706211,19.15935207369577,0.0,2.4117140396210166,100.0,0.060500002291519195,0.07510000068577938,1161
loo,dtw_online,13,1,0.0,12.147931434285223,13.490700386036732,24.2767905794492,11.225364181662382,18.080548414738644,99.39965694682675,32.38079999937327,36.330419998193975,1167
loo,hmm_forward,13,17,0.0,2.1254081274655534,3.3581012153500343,11.386254484826319,47.80361757105943,78.55297157622739,97.5,0.21629999901051633,0.24699999994481914,1161
loo,dtw_online,13,2,0.0,8.884705099569455,8.519417136680548,22.056565787464642,16.751269035532996,44.67005076142132,99.32260795935647,31.89254999961122,33.37450000199169,1182
loo,nn_greedy,13,18,0.0,2.6632414681421155,5.102370913605609,14.94468126160138,39.33987511150758,57.18108831400536,95.80357142857143,0.0473000000056345,0.054299998737405986,1121
loo,nn_window,13,18,0.0,9.748221164397059,9.67177153661449,16.009142597571337,5.352363960749331,18.198037466547724,100.0,0.0610999995842576,0.07660000119358301,1121
loo,particle,13,17,0.0,1.5465551463138199,1.8889621270329198,4.316451330473114,64.08268733850129,96.64082687338501,99.39655172413792,0.3268000000389293,0.5018999981984962,1161
loo,hmm_forward,13,18,0.0,2.132341300701286,3.479570119372355,10.92048488964351,47.45762711864407,76.27118644067797,97.58928571428571,0.2167999991797842,0.2638000005390495,1121
loo,particle,13,18,0.0,1.9745015820265541,3.123528484213185,9.591319383984011,50.22301516503123,83.85370205173952,97.67857142857143,0.3212999981769826,0.4851000012422446,1121
loo,nn_greedy,13,19,0.0,3.0963475309703963,5.110676647434556,13.309398375347865,37.949101796407184,58.982035928143716,96.17977528089887,0.04245000127411913,0.0531250007043127,1336
loo,nn_window,13,19,0.0,6.5237149591385535,8.407989659348628,17.191389458433363,4.266467065868264,37.799401197604794,100.0,0.06040000153006986,0.0732000007701572,1336
loo,dtw_online,13,3,0.0,8.97087427792111,8.803128583008863,22.934552122464932,19.609438567941414,41.985353946297806,99.2671009771987,32.47609999743872,35.272100001748186,1229
loo,hmm_forward,13,19,0.0,1.488687469750007,3.2108901650473016,10.670224814626037,62.125748502994014,78.74251497005989,99.10112359550561,0.21740000011050142,0.25917500079231104,1336
loo,dtw_online,13,5,0.0,2.1642278035339486,4.665493629733122,16.251249979461804,45.721694036300775,71.4779602420052,99.0484429065744,31.659599997510668,41.82629999922938,1157
loo,nn_greedy,13,20,0.0,6.205242233115609,7.407154436820099,18.084487350605787,23.112338858195212,45.48802946593002,96.68202764976958,0.04270000135875307,0.05270000110613182,1086
loo,nn_window,13,20,0.0,9.87447929516035,10.1945361721382,17.447861926561174,0.9208103130755065,23.388581952117864,100.0,0.060299997130641714,0.06819999907747842,1086
loo,particle,13,19,0.0,1.4053134310249948,1.6558611897640403,3.979132830645135,70.88323353293413,97.45508982035929,100.0,0.32404999910795595,0.3976500001954264,1336
loo,dtw_online,13,4,0.0,12.367446509738842,13.253754762510805,25.021565740894005,14.21188630490956,23.42807924203273,99.13793103448276,32.77600000001257,44.13410000051954,1161
loo,hmm_forward,13,20,0.0,3.6281529252200295,6.293035258689307,19.637230219001534,28.084714548802946,56.07734806629834,98.15668202764977,0.216199998249067,0.23939999846334103,1086
loo,nn_greedy,14,1,0.0,3.1536200889380503,5.7392222203009275,17.58015293542341,39.76006855184233,54.07026563838904,96.91252144082333,0.04310000076657161,0.05484000030264725,1167
loo,nn_window,14,1,0.0,10.133761395585847,9.199040617465831,18.296757011125475,6.76949443016281,35.132819194515854,100.0,0.06049999865354039,0.06987000087974593,1167
loo,particle,13,20,0.0,2.4611870096877944,4.109164822310992,16.86205476847034,41.988950276243095,77.62430939226519,97.97235023041475,0.3246000014769379,0.5305499998939922,1086
loo,hmm_forward,14,1,0.0,1.3341324169715014,3.604846503659018,12.337489506879116,63.924592973436155,76.52099400171379,95.36878216123499,0.21700000070268288,0.2541399997426197,1167
loo,particle,14,1,0.0,1.3696947450208294,2.277092500338653,7.5216026554134325,62.2107969151671,85.08997429305913,99.39965694682675,0.3262999998696614,0.525950000519515,1167
loo,nn_greedy,14,2,0.0,4.772541453848824,5.943090357435075,16.49786104579695,40.69373942470389,51.776649746192895,96.02032176121931,0.04280000212020241,0.0521850010045455,1182
loo,nn_window,14,2,0.0,8.510448824144135,8.885146245494882,22.420040320646997,7.952622673434856,27.411167512690355,100.0,0.06070000017643906,0.07888000054663281,1182
loo,dtw_online,13,6,0.0,9.412181757030881,9.614021531154423,22.980386205211044,19.082719082719084,34.3980343980344,98.85245901639344,31.71710000242456,42.26090000156546,1221
loo,hmm_forward,14,2,0.0,1.232214392404286,2.718612118578196,10.965160601185469,72.84263959390863,82.91032148900169,95.76629974597799,0.21779999951831996,0.29869999780203227,1182
loo,particle,14,2,0.0,1.2930650675206627,1.3958631156775072,3.0096843015329107,80.71065989847716,100.0,100.0,0.322900001265225,0.5440900002213312,1182
loo,nn_greedy,14,3,0.0,2.8411961647735007,5.501281759407632,15.242182435059219,44.42636289666396,55.89910496338486,96.9869706840391,0.04360000093583949,0.05695999861927702,1229
loo,nn_window,14,3,0.0,10.739191309662475,14.33941603238791,25.116228800288493,1.2205044751830758,4.800650935720097,100.0,0.06209999992279336,0.07772000244585796,1229
loo,dtw_online,13,7,0.0,9.562840120316881,8.773647606535588,22.219609480223898,25.021496130696473,43.250214961306966,99.1394148020654,32.746799999586074,43.85792999819386,1163
loo,hmm_forward,14,3,0.0,1.034439949540828,2.0578649407228573,9.816198508731173,78.43775427176566,89.09682668836453,96.00977198697068,0.2220999995188322,0.3155000005790497,1229
loo,particle,14,3,0.0,1.0217655627542093,1.6084313251836178,7.615487054400363,83.40113913751017,91.61920260374288,100.0,0.32389999978477135,0.43737999949371376,1229
loo,nn_greedy,14,4,0.0,1.6225607488115699,4.666809715974892,16.385206244532167,54.69422911283376,65.46080964685615,97.41379310344827,0.04260000059730373,0.05070000042906031,1161
loo,nn_window,14,4,0.0,10.321728626872348,9.419585320108636,17.519412333257296,9.13006029285099,30.40482342807924,100.0,0.060900001699337736,0.0824999988253694,1161
loo,dtw_online,13,9,0.0,5.584829651855891,6.574239319317469,15.186573795962248,23.839285714285715,43.660714285714285,98.39142091152814,32.33329999966372,34.610229997451825,1120
loo,hmm_forward,14,4,0.0,1.3494912037014941,2.8975878784158535,10.740630946499804,71.23169681309216,82.77347114556417,95.25862068965517,0.2199000009568408,0.27570000020205043,1161
loo,particle,14,4,0.0,1.0402690603003089,1.325974958148207,3.4065783728542707,80.53402239448751,100.0,100.0,0.3249000001233071,0.48750000132713467,1161
loo,nn_greedy,14,5,0.0,4.852761744734931,6.2354683648550715,15.39124029552416,37.42437337942956,50.302506482281764,96.36678200692042,0.04260000059730373,0.048219999735010795,1157
loo,nn_window,14,5,0.0,10.371549655433157,10.579995425562482,17.595204720231035,3.6300777873811585,10.198789974070872,100.0,0.060200000007171184,0.07759999862173572,1157
loo,dtw_online,13,10,0.0,6.700791791306969,7.520652504314753,14.145452290156927,7.571560480147737,37.67313019390582,98.98336414048059,32.541000000492204,42.28324999967297,1083
loo,dtw_online,13,8,0.0,9.95685813623284,8.952535035141848,21.469254265281897,31.08454312553373,40.05123825789923,99.05982905982907,32.424599998194026,44.52359999959299,1171
loo,hmm_forward,14,5,0.0,1.398526750608849,3.9156781475268105,15.186204278771712,60.50129645635264,75.19446845289542,96.88581314878893,0.2199000009568408,0.3039399998669978,1157
loo,nn_greedy,14,6,0.0,5.714003343830519,6.506186344077867,15.697065343071532,35.62653562653563,49.631449631449634,95.90163934426229,0.044299998990027234,0.05919999966863543,1221
loo,nn_window,14,6,0.0,13.84477225680059,14.595625085594687,25.53414625189498,2.538902538902539,6.142506142506143,100.0,0.06369999755406752,0.07679999907850288,1221
loo,particle,14,5,0.0,1.2786742821699222,1.6962507337238062,4.319128366442304,68.971477960242,98.01210025929127,100.0,0.33059999987017363,0.46798000039416365,1157
loo,hmm_forward,14,6,0.0,1.4789049934690788,2.857564464559402,10.641577639795766,67.48566748566749,82.55528255528255,97.04918032786885,0.2206999997724779,0.29849999918951653,1221
loo,particle,14,6,0.0,1.334550252164204,1.9244215147869648,6.192451868321061,69.2055692055692,92.13759213759214,100.0,0.3233999996155035,0.42020000182674266,1221
loo,nn_greedy,14,7,0.0,3.1105047245172543,5.209752129194578,15.306096665511925,37.14531384350817,59.67325881341359,95.86919104991394,0.044299998990027234,0.05968999976175836,1163
loo,nn_window,14,7,0.0,10.196401462125854,10.559966775947228,17.63096455446879,6.276870163370593,9.200343938091143,100.0,0.06240000220714137,0.08366000074602192,1163
loo,dtw_online,13,12,0.0,3.2077109937586843,4.840864342430272,13.642352005263252,36.199095022624434,63.52941176470588,98.91304347826086,31.191499998385552,32.90649999908055,1105
loo,hmm_forward,14,7,0.0,1.0790360501433853,2.5816854487405316,9.83440389223305,68.18572656921754,83.14703353396389,96.47160068846816,0.21550000019487925,0.24961999915831246,1163
loo,particle,14,7,0.0,1.6068222452191245,1.9307204341726316,4.835160091252565,63.88650042992261,95.27085124677558,100.0,0.32160000046133064,0.39499999984400336,1163
loo,nn_greedy,14,8,0.0,5.807328481860405,6.462756872397299,15.343423879207906,37.233134073441505,49.103330486763454,96.66666666666667,0.04239999907440506,0.04949999856762588,1171
loo,nn_window,14,8,0.0,7.796873490902577,8.788434207323542,17.099274255276242,7.344150298889837,36.03757472245944,100.0,0.060100002883700654,0.07399999958579428,1171
loo,dtw_online,13,11,0.0,9.659338466153796,9.356246752118327,21.06986739415505,21.52428810720268,32.914572864321606,98.65884325230512,32.400299998698756,41.118095001183974,1194
loo,hmm_forward,14,8,0.0,1.690901377858162,3.945404182482017,12.170604008617568,54.824935952177626,72.41673783091375,96.4957264957265,0.22589999935007654,0.27939999927184545,1171
loo,particle,14,8,0.0,1.3058600343793338,1.6689183341527687,4.078554857852154,73.35610589239965,96.8403074295474,100.0,0.33070000063162297,0.4394999996293336,1171
loo,dtw_online,13,14,0.0,10.011790173580344,10.193675332280415,22.409536454931665,14.108910891089108,26.980198019801982,98.1833195706028,32.02199999941513,35.28804999896238,1212
loo,nn_greedy,14,9,0.0,1.879588748812452,5.543038741300626,17.987823189517158,51.33928571428571,58.57142857142858,95.97855227882037,0.042499999835854396,0.055005000467645,1120
loo,nn_window,14,9,0.0,10.385164047745477,10.663077537485101,17.920472074265923,2.232142857142857,7.053571428571429,100.0,0.060599999414989725,0.06923500295670235,1120
loo,hmm_forward,14,9,0.0,1.4266620873118954,2.8753634268200603,9.287790175387569,68.21428571428572,82.67857142857142,95.44235924932975,0.21749999723397195,0.27292499999020936,1120
loo,particle,14,9,0.0,1.237754817449387,1.867300026348471,8.201376065202243,76.07142857142857,91.875,100.0,0.3229000030842144,0.4406100006235647,1120
loo,nn_greedy,14,10,0.0,2.9074717140734947,5.471180164545518,15.927396561221332,42.28993536472761,58.63342566943675,96.48798521256931,0.042599996959324926,0.049479998779133866,1083
loo,nn_window,14,10,0.0,8.622938233048462,8.965821397941447,22.24313464201208,8.494921514312095,27.42382271468144,100.0,0.06049999865354039,0.06860000175947789,1083
loo,dtw_online,13,16,0.0,1.5370286574245489,2.936066454736426,12.316969807809887,61.867364746945896,85.86387434554975,99.03930131004367,31.27219999805675,33.9815000006638,1146
loo,hmm_forward,14,10,0.0,1.4836749748342017,3.6600242713845543,12.21124044641966,60.387811634349035,72.11449676823638,96.02587800369686,0.21669999841833487,0.2844499991624614,1083
loo,particle,14,10,0.0,1.3595934612185891,2.1892230091532543,7.916865171720233,69.71375807940905,90.67405355493999,100.0,0.3207000008842442,0.4877700001088669,1083
loo,nn_greedy,14,11,0.0,4.619328705542614,6.3445127486339805,16.220690443760486,30.402010050251256,53.517587939698494,95.80888516345348,0.04289999924367294,0.05270000110613182,1194
loo,dtw_online,13,15,0.0,11.841110971364088,13.673405195791343,25.07781681964525,10.344827586206897,19.224137931034484,98.87834339948232,32.77359999992768,45.333780000873936,1160
loo,nn_window,14,11,0.0,8.585798300482416,8.9075935290212,19.970282784381176,7.035175879396985,25.963149078726964,100.0,0.0608000009378884,0.07987500175659075,1194
loo,hmm_forward,14,11,0.0,5.001839639174923,5.694474040189168,12.396152162787013,24.036850921273032,50.0,95.72506286672254,0.21584999922197312,0.25886999937938526,1194
loo,particle,14,11,0.0,2.3096297793237475,2.876767373290519,6.726974822783928,42.12730318257956,84.84087102177554,98.65884325230512,0.3194500004610745,0.48722499905124994,1194
loo,nn_greedy,14,12,0.0,5.6471058859384655,6.4923084422752,16.4853312843408,31.312217194570135,47.23981900452488,95.92391304347827,0.04260000059730373,0.04857999956584535,1105
loo,nn_window,14,12,0.0,4.645488189811435,6.284697715370837,16.731437220421927,16.651583710407238,54.29864253393665,100.0,0.06049999865354039,0.07376000212389042,1105
loo,dtw_online,13,17,0.0,3.221625467007455,7.042162539599745,22.423924244411744,40.310077519379846,54.52196382428941,98.79310344827587,32.19340000214288,33.95699999964563,1161
loo,hmm_forward,14,12,0.0,1.2487243710234792,3.2711106009751343,12.980693352192603,69.86425339366515,80.54298642533936,94.56521739130434,0.21770000239484943,0.30624000064563,1105
loo,particle,14,12,0.0,1.278756908126887,1.6748833234584903,5.002345888744415,74.57013574660634,94.93212669683257,100.0,0.3240000005462207,0.4383400024380534,1105
loo,nn_greedy,14,13,0.0,5.043856743277308,6.252669879044488,15.623092436763267,32.02995008319468,49.417637271214645,96.00333055786844,0.04329999865149148,0.050289997489016976,1202
loo,nn_window,14,13,0.0,10.208665036465428,12.98617759514471,24.29748027055745,1.0815307820299502,6.738768718801996,100.0,0.061400001868605614,0.07108999925549143,1202
loo,dtw_online,13,18,0.0,1.3067951860084857,1.6202487616877848,3.907801515966308,73.5950044603033,96.8777876895629,99.55357142857143,32.34059999886085,34.72239999973681,1121
loo,hmm_forward,14,13,0.0,1.5143640052491705,3.498477464384502,12.912140958923855,58.73544093178037,77.95341098169717,96.25312239800166,0.2196000004914822,0.26449500201124465,1202
loo,particle,14,13,0.0,1.5168326393637286,2.4276730029030085,9.85720993533424,65.72379367720465,87.10482529118137,99.0008326394671,0.32219999775406905,0.4220149969114576,1202
loo,nn_greedy,14,15,0.0,6.831240921099411,6.736439203759084,16.564417002277406,31.379310344827587,45.86206896551724,95.68593615185505,0.04269999772077426,0.053504999959841364,1160
loo,nn_window,14,15,0.0,10.492453308879465,11.086151086651162,22.815415825782765,1.9827586206896552,8.275862068965518,100.0,0.060999998822808266,0.07903000114310996,1160
loo,dtw_online,13,20,0.0,12.485870289585893,14.448045902305363,25.484691364052182,0.9208103130755065,13.075506445672191,99.17050691244239,31.513449999692966,42.947524998453446,1086
loo,hmm_forward,14,15,0.0,2.170704729076762,4.018168793588742,12.425433525608863,46.724137931034484,73.62068965517241,95.77221742881794,0.21719999858760275,0.25151000136247603,1160
loo,particle,14,15,0.0,1.5780545488148967,1.6894136243628488,4.039548555587958,67.32758620689656,99.22413793103448,100.0,0.3214999996998813,0.5181300008189281,1160
loo,nn_greedy,14,16,0.0,3.3373733008977657,5.736034167054251,16.922990399509775,40.924956369982546,53.054101221640494,96.85589519650655,0.04289999924367294,0.05129999772179872,1146
loo,nn_window,14,16,0.0,9.95197846496464,10.11143295023336,16.28189792390613,1.2216404886561953,4.537521815008725,100.0,0.06049999865354039,0.07177499810495647,1146
loo,dtw_online,14,1,0.0,4.4269599022292,8.038437275869288,23.467769814953396,31.619537275064268,50.899742930591266,99.14236706689536,32.65129999999772,34.605220002049464,1167
loo,hmm_forward,14,16,0.0,1.3076376093429571,3.1260244592399897,11.341949698210001,65.18324607329843,78.27225130890052,95.02183406113537,0.21829999968758784,0.27394999960961286,1146
loo,particle,14,16,0.0,0.9121969744662485,1.1994195642859145,3.117714412597077,84.99127399650959,100.0,100.0,0.3212999981769826,0.3980749997936073,1146
loo,nn_greedy,14,17,0.0,2.7229406969668912,5.149625297370729,15.713945471202079,42.9801894918174,57.19207579672696,96.55172413793103,0.0427999984822236,0.052200000936863944,1161
loo,nn_window,14,17,0.0,10.53858231511365,10.685984311120897,18.84215508025633,3.273040482342808,10.249784668389319,100.0,0.06040000153006986,0.07139999797800556,1161
loo,dtw_online,13,19,0.0,8.118584227693782,11.339977438147338,24.666790272172115,7.260479041916168,35.778443113772454,99.02621722846442,32.2501500013459,33.92510000139737,1336
loo,hmm_forward,14,17,0.0,1.1561636791720533,2.8560920091841795,11.985154850901795,71.66236003445306,81.3953488372093,96.20689655172414,0.21669999841833487,0.2466000005370006,1161
loo,particle,14,17,0.0,0.9545710624436817,1.1932297942180508,3.0137792810770287,83.8931955211025,100.0,100.0,0.32329999885405414,0.39029999970807694,1161
loo,nn_greedy,14,18,0.0,2.356691604118933,5.716636797673438,16.745442323616107,46.92239072256913,57.6271186440678,95.98214285714286,0.04269999772077426,0.05390000296756625,1121
loo,nn_window,14,18,0.0,13.374969612351821,14.09375884717833,24.725786964503982,3.479036574487065,9.455842997323819,100.0,0.0608000009378884,0.07729999924777076,1121
loo,dtw_online,14,2,0.0,10.01328594801483,9.353287259184343,16.122021124538815,13.451776649746192,19.4585448392555,98.98391193903471,32.66319999966072,44.29319000228134,1182
loo,hmm_forward,14,18,0.0,1.471450798037646,3.5501398707746037,13.608275942723578,64.8528099910794,77.52007136485281,95.44642857142858,0.21659999765688553,0.2593000026536174,1121
loo,particle,14,18,0.0,1.0045250988129564,1.200490020182358,3.0817009992031665,84.8349687778769,99.64317573595004,100.0,0.3236999982618727,0.3522000006341841,1121
loo,nn_greedy,14,19,0.0,4.340202559835921,5.9044181083906775,14.796966983351133,32.26047904191617,52.47005988023952,96.02996254681648,0.042499999835854396,0.05369999871618347,1336
loo,nn_window,14,19,0.0,8.678495294690032,9.052500231758444,21.325395678336616,6.736526946107785,21.856287425149702,100.0,0.06009999924572185,0.07192499924713047,1336
loo,dtw_online,14,3,0.0,10.320441161233479,9.660718800313113,14.491140256238761,8.380797396257119,11.635475996745322,98.8599348534202,31.55299999707495,40.98815999896033,1229
loo,hmm_forward,14,19,0.0,4.560280100788464,5.252889362224029,13.181980243655564,39.07185628742515,54.86526946107785,96.32958801498127,0.2167999991797842,0.2728750023379689,1336
loo,particle,14,19,0.0,1.9959594814569717,3.770379833155478,10.839247808348311,50.0,73.27844311377245,99.17602996254682,0.32270000156131573,0.4247250008120318,1336
loo,nn_greedy,14,20,0.0,5.152089553979438,6.020719713731314,19.732280676521682,39.68692449355433,49.447513812154696,96.49769585253456,0.04269999772077426,0.050774997362168506,1086
loo,nn_window,14,20,0.0,10.402726368229988,10.489442847493523,17.929628876700942,8.47145488029466,14.27255985267035,100.0,0.060599999414989725,0.07572500180685893,1086
loo,dtw_online,14,5,0.0,1.4873637559585702,2.175498066349591,7.147200227219918,65.514261019879,92.56698357821953,99.39446366782006,32.53930000209948,34.72753999958513,1157
loo,hmm_forward,14,20,0.0,1.80578788740387,4.20241256653486,14.191461705366905,52.39410681399632,71.91528545119705,96.95852534562212,0.21890000061830506,0.26042500030598603,1086
loo,dtw_online,14,4,0.0,10.554847197418976,12.329180988863977,24.800749581551745,16.365202411714037,24.289405684754524,99.22413793103448,33.49340000204393,45.95999999946798,1161
loo,particle,14,20,0.0,1.3905403057673722,2.123422797216323,6.207578792095397,69.52117863720073,90.88397790055248,98.4331797235023,0.32080000164569356,0.4181749991403194,1086
loo,nn_greedy,15,1,0.0,3.09108019721154,5.580117521460211,14.416793780640758,32.390745501285345,54.841473864610116,96.91252144082333,0.04220000118948519,0.05300999837345445,1167
loo,nn_window,15,1,0.0,10.653254178384119,11.618628785394547,18.731123897561464,1.7994858611825193,5.312767780634105,100.0,0.059699999837903306,0.07360000017797574,1167
loo,hmm_forward,15,1,0.0,1.8942611751563272,3.7501034601865233,11.112900666785162,51.670951156812336,69.23736075407027,96.82675814751288,0.21859999833395705,0.24947999918367716,1167
loo,particle,15,1,0.0,1.3152753794976204,2.253811366909726,8.549089485182721,64.35304198800343,92.1165381319623,100.0,0.32500000088475645,0.40126999920175904,1167
loo,nn_greedy,15,2,0.0,2.07666958608808,4.562960375279224,15.14268770713445,47.88494077834179,64.89001692047377,96.52836579170194,0.04180000178166665,0.050690000534814324,1182
loo,nn_window,15,2,0.0,11.51109299176451,11.737364347978811,19.1155978895021,0.0,5.0761421319796955,100.0,0.0594000011915341,0.06998999833740528,1182
loo,dtw_online,14,8,0.0,9.262511786092261,8.618779763311618,13.38874643896894,10.418445772843723,18.274978650725878,98.71794871794873,31.439899998076726,33.246150000195485,1171
loo,hmm_forward,15,2,0.0,1.0636287243752363,2.529831461703574,11.471038923634541,74.19627749576988,85.27918781725889,97.7138018628281,0.2158999996026978,0.25377499805472337,1182
loo,particle,15,2,0.0,1.074384976075104,1.1891967486921307,2.7471945368219868,86.37901861252115,100.0,100.0,0.3234999985579634,0.399354999899515,1182
loo,nn_greedy,15,3,0.0,5.013944482509938,6.884634929000133,17.128578753749878,28.55980471928397,49.959316517493896,96.41693811074919,0.04189999890513718,0.04856000232393853,1229
loo,nn_window,15,3,0.0,7.614237733064886,7.690027759451714,13.672322289537096,3.580146460537022,32.38405207485761,100.0,0.05949999831500463,0.07021999990683979,1229
loo,dtw_online,14,6,0.0,8.909342615868638,7.915688290175436,15.856936757496952,23.587223587223587,34.80753480753481,98.68852459016394,32.76240000195685,44.65150000032736,1221
loo,dtw_online,14,7,0.0,10.105649357203506,10.078874216633613,16.081429404179648,2.6655202063628547,9.630266552020636,99.05335628227195,33.597700003156206,44.35497999911603,1163
loo,hmm_forward,15,3,0.0,2.2899876402160144,4.911137734720075,15.621814819414425,46.46053702196908,66.31407648494712,96.41693811074919,0.21770000239484943,0.29177999967942003,1229
loo,nn_greedy,15,4,0.0,3.646238318208958,6.019400664999625,15.81099287480982,37.38156761412576,54.86649440137812,96.8103448275862,0.04220000118948519,0.054299998737405986,1161
loo,particle,15,3,0.0,1.337936644938671,1.8716794815497353,6.153458529374893,68.42961757526444,91.29373474369406,100.0,0.32610000198474154,0.4975599993485951,1229
loo,nn_window,15,4,0.0,7.874216898363282,7.645300000291351,13.68098172123136,4.823428079242033,33.850129198966414,100.0,0.06009999924572185,0.08030000026337802,1161
loo,dtw_online,14,10,0.0,8.890944129393208,9.154190953000107,23.926892272961588,30.28624192059095,41.089566020313946,99.07578558225508,32.20380000129808,33.54506999894511,1083
loo,hmm_forward,15,4,0.0,1.3366397259714564,2.846087351748808,12.559814145907529,72.17915590008613,82.85960378983634,98.27586206896551,0.21639999977196567,0.2432000001135748,1161
loo,nn_greedy,15,5,0.0,4.829895125717336,6.899490971670217,17.101710992923017,27.571305099394987,50.648228176318064,96.19377162629758,0.042000003304565325,0.05380000075092541,1157
loo,nn_window,15,5,0.0,11.427839963402075,11.844477229836137,18.034522762684645,1.9014693171996542,4.753673292999136,100.0,0.06000000212225132,0.06841999784228392,1157
loo,particle,15,4,0.0,1.5742228398927407,2.5488306494250055,8.283880903183132,57.105943152454785,81.3953488372093,99.22413793103448,0.32420000206911936,0.4245000018272549,1161
loo,hmm_forward,15,5,0.0,4.724755165681777,6.696493463715203,21.430627452417944,26.793431287813313,51.94468452895419,98.01038062283737,0.21809999816468917,0.2719600001000799,1157
loo,particle,15,5,0.0,1.8683275411983231,2.872491031756435,9.737509180358973,53.67329299913569,80.46672428694902,100.0,0.3235000003769528,0.42742000077851117,1157
loo,nn_greedy,15,6,0.0,5.8731058291449845,6.955799799023264,16.105275169676553,25.552825552825553,46.68304668304668,95.57377049180327,0.04190000254311599,0.04770000305143185,1221
loo,nn_window,15,6,0.0,11.276790950019054,11.623367474498547,19.15846506327203,2.457002457002457,4.586404586404586,100.0,0.059799996961373836,0.06969999958528206,1221
loo,dtw_online,14,9,0.0,7.634776720045636,7.226508701968978,15.87529547305398,33.39285714285714,37.67857142857143,98.39142091152814,32.57329999905778,42.28885000102309,1120
loo,hmm_forward,15,6,0.0,2.093159904503883,4.975283101112331,15.659516727177063,48.32104832104832,63.882063882063875,95.81967213114754,0.22559999706572853,0.25919999825418927,1221
loo,particle,15,6,0.0,1.968303243288997,2.737586998120223,9.220405798905364,51.433251433251435,85.995085995086,99.09836065573771,0.3304999991087243,0.5132000005687587,1221
loo,nn_greedy,15,7,0.0,3.929860877271756,5.981178707682107,16.081986142625734,33.96388650042992,51.41874462596733,96.12736660929431,0.04180000178166665,0.05140000175742898,1163
loo,nn_window,15,7,0.0,10.92832932349246,11.772137301582848,19.75805192862967,1.633705932932072,4.471195184866724,100.0,0.0610999995842576,0.06870000252092723,1163
loo,dtw_online,14,12,0.0,9.89437836529666,9.290936386188127,13.77162224820308,6.4253393665158365,13.122171945701359,98.6413043478261,31.481199999689125,34.7533400003158,1105
loo,hmm_forward,15,7,0.0,1.70615668119334,3.3461350997330674,11.48071218182534,55.88993981083406,79.62166809974205,96.90189328743546,0.21550000019487925,0.26044000151159685,1163
loo,particle,15,7,0.0,1.4249295220832532,1.8412706996087893,6.003931725975343,69.81943250214961,93.29320722269992,100.0,0.325099998008227,0.3967900018324144,1163
loo,nn_greedy,15,8,0.0,6.440787129729924,6.2288009322481255,14.30929978063719,28.86421861656704,46.37062339880444,97.09401709401709,0.04169999738223851,0.050349999582977034,1171
loo,nn_window,15,8,0.0,7.734080791922097,7.340913201809912,13.616811569654484,8.88129803586678,28.351836037574724,100.0,0.0594000011915341,0.09110000064538326,1171
loo,dtw_online,14,11,0.0,10.752949164824667,9.868738635482233,21.1553340088255,17.504187604690117,35.00837520938023,99.24559932942162,32.47765000196523,40.833595000731286,1194
loo,hmm_forward,15,8,0.0,3.2044786675657013,4.775286374668579,11.541537413878377,36.37916310845431,57.472245943637915,94.27350427350427,0.21919999926467426,0.25909999931172933,1171
loo,particle,15,8,0.0,1.3487087983461323,2.294739704214828,9.80304222898399,68.48847139197267,90.26473099914602,99.31623931623932,0.32360000113840215,0.5048000002716435,1171
loo,nn_greedy,15,9,0.0,2.7173626755220837,5.8345967507688234,16.69121706268803,38.125,56.339285714285715,96.06791778373548,0.041700001020217314,0.0518000015290454,1120
loo,nn_window,15,9,0.0,8.136348860855541,8.3429398469647,15.12613248679135,6.1607142857142865,27.142857142857142,100.0,0.059300000430084765,0.06710000161547214,1120
loo,dtw_online,14,13,0.0,10.154765526522677,10.028122857235296,14.020912710993816,3.6605657237936775,5.657237936772046,99.08409658617818,32.515649998458684,35.51524000176869,1202
loo,hmm_forward,15,9,0.0,1.7619202272306362,3.597960390996313,13.216631361740044,57.32142857142857,78.57142857142857,97.58713136729223,0.21859999833395705,0.27261499853921123,1120
loo,particle,15,9,0.0,1.3353268928738262,2.5536668865594963,10.055443756245854,71.69642857142857,84.375,99.19571045576407,0.3217999983462505,0.3768499987927498,1120
loo,nn_greedy,15,10,0.0,3.9785489578016304,5.630757622899314,13.523354231088708,30.378578024007385,54.93998153277931,96.67282809611831,0.04199999966658652,0.05209000009926966,1083
loo,nn_window,15,10,0.0,8.812215912259655,8.41986300812141,15.353824105453008,6.463527239150507,26.500461680517084,100.0,0.059699999837903306,0.06909999865456484,1083
loo,dtw_online,14,15,0.0,7.538385246835823,7.402070060735403,16.134082566487873,17.93103448275862,41.37931034482759,98.87834339948232,32.830250000188244,36.35717500055761,1160
loo,hmm_forward,15,10,0.0,2.0994571293434836,4.116855080776253,12.656667143979677,47.1837488457987,71.09879963065559,97.78188539741221,0.21940000078757294,0.28797999912058003,1083
loo,particle,15,10,0.0,1.7816366742229452,3.4544295140703145,10.931754850439539,54.29362880886427,75.06925207756233,97.6894639556377,0.3214999996998813,0.44674000055238133,1083
loo,nn_greedy,15,11,0.0,3.6764089307424097,5.717363412863119,16.069084516515733,36.26465661641541,53.60134003350083,96.56328583403186,0.04149999949731864,0.050600000940903556,1194
loo,nn_window,15,11,0.0,7.805896737604577,8.310624295746116,15.420040851643362,5.6951423785594635,32.32830820770519,100.0,0.05949999831500463,0.07993499984877415,1194
loo,dtw_online,14,16,0.0,10.13099415384178,9.456593059790437,14.353435790140423,9.162303664921465,15.706806282722512,98.8646288209607,32.980899999529356,45.3481250006007,1146
loo,hmm_forward,15,11,0.0,1.592773718114848,3.3573133822684618,12.865155297347826,58.291457286432156,77.1356783919598,96.1441743503772,0.21740000011050142,0.2516999993531499,1194
loo,dtw_online,14,17,0.0,7.685885467234039,7.491601302370065,15.60315481146233,20.241171403962102,37.2093023255814,98.79310344827587,32.77410000009695,35.98050000073272,1161
loo,nn_greedy,15,12,0.0,3.9521303059447623,6.211829643193233,16.452003427133718,36.10859728506787,53.39366515837104,95.38043478260869,0.04229999831295572,0.047979998635128134,1105
loo,dtw_online,14,18,0.0,10.09359686912916,9.443814525432344,14.535693983574484,10.258697591436219,12.31043710972346,99.28571428571429,32.55189999981667,34.21859999798471,1121
loo,nn_window,15,12,0.0,8.249602888110335,7.731479902409853,13.90439820029058,6.4253393665158365,29.411764705882355,100.0,0.059699999837903306,0.07786000060150398,1105
loo,particle,15,11,0.0,1.7986906047184017,2.388114958470424,7.827227255718007,53.09882747068677,87.93969849246231,99.24559932942162,0.3241499998694053,0.5723299995224805,1194
loo,hmm_forward,15,12,0.0,1.2615178398561706,3.2077792634522178,14.078745411582538,69.86425339366515,79.63800904977376,98.0072463768116,0.2176000016334001,0.2757199988991487,1105
loo,nn_greedy,15,13,0.0,4.028236312260535,5.54879265422438,15.082709840400417,32.4459234608985,57.986688851913485,95.58701082431307,0.042199997551506385,0.05650000093737617,1202
loo,nn_window,15,13,0.0,7.880010379284166,7.8287089839821835,13.555205037607447,4.242928452579035,17.387687188019967,100.0,0.059699999837903306,0.06709500157739967,1202
loo,particle,15,12,0.0,1.4545357230406828,1.9759125860649298,6.295663007725931,68.5972850678733,90.9502262443439,100.0,0.3238000026613008,0.4359200007456816,1105
loo,hmm_forward,15,13,0.0,2.571385182522082,4.964138429866018,13.395132903147735,44.176372712146424,56.905158069883534,97.16902581182349,0.21659999947587494,0.25348999861307675,1202
loo,particle,15,13,0.0,2.3587706937129624,3.723022414059809,11.651343470265624,44.09317803660566,73.5440931780366,98.25145711906744,0.32110000029206276,0.4085950007720385,1202
loo,nn_greedy,15,14,0.0,5.074796211652016,6.484598577079453,16.546589758711594,33.33333333333333,49.75247524752475,95.21056977704376,0.041799998143687844,0.048345000686822466,1212
loo,nn_window,15,14,0.0,10.108632322939275,10.872405204556282,25.62135784078899,16.666666666666664,21.699669966996698,100.0,0.059799996961373836,0.09473999980400555,1212
loo,dtw_online,14,20,0.0,11.461023352070223,11.36609394528873,18.594609943336135,2.4861878453038675,3.4069981583793743,99.07834101382488,31.480700001338846,41.95100000106322,1086
loo,hmm_forward,15,14,0.0,1.965204499873713,4.5747275239301795,21.46645346337775,50.66006600660066,75.74257425742574,97.10982658959537,0.21784999989904463,0.2542450005421415,1212
loo,particle,15,14,0.0,2.1645377457561956,3.2422077709481822,10.421813494319005,45.2970297029703,83.25082508250826,98.34847233691164,0.32410000130767,0.5327300004864811,1212
loo,nn_greedy,15,16,0.0,4.958264478217922,6.514896804620879,16.824812155848722,32.37347294938918,50.174520069808025,95.72052401746724,0.04190000254311599,0.04857499880017713,1146
loo,nn_window,15,16,0.0,10.756501583620432,11.602005719343635,20.033908988216574,1.0471204188481675,4.363001745200698,100.0,0.059699999837903306,0.06900000153109431,1146
loo,dtw_online,14,19,0.0,4.527916948362689,6.745343377520763,14.28829459808425,10.928143712574851,51.796407185628745,98.80149812734082,32.51110000019253,39.175274999252,1336
loo,hmm_forward,15,16,0.0,2.01086674168669,4.3227335978084795,13.952650237221869,49.91273996509599,67.88830715532286,97.64192139737992,0.21750000087195076,0.27430000136519084,1146
loo,dtw_online,15,2,0.0,8.528223047636562,8.405965287856777,21.47220058181888,24.28087986463621,37.98646362098139,99.15325994919559,30.92139999898791,33.114334998390405,1182
loo,nn_greedy,15,17,0.0,3.5816207790151737,5.753752883673995,15.75297747825651,34.96985357450474,52.885443583118,96.12068965517241,0.042100000428035855,0.05279999822960235,1161
loo,particle,15,16,0.0,1.9061701135397981,2.674653878483282,9.707261185515453,52.00698080279233,91.36125654450262,99.30131004366812,0.32389999978477135,0.4287750016374048,1146
loo,nn_window,15,17,0.0,7.615174609544713,7.68760605302909,14.234709657865167,5.512489233419466,31.43841515934539,100.0,0.05959999907645397,0.07040000127744861,1161
loo,hmm_forward,15,17,0.0,1.984170138558016,4.242704002899675,16.903158523802386,50.043066322136085,72.6959517657192,98.62068965517241,0.2190000013797544,0.283499997749459,1161
loo,particle,15,17,0.0,1.4515555740223716,1.911648418131015,5.215642558644936,64.68561584840654,91.38673557278209,99.39655172413792,0.32420000206911936,0.44600000182981603,1161
loo,dtw_online,15,1,0.0,9.606562393509078,8.995159645085728,22.179776705483935,21.765209940017137,42.844901456726646,99.39965694682675,31.37859999696957,41.67509000217251,1167
loo,nn_greedy,15,18,0.0,2.8896744857478356,5.56039395355478,15.46604800939941,39.60749330954505,58.429973238180196,96.33928571428572,0.04180000178166665,0.05120000059832819,1121
loo,nn_window,15,18,0.0,8.986683966361301,8.679390318064982,13.849656875813992,3.8358608385370205,14.540588760035684,100.0,0.05959999907645397,0.0684000006003771,1121
loo,hmm_forward,15,18,0.0,1.6134705801746996,3.316178637684369,13.5302799407976,56.19982158786797,76.98483496877788,97.76785714285714,0.2199000009568408,0.2443999983370304,1121
loo,particle,15,18,0.0,1.2747259177627266,1.4222898710750878,3.522916064625431,82.69402319357717,99.55396966993756,100.0,0.3268000000389293,0.41400000191060826,1121
loo,nn_greedy,15,19,0.0,2.9569318624861474,5.600401765117366,15.397078941473199,36.52694610778443,56.96107784431138,95.65543071161049,0.04239999907440506,0.0520249986948329,1336
loo,nn_window,15,19,0.0,6.767569357601854,7.086084319477869,13.083321818082288,5.089820359281437,29.041916167664674,100.0,0.060299997130641714,0.07270000060088933,1336
loo,dtw_online,15,3,0.0,1.8523073517515183,3.3409385630480544,13.712027806477566,53.86493083807974,81.93653376729047,98.9413680781759,30.28199999971548,32.34811999864178,1229
loo,hmm_forward,15,19,0.0,1.9027844891939243,3.75723912295551,12.141845865858887,51.94610778443114,72.60479041916167,96.70411985018727,0.21719999858760275,0.2858000007108785,1336
loo,particle,15,19,0.0,1.5222715829322906,1.7422654520441876,4.433141885977248,65.19461077844312,100.0,100.0,0.32439999995403923,0.4828750024898909,1336
loo,nn_greedy,15,20,0.0,2.4981268569575388,5.339661622778497,17.544970799942,38.67403314917127,65.93001841620627,96.40552995391704,0.041700001020217314,0.05050000163464574,1086
loo,nn_window,15,20,0.0,9.744941527548871,8.904113285381081,18.733903005007633,14.3646408839779,23.296500920810313,100.0,0.05919999966863543,0.06634999954258092,1086
loo,dtw_online,15,5,0.0,14.085484132452114,13.267025285242699,25.90138198613967,4.580812445980985,9.680207433016422,98.1833910034602,31.29869999975199,41.12206000063452,1157
loo,dtw_online,15,4,0.0,7.2495201356006005,8.300181977338674,22.494493520546275,28.68217054263566,46.770025839793284,99.56896551724138,31.42429999934393,42.9480999991938,1161
loo,hmm_forward,15,20,0.0,2.0092859000223635,4.869901406587221,20.760131314608532,49.8158379373849,64.7329650092081,97.32718894009217,0.22360000002663583,0.27562499963096343,1086
loo,nn_greedy,16,1,0.0,4.416250055885562,5.852743943200053,15.077932752209463,35.90402742073693,51.071122536418166,97.51286449399656,0.043300002289470285,0.057539999033906504,1167
loo,nn_window,16,1,0.0,10.342068403050446,12.942774898612305,21.686510957910514,3.6846615252784916,6.2553556126820915,100.0,0.0608000009378884,0.07377000147243962,1167
loo,particle,15,20,0.0,1.8161733937337852,3.6069375173751324,16.568267142064666,53.499079189686924,79.92633517495395,96.40552995391704,0.3411499983485555,0.6533749992740923,1086
loo,hmm_forward,16,1,0.0,1.4341007159921235,2.938927643943592,9.173037688984989,64.52442159383034,78.06341045415596,98.02744425385936,0.21950000154902227,0.24753999787208159,1167
loo,particle,16,1,0.0,1.3424269451084632,1.475583473286585,3.1499123952710164,75.66409597257926,100.0,100.0,0.3236999982618727,0.5065699991973817,1167
loo,dtw_online,15,6,0.0,10.153962684485414,10.056658766133602,19.036280335255963,8.271908271908272,20.475020475020475,98.9344262295082,31.34940000018105,32.95579999758047,1221
loo,nn_greedy,16,2,0.0,4.55086401915896,6.075861628652654,17.853416344529744,36.12521150592217,51.52284263959391,96.69771380186283,0.041700001020217314,0.05468999825097854,1182
loo,nn_window,16,2,0.0,10.276569380761071,9.622968819170444,19.338627855884344,5.668358714043993,25.80372250423012,100.0,0.05990000136080198,0.06939000086276793,1182
loo,hmm_forward,16,2,0.0,1.8276242360025596,3.456759165236437,10.717073526175442,52.53807106598985,76.14213197969542,95.42760372565621,0.21800000104121864,0.2649099989866955,1182
loo,particle,16,2,0.0,1.401415019758537,1.5926473360810334,3.1649370946454822,71.8274111675127,100.0,100.0,0.3234000032534823,0.40406499920209177,1182
loo,nn_greedy,16,3,0.0,3.038396239707455,5.538685896664833,18.071356952446546,41.65988608624898,60.13018714401953,96.82410423452768,0.04150000313529745,0.04690000059781596,1229
loo,nn_window,16,3,0.0,10.004723470107777,11.511011274033262,21.046883278512606,5.451586655817739,6.997558991049633,100.0,0.059300000430084765,0.06960000246181153,1229
loo,dtw_online,15,8,0.0,8.50641907197779,9.121880118147947,18.16916076779585,9.735269000853972,33.6464560204953,99.14529914529915,30.469799999991665,33.19655000086641,1171
loo,hmm_forward,16,3,0.0,1.7471446535129258,2.691961639984675,8.306057781839773,56.79414157851912,86.57445077298617,97.14983713355049,0.21670000205631368,0.2625800007081123,1229
loo,particle,16,3,0.0,1.3734230128876193,1.480702230503499,4.068945810572676,81.85516680227828,100.0,100.0,0.32389999978477135,0.3914800006896257,1229
loo,nn_greedy,16,4,0.0,1.9835720155874912,4.676829560785015,15.413985500872343,50.3875968992248,65.97760551248923,97.41379310344827,0.041200000850949436,0.047900000936351717,1161
loo,nn_window,16,4,0.0,10.459428726397626,12.918830692627205,22.170151731599066,3.7898363479758825,5.943152454780361,100.0,0.05880000026081689,0.06989999747020192,1161
loo,dtw_online,15,7,0.0,11.884519120612472,10.927366155040716,19.623620421661546,0.08598452278589853,18.056749785038694,98.62306368330465,32.26449999783654,43.92353999755867,1163
loo,hmm_forward,16,4,0.0,1.206020280224366,1.7517875617854,5.342892940822144,80.96468561584841,93.97071490094746,98.70689655172413,0.22669999816571362,0.27159999808645807,1161
loo,particle,16,4,0.0,1.2273512977108276,1.3330194975146799,2.5357213046767906,78.8975021533161,100.0,100.0,0.33030000122380443,0.5004999984521419,1161
loo,nn_greedy,16,5,0.0,4.530014910202495,6.068505877687257,16.99421043907614,35.522904062229905,53.06828003457217,96.53979238754326,0.04160000025876798,0.048619999142829336,1157
loo,nn_window,16,5,0.0,9.799989261311826,9.807954178860953,17.918256758028594,6.65514261019879,21.9533275713051,100.0,0.06100000246078707,0.07311999943340197,1157
loo,dtw_online,15,10,0.0,7.8067018325192254,7.979718482854327,21.212590250795635,28.53185595567867,45.98337950138504,98.98336414048059,31.10720000040601,33.729589998256415,1083
loo,hmm_forward,16,5,0.0,1.975020790819062,3.2085219699037735,10.037721560219019,50.302506482281764,80.03457216940363,97.40484429065745,0.21810000180266798,0.28920000040670857,1157
loo,particle,16,5,0.0,1.466905596724539,1.6370594338250406,3.3303058737398183,64.73638720829732,100.0,100.0,0.32450000071548857,0.4646400004276075,1157
loo,nn_greedy,16,6,0.0,6.954997398833498,7.026687307563301,16.63101703646347,26.617526617526615,44.47174447174447,96.39344262295081,0.04180000178166665,0.048800000513438135,1221
loo,nn_window,16,6,0.0,10.247264650224775,10.403119933334986,18.63350089072841,1.638001638001638,9.90990990990991,100.0,0.05950000195298344,0.07059999916236848,1221
loo,dtw_online,15,9,0.0,1.5940738469877216,2.2223548259236074,7.693498127531373,65.80357142857143,92.05357142857142,99.46380697050938,31.437500001629815,41.655849998460326,1120
loo,hmm_forward,16,6,0.0,2.961265095179537,4.773849480908472,14.862236782429912,36.03603603603604,71.007371007371,95.32786885245902,0.21999999808031134,0.27129999944008887,1221
loo,particle,16,6,0.0,2.1090977241264026,3.064309423953351,12.208443254593988,45.78214578214578,87.3054873054873,98.0327868852459,0.3226999979233369,0.5089000005682465,1221
loo,nn_greedy,16,7,0.0,3.1223623209000086,5.491357598804606,13.8486205803154,32.244196044711956,58.039552880481516,96.90189328743546,0.041700001020217314,0.052900002265232615,1163
loo,nn_window,16,7,0.0,10.338287814804437,13.302196953376862,22.450098180043533,3.4393809114359417,5.2450558899398105,100.0,0.059300000430084765,0.07047999824862924,1163
loo,dtw_online,15,11,0.0,13.603539845735613,11.840679724731709,23.984165674690196,11.474036850921273,19.765494137353436,98.23973176865046,31.152400000792113,32.27467999859073,1194
loo,hmm_forward,16,7,0.0,1.753572446642817,2.573414391410158,8.405983474279289,55.37403267411866,88.3061049011178,96.12736660929431,0.21859999833395705,0.25616000129957667,1163
loo,particle,16,7,0.0,1.3459104318545014,1.505933280375896,2.978415099331934,69.81943250214961,100.0,100.0,0.32250000003841706,0.3835399995296029,1163
loo,nn_greedy,16,8,0.0,3.863532001125515,5.6318137404419835,16.55579235832374,31.511528608027326,56.44748078565329,96.4957264957265,0.041700001020217314,0.05415000123321079,1171
loo,nn_window,16,8,0.0,9.287386906636756,9.285119528576603,20.04139094608479,20.32450896669513,23.3134073441503,100.0,0.05929999679210596,0.07380000170087442,1171
loo,dtw_online,15,12,0.0,6.551655926376465,8.362385384738312,25.87138952529414,28.32579185520362,46.69683257918552,98.0072463768116,31.344899998657638,32.95933999979752,1105
loo,hmm_forward,16,8,0.0,2.094096285797231,3.818624319864757,12.40604786976601,48.93253629376601,70.96498719043552,94.18803418803418,0.21710000146413222,0.25300000015704427,1171
loo,particle,16,8,0.0,1.7061295106395296,1.9023673773267162,3.9017780145152976,64.21861656703672,99.1460290350128,100.0,0.32250000003841706,0.38874999881954864,1171
loo,nn_greedy,16,9,0.0,3.9250159120311556,5.841035685895729,15.65307355846058,34.19642857142857,54.55357142857142,95.79982126899017,0.04130000161239877,0.04941000133840134,1120
loo,nn_window,16,9,0.0,9.95317954397954,10.453296572013294,17.46246257873588,0.35714285714285715,7.142857142857142,100.0,0.058900001022266224,0.06769999909010949,1120
loo,dtw_online,15,13,0.0,10.951541388777667,11.31238867463448,21.7627810628922,5.990016638935108,15.72379367720466,99.41715237302247,31.183100001726416,32.60350999862567,1202
loo,hmm_forward,16,9,0.0,1.4792526997040327,3.172508439615657,12.480268246970835,62.142857142857146,80.17857142857143,95.53172475424486,0.21580000247922726,0.24312499954248776,1120
loo,particle,16,9,0.0,1.8230799082430542,2.227108678619139,5.040109493452837,54.107142857142854,94.64285714285714,100.0,0.32250000003841706,0.38862500132381683,1120
loo,nn_greedy,16,10,0.0,4.642180555134483,6.225673108285362,16.43367640373152,31.948291782086795,51.43120960295475,96.5804066543438,0.041200000850949436,0.04650000082619954,1083
loo,nn_window,16,10,0.0,10.813312940740813,13.375083688957648,22.765538676165388,1.0156971375807942,6.278855032317636,100.0,0.058900001022266224,0.070490001962753,1083
loo,dtw_online,15,14,0.0,10.012651433953447,9.863161204834045,19.375336943565394,10.561056105610561,27.887788778877887,98.76135425268373,30.1652500002092,37.995810001120844,1212
loo,hmm_forward,16,10,0.0,1.4622191105094162,3.5712309806840685,12.745714329225594,65.28162511542013,75.34626038781164,95.37892791127541,0.21850000121048652,0.29540000105043873,1083
loo,particle,16,10,0.0,1.767841517225217,1.8817079693768213,3.4896589070521093,59.556786703601105,99.35364727608494,100.0,0.3232000017305836,0.4231499991874443,1083
loo,nn_greedy,16,11,0.0,4.8772831158591625,5.7670573113105705,16.669899642587847,29.564489112227804,51.675041876046905,96.22799664710813,0.04180000178166665,0.05609999789157882,1194
loo,nn_window,16,11,0.0,10.784210405453187,11.533835876600444,18.75498570048599,0.0,0.0,100.0,0.05950000195298344,0.07270000060088933,1194
loo,dtw_online,15,16,0.0,1.8167528329600477,2.2756083676417487,6.804465272774779,55.846422338568935,91.8848167539267,99.3886462882096,30.67015000124229,41.560075002053054,1146
loo,dtw_online,15,18,0.0,8.946517895043927,8.899448040602985,18.50122080038344,20.428189116859947,34.34433541480821,99.28571428571429,31.088399999134708,33.27250000074855,1121
loo,hmm_forward,16,11,0.0,2.4966006122635687,4.0768098509760256,12.403051505693032,43.551088777219434,69.84924623115577,93.71332774518022,0.21800000104121864,0.26409000129206095,1194
loo,nn_greedy,16,12,0.0,2.8707141481217033,5.470968699656614,16.85501595132088,40.09049773755656,54.84162895927602,97.19202898550725,0.04169999738223851,0.05263999773887916,1105
loo,nn_window,16,12,0.0,10.247669584409385,12.93271654469946,22.495957725145868,3.167420814479638,8.416289592760181,100.0,0.05950000195298344,0.0682799996866379,1105
loo,particle,16,11,0.0,1.9540545829178404,2.5106617065907266,6.264799257785117,51.005025125628144,86.18090452261306,100.0,0.32529999953112565,0.4198499987978718,1194
loo,hmm_forward,16,12,0.0,1.1597741850496386,2.1484306392721844,8.017521448919194,73.7556561085973,91.22171945701358,98.36956521739131,0.21999999808031134,0.2597000013338402,1105
loo,dtw_online,15,20,0.0,1.7565183601360688,2.5884832952450862,8.312442305861486,57.182320441988956,89.31860036832413,99.07834101382488,29.99959999942803,31.735675001073105,1086
loo,particle,16,12,0.0,0.995125675731391,1.2171226335434366,2.4074662068414256,87.42081447963801,100.0,100.0,0.32479999936185777,0.5249400004686322,1105
loo,nn_greedy,16,13,0.0,4.499582218753204,5.963346224355664,15.961770502729612,31.03161397670549,52.079866888519135,96.75270607826812,0.04190000254311599,0.052999999752501026,1202
loo,nn_window,16,13,0.0,3.9627677932125263,5.1481476331501685,15.052724781253717,25.291181364392678,64.22628951747087,100.0,0.059699999837903306,0.07389499896817142,1202
loo,hmm_forward,16,13,0.0,4.664087455829474,5.1790255935604055,14.336575480397919,35.77371048252912,53.74376039933444,96.50291423813488,0.21910000214120373,0.24609500032966025,1202
loo,particle,16,13,0.0,2.4373912261198214,3.852912762459043,12.295487374201207,40.01663893510815,75.62396006655574,99.0008326394671,0.32250000003841706,0.4865700004302201,1202
loo,nn_greedy,16,14,0.0,6.603560651631451,6.360843057187216,17.13979137953166,33.82838283828383,47.35973597359736,96.44921552436003,0.04180000178166665,0.048534998495597406,1212
loo,nn_window,16,14,0.0,10.039458162696732,9.822554329781884,18.9246839196279,4.9504950495049505,24.33993399339934,100.0,0.05950000195298344,0.06924499975866638,1212
loo,dtw_online,15,17,0.0,5.906708430834792,7.486493124792439,21.810555198660353,31.955211024978468,47.459086993970715,99.22413793103448,31.519799998932285,43.70610000114539,1161
loo,hmm_forward,16,14,0.0,1.4341402686556548,3.9421883150061947,15.89332608737132,59.65346534653465,71.86468646864687,95.70602807597027,0.2174500004912261,0.2629150005304838,1212
loo,particle,16,14,0.0,1.85668875212064,2.0342413730520965,4.6738164322227504,53.71287128712871,96.94719471947195,99.00908340214698,0.3240000005462207,0.47088499959500185,1212
loo,nn_greedy,16,15,0.0,4.4755950205369075,6.340401038098949,17.460221534924855,31.120689655172413,51.12068965517241,96.54874892148403,0.04169999920122791,0.059425001199997475,1160
loo,nn_window,16,15,0.0,10.347355726827175,13.333144921303875,22.567156630912002,3.103448275862069,6.293103448275862,100.0,0.0594000011915341,0.0713050008926075,1160
loo,dtw_online,16,1,0.0,8.1987864084095,8.825159316954768,18.256690046989494,10.197086546700943,31.70522707797772,99.05660377358491,30.447499997535488,38.45219999748224,1167
loo,hmm_forward,16,15,0.0,1.6704181209486675,3.6546101541604066,10.505804739282,55.172413793103445,72.93103448275862,97.23899913718724,0.2184999993914971,0.27209000090806507,1160
loo,particle,16,15,0.0,1.6945775293834442,1.9259139717946234,4.5389070330916885,65.51724137931035,97.1551724137931,100.0,0.3257000007579336,0.4162600005656713,1160
loo,nn_greedy,16,17,0.0,2.6665935575891835,5.516078808459624,18.0952239850002,40.9130060292851,56.761412575366066,96.63793103448276,0.04160000025876798,0.04890000127488747,1161
loo,nn_window,16,17,0.0,10.762644409078678,13.043620198136841,22.23202280835743,4.995693367786391,9.30232558139535,100.0,0.059300000430084765,0.06909999865456484,1161
loo,dtw_online,16,4,0.0,1.0934440717417326,1.458552863095614,4.154084029976393,81.05081826012058,98.10508182601207,99.74137931034483,29.836300000170013,32.77009999874281,1161
loo,hmm_forward,16,17,0.0,1.5006253544133643,3.4300368488312576,11.444685493829228,58.484065460809646,73.9879414298019,95.60344827586206,0.21629999901051633,0.2610000010463409,1161
loo,dtw_online,16,3,0.0,7.616253470033796,7.518304655620835,16.36071186763152,26.606997558991054,39.300244100895036,98.61563517915309,30.573100000765407,32.18692000154988,1229
loo,nn_greedy,16,18,0.0,2.147648252943701,5.178508809367359,14.79014347170766,48.706512042818915,58.697591436217664,97.05357142857143,0.04199999966658652,0.04769999941345304,1121
loo,nn_window,16,18,0.0,10.905134675006636,11.359809244335722,17.822472503483272,0.0,0.535236396074933,100.0,0.05999999848427251,0.07389999882434495,1121
loo,particle,16,17,0.0,1.2525964644576417,1.5848096200107356,3.838050871959069,72.00689061154178,98.88027562446166,99.3103448275862,0.3218000019842293,0.3882000019075349,1161
loo,dtw_online,15,19,0.0,6.2275477190540425,8.638853728369421,17.953207279565447,8.682634730538922,30.464071856287422,98.95131086142322,31.559450000713696,42.82757499822765,1336
loo,hmm_forward,16,18,0.0,1.120215421631732,2.064455069603808,9.111686142108457,76.62801070472793,89.20606601248885,97.5,0.21669999841833487,0.2587000017229002,1121
loo,nn_greedy,16,19,0.0,2.2043163815578204,4.184860174730786,11.4786159085342,47.529940119760475,66.91616766467065,97.97752808988764,0.041700001020217314,0.053900000239082146,1336
loo,nn_window,16,19,0.0,7.991879955147032,8.889614499916235,17.24895403572746,1.4970059880239521,33.38323353293413,100.0,0.0594000011915341,0.07859999914217042,1336
loo,dtw_online,16,2,0.0,1.3682611684355606,1.9665680786195046,5.587828275928729,70.13536379018612,91.6243654822335,99.66130397967824,31.196849999105325,43.34282000072563,1182
loo,particle,16,18,0.0,1.1760068352101785,1.2541141688907034,2.3924065386637965,87.86797502230151,100.0,100.0,0.3246000014769379,0.4253999977663625,1121
loo,hmm_forward,16,19,0.0,1.997419882487495,3.407932120539325,9.987311731363649,50.0,79.86526946107784,96.47940074906367,0.22170000011101365,0.2501500011931057,1336
loo,nn_greedy,16,20,0.0,4.58189147788223,6.073919464025949,18.147078449085747,34.16206261510129,52.48618784530387,96.49769585253456,0.04199999966658652,0.04980000085197389,1086
loo,nn_window,16,20,0.0,10.930257173362495,10.757059226201047,18.6985705345404,0.0,10.036832412523019,100.0,0.06009999924572185,0.07657500100322068,1086
loo,particle,16,19,0.0,1.6719501696429004,1.7682224082622675,3.865226512742926,65.11976047904191,98.42814371257485,99.7003745318352,0.32900000223889947,0.5143250009496114,1336
loo,hmm_forward,16,20,0.0,2.030239465364548,4.540221038298818,16.947360556381344,49.171270718232044,69.9815837937385,98.06451612903226,0.21950000154902227,0.24312499954248779,1086
loo,particle,16,20,0.0,2.087894638298595,2.5238691395812536,6.539354696453394,47.42173112338858,89.77900552486187,100.0,0.3212000010535121,0.35297500016895356,1086
loo,nn_greedy,17,1,0.0,3.3622359419787684,5.161897747807884,14.6241574240385,37.53213367609254,53.98457583547558,96.39794168096056,0.04190000254311599,0.05406999807746616,1167
loo,nn_window,17,1,0.0,10.594216403665419,9.54169883036315,18.492160263836894,4.7986289631533845,30.848329048843187,100.0,0.059699999837903306,0.07501000000047499,1167
loo,dtw_online,16,5,0.0,7.8881119129215636,8.82562834344796,17.92137700616988,11.063094209161624,25.324114088159032,98.96193771626297,32.03170000051614,43.79851999983657,1157
loo,dtw_online,16,6,0.0,9.441207637415827,9.638020121524207,23.710040763835767,12.776412776412776,34.479934479934485,98.44262295081967,30.684299999848008,33.66499999901862,1221
loo,hmm_forward,17,1,0.0,1.256075037217594,2.745985837460999,10.498964055397582,61.86803770351328,81.66238217652099,97.25557461406518,0.2268999996886123,0.2899999981309521,1167
loo,nn_greedy,17,2,0.0,2.1935525205621684,4.529077217448726,14.351680014681735,47.2927241962775,62.2673434856176,96.18966977138018,0.042100000428035855,0.05329499836079777,1182
loo,nn_window,17,2,0.0,10.253700815119995,9.642638379557312,19.241618138150756,4.737732656514383,28.426395939086298,100.0,0.06120000034570694,0.07147499891289047,1182
loo,particle,17,1,0.0,1.1014210636060713,1.6469181504262045,4.573600118785243,70.00856898029134,96.82947729220223,100.0,0.325099998008227,0.39041999880282685,1167
loo,hmm_forward,17,2,0.0,1.0095007016392499,1.7886451454001686,7.315087210458399,77.32656514382403,91.0321489001692,97.7138018628281,0.21869999909540638,0.2693749995160033,1182
loo,particle,17,2,0.0,1.2955097955471138,1.571041087308523,3.845127226418943,75.97292724196278,99.57698815566836,100.0,0.3240000005462207,0.3904000004695263,1182
loo,nn_greedy,17,3,0.0,2.7085703948382793,5.225951109105882,17.685045921460194,46.948738812042315,59.07241659886087,95.68403908794788,0.04199999966658652,0.05564000166486945,1229
loo,nn_window,17,3,0.0,11.242294084420461,10.997916225662882,18.04995617748596,2.9292107404393817,12.286411716842961,100.0,0.0594000011915341,0.07316000046557745,1229
loo,dtw_online,16,7,0.0,8.785715010235117,8.738303244944072,18.20145688939015,14.445399828030956,31.986242476354253,98.45094664371773,30.45840000049793,39.70153999798638,1163
loo,hmm_forward,17,3,0.0,1.5546875969493894,3.1713973075357877,10.33534209557027,63.22213181448332,82.42473555736372,97.06840390879479,0.2190000013797544,0.26063999903271895,1229
loo,particle,17,3,0.0,1.4361351248538594,1.8536988828165122,3.912996095727321,61.26932465419039,100.0,100.0,0.32619999910821207,0.5360999995900783,1229
loo,nn_greedy,17,4,0.0,2.4705878104494965,4.4381105020695335,13.564740008326366,46.770025839793284,65.89147286821705,96.29310344827586,0.041799998143687844,0.05360000068321824,1161
loo,nn_window,17,4,0.0,10.535732685236198,12.013192608221416,19.948095295432847,0.7751937984496124,3.7037037037037033,100.0,0.05949999831500463,0.06930000017746352,1161
loo,dtw_online,16,8,0.0,4.201991682062681,6.07241368952998,14.742194929053802,36.89154568744662,53.3731853116994,97.86324786324786,30.595599997468526,32.205949999479344,1171
loo,hmm_forward,17,4,0.0,1.126676536621424,1.9755368434786793,6.350793962311665,69.50904392764858,92.50645994832041,98.87931034482759,0.2187000027333852,0.25380000079167075,1161
loo,particle,17,4,0.0,1.3538214522790875,1.645000260507754,3.4698145294990668,74.76313522825151,98.96640826873386,100.0,0.3228999994462356,0.3871000008075498,1161
loo,nn_greedy,17,5,0.0,2.3910041204133883,5.119502134327266,15.095934170414074,45.375972342264475,59.80985306828004,96.79930795847751,0.04160000025876798,0.048920000699581585,1157
loo,nn_window,17,5,0.0,10.156939950231044,10.640207019539247,23.146716175430786,9.33448573898012,24.28694900605013,100.0,0.05949999831500463,0.06942000036360696,1157
loo,dtw_online,16,9,0.0,8.0395184305615,8.884883651072931,17.81549024969223,8.035714285714286,31.339285714285715,98.92761394101876,30.967249998866464,35.348059998432284,1120
loo,hmm_forward,17,5,0.0,1.4214953667505286,3.6725131146743077,17.578324553208386,63.353500432152124,78.21953327571305,94.8961937716263,0.2167999991797842,0.2620399980514776,1157
loo,particle,17,5,0.0,1.5314586975939513,1.9122383240570122,4.247782282068613,62.14347450302506,99.13569576490924,100.0,0.32219999775406905,0.41797999801929114,1157
loo,nn_greedy,17,6,0.0,4.481567675630274,6.2879138007152156,15.978417559627616,33.824733824733826,52.825552825552826,95.49180327868852,0.041700001020217314,0.0486999997519888,1221
loo,nn_window,17,6,0.0,11.360998540555563,12.565882694412727,21.55118334984984,2.457002457002457,5.487305487305488,100.0,0.05949999831500463,0.07139999797800556,1221
loo,dtw_online,16,10,0.0,8.045087983856265,7.758460067948128,17.365352923508983,27.977839335180054,40.99722991689751,97.78188539741221,31.12949999922421,35.3002900006686,1083
loo,hmm_forward,17,6,0.0,2.317726233272759,4.519198402469387,13.3150669887822,46.68304668304668,69.2055692055692,96.06557377049181,0.21689999994123355,0.2827000025718007,1221
loo,particle,17,6,0.0,1.8675939873535388,2.174913014815012,4.501010541773276,54.463554463554466,97.54299754299754,100.0,0.32359999750042334,0.45000000318395905,1221
loo,nn_greedy,17,7,0.0,3.705515533073181,5.550163233346248,15.120995891103302,36.71539122957868,52.450558899398104,95.9552495697074,0.04160000025876798,0.04830000034417026,1163
loo,nn_window,17,7,0.0,10.556668725254944,11.892998803940483,19.674837021945656,1.117798796216681,8.684436801375753,100.0,0.05919999966863543,0.06698999750369693,1163
loo,dtw_online,16,11,0.0,8.064008616708684,8.97591325978937,16.2040361941507,8.375209380234507,23.785594639865998,98.65884325230512,29.84545000072103,38.87901499856525,1194
loo,hmm_forward,17,7,0.0,1.5439069786610666,2.934037431685363,9.612927450669092,59.75924333619949,80.05159071367154,97.41824440619621,0.21719999858760275,0.26967999983753516,1163
loo,particle,17,7,0.0,1.6333320844264576,1.8960262659173148,4.598513876241607,63.11263972484953,98.45227858985382,100.0,0.32310000096913427,0.41340000061609317,1163
loo,nn_greedy,17,8,0.0,5.079937154391591,5.992201756375692,16.259245414230463,32.96327924850555,49.70111016225449,96.23931623931624,0.04189999890513718,0.05554999916057568,1171
loo,nn_window,17,8,0.0,10.474293680582313,10.87014156658379,18.3258919785216,8.02732707087959,12.040990606319385,100.0,0.05950000195298344,0.06829999983892776,1171
loo,dtw_online,16,12,0.0,9.41143043744292,8.072226635635046,20.837030270369958,30.13574660633484,42.35294117647059,97.82608695652173,30.393000000913162,42.33376000047428,1105
loo,hmm_forward,17,8,0.0,1.5081763092364229,3.076452818014946,9.443563902336876,58.07002561912895,74.21007685738685,95.98290598290599,0.21669999841833487,0.2314000012120232,1171
loo,dtw_online,16,13,0.0,5.853173047010522,6.59670409130465,14.770907229919615,30.86522462562396,47.25457570715474,98.0849292256453,29.67700000044715,31.063689998336486,1202
loo,particle,17,8,0.0,1.5104381460679495,1.9688024243759488,5.031828064819642,69.0862510674637,94.87617421007685,100.0,0.3225999971618876,0.346200000421959,1171
loo,nn_greedy,17,9,0.0,2.0416804401897934,4.700175463236277,15.127600290372463,49.55357142857143,61.517857142857146,96.33601429848079,0.04189999890513718,0.0562999994144775,1120
loo,nn_window,17,9,0.0,10.694365209393197,11.424642076339252,18.148802418967964,0.0,0.0,100.0,0.0594000011915341,0.06690000009257346,1120
loo,hmm_forward,17,9,0.0,1.205954797745511,2.260099642726163,7.5677815121114715,72.85714285714285,87.58928571428571,98.03395889186774,0.21639999977196567,0.23472000084439057,1120
loo,particle,17,9,0.0,1.4913505111707344,1.7124581733897233,4.236997749616672,70.98214285714286,97.67857142857143,100.0,0.3221000006305985,0.35083000075246673,1120
loo,nn_greedy,17,10,0.0,4.683170806977931,5.552879433062209,14.878331400470094,34.62603878116344,51.52354570637119,96.02587800369686,0.041799998143687844,0.04766999954881608,1083
loo,nn_window,17,10,0.0,7.483260257905794,8.484091127864719,23.434411241788553,24.469067405355492,33.05632502308403,100.0,0.059699999837903306,0.06760000142094214,1083
loo,dtw_online,16,14,0.0,8.215749750841006,9.141477852017903,19.350410337954536,12.623762376237623,28.960396039603957,98.5962014863749,30.541249998350395,31.929205000596994,1212
loo,hmm_forward,17,10,0.0,1.5628724928283548,3.4471265490656937,11.018273197174803,55.309325946445064,70.17543859649122,97.13493530499076,0.22049999824957922,0.2855900002032284,1083
loo,particle,17,10,0.0,1.4103892750917508,1.821048343081169,5.199762149646723,65.37396121883657,94.45983379501385,100.0,0.32439999995403923,0.48367000017606143,1083
loo,nn_greedy,17,11,0.0,5.106169847385144,6.257065983835594,15.483063168282627,22.278056951423785,48.65996649916248,95.38977367979882,0.04199999966658652,0.054509999063156955,1194
loo,nn_window,17,11,0.0,8.120215340808272,9.433024914282134,19.067105980053373,1.507537688442211,24.87437185929648,100.0,0.059699999837903306,0.07343499892158432,1194
loo,dtw_online,16,15,0.0,1.9912076425123555,3.2270541917677638,11.215752442398339,50.43103448275862,82.1551724137931,99.30974978429681,32.39614999984042,44.66223000017634,1160
loo,hmm_forward,17,11,0.0,4.0123227045141165,5.205587347179289,14.27404306956906,29.229480737018427,60.46901172529313,94.38390611902766,0.21639999977196567,0.2612500013128735,1194
loo,particle,17,11,0.0,2.2700064766430748,2.650716884824371,5.735788376495223,46.6499162479062,90.03350083752095,100.0,0.32310000096913427,0.4962750013874028,1194
loo,nn_greedy,17,12,0.0,2.337864993035296,4.936303360418939,15.190342688438362,45.61085972850679,61.71945701357466,96.01449275362319,0.04199999966658652,0.050159997044829645,1105
loo,nn_window,17,12,0.0,10.164036771119026,9.187723098661367,17.71455951553722,4.705882352941177,31.76470588235294,100.0,0.05950000195298344,0.06984000065131112,1105
loo,dtw_online,16,18,0.0,1.0871312719012463,1.8541995300237177,5.681069784960782,73.86262265834077,94.02319357716324,99.64285714285714,30.69099999993341,32.52570000040578,1121
loo,hmm_forward,17,12,0.0,1.0824870310833772,2.0132158988558673,7.876881521239659,74.11764705882354,88.95927601809954,97.91666666666666,0.21740000011050142,0.2556199979153461,1105
loo,particle,17,12,0.0,1.1591413112888922,1.389137811259979,2.989111042468411,75.92760180995475,100.0,100.0,0.3218000019842293,0.37653999970643776,1105
loo,nn_greedy,17,13,0.0,4.840544482030805,5.848957531243451,14.514578478982749,32.61231281198003,51.49750415973378,95.67027477102414,0.04180000178166665,0.04969499677827117,1202
loo,nn_window,17,13,0.0,6.851372384142799,8.104074711507337,15.627941876031826,5.241264559068219,35.94009983361065,100.0,0.05959999907645397,0.07089499795256415,1202
loo,dtw_online,16,20,0.0,7.721845382743452,7.479095853622415,22.255001069872645,30.755064456721914,40.97605893186004,98.80184331797236,30.530000001817825,38.49454999817681,1086
loo,hmm_forward,17,13,0.0,4.843260284860584,5.485288603327122,13.526515730496536,26.37271214642263,52.412645590682196,95.8368026644463,0.22030000036465935,0.2821549995132956,1202
loo,dtw_online,16,17,0.0,5.201086417251384,7.198730292990699,18.086403496210085,30.921619293712315,49.26787252368648,98.36206896551725,30.985800000053132,41.40130000087083,1161
loo,nn_greedy,17,14,0.0,2.844601605694746,5.743675436008043,17.656722036978696,43.06930693069307,54.042904290429036,94.38480594549958,0.04285000068193767,0.05190000229049474,1212
loo,nn_window,17,14,0.0,10.652951954619411,12.504196524280662,21.80878784515878,0.825082508250825,2.0627062706270625,100.0,0.06489999941550195,0.07514499902754324,1212
loo,particle,17,13,0.0,1.839390517843999,2.8430395348821187,7.516277757166958,51.9134775374376,80.0332778702163,99.16736053288926,0.3303500016045291,0.5345450013919619,1202
loo,hmm_forward,17,14,0.0,1.458801621043143,3.4121537605845877,13.3030187780074,64.60396039603961,80.19801980198021,97.44013212221306,0.21904999994148966,0.249434998659126,1212
loo,particle,17,14,0.0,1.5900793233267227,1.8626077890506578,3.9828984868444457,62.87128712871287,98.67986798679867,98.76135425268373,0.3219999998691492,0.4103149996808498,1212
loo,nn_greedy,17,15,0.0,3.3106468595749905,5.658600789298831,14.548030496637336,35.08620689655172,54.48275862068965,96.03106125970665,0.04350000017439015,0.049715000022843,1160
loo,nn_window,17,15,0.0,11.168461384497146,12.36065488080413,20.32678223945999,1.4655172413793103,5.344827586206897,100.0,0.06159999975352548,0.08109999926091405,1160
loo,dtw_online,17,1,0.0,12.589019747595392,13.592720125018621,25.101057104259155,17.39502999143102,24.93573264781491,99.48542024013722,31.031500002427492,37.548670000614955,1167
loo,hmm_forward,17,15,0.0,1.6747219929671193,3.5462082607426555,10.670574031307664,57.758620689655174,73.10344827586206,95.94477998274374,0.2206999997724779,0.26643000201147515,1160
loo,particle,17,15,0.0,1.215872681776782,1.7359137984336264,4.07769944500549,69.74137931034483,96.98275862068965,100.0,0.323799999023322,0.5248350007605039,1160
loo,nn_greedy,17,16,0.0,2.2588483503669283,4.80093701377088,14.173957617997266,47.38219895287958,63.61256544502618,95.80786026200873,0.04230000195093453,0.049700000090524554,1146
loo,nn_window,17,16,0.0,7.691731372116319,9.128211902606061,24.08674719222486,15.532286212914483,26.96335078534031,100.0,0.059699999837903306,0.07185000140452757,1146
loo,dtw_online,16,19,0.0,9.031949324959122,7.58001257124071,17.118312779320732,29.191616766467064,39.52095808383233,98.42696629213484,29.892350001318846,32.335099998817896,1336
loo,hmm_forward,17,16,0.0,1.3983230418885915,2.6590360362355283,7.826638453424556,62.30366492146597,83.59511343804537,95.54585152838429,0.21585000104096252,0.257949999650009,1146
loo,particle,17,16,0.0,1.2017583126100237,1.4696640788007986,3.2504615541418342,73.29842931937172,99.65095986038395,100.0,0.3219999998691492,0.44667499969364144,1146
loo,nn_greedy,17,18,0.0,2.2865114144021885,4.785767002395087,14.831842096962184,47.1900089206066,62.176628010704725,96.42857142857143,0.04169999738223851,0.05249999958323315,1121
loo,nn_window,17,18,0.0,9.170962217267393,9.003306199408328,15.0348804761272,12.221231043710972,18.01962533452275,100.0,0.05950000195298344,0.07720000212430023,1121
loo,dtw_online,17,3,0.0,9.474629431902105,10.520784026191878,25.847060407506838,20.82994304312449,29.12937347436941,98.7785016286645,31.11640000133775,32.695559998683166,1229
loo,hmm_forward,17,18,0.0,1.5167079952104083,2.9731254653078594,10.268441442704292,61.462979482604815,79.92863514719001,97.5,0.21349999951780774,0.2310999989276752,1121
loo,dtw_online,17,2,0.0,6.4899887626448525,7.446748585577399,15.207271397317138,16.49746192893401,39.25549915397631,98.81456392887384,31.627899999875808,42.93887000094402,1182
loo,particle,17,18,0.0,1.2536117077430355,1.3906474601241996,2.8696502149923555,72.97056199821587,99.1971454058876,100.0,0.31680000029155053,0.3487999965727795,1121
loo,nn_greedy,17,19,0.0,3.58785275738467,5.4749766461656195,14.730850787781005,33.15868263473054,56.96107784431138,95.80524344569288,0.041700001020217314,0.048000001697801054,1336
loo,nn_window,17,19,0.0,5.827395049875124,8.185939568531131,17.45662604562911,2.5449101796407185,43.33832335329341,100.0,0.051300001359777525,0.06977500015636906,1336
loo,hmm_forward,17,19,0.0,1.6192573948015043,3.2506001364224084,10.82186827068356,57.55988023952096,75.89820359281437,97.22846441947566,0.21410000044852495,0.23970000074768905,1336
loo,particle,17,19,0.0,1.9952121081733725,2.227810124328799,5.7763381158727185,50.52395209580839,91.91616766467065,99.47565543071161,0.3180999992764555,0.3462249978838372,1336
loo,nn_greedy,17,20,0.0,4.277937753238261,5.715333471703709,17.766948351560643,34.898710865561696,53.591160220994475,96.40552995391704,0.04135000017413404,0.06579999990208307,1086
loo,nn_window,17,20,0.0,2.1798304696036097,4.611927751873817,11.477561918517804,47.23756906077348,64.1804788213628,100.0,0.05919999966863543,0.06600000051548705,1086
loo,dtw_online,17,4,0.0,5.7270552296966555,11.22179853691336,25.804937990080557,16.709732988802756,43.927648578811365,98.87931034482759,31.595000000379514,42.62159999780124,1161
loo,hmm_forward,17,20,0.0,2.7654593056263113,5.04024139859831,22.702915994688624,40.423572744014734,63.90423572744015,96.58986175115207,0.21910000214120373,0.25452499994571554,1086
loo,dtw_online,17,5,0.0,12.77562031571515,12.59884391761241,25.670282777490552,5.790838375108038,10.112359550561797,97.57785467128028,31.121199997869553,32.51975999955903,1157
loo,particle,17,20,0.0,1.8149361505478163,2.733388641012132,7.986111492161854,53.591160220994475,86.27992633517495,99.07834101382488,0.3209000024071429,0.41729999975359533,1086
loo,nn_greedy,18,1,0.0,2.64907884118558,5.052988953495454,13.69846146885989,43.18766066838046,59.21165381319623,96.22641509433963,0.04119999721297063,0.05029999738326296,1167
loo,nn_window,18,1,0.0,11.105244841106709,12.126838114698227,19.485650190834217,0.8568980291345331,4.1988003427592115,100.0,0.05900000178371556,0.07225000081234614,1167
loo,hmm_forward,18,1,0.0,1.2328904387653463,2.611266818233583,10.448683324613063,67.43787489288775,86.54670094258783,95.79759862778731,0.21879999985685572,0.25040000036824495,1167
loo,particle,18,1,0.0,1.7328469590148343,1.9574961643278157,3.8143950138368687,60.582690659811476,98.97172236503856,100.0,0.3255000010540243,0.4252999991877005,1167
loo,nn_greedy,18,2,0.0,2.800310219207714,4.943162382144992,15.37065657575057,37.98646362098139,64.21319796954315,96.10499576629975,0.0413999987358693,0.05669999882229604,1182
loo,nn_window,18,2,0.0,11.864579840270057,12.318684444822873,19.924834973051414,4.568527918781726,6.345177664974619,100.0,0.05909999890718609,0.07649000035598875,1182
loo,dtw_online,17,6,0.0,7.2420997734845205,7.882717442709774,16.10567957657761,13.267813267813267,30.057330057330056,98.60655737704917,31.34900000077323,40.51709999839659,1221
loo,hmm_forward,18,2,0.0,1.1494142019104112,2.074171616569677,8.562322083563712,65.98984771573603,90.69373942470389,95.34292972057578,0.21659999765688553,0.2647449973665062,1182
loo,dtw_online,17,7,0.0,9.925289226669596,9.313399063431884,15.163015580850612,7.05073086844368,16.938950988822015,98.79518072289156,31.297000001359265,40.850670000145264,1163
loo,nn_greedy,18,3,0.0,3.0338961149859074,5.665246101252123,16.267386076435667,39.78844589096827,54.759967453213996,96.82410423452768,0.04149999949731864,0.05250000176602043,1229
loo,nn_window,18,3,0.0,12.22119997448317,11.977583203948468,17.467243961110462,1.1391375101708707,3.9056143205858422,100.0,0.05919999966863543,0.06555999862030147,1229
loo,particle,18,2,0.0,1.5574027778280757,1.560251717781235,3.247577582865318,77.49576988155668,100.0,100.0,0.322750000123051,0.3963749988542986,1182
loo,hmm_forward,18,3,0.0,1.3904877869508798,3.953943502039648,16.388670935452396,61.10659072416599,77.54271765663141,97.06840390879479,0.21719999858760275,0.26295999996364117,1229
loo,particle,18,3,0.0,1.422957341309886,1.7245454490947545,3.6679989766809062,69.97558991049634,100.0,100.0,0.32270000156131573,0.3833800008578691,1229
loo,nn_greedy,18,4,0.0,1.48359672220157,3.361452322545586,12.918335404765005,58.22566752799311,78.1223083548665,97.58620689655172,0.0411000000895001,0.04930000068270601,1161
loo,nn_window,18,4,0.0,11.626911297326142,11.771774084404317,18.74921717433775,2.756244616709733,6.890611541774333,100.0,0.058900001022266224,0.07490000280085951,1161
loo,dtw_online,17,8,0.0,9.078089768796778,8.096182353424709,14.134036937291278,16.310845431255338,20.836891545687447,98.63247863247864,30.310000001918525,40.56710000077146,1171
loo,hmm_forward,18,4,0.0,1.0543706283265797,1.6450736110485422,5.0060693353866785,76.916451335056,94.91817398794143,99.22413793103448,0.21659999765688553,0.2506000018911436,1161
loo,particle,18,4,0.0,1.4985032680545116,1.7204579733085712,4.299067772228452,68.13092161929372,98.2773471145564,100.0,0.3223999992769677,0.43309999819030054,1161
loo,nn_greedy,18,5,0.0,2.840856467324598,5.329511444381948,16.92219946159883,40.017286084701816,62.48919619706137,96.36678200692042,0.041299997974419966,0.048800000513438135,1157
loo,nn_window,18,5,0.0,11.575177760468943,11.823889243543096,17.43474993686693,0.0,2.8522039757994815,100.0,0.05880000026081689,0.06639999992330559,1157
loo,dtw_online,17,9,0.0,8.618735543492836,8.944994415635144,24.709257920100164,33.035714285714285,45.357142857142854,98.30205540661304,30.352850000781473,41.0854650006513,1120
loo,hmm_forward,18,5,0.0,1.2971909231993073,3.721483850093707,18.61239978576786,66.46499567847883,80.89887640449437,98.26989619377161,0.21660000129486434,0.2865800001018216,1157
loo,particle,18,5,0.0,1.3816829203623993,1.678339427295398,3.817302217529293,71.73725151253241,98.87640449438202,100.0,0.32310000096913427,0.4345999986981043,1157
loo,nn_greedy,18,6,0.0,4.729074877153815,6.367906206738727,16.054539893612755,33.824733824733826,50.368550368550366,96.14754098360656,0.04090000220458023,0.0470000013592653,1221
loo,nn_window,18,6,0.0,12.010006436242577,12.176072789735892,21.023827450304687,2.7027027027027026,10.319410319410318,100.0,0.05850000161444768,0.07000000186963007,1221
loo,dtw_online,17,10,0.0,9.308144410701365,9.260706734769292,24.58409790629987,37.30378578024008,42.84395198522623,98.8909426987061,31.029299996589543,45.36154000197712,1083
loo,hmm_forward,18,6,0.0,2.208410369083057,4.546739714617364,13.894237689178574,46.355446355446354,71.74447174447175,97.70491803278688,0.2170999978261534,0.26060000163852237,1221
loo,particle,18,6,0.0,2.354372984591259,3.320658316904862,10.73282799508191,41.1957411957412,81.9000819000819,99.75409836065575,0.3243000028305687,0.42529999700491317,1221
loo,nn_greedy,18,7,0.0,4.680647464639305,6.105209672072187,16.52612740281585,28.20292347377472,52.70851246775581,96.3855421686747,0.040800001443130895,0.05606999802694186,1163
loo,nn_window,18,7,0.0,10.131871798181665,11.499638800921158,19.110109528907472,3.611349957007739,8.770421324161651,100.0,0.05779999992228113,0.07248000256367956,1163
loo,dtw_online,17,11,0.0,6.880118498612434,7.540261388061149,15.200610008230257,4.606365159128979,29.564489112227804,98.65884325230512,31.02635000141163,32.46223000132886,1194
loo,hmm_forward,18,7,0.0,1.6246037135702696,3.593175181510336,13.554303501527812,59.32932072227,79.53568357695615,97.50430292598968,0.2195999986724928,0.2742600005149142,1163
loo,particle,18,7,0.0,1.5281230911259391,1.7572108297722209,3.6443802357054658,64.5743766122098,98.53826311263973,100.0,0.3245999978389591,0.375189997794223,1163
loo,nn_greedy,18,8,0.0,6.063900196860849,5.931583036673416,12.850032621953787,32.2801024765158,46.883005977796756,96.23931623931624,0.0411000000895001,0.05380000038712751,1171
loo,nn_window,18,8,0.0,11.076315618235343,11.47198398171267,16.96667693175017,0.08539709649871904,2.134927412467976,100.0,0.05859999873791821,0.07945000106701627,1171
loo,dtw_online,17,12,0.0,12.534297091998646,11.950796461821481,25.584874805876545,11.76470588235294,22.624434389140273,98.0072463768116,31.21310000278754,42.336059998342535,1105
loo,hmm_forward,18,8,0.0,1.8205508435317341,3.515858545916407,10.702057382569567,52.86080273270709,70.45260461144322,95.47008547008548,0.216500000533415,0.23515000066254288,1171
loo,particle,18,8,0.0,1.312659606000701,2.065518386928054,7.842796101715994,73.9538855678907,90.94790777113579,100.0,0.32589999682386406,0.4301000008126721,1171
loo,nn_greedy,18,9,0.0,2.5530495835062235,5.084731830924094,15.21080460713041,44.375,60.62499999999999,96.4253798033959,0.04160000025876798,0.05199999941396527,1120
loo,nn_window,18,9,0.0,12.007801845556596,12.074501215817525,17.601527089495065,0.0,2.142857142857143,100.0,0.05919999966863543,0.06639999992330559,1120
loo,dtw_online,17,13,0.0,10.604864080417704,11.677507716724332,24.930031308017956,4.159733777038269,13.394342762063227,98.66777685262281,31.227200001012534,40.85288000260334,1202
loo,hmm_forward,18,9,0.0,1.461796688886117,2.6669910117972164,10.974749977907148,70.44642857142858,86.96428571428572,96.6041108132261,0.21719999858760275,0.2647700001034536,1120
loo,particle,18,9,0.0,1.6062580083687363,2.3615351219977967,6.400758591871298,57.94642857142858,88.66071428571428,100.0,0.32310000096913427,0.3850049994071014,1120
loo,nn_greedy,18,10,0.0,3.297310781822648,5.293110380884427,14.541561238737211,29.916897506925206,58.17174515235457,96.95009242144177,0.0413999987358693,0.052829998821834936,1083
loo,nn_window,18,10,0.0,8.005347005544943,7.959553131245792,14.572939561354717,8.033240997229916,31.671283471837487,100.0,0.05909999890718609,0.06889000069350003,1083
loo,dtw_online,17,15,0.0,7.89310449250239,7.70337372218425,15.891635290129345,17.67241379310345,38.189655172413794,98.87834339948232,31.617200000255252,43.66294499905052,1160
loo,dtw_online,17,18,0.0,0.9973602087662811,1.4012990082193908,3.514898882870963,77.25245316681534,97.85905441570026,99.55357142857143,30.222500001400476,39.70429999753833,1121
loo,hmm_forward,18,10,0.0,1.6980996757617892,3.218087275843921,11.522427042426415,57.80240073868883,79.22437673130193,98.24399260628466,0.2193000000261236,0.25580000256013563,1083
loo,nn_greedy,18,11,0.0,4.505184311911599,5.320534664538591,13.390006086037003,34.67336683417086,51.75879396984925,96.9823973176865,0.041299997974419966,0.04783500044140964,1194
loo,nn_window,18,11,0.0,7.5358464765926225,7.284301257029778,14.685128503467178,20.435510887772192,39.61474036850921,100.0,0.058900001022266224,0.06856999953015473,1194
loo,particle,18,10,0.0,2.0421210823743268,2.353244224759975,4.853549804735743,48.75346260387812,95.84487534626038,100.0,0.32469999860040843,0.4743799992866103,1083
loo,hmm_forward,18,11,0.0,2.313286385235433,4.071657620147816,11.776393638860071,47.73869346733669,65.49413735343383,95.97652975691534,0.21719999858760275,0.28200000087963417,1194
loo,particle,18,11,0.0,1.8246124358938531,2.2554207843170024,5.282262782230327,56.700167504187604,93.46733668341709,100.0,0.32310000096913427,0.4511449982601332,1194
loo,dtw_online,17,14,0.0,11.174896618848848,11.417902271131878,25.319736083761985,13.036303630363037,20.792079207920793,97.85301403798513,32.02545000021928,47.94366500009346,1212
loo,nn_greedy,18,12,0.0,2.77628902421942,4.460734499354214,12.482485426166255,44.43438914027149,64.16289592760181,96.19565217391303,0.040800001443130895,0.049380001291865476,1105
loo,nn_window,18,12,0.0,11.030361899275258,11.074330372609637,17.17432036675031,2.805429864253394,8.144796380090497,100.0,0.05909999890718609,0.07384000055026257,1105
loo,hmm_forward,18,12,0.0,1.1276703600844526,1.9649373403390373,8.474617509315083,75.83710407239819,92.66968325791855,98.55072463768117,0.21629999901051633,0.24745999980950728,1105
loo,particle,18,12,0.0,1.156930099761789,1.6778701384584314,6.457401816455631,77.64705882352942,92.39819004524887,99.54710144927536,0.3226999979233369,0.446999999985564,1105
loo,nn_greedy,18,13,0.0,3.3857218660877075,4.858001244209928,13.393764267788583,39.1846921797005,57.32113144758736,96.00333055786844,0.04149999949731864,0.05439999949885532,1202
loo,nn_window,18,13,0.0,12.176547346369999,11.749805943086598,15.784180712553221,0.7487520798668885,2.246256239600666,100.0,0.058900001022266224,0.07689499980187975,1202
loo,dtw_online,17,16,0.0,2.428588216486988,7.515956391946829,24.89470747627157,45.20069808027923,56.10820244328097,98.3406113537118,31.760150000991416,45.17949999990378,1146
loo,hmm_forward,18,13,0.0,2.556539631648521,3.934472073500965,12.291520042710285,42.01331114808652,69.55074875207987,95.1706910907577,0.22089999765739776,0.25689999893074855,1202
loo,dtw_online,17,20,0.0,9.600362565299445,9.91074084422301,17.531947651659003,1.7495395948434622,8.287292817679557,98.61751152073732,31.262349999451544,36.520275001748814,1086
loo,particle,18,13,0.0,2.0805797340761143,3.9569348347371465,11.688274551039619,48.25291181364393,69.9667221297837,98.66777685262281,0.3245999978389591,0.5463299994517002,1202
loo,nn_greedy,18,14,0.0,2.6672587099077116,5.4506959805964765,15.449866947196957,43.646864686468646,57.920792079207914,96.36663914120561,0.0413999987358693,0.04660000195144676,1212
loo,nn_window,18,14,0.0,9.03765713671613,9.242989395810277,15.894401661852816,6.270627062706271,17.244224422442244,100.0,0.05919999966863543,0.0732000007701572,1212
loo,hmm_forward,18,14,0.0,1.4782949675219563,4.14233397174404,19.182494641600897,59.98349834983499,74.83498349834984,97.35755573905863,0.2206999997724779,0.2583799996500602,1212
loo,particle,18,14,0.0,2.1462055389987644,2.383829621518966,4.8250752555262695,47.44224422442244,95.95709570957096,99.83484723369116,0.32465000003867317,0.5238600020675221,1212
loo,nn_greedy,18,15,0.0,2.6145165256427094,5.074817664319123,14.242148136655235,43.189655172413794,59.56896551724138,96.46246764452114,0.0413999987358693,0.04770500290760537,1160
loo,nn_window,18,15,0.0,12.889436795700703,13.206371466330491,19.84223182004987,1.5517241379310345,8.103448275862068,100.0,0.059200003306614235,0.07679999907850288,1160
loo,dtw_online,18,1,0.0,8.022298633113687,8.583044355090236,22.46694162275055,22.450728363324764,48.15766923736076,99.05660377358491,30.075499998929445,31.66737999963516,1167
loo,hmm_forward,18,15,0.0,1.362538524714335,2.5086611960797796,10.569772470423151,69.39655172413794,90.0,97.58412424503882,0.21980000019539148,0.274254999749246,1160
loo,particle,18,15,0.0,1.2312948412381397,1.760749008822498,4.370905425004287,68.36206896551724,96.72413793103448,100.0,0.32169999758480117,0.3936050026823068,1160
loo,nn_greedy,18,16,0.0,1.6723477279388628,4.321067285686084,14.187178865835723,54.3630017452007,68.23734729493893,96.5938864628821,0.0411000000895001,0.052775001677218825,1146
loo,nn_window,18,16,0.0,12.157147744418932,11.82240516723911,17.281906858287375,0.8726003490401396,2.530541012216405,100.0,0.05870000313734636,0.07437499880325049,1146
loo,dtw_online,18,2,0.0,1.7202801446033829,2.1723110410325517,6.097532867532794,60.236886632825716,90.1015228426396,99.23793395427603,30.22794999742473,43.747824998717995,1182
loo,hmm_forward,18,16,0.0,1.2712717793839243,2.0066121151881937,9.870424375636706,77.57417102966842,92.93193717277487,98.60262008733625,0.21884999841859099,0.24797500009299256,1146
loo,particle,18,16,0.0,1.4237308920698966,1.5740060190425085,3.298169915211335,73.47294938917976,99.47643979057592,100.0,0.3209999995306134,0.33887499830598244,1146
loo,nn_greedy,18,17,0.0,2.059846208894033,4.450871566457548,14.50305196488453,49.6124031007752,65.11627906976744,96.29310344827586,0.0411000000895001,0.047900000936351717,1161
loo,nn_window,18,17,0.0,10.0988474587081,9.435740241826789,18.663366307477734,5.684754521963824,34.10852713178294,100.0,0.058999998145736754,0.07710000136285089,1161
loo,dtw_online,17,19,0.0,5.022783522512086,6.196436127370111,13.547123340313405,16.61676646706587,49.8502994011976,98.87640449438202,31.32395000102406,42.35655000229599,1336
loo,hmm_forward,18,17,0.0,1.1094611275501784,3.1481477267288325,14.952433441907615,69.93970714900948,84.3238587424634,96.12068965517241,0.22639999951934442,0.25580000146874227,1161
loo,dtw_online,18,4,0.0,1.3798988505356065,2.5738174344827076,10.57277826889154,63.910422049956935,87.25236864771747,99.6551724137931,30.229300002247328,32.59360000083689,1161
loo,nn_greedy,18,19,0.0,2.9140269527408185,4.831007678511359,13.583212485778693,40.3443113772455,58.75748502994011,95.80524344569288,0.041200000850949436,0.0486250019093859,1336
loo,particle,18,17,0.0,1.2236877700226647,1.7330770773464967,5.422125092364983,72.00689061154178,93.3677863910422,99.56896551724138,0.33070000063162297,0.4139000011491589,1161
loo,nn_window,18,19,0.0,9.80647736571037,9.94321451143183,17.118753136491122,8.08383233532934,10.104790419161677,100.0,0.05880000026081689,0.07904999984020833,1336
loo,hmm_forward,18,19,0.0,2.3862923979997683,3.9469174621161836,12.998396234487789,46.7814371257485,68.188622754491,96.32958801498127,0.21700000070268288,0.2699249998840969,1336
loo,dtw_online,18,3,0.0,9.58042138885309,9.24001971937699,23.026297277114406,24.2473555736371,36.28966639544345,98.8599348534202,30.36960000099498,32.48506000090856,1229
loo,particle,18,19,0.0,1.9489085974816924,3.3615396188055957,15.424464139051944,51.42215568862275,84.65568862275448,99.25093632958801,0.32360000113840215,0.46469999961118447,1336
loo,nn_greedy,18,20,0.0,3.72324975435272,5.927521250912081,17.896369337340133,41.06813996316759,54.60405156537753,96.68202764976958,0.0411000000895001,0.049649999709799886,1086
loo,nn_window,18,20,0.0,1.6189637785377307,1.8347230402012518,4.452578051286549,59.576427255985266,100.0,100.0,0.058900001022266224,0.07287499920494156,1086
loo,hmm_forward,18,20,0.0,2.2071448721970386,4.747446173700672,23.135447078547333,45.30386740331492,69.15285451197053,97.88018433179724,0.21689999994123355,0.2875000000130967,1086
loo,particle,18,20,0.0,2.1458689086919636,2.581064848531943,6.124831365107582,46.316758747697975,88.76611418047882,100.0,0.32049999936134554,0.45465000130207045,1086
loo,nn_greedy,19,1,0.0,3.2814967466962184,5.223124079257086,13.882830481590073,36.07540702656384,57.155098543273354,96.91252144082333,0.045000000682193786,0.05720000153814908,1167
loo,nn_window,19,1,0.0,11.29766977923962,11.326196025284704,19.625593841533405,7.79777206512425,12.339331619537274,100.0,0.06280000161495991,0.07293999988178258,1167
loo,dtw_online,18,5,0.0,1.2912087020821275,2.008505623250164,5.638696832910388,69.49006050129645,92.39412273120138,99.30795847750865,29.32850000070175,40.8658000007563,1157
loo,hmm_forward,19,1,0.0,1.8268335464904428,3.392110008339763,12.884487684365434,54.58440445586975,79.60582690659811,97.34133790737565,0.21700000070268288,0.2673000013601269,1167
loo,particle,19,1,0.0,1.4016259502061903,1.774907106447181,4.280194371695314,68.20908311910883,97.25792630676949,100.0,0.32479999936185777,0.5210000017541461,1167
loo,nn_greedy,19,2,0.0,3.9855673293524627,5.601101575142619,15.864099996891193,37.478849407783414,54.82233502538071,96.95173581710415,0.04470000203582458,0.052600000344682485,1182
loo,nn_window,19,2,0.0,10.423407084488964,11.730498867702005,19.511842138596627,5.499153976311337,6.598984771573605,100.0,0.06274999941524584,0.07399499954772182,1182
loo,dtw_online,18,6,0.0,5.03063369606675,7.3554843437254185,22.78822500160301,39.72153972153972,49.713349713349714,98.44262295081967,29.15690000008908,30.82150000045658,1221
loo,hmm_forward,19,2,0.0,1.9065297904870047,3.43902174988533,12.663564552368705,51.438240270727576,79.69543147208121,95.34292972057578,0.2167999991797842,0.27667999784171127,1182
loo,particle,19,2,0.0,1.4685306651927315,1.8184864758868649,4.003182523739399,61.33671742808799,100.0,100.0,0.3242999991925899,0.4402949991344941,1182
loo,nn_greedy,19,3,0.0,2.5487979532323197,5.469720255465883,18.863396208694983,46.54190398698129,61.10659072416599,96.49837133550488,0.04409999746712856,0.050499998906161636,1229
loo,nn_window,19,3,0.0,10.314172664018097,9.99916692109994,16.24644120142051,4.068348250610252,14.157851912123679,100.0,0.06230000144569203,0.08189999789465219,1229
loo,dtw_online,18,7,0.0,8.973596808307173,9.058535645852299,22.277878974945516,24.59157351676698,42.132416165090284,98.79518072289156,29.35100000104285,40.62869000081263,1163
loo,hmm_forward,19,3,0.0,1.8446368833930944,3.911789301031263,16.127635561825727,52.40032546786006,79.0886899918633,95.52117263843648,0.21769999875687063,0.26026000050478615,1229
loo,dtw_online,18,8,0.0,9.333905416621894,9.13633795997608,17.324680903956963,5.636208368915456,27.924850555081125,98.97435897435898,29.96980000170879,31.11929999977292,1171
loo,nn_greedy,19,4,0.0,2.020547477012331,4.42337988165717,13.735013027554883,49.52627045650301,66.40826873385012,97.5,0.044600001274375245,0.052600000344682485,1161
loo,particle,19,3,0.0,1.4478789631362543,1.586569214514971,3.4636246171946143,73.96257119609439,99.75589910496339,100.0,0.3265000013925601,0.5330199986929072,1229
loo,nn_window,19,4,0.0,9.995952809624626,10.399582308686426,16.995022345533016,5.684754521963824,7.321274763135229,100.0,0.06230000144569203,0.0774000000092201,1161
loo,hmm_forward,19,4,0.0,1.4906309653182288,2.395208287937398,8.805449951882364,61.67097329888027,89.14728682170544,97.1551724137931,0.22029999672668055,0.29720000020461157,1161
loo,particle,19,4,0.0,1.7952071131487544,2.701840311749739,7.840524553065181,53.3161068044789,83.97932816537468,99.6551724137931,0.325099998008227,0.4468000006454531,1161
loo,nn_greedy,19,5,0.0,3.5889053895982332,5.620164427679771,16.415928017167808,36.732929991356954,57.13050993949871,96.02076124567473,0.04479999915929511,0.05381999872042798,1157
loo,nn_window,19,5,0.0,11.00453503632823,10.989479063040722,17.093600265905746,0.0,6.222990492653413,100.0,0.0624999993306119,0.07059999916236848,1157
loo,dtw_online,18,10,0.0,9.750401157587685,8.733762280653895,22.75291892419421,34.16435826408126,45.98337950138504,98.79852125693161,30.092299999523675,31.728509997992656,1083
loo,dtw_online,18,9,0.0,8.722364892089704,8.904664525331272,17.863763156400925,9.285714285714286,29.910714285714285,98.57015192135835,30.607700000473415,42.28026500204578,1120
loo,hmm_forward,19,5,0.0,2.412549975611801,4.42371540631974,14.710295950513144,41.48660328435609,73.63872082973207,95.76124567474048,0.21710000146413222,0.2568599978985731,1157
loo,nn_greedy,19,6,0.0,3.9416099248460115,5.580673127615175,14.089866801452382,34.479934479934485,56.51105651105651,96.14754098360656,0.04489999992074445,0.056700002460274845,1221
loo,nn_window,19,6,0.0,10.030845565525723,9.435024311491764,18.09751471037748,3.276003276003276,27.027027027027028,100.0,0.06310000026132911,0.08049999814829789,1221
loo,particle,19,5,0.0,1.7854331494480407,3.079330052207854,10.602685599582186,58.1676750216076,81.67675021607606,97.83737024221453,0.32610000198474154,0.43135999949299797,1157
loo,hmm_forward,19,6,0.0,2.4379629268805183,4.468213042592407,14.998166612408323,43.65274365274365,72.3996723996724,94.09836065573771,0.2167999991797842,0.2505999982531648,1221
loo,particle,19,6,0.0,2.145367580891492,2.9503704479054025,9.210022176754332,42.91564291564291,87.46928746928747,98.36065573770492,0.3257999997003935,0.5423000002338085,1221
loo,nn_greedy,19,7,0.0,2.9706694674929515,5.3778430252772775,15.759810710987786,37.747205503009454,58.6414445399828,96.47160068846816,0.044699998397845775,0.05276999836496539,1163
loo,nn_window,19,7,0.0,11.512539678802726,11.37490748863019,18.70522678313852,6.190885640584694,10.748065348237319,100.0,0.06280000161495991,0.07928999984869732,1163
loo,dtw_online,18,12,0.0,7.36664382332505,8.150074463122856,16.885199351042317,7.6923076923076925,33.755656108597286,98.6413043478261,29.148699999495875,31.472819999908094,1105
loo,hmm_forward,19,7,0.0,1.3312297535390225,2.5036143733164793,9.022504515179541,64.1444539982803,90.62768701633705,96.04130808950086,0.21629999901051633,0.25057000093511245,1163
loo,particle,19,7,0.0,1.3784080067245978,1.5550028769611002,3.325274174926971,72.39896818572656,99.140154772141,100.0,0.3249000001233071,0.4331700023612938,1163
loo,nn_greedy,19,8,0.0,2.2403438839362617,4.723975198882077,12.883750880583262,46.11443210930828,63.620836891545686,96.58119658119658,0.04489999992074445,0.05250000140222255,1171
loo,nn_window,19,8,0.0,10.40688562475839,13.233806770138253,24.329164832848136,2.6473099914602902,6.404782237403928,100.0,0.06299999949987978,0.07219999679364264,1171
loo,dtw_online,18,11,0.0,9.495612751939495,9.58424236386719,18.616903103284137,1.507537688442211,28.30820770519263,98.57502095557417,30.338649998157052,40.28874000068752,1194
loo,hmm_forward,19,8,0.0,1.7345019955190106,3.4129449672616303,11.703236927962664,54.22715627668659,76.77198975234842,94.18803418803418,0.2199000009568408,0.3150000011373777,1171
loo,particle,19,8,0.0,1.7007864722116794,2.947701715588067,10.493853954703818,56.02049530315969,81.6396242527754,99.14529914529915,0.32300000020768493,0.407150000683032,1171
loo,nn_greedy,19,9,0.0,4.881225276596044,6.451083959888275,15.791380440726632,32.67857142857143,50.982142857142854,95.53172475424486,0.045000000682193786,0.05310500037012388,1120
loo,nn_window,19,9,0.0,7.680559732705067,8.741168345739734,21.550399498374176,13.214285714285715,39.375,100.0,0.06310000026132911,0.10998999950970739,1120
loo,dtw_online,18,14,0.0,9.181958112657565,8.912040325526377,18.539801390933476,16.914191419141915,34.73597359735974,98.43104872006606,30.146250001052977,32.179544999780774,1212
loo,hmm_forward,19,9,0.0,2.259428713440081,4.620720678570053,14.979973469997429,44.642857142857146,71.07142857142857,97.49776586237712,0.2177500009565847,0.2676050002264674,1120
loo,particle,19,9,0.0,1.7085992931537692,1.9635321958648104,3.9435689607245625,58.214285714285715,100.0,100.0,0.32559999999648426,0.4258399972968618,1120
loo,nn_greedy,19,10,0.0,2.7046684374176544,5.135448479133203,17.55696707069261,39.981532779316716,62.603878116343495,96.39556377079482,0.04470000203582458,0.054200001250137575,1083
loo,dtw_online,18,16,0.0,1.187557658781457,1.7414336086897402,4.900303679577786,77.92321116928447,95.11343804537522,99.47598253275109,29.96240000175021,32.47360000113986,1146
loo,nn_window,19,10,0.0,10.279112438160507,11.365917408295685,18.489852913701643,0.46168051708217916,4.43213296398892,100.0,0.062299997807713225,0.07048999868857207,1083
loo,dtw_online,18,15,0.0,1.4609956741049932,2.0354825065370616,5.869224995086944,62.8448275862069,92.32758620689656,99.30974978429681,30.182750000676606,40.342944998337764,1160
loo,hmm_forward,19,10,0.0,1.1478816777569687,2.8464307923957244,12.841970916992679,59.83379501385041,84.39519852262235,98.24399260628466,0.21969999943394214,0.2820599980623228,1083
loo,nn_greedy,19,11,0.0,3.181140797519376,4.9947731664818455,14.521080222943693,38.860971524288104,61.725293132328304,96.9823973176865,0.04529999932856299,0.05939999882684788,1194
loo,nn_window,19,11,0.0,10.27941485076995,10.251613913119144,18.662616491717134,3.8525963149078724,12.479061976549414,100.0,0.06300000131886918,0.0815349987533409,1194
loo,particle,19,10,0.0,1.9720020792221997,2.714986566337813,8.614356580544722,50.96952908587258,83.10249307479224,99.26062846580407,0.32809999902383424,0.5015299993829102,1083
loo,dtw_online,18,13,0.0,1.7337454239351509,2.8374312427699464,8.691389901436397,55.65723793677204,83.19467554076539,99.58368026644463,31.68184999958612,44.10209999969084,1202
loo,hmm_forward,19,11,0.0,2.0411931822933105,4.246574589008718,15.043014130642707,49.58123953098828,68.5929648241206,96.64710813076279,0.21940000078757294,0.2724799993302436,1194
loo,nn_greedy,19,12,0.0,2.0680436999770313,4.5096561393288015,13.206039713122983,48.959276018099544,63.348416289592755,96.10507246376811,0.04489999992074445,0.056200001563411206,1105
loo,nn_window,19,12,0.0,11.091852914750493,11.466887414787656,17.266800654609114,0.0,0.0,100.0,0.06289999873843044,0.07246000168379395,1105
loo,particle,19,11,0.0,2.6988682072891654,2.926401224996292,7.453167017171267,42.96482412060301,85.00837520938023,98.99413243922884,0.32669999927747995,0.5330500000127357,1194
loo,hmm_forward,19,12,0.0,1.4485553243007507,2.728389992571512,10.333123103416101,65.61085972850678,83.43891402714932,97.64492753623189,0.21710000146413222,0.26606000028550625,1105
loo,particle,19,12,0.0,1.3654331752471798,1.5161237340234763,3.340543920501425,73.03167420814479,100.0,100.0,0.3262000027461909,0.5126400013978126,1105
loo,nn_greedy,19,13,0.0,3.7489599259586037,4.9886604452573255,14.848502127487574,39.10149750415973,59.81697171381032,96.50291423813488,0.04519999856711365,0.0512949978656252,1202
loo,nn_window,19,13,0.0,5.609678860369492,6.475737510785117,13.817055960138033,10.565723793677204,39.351081530782025,100.0,0.06340000254567713,0.08599499997217208,1202
loo,dtw_online,18,20,0.0,2.340710502684672,3.2477935278272096,9.854353012002179,43.00184162062615,84.25414364640883,98.89400921658986,30.117750000499655,32.08372499921097,1086
loo,hmm_forward,19,13,0.0,2.7540266574176147,3.8111598535933173,12.016276841485087,44.176372712146424,72.46256239600666,95.00416319733556,0.21715000002586748,0.267635001182498,1202
loo,dtw_online,18,17,0.0,1.3372099356121963,2.520157952321215,11.274815917718872,67.61412575366063,84.49612403100775,99.3103448275862,30.172499999025604,42.06720000001951,1161
loo,particle,19,13,0.0,1.3807494001929066,1.8297713189309766,5.199496640189339,66.63893510815308,94.09317803660566,99.08409658617818,0.3246000014769379,0.45503999845095683,1202
loo,nn_greedy,19,14,0.0,4.7346202553864565,6.2616036118496945,15.924296425832363,34.4059405940594,51.4026402640264,96.20148637489679,0.045000000682193786,0.06573000082426013,1212
loo,nn_window,19,14,0.0,10.749933829103714,11.053603839983431,18.51753492527455,0.0,6.518151815181518,100.0,0.06310000026132911,0.07804500128258951,1212
loo,hmm_forward,19,14,0.0,2.4726004855482753,4.861307173165311,17.468143385707737,46.12211221122112,70.79207920792079,94.467382328654,0.21675000061804894,0.27822500032925757,1212
loo,particle,19,14,0.0,3.297504305945057,5.312589113892272,17.412630493026676,28.052805280528055,68.15181518151815,99.75227085053675,0.32454999927722383,0.4620299989255728,1212
loo,nn_greedy,19,15,0.0,2.831751953762618,5.508082875798774,15.557726480095743,39.827586206896555,59.56896551724138,95.68593615185505,0.04470000203582458,0.05160500004421919,1160
loo,nn_window,19,15,0.0,10.372006823563531,9.970564654737888,17.73170784098737,4.827586206896552,15.862068965517242,100.0,0.06269999903452117,0.07690999991609714,1160
loo,dtw_online,18,19,0.0,8.30942488048822,7.788645916032232,22.415898876348272,37.050898203592816,48.278443113772454,98.80149812734082,30.112549999103067,39.90272500050196,1336
loo,hmm_forward,19,15,0.0,2.827103262989106,4.689132518952189,14.541912676962216,36.55172413793103,65.0,95.77221742881794,0.225800002226606,0.26934999896184303,1160
loo,particle,19,15,0.0,1.9177432340728622,2.2462788850994535,5.951066620569567,51.810344827586206,92.32758620689656,100.0,0.3319000024930574,0.4342849993918207,1160
loo,nn_greedy,19,16,0.0,2.6234713816926494,5.878277390848606,16.62161838390436,45.98603839441536,55.846422338568935,96.94323144104804,0.04489999992074445,0.06144999952084618,1146
loo,nn_window,19,16,0.0,9.508104496913166,8.828846846077765,17.26755009705607,9.336823734729494,34.3804537521815,100.0,0.06399999983841553,0.07347500013565877,1146
loo,dtw_online,19,1,0.0,10.383372111824007,9.470387426188424,18.01239262502169,7.02656383890317,27.420736932305058,99.14236706689536,35.95599999971455,40.66595000040252,1167
loo,hmm_forward,19,16,0.0,1.7456912895614312,3.3969423342378673,13.501214146076443,55.846422338568935,80.36649214659685,94.93449781659389,0.21600000036414713,0.24310000026162015,1146
loo,particle,19,16,0.0,1.6601007609096763,1.9947346059113615,4.259511731429585,57.32984293193717,99.82547993019197,100.0,0.323799999023322,0.4067250001753564,1146
loo,nn_greedy,19,17,0.0,3.3120662921592947,5.829663978861725,16.057259306712865,44.78897502153316,55.900086132644276,96.03448275862068,0.044699998397845775,0.05779999992228113,1161
loo,nn_window,19,17,0.0,13.089941460437439,12.977593089052016,24.408964895282523,7.493540051679587,9.388458225667529,100.0,0.062299997807713225,0.0776999986555893,1161
loo,dtw_online,19,2,0.0,1.9648602596789275,2.816387596395285,10.080411420008122,51.69204737732657,86.46362098138748,99.5766299745978,34.86309999971127,47.75724999999511,1182
loo,hmm_forward,19,17,0.0,1.7639744724781552,3.561965440842522,14.014235501305702,53.229974160206716,81.48148148148148,97.75862068965517,0.21720000222558156,0.26620000062393956,1161
loo,particle,19,17,0.0,1.1702702931253945,1.4698362502358806,3.551257143703358,75.36606373815677,99.39707149009475,99.48275862068967,0.32439999995403923,0.48799999785842374,1161
loo,nn_greedy,19,18,0.0,1.88568218167305,4.717190293885206,15.35012410554519,51.38269402319358,60.92774308652989,96.875,0.04470000203582458,0.05490000330610201,1121
loo,nn_window,19,18,0.0,10.247287112610522,9.21352184357848,17.612483467201038,8.652988403211419,33.27386262265834,100.0,0.0627999979769811,0.0748999991628807,1121
loo,dtw_online,19,3,0.0,8.64266765992802,9.177796165365189,25.042313435402736,32.13995117982099,43.5313262815297,98.8599348534202,34.84509999907459,39.101479999226285,1229
loo,hmm_forward,19,18,0.0,1.9314630761777885,3.7917854492284193,13.669765934380926,51.56110615521855,73.41659232827831,96.60714285714286,0.21550000019487925,0.26980000257026404,1121
loo,particle,19,18,0.0,1.533591474657208,2.353438166690437,5.577660485248103,57.80553077609277,88.84924174843889,99.19642857142857,0.3233999996155035,0.4043000008095987,1121
loo,nn_greedy,19,20,0.0,2.5478438232289697,5.727186577889253,17.46817740005483,40.423572744014734,65.4696132596685,96.49769585253456,0.044600001274375245,0.05372500163502991,1086
loo,nn_window,19,20,0.0,11.22205314258711,11.115947082758938,17.20853929321724,1.9337016574585635,5.893186003683241,100.0,0.06230000144569203,0.07950000144774094,1086
loo,dtw_online,19,5,0.0,10.901236315124269,10.43964217978739,18.483381490534732,10.8038029386344,21.43474503025065,98.87543252595155,35.76660000180709,38.356239999848185,1157
loo,hmm_forward,19,20,0.0,1.9221800243779175,4.1069593933753925,19.044543844533816,50.552486187845304,80.93922651933701,94.56221198156682,0.2182000025641173,0.2727250002863002,1086
loo,particle,19,20,0.0,2.020981199361771,4.229190465667209,19.85194613659254,49.263351749539595,78.91344383057091,98.70967741935483,0.3250499994464917,0.4958749987054034,1086
loo,nn_greedy,20,1,0.0,2.9253781190812145,6.138986013858927,17.55219424568439,40.78834618680377,52.35646958011997,97.25557461406518,0.040400002035312355,0.047370000538649044,1167
loo,dtw_online,19,4,0.0,1.8672041316145056,2.636337959059391,10.621663481664688,52.62704565030146,88.71662360034453,99.91379310344828,34.97430000061286,48.768100001325365,1161
loo,nn_window,20,1,0.0,9.608508802270423,9.646001375619011,15.851122286066698,3.2562125107112254,11.053984575835475,100.0,0.057999997807201,0.06984000065131114,1167
loo,hmm_forward,20,1,0.0,2.644622553740264,5.639551367887106,19.18872110251893,46.101113967437875,55.612682090831186,97.08404802744425,0.21799999740323983,0.25914999823726265,1167
loo,particle,20,1,0.0,1.6445533680817757,2.3399537614024406,7.91096578350089,57.754927163667524,89.46015424164524,100.0,0.3233999996155035,0.476679999701446,1167
loo,nn_greedy,20,2,0.0,3.0917006214191955,5.40366646954884,17.34375369252893,39.001692047377325,57.95262267343486,97.20575783234547,0.04059999992023222,0.05379499871196459,1182
loo,nn_window,20,2,0.0,9.04768152515797,8.579170091159657,14.084161233107835,10.998307952622675,15.820642978003384,100.0,0.05830000009154901,0.07599500022479333,1182
loo,dtw_online,19,6,0.0,1.9241513388132432,3.1483275409978404,10.522106087672862,51.76085176085176,83.04668304668304,99.50819672131146,35.862000000634,38.80589999971562,1221
loo,hmm_forward,20,2,0.0,3.0003285508619477,5.7468667633512425,19.782091932657238,43.31641285956007,58.46023688663282,97.96782387806944,0.21689999994123355,0.27729000139515847,1182
loo,dtw_online,19,8,0.0,10.143966241132583,8.91945563903801,18.140184385491402,8.795900939368062,35.01280956447481,99.05982905982907,34.81550000287825,37.37290000026405,1171
loo,nn_greedy,20,3,0.0,2.844566449631919,5.9791028695583055,23.869658734189546,41.171684296175755,58.17737998372661,97.23127035830619,0.04099999932805076,0.05406000054790638,1229
loo,nn_window,20,3,0.0,11.882025304741036,11.954155954019853,24.145423954634715,2.196908055329536,14.564686737184704,100.0,0.058499997976468876,0.07254000229295335,1229
loo,particle,20,2,0.0,2.205159278785425,2.842186596811088,11.055779594222068,47.63113367174281,86.04060913705584,99.91532599491956,0.3243000028305687,0.3993250000348781,1182
loo,hmm_forward,20,3,0.0,2.265835582099022,6.379506431687592,21.118917987027444,47.192839707078925,56.55004068348251,98.1270358306189,0.21700000070268288,0.2486000012140721,1229
loo,particle,20,3,0.0,1.2527052693184026,2.1963023584837438,8.884349188089239,71.35882831570383,88.60862489829128,100.0,0.32420000206911936,0.3914599990821443,1229
loo,nn_greedy,20,4,0.0,2.6527496073515864,5.6938160382340355,19.015044022219342,44.53057708871662,57.27820844099914,97.93103448275862,0.04059999992023222,0.05270000110613182,1161
loo,nn_window,20,4,0.0,10.999003792634825,11.994633659075978,25.774900181413017,3.6175710594315245,22.997416020671835,100.0,0.058499997976468876,0.07960000220919028,1161
loo,dtw_online,19,7,0.0,6.371753221549111,7.594029923257484,17.70339318325609,26.741186586414443,45.82975064488392,98.7091222030981,36.363700000947574,51.250560000698826,1163
loo,hmm_forward,20,4,0.0,2.032003538837547,5.554093818846705,17.300838082662214,49.784668389319556,58.31180017226529,98.53448275862068,0.2159000032406766,0.24190000112866983,1161
loo,particle,20,4,0.0,1.649260600395616,3.36308118683453,15.199488615548008,57.70887166236004,82.42894056847545,99.3103448275862,0.3242999991925899,0.5209000009926967,1161
loo,nn_greedy,20,5,0.0,5.684041835393024,6.95105469647124,19.66038677442675,34.485738980121,46.84528954191875,96.7128027681661,0.040499999158782884,0.0507999982801266,1157
loo,nn_window,20,5,0.0,10.741555179971595,11.001049135660173,24.47864228256613,13.915298184961106,26.707000864304238,100.0,0.058000001445179805,0.06886000046506525,1157
loo,dtw_online,19,10,0.0,8.319212512895064,8.253378901277337,23.948535797162787,30.932594644506,45.15235457063712,98.8909426987061,35.942799997428665,39.62882999694556,1083
loo,hmm_forward,20,5,0.0,2.4325625681424117,5.340507840985599,17.17352183770066,46.15384615384615,59.03197925669835,98.44290657439446,0.2195999986724928,0.28609999862965196,1157
loo,particle,20,5,0.0,1.3925148617709298,3.2155216777787947,14.119554229934675,61.88418323249783,82.10890233362143,99.30795847750865,0.32270000156131573,0.44114000047557056,1157
loo,nn_greedy,20,6,0.0,6.76882837534679,7.463984052288289,18.191997083044466,25.061425061425062,46.027846027846024,96.9672131147541,0.04030000127386302,0.054699998145224527,1221
loo,nn_window,20,6,0.0,10.823742326042671,10.215322034072424,15.597436889436207,3.276003276003276,10.237510237510238,100.0,0.05779999992228113,0.06799999755457975,1221
loo,dtw_online,19,9,0.0,8.182395088608377,9.097249434011912,23.862561673161377,26.42857142857143,42.857142857142854,99.10634495084896,36.99400000004971,52.17668500026773,1120
loo,hmm_forward,20,6,0.0,3.3009813325719612,5.992841370882894,19.23420328541856,33.660933660933665,56.01965601965602,96.72131147540983,0.21829999968758784,0.2392999995208811,1221
loo,dtw_online,19,12,0.0,1.7252129827495264,2.798843192002132,11.28899716329885,58.00904977375566,83.710407239819,99.27536231884058,35.75520000231336,48.320400000375216,1105
loo,nn_greedy,20,7,0.0,4.705108079468994,6.212733595307536,16.994851826400758,31.04041272570937,52.10662080825451,97.59036144578313,0.04350000017439015,0.05879000018467194,1163
loo,nn_window,20,7,0.0,9.247907798731305,9.484541686096673,15.427159135222468,5.073086844368014,11.521926053310404,100.0,0.05859999873791821,0.06997999844315925,1163
loo,particle,20,6,0.0,1.903737719513194,2.4055923562023573,7.44918415816133,52.416052416052416,90.66339066339066,100.0,0.32609999834676273,0.540299999556737,1221
loo,hmm_forward,20,7,0.0,3.3294595615471936,6.942275654842467,20.65873856464407,38.17712811693895,52.278589853826304,97.16006884681583,0.22059999901102856,0.253269997483585,1163
loo,dtw_online,19,11,0.0,9.551528085209512,8.795205235170087,17.4762352603762,21.1892797319933,29.81574539363484,97.73679798826488,35.947700000178884,37.97278500023821,1194
loo,nn_greedy,20,8,0.0,6.947984959105039,7.344264582649421,23.351951902258058,38.343296327924854,47.13919726729291,97.94871794871794,0.040400002035312355,0.047050001739989966,1171
loo,nn_window,20,8,0.0,8.326021990480044,8.248700791956468,16.50447672707609,23.82578992314261,34.415029888983774,100.0,0.058400000852998346,0.07780000123602804,1171
loo,particle,20,7,0.0,2.1601610309591535,2.853155904639071,9.47197639359512,45.65778159931212,89.16595012897677,100.0,0.325400000292575,0.5680700014636383,1163
loo,hmm_forward,20,8,0.0,5.756740048668512,5.551172552271261,14.50335525895109,36.63535439795047,48.249359521776256,98.29059829059828,0.21950000154902227,0.32685000041965395,1171
loo,particle,20,8,0.0,2.059654341836044,3.4273184565219976,11.351430671203232,49.44491887275832,77.9675491033305,98.46153846153847,0.3203000014764257,0.4982999998901505,1171
loo,nn_greedy,20,9,0.0,2.1552718857463438,5.769431946451177,17.033240187680693,47.94642857142858,58.839285714285715,97.40840035746203,0.040800001443130895,0.05301999990479087,1120
loo,nn_window,20,9,0.0,11.591560156870855,11.56696065326011,25.01143080251188,1.875,15.0,100.0,0.05860000237589702,0.07590499953948893,1120
loo,dtw_online,19,15,0.0,10.157218257103752,9.561283674451657,19.382894055015385,9.741379310344827,24.655172413793103,99.30974978429681,36.16484999838576,38.617655001689855,1160
loo,hmm_forward,20,9,0.0,2.23700503508438,6.153551594626812,21.590592864960335,46.42857142857143,58.48214285714286,98.21268990169794,0.21555000057560392,0.2551599998696474,1120
loo,particle,20,9,0.0,1.6041517786671435,2.4659375136810024,9.31621515050608,61.875,87.85714285714286,100.0,0.32360000113840215,0.38751000010961434,1120
loo,nn_greedy,20,10,0.0,5.718076350400015,6.184756768080228,17.955015825705754,28.3471837488458,45.614035087719294,97.50462107208872,0.04039999839733355,0.05763999943155787,1083
loo,nn_window,20,10,0.0,10.878882837363651,11.16178138249886,24.85940941838728,2.1237303785780237,12.65004616805171,100.0,0.05790000068373047,0.07580000201414805,1083
loo,dtw_online,19,13,0.0,1.7822129141666172,2.5291689473777987,6.743012985975502,55.65723793677204,87.18801996672212,99.08409658617818,37.72200000094017,52.527550001650525,1202
loo,hmm_forward,20,10,0.0,3.4661112555517173,6.699672487960472,22.22807207098101,40.443213296398895,57.340720221606645,98.05914972273567,0.216199998249067,0.23259999943547882,1083
loo,particle,20,10,0.0,1.558290964899389,2.4757640484238315,10.40495734059491,58.448753462603875,88.27331486611266,99.35304990757857,0.3223999992769677,0.36579000079655044,1083
loo,nn_greedy,20,11,0.0,4.524243917781815,6.417922100032113,18.135045732162656,28.643216080402013,55.778894472361806,97.15004191114836,0.040499999158782884,0.0470000013592653,1194
loo,nn_window,20,11,0.0,9.458299645967305,10.082788404170268,16.129133804393987,0.0,0.0,100.0,0.05810000220662914,0.06620000203838572,1194
loo,dtw_online,19,14,0.0,11.01441698705112,10.728586148069022,24.928355459309774,18.976897689768975,29.290429042904293,98.01816680429397,36.29650000038964,52.04240999773902,1212
loo,hmm_forward,20,11,0.0,4.4474914599712285,5.347420401043706,14.500250349184702,36.4321608040201,54.85762144053601,96.06035205364627,0.21865000053367112,0.24789999952190556,1194
loo,particle,20,11,0.0,3.2657626597768052,3.889170926336772,12.061343484716959,33.75209380234506,79.31323283082077,100.0,0.32270000156131573,0.513139999748091,1194
loo,nn_greedy,20,12,0.0,4.804704347179583,6.214131574356811,17.21427934823523,35.56561085972851,51.94570135746607,96.73913043478261,0.04039999839733355,0.04980000012437813,1105
loo,nn_window,20,12,0.0,10.870129852406045,11.713398793186151,25.241915984525647,5.158371040723981,22.624434389140273,100.0,0.05820000296807848,0.07389999955194068,1105
loo,dtw_online,19,17,0.0,1.4749143346602094,2.4179292074035397,11.061974598221598,64.77174849267873,89.83634797588286,99.82758620689656,36.02049999972223,37.63479999906849,1161
loo,hmm_forward,20,12,0.0,2.093657169426631,5.269199319656798,20.655654006371606,48.41628959276018,65.88235294117646,97.28260869565217,0.216500000533415,0.2496400018571876,1105
loo,particle,20,12,0.0,1.5068067335211435,3.4169839196410705,15.677165323748467,60.27149321266968,79.36651583710407,99.27536231884058,0.3231999980926048,0.4145000006246845,1105
loo,dtw_online,19,16,0.0,1.8566694816496936,3.0279251539200365,10.443999593165938,52.268760907504365,82.37347294938918,99.82532751091703,36.20690000025206,52.46830000032787,1146
loo,nn_greedy,20,13,0.0,5.266537673866546,6.437562470742606,16.555860143676192,24.625623960066555,48.75207986688852,97.58534554537886,0.04059999992023222,0.048494998372916605,1202
loo,nn_window,20,13,0.0,4.845723495985824,5.961221877897339,15.06537325764295,15.72379367720466,51.74708818635607,100.0,0.06200000279932283,0.08908500167308377,1202
loo,hmm_forward,20,13,0.0,5.306178364372931,7.326629863437352,21.26989684701091,25.374376039933445,46.00665557404326,95.92006661115737,0.22629999875789508,0.2727900000536465,1202
loo,particle,20,13,0.0,2.37547962717323,3.9946743562395683,11.70375118164725,43.09484193011647,70.79866888519135,99.33388842631142,0.32949999877018854,0.5308550005793222,1202
loo,nn_greedy,20,14,0.0,4.127993619929002,5.71434605077813,17.128144401077822,37.45874587458746,53.05280528052805,96.94467382328654,0.04059999992023222,0.048944997979560874,1212
loo,nn_window,20,14,0.0,6.788105233277238,7.479066303399934,15.41204461076139,16.08910891089109,40.42904290429043,100.0,0.061499998992076144,0.07349000134126983,1212
loo,dtw_online,20,1,0.0,12.25842688175339,11.43612391313354,25.757953036282537,16.02399314481577,25.278491859468723,98.71355060034305,27.8918000003614,41.07619999849704,1167
loo,dtw_online,20,2,0.0,11.340906982906056,10.582955567387257,24.44521486906217,20.642978003384094,25.380710659898476,99.40728196443692,28.845550001278752,30.72758000143949,1182
loo,hmm_forward,20,14,0.0,5.926937006039987,7.4234015006656495,20.414575884229933,34.57095709570957,45.46204620462046,96.03633360858794,0.21769999875687063,0.2538699996875948,1212
loo,nn_greedy,20,15,0.0,3.546600779032949,5.834087816326558,16.370227604444043,37.06896551724138,55.431034482758626,96.80759275237274,0.04070000068168156,0.05440499953692778,1160
loo,nn_window,20,15,0.0,9.905104457909069,9.873616272705988,16.038839526872557,3.8793103448275863,6.293103448275862,100.0,0.05805000000691507,0.07191000167949822,1160
loo,particle,20,14,0.0,1.4937890500772635,2.4234152758170766,8.838913740663532,59.32343234323433,89.35643564356435,100.0,0.3256999989389442,0.46163499919202877,1212
loo,dtw_online,19,20,0.0,6.05605803569251,7.132329018052523,21.26097761109167,28.5451197053407,40.147329650092075,98.70967741935483,34.697450000749086,36.568824999449134,1086
loo,hmm_forward,20,15,0.0,3.222460061031142,5.3296748040404225,14.367675447675351,38.44827586206897,54.22413793103448,96.98015530629853,0.2193000000261236,0.3030499972737743,1160
loo,nn_greedy,20,16,0.0,3.9197447417480005,6.614989122645531,24.511535574903736,38.481675392670155,57.76614310645725,97.90393013100437,0.04070000068168156,0.05377500201575458,1146
loo,nn_window,20,16,0.0,11.322486961759687,11.98399540426167,24.65409659239696,1.2216404886561953,9.860383944153577,100.0,0.05850000161444768,0.06867499996587867,1146
loo,particle,20,15,0.0,2.1947958527826676,3.3086906353573116,11.469565982280216,44.568965517241374,81.89655172413794,100.0,0.3226000007998664,0.3943049974623136,1160
loo,hmm_forward,20,16,0.0,2.659938224172285,5.433663259334804,15.789911376586007,39.703315881326354,59.68586387434554,97.37991266375546,0.21569999807979912,0.250225000854698,1146
loo,particle,20,16,0.0,1.6023078466590273,4.360291962734408,17.067965765628497,57.24258289703316,75.04363001745202,99.12663755458514,0.32250000003841706,0.3891750011462136,1146
loo,nn_greedy,20,17,0.0,3.8204877533222077,5.841149488250164,17.57182828486964,36.17571059431525,53.66063738156761,97.24137931034483,0.04030000127386302,0.05289999899105169,1161
loo,nn_window,20,17,0.0,5.183434377252233,6.48770403612955,16.901126539721858,22.739018087855296,48.23428079242033,100.0,0.05819999933009967,0.0746000005165115,1161
loo,dtw_online,19,18,0.0,10.53207708941806,9.05345896251053,17.70624986369987,12.221231043710972,34.25512934879571,99.28571428571429,35.032600000704406,47.381799999129726,1121
loo,hmm_forward,20,17,0.0,2.547470499130772,5.526603901140644,18.04948365945437,43.75538329026701,57.70887166236004,98.36206896551725,0.21720000222558156,0.2597999991849065,1161
loo,particle,20,17,0.0,1.8831340632339137,2.5899252506496264,6.992503716382574,52.885443583118,86.64944013781223,99.39655172413792,0.3237000018998515,0.41260000216425397,1161
loo,nn_greedy,20,18,0.0,3.608987468864023,6.475516902262295,17.681341458199064,43.175735950044604,52.899197145405886,98.03571428571428,0.04030000127386302,0.05690000034519471,1121
loo,nn_window,20,18,0.0,5.023361370707978,6.7364310482331105,18.103596764946857,20.24977698483497,49.866190900981266,100.0,0.05819999933009967,0.06989999747020192,1121
loo,dtw_online,20,4,0.0,6.278038695905061,9.080874818451798,25.665431423429922,33.33333333333333,49.1817398794143,99.22413793103448,28.407600002537947,29.8609999990731,1161
loo,hmm_forward,20,18,0.0,2.1641062766349637,5.121469057567243,17.488043978435776,48.88492417484389,59.32203389830508,98.66071428571429,0.2167999991797842,0.26030000299215317,1121
loo,dtw_online,20,3,0.0,3.0741004531597693,5.376643012746766,17.323239649747833,42.06672091131001,56.30593978844589,99.185667752443,27.89600000323844,29.897079999500416,1229
loo,nn_greedy,20,19,0.0,2.5056334745120954,4.85827988257297,15.868382343209086,42.88922155688623,62.4251497005988,96.70411985018727,0.041200000850949436,0.05242500174063025,1336
loo,nn_window,20,19,0.0,12.045444609182855,11.582180952036126,24.731530570228728,8.008982035928144,10.853293413173652,100.0,0.058999998145736754,0.07610000102431513,1336
loo,particle,20,18,0.0,1.8332685937544306,3.071593006540769,11.387790251851767,52.63157894736842,81.71275646743979,100.0,0.32479999936185777,0.4045999994559679,1121
loo,hmm_forward,20,19,0.0,3.5807504277309063,5.644725238232209,16.772689932578114,39.74550898203593,55.76347305389222,97.30337078651685,0.21800000104121864,0.27252500058239093,1336
loo,particle,20,19,0.0,1.970818100829733,2.6230763368029253,8.455343469400699,50.59880239520959,86.97604790419162,100.0,0.3232000017305836,0.39452500095649157,1336
loo,dtw_online,20,5,0.0,3.6611824810673768,5.594154495450614,17.828662758283812,36.12791702679343,59.55056179775281,99.13494809688581,29.136799999832874,47.49916000000667,1157
loo,dtw_online,20,6,0.0,12.35289214276659,11.967303453090992,25.010267689975944,14.004914004914005,22.686322686322686,98.44262295081967,28.88330000132555,33.619800000451505,1221
loo,dtw_online,20,8,0.0,11.835434218843792,9.216960560460285,23.9422208131254,35.18360375747225,44.32109308283518,99.48717948717949,28.86909999870113,33.12340000047698,1171
loo,dtw_online,20,9,0.0,2.9344847447079117,5.104591304131035,17.091905411627287,39.82142857142857,62.589285714285715,99.19571045576407,28.659699999479926,39.96827000173651,1120
loo,dtw_online,20,7,0.0,12.728093708774756,13.551012489768159,24.70476335467165,0.2579535683576956,1.2897678417884781,98.7091222030981,29.093500001181383,46.80308000242803,1163
loo,dtw_online,20,10,0.0,5.721946128191251,8.774097930546256,25.063050385717947,39.335180055401665,49.4921514312096,99.07578558225508,28.301999998802785,29.83947999891825,1083
loo,dtw_online,20,11,0.0,12.253008266360894,11.995566491982803,21.903065140976782,0.5025125628140703,14.237855946398659,99.41324392288348,28.499699999883887,40.53471000061108,1194
loo,dtw_online,20,12,0.0,11.988225572883321,10.879233867998703,25.474587307605614,20.271493212669682,30.76923076923077,98.18840579710145,28.44859999822802,42.09694000091985,1105
loo,dtw_online,20,13,0.0,11.079958441487298,9.561529211239165,22.544079396900763,27.620632279534107,41.26455906821963,99.33388842631142,26.807050000570598,30.454500000632837,1202
loo,dtw_online,20,14,0.0,10.805672538860119,10.230132983574745,23.169582314096626,23.762376237623762,29.53795379537954,98.67877786952931,25.630400001318776,34.364939998886264,1212
loo,dtw_online,20,17,0.0,2.234891838585136,5.896894059484508,23.644150209584694,47.459086993970715,59.68992248062015,99.05172413793103,23.85649999996531,28.546400000777794,1161
loo,dtw_online,20,16,0.0,2.0534893663238405,3.286494367087441,11.251367287790297,49.040139616055846,83.7696335078534,99.47598253275109,26.405750000776607,32.324400000106834,1146
loo,dtw_online,20,15,0.0,6.307984500396051,8.906559570022857,25.641858985333478,34.48275862068966,48.87931034482759,99.2234685073339,25.52260000084061,37.1028399989882,1160
loo,dtw_online,20,18,0.0,7.968472017757233,9.580692307436367,25.57764855523672,31.757359500446032,43.80017841213203,98.92857142857143,21.78990000174963,33.419200000935234,1121
loo,dtw_online,20,19,0.0,10.515603247032287,9.665169479927396,24.71211782446228,26.19760479041916,39.895209580838326,98.80149812734082,17.354150000755908,28.3530000006067,1336
