mode,method,ref_lap,test_lap,delta,median,mean,p95,pct_under_2m,pct_under_5m,tracking_pct,latency_median_ms,latency_p95_ms,n_frames
loo,nn_greedy,1,2,0.0,9.467815791802767,16.23420499344792,46.48038070765069,27.218225419664265,47.16227018385292,95.28188724510196,0.06800000119255856,0.08299999899463728,2502
loo,nn_window,1,2,0.0,29.308828571375813,30.120862285340586,45.18369554524272,0.6394884092725819,1.2789768185451638,100.0,0.09749999662744813,0.12039499997626989,2502
loo,nn_greedy,1,3,0.0,13.93094458153804,17.344908470192404,46.58929444031512,23.103581055063536,38.12090874085483,95.26194144838213,0.07499999992433004,0.08671999821672215,2597
loo,nn_greedy,1,4,0.0,10.887025375668802,16.820682384354715,47.94886710924345,26.14213197969543,42.089678510998304,95.64113415150233,0.07819999882485718,0.08898499781935242,2364
loo,nn_greedy,1,5,0.0,14.241259553874716,18.208167948678806,47.73911949819081,26.924643584521384,41.54786150712831,96.16951915240423,0.07630000254721381,0.08782999939285216,2455
loo,nn_window,1,4,0.0,25.396400407502142,22.160339949361834,33.58797377703343,3.4263959390862944,7.825719120135363,100.0,0.09670000144978985,0.1204249976581195,2364
loo,nn_window,1,3,0.0,34.53492517410277,34.651148016317556,50.97188956539548,0.4235656526761648,0.9626492106276472,100.0,0.09649999992689118,0.1398199987306724,2597
loo,nn_window,1,5,0.0,28.15787742890865,30.452946022541447,49.561562426299915,2.2810590631364565,6.558044806517311,100.0,0.09729999874252826,0.12065999835613178,2455
loo,nn_greedy,1,6,0.0,13.039900140314726,17.670241081525344,47.56895108764065,24.7348324140857,40.602460755197285,94.60950764006792,0.07279999772435986,0.09455999897909345,2357
loo,nn_window,1,6,0.0,28.79369367436897,27.558120337999583,42.850947716654794,0.975816716164616,2.1213406873143823,100.0,0.08960000195656903,0.13089999920339304,2357
loo,nn_greedy,1,7,0.0,18.811280234936564,20.485412464980705,46.22476894603765,15.502958579881657,26.86390532544379,96.32991318074191,0.0689999978931155,0.08226000063586975,2535
loo,particle,1,2,0.0,1.7381937834157628,2.5223566640390125,6.6078402773977905,58.033573141486805,90.92725819344525,99.28028788484606,0.3509999987727497,0.5382799989092745,2502
loo,particle,1,4,0.0,1.779879591859789,3.151483920598169,12.542538200021372,55.287648054145514,80.668358714044,100.0,0.3489499995339429,0.5370099990614106,2364
loo,particle,1,3,0.0,2.1319800065596777,4.08676069853907,16.10852317312698,45.591066615325374,80.86253369272237,98.15100154083206,0.3476999991107732,0.5257200020423621,2597
loo,particle,1,5,0.0,1.8991556877738216,2.7605244569160248,7.1904800451945805,53.23828920570265,83.62525458248471,100.0,0.347400000464404,0.4320499989262315,2455
loo,nn_window,1,7,0.0,23.276199594141044,28.20220355129974,50.817551168142394,2.52465483234714,4.45759368836292,100.0,0.08940000043367036,0.11143000083393415,2535
loo,nn_greedy,1,8,0.0,17.667958478740346,19.399617286638684,45.723748161027515,16.82592438720399,28.541753219775657,96.25935162094763,0.0656000011076685,0.07850000110920519,2407
loo,particle,1,6,0.0,2.0629645077356824,2.861224796623231,7.253167081646092,48.32414085702163,80.69579974543912,100.0,0.34100000266334973,0.5333999986760318,2357
loo,nn_window,1,8,0.0,27.26482221286724,29.780689538909282,50.43250288495176,2.451184046530951,7.104279185708351,100.0,0.09139999747276306,0.12197000105516052,2407
loo,hmm_forward,1,2,0.0,2.6593006407664412,10.51253195900908,46.102575352440084,39.64828137490008,65.54756195043964,95.08196721311475,0.2509000005375128,0.29668499992112624,2502
loo,particle,1,7,0.0,2.7225860826729793,4.108441648485154,9.086306871421874,39.171597633136095,71.28205128205128,98.30307813733228,0.3333000022394117,0.4309500000090337,2535
loo,hmm_forward,1,3,0.0,2.5734819511292195,10.660468089671278,46.12308399143926,40.46977281478629,65.65267616480554,95.33898305084746,0.2480000002833549,0.2852599995094351,2597
loo,hmm_forward,1,4,0.0,2.4614320887698016,9.382438018993685,43.03043065165482,43.57021996615905,64.80541455160744,95.04866694879391,0.24429999939457048,0.29483999787771603,2364
loo,nn_greedy,1,9,0.0,16.680119790524806,18.807829256376223,45.16938973316705,19.19271863870202,31.46022952117135,95.96199524940617,0.07230000119307078,0.08499999967170879,2527
loo,nn_window,1,9,0.0,28.221232926622278,30.323268777839136,50.47700769079696,2.2556390977443606,6.64819944598338,100.0,0.0926000029721763,0.11972000065725286,2527
loo,hmm_forward,1,5,0.0,2.3076118235300016,8.581685637260518,41.62966414452142,43.462321792260695,68.55397148676171,95.47677261613691,0.24169999960577115,0.30053000009502284,2455
loo,particle,1,8,0.0,2.1170981338119192,3.0370080718481978,8.49692798112511,46.904860822600746,80.26589115081015,99.58437240232752,0.3293999980087392,0.39403999908245163,2407
loo,hmm_forward,1,6,0.0,8.319700832463651,16.589157304894925,47.60559479556818,27.238014425116674,45.226983453542644,93.25127334465195,0.2320000021427404,0.31021999748190865,2357
loo,nn_greedy,1,10,0.0,18.148595788858884,19.813201702689124,45.88691405288996,13.700990952175788,29.513140887548474,95.86206896551724,0.06570000186911784,0.07920000280137174,2321
loo,nn_window,1,10,0.0,23.5122771337232,24.193728501141187,46.62483681775259,3.705299439896596,14.821197759586385,100.0,0.0895000011951197,0.1109000004362315,2321
loo,hmm_forward,1,9,0.0,16.527903986460405,18.85063894865271,49.0693179124141,15.314602295211714,32.093391373169766,90.10292953285828,0.23330000112764537,0.2957300010166362,2527
loo,nn_greedy,1,11,0.0,21.680849641754143,21.846761590383185,47.28026720443459,13.648409893992932,21.37809187279152,95.09500662836942,0.06690000009257346,0.08259999958681874,2264
loo,hmm_forward,1,7,0.0,10.403751413628784,14.090787877056313,43.12076991635107,17.159763313609467,32.899408284023664,93.56748224151539,0.24560000019846484,0.27869000005011907,2535
loo,hmm_forward,1,10,0.0,13.822713151181235,16.68771317127868,45.723235581176986,15.295131408875484,34.76949590693666,91.9396551724138,0.22090000129537657,0.2916000012191944,2321
loo,nn_window,1,11,0.0,17.935344390664206,18.044917422289455,32.46798950104569,2.1201413427561837,8.03886925795053,100.0,0.0988000028883107,0.11110000141343335,2264
loo,particle,1,9,0.0,2.0071777326666265,3.3883467403670715,11.24813785089546,49.78235061337554,78.07677087455481,100.0,0.3366999990248587,0.5055100002209656,2527
loo,particle,1,10,0.0,2.8624198363567257,6.952477374522021,24.00025196196478,37.483843171046956,67.64325721671693,94.91379310344827,0.3266000021540094,0.3770000002987217,2321
loo,nn_greedy,1,12,0.0,15.64107705153653,18.141191032971,48.13800679569499,28.702290076335878,40.49618320610687,96.21993127147766,0.07209999967017211,0.08340000204043463,2620
loo,nn_window,1,12,0.0,22.1802373397193,22.93488349662365,38.66872104176362,4.732824427480916,6.526717557251908,100.0,0.08610000077169389,0.09580000187270343,2620
loo,hmm_forward,1,8,0.0,4.267732103149253,10.645649756286456,39.023567342684935,25.42584129621936,55.08932280847528,92.43557772236076,0.2555999999458436,0.3301000018836929,2407
loo,hmm_forward,1,11,0.0,24.352491232421983,23.225913582788795,46.56923634779525,12.36749116607774,20.980565371024735,93.68095448519665,0.2535999992687721,0.33118500068667345,2264
loo,nn_greedy,1,13,0.0,15.079202034406917,18.485050746120127,47.272398170933265,21.85483870967742,34.193548387096776,96.16780960064543,0.0746000005165115,0.08350500265805746,2480
loo,particle,1,11,0.0,2.4893785474288563,4.5749753539521985,15.192495640162301,37.0583038869258,79.63780918727915,98.01148917366328,0.3260000012232922,0.5415049994553555,2264
loo,nn_window,1,13,0.0,31.322217265183113,34.251042228448966,51.21044391721182,0.3629032258064516,0.8870967741935484,100.0,0.09670000144978985,0.11159999849041924,2480
loo,hmm_forward,1,12,0.0,3.750933775027137,11.481320621954753,42.14106524825008,37.70992366412214,53.282442748091604,94.692630775105,0.2488999998604413,0.3301599996120782,2620
loo,particle,1,12,0.0,1.7416463287515485,5.900357949008885,22.975791432406673,53.74045801526718,70.38167938931298,99.46544482626956,0.3240000005462207,0.4620850000719652,2620
loo,nn_greedy,1,14,0.0,12.828047026941626,17.22213167650371,47.77505532642325,26.93217665615142,40.77287066246057,96.37080867850099,0.06760000178474002,0.08199999865610152,2536
loo,nn_window,1,14,0.0,22.38946252805598,22.87428788224259,38.02667210839184,1.9321766561514198,3.588328075709779,100.0,0.08610000077169389,0.10370000018156134,2536
loo,hmm_forward,1,13,0.0,21.109529951156798,20.657615607915222,47.16418579932248,16.33064516129032,25.766129032258068,92.61799112545381,0.2190000013797544,0.26511499945627287,2480
loo,particle,1,13,0.0,3.941392023038344,9.450098801443842,45.78454066588082,32.29838709677419,56.048387096774185,97.05526421944333,0.32749999809311703,0.4829049990803469,2480
loo,nn_greedy,1,15,0.0,20.36246766077643,20.310657318828454,47.81890017655686,18.289205702647656,30.346232179226067,96.37326813365932,0.06629999916185625,0.08119999984046444,2455
loo,hmm_forward,1,14,0.0,7.8797933630520465,15.421216615793893,47.352496112350835,29.574132492113563,44.99211356466877,92.66272189349112,0.21779999951831996,0.2633499998410116,2536
loo,particle,1,14,0.0,3.7399679630559257,7.312842191288545,23.99811823372546,36.98738170347003,57.216088328075706,97.43589743589743,0.32360000113840215,0.44809999963035807,2536
loo,nn_window,1,15,0.0,29.752483935304564,31.765715839468818,49.64539652499522,0.5295315682281059,0.9775967413441956,100.0,0.08610000077169389,0.10892999998759476,2455
loo,hmm_forward,1,15,0.0,21.840333228514876,21.427561818595574,48.52158009152129,18.329938900203665,28.187372708757636,94.66177669111654,0.21750000087195076,0.25099999766098335,2455
loo,nn_greedy,1,16,0.0,21.97985667915121,22.092449753863534,47.72745856040622,7.0327933623073875,17.700513630975898,96.08695652173913,0.06589999975403771,0.0777000004745787,2531
loo,particle,1,15,0.0,7.813435007284837,14.85390193447019,44.82754326942166,28.879837067209774,42.76985743380855,92.95028524857376,0.325400000292575,0.5239300011453452,2455
loo,nn_window,1,16,0.0,23.017342221840416,26.452121599167917,47.354036601616045,2.489134729355986,9.28486764124852,100.0,0.08600000001024455,0.10440000187372789,2531
loo,hmm_forward,1,16,0.0,21.56215642893453,21.23514838396437,44.194037168825716,3.7534571315685503,11.181351244567365,92.92490118577075,0.21810000180266798,0.2752999989752425,2531
loo,particle,1,16,0.0,11.016993886800432,14.370249789501045,38.16809139250881,11.655472145397077,20.74278941129988,96.40316205533597,0.3219999998691492,0.49199999921256676,2531
loo,nn_greedy,1,17,0.0,22.00083133591795,22.152310829246638,49.19759328078961,11.688804554079695,22.960151802656547,96.50721336370539,0.06589999975403771,0.07542999956058336,2635
loo,nn_window,1,17,0.0,29.286243300873306,30.775084509689126,51.053576775256346,0.49335863377609107,3.6053130929791273,100.0,0.08590000288677402,0.10632999837980603,2635
loo,dtw_online,1,11,0.0,27.599173473011117,25.809126383181738,52.07557958486212,8.8339222614841,17.00530035335689,98.27662395050818,66.35689999893657,71.48269000063007,2264
loo,hmm_forward,1,17,0.0,22.631396156925213,21.855810038649192,48.907482017737365,7.2106261859582546,21.138519924098674,91.00227790432803,0.21699999706470408,0.25282999959017616,2635
loo,particle,1,17,0.0,14.895063453288818,18.38300029113688,44.41229987871323,13.244781783681214,27.817836812144215,89.90129081245254,0.3220999969926197,0.4510700007813279,2635
loo,nn_greedy,1,18,0.0,21.648380800199302,21.896202459898134,46.90199179733716,10.503369005152596,21.16527942925089,96.07454401268835,0.06579999899258837,0.0825899998744717,2523
loo,nn_window,1,18,0.0,27.00918103141282,29.117202474513373,48.242651845571125,2.457391993658343,8.7594133967499,100.0,0.08569999772589654,0.09970000210159924,2523
loo,dtw_online,1,8,0.0,26.20519660564728,25.655324954261275,47.09221038154397,2.3265475695886995,7.312006647278771,98.66999168744805,66.66499999846565,77.05472000052393,2407
loo,dtw_online,1,5,0.0,18.687037113963473,17.993546963037478,40.30741739697284,17.14867617107943,32.301425661914465,98.61450692746536,66.66419999965001,77.34136999970349,2455
loo,particle,1,18,0.0,5.64737834196863,10.484906825718447,36.22668711954495,23.97938961553706,47.4435196195006,93.41792228390166,0.32479999936185777,0.4118799970456166,2523
loo,nn_greedy,1,19,0.0,18.147658160485594,20.571053111321305,45.73196868710639,14.794940590264469,23.91720965887313,96.62576687116564,0.06539999958476983,0.0732000007701572,2609
loo,nn_window,1,19,0.0,27.903437552951342,31.348865197370326,48.019201581112696,0.6515906477577615,1.7247987734764276,100.0,0.08549999984097667,0.10330000004614699,2609
loo,hmm_forward,1,18,0.0,23.01992836030653,21.368218383609527,45.75432687270662,6.024573919936584,18.39080459770115,93.18001586042823,0.2151000007870607,0.2653800016560126,2523
loo,hmm_forward,1,19,0.0,19.948640783284084,22.22327234074715,49.82133898727779,2.798006899195094,17.209658873131467,92.75306748466258,0.21529999867198057,0.2810600024531595,2609
loo,particle,1,19,0.0,10.064405600079592,13.930274120373985,48.84485836058965,10.463779225756994,39.55538520505941,97.27760736196319,0.32190000274567865,0.39602000106242485,2609
loo,nn_greedy,1,20,0.0,18.200138384420715,20.227133356682568,46.595324312113384,13.464630225080384,21.70418006430868,95.8584640128669,0.0656000011076685,0.07800000093993731,2488
loo,nn_window,1,20,0.0,26.93919806374349,29.307574014542222,48.24685933050651,2.4115755627009645,6.872990353697748,100.0,0.08549999984097667,0.09390000195708126,2488
loo,dtw_online,1,4,0.0,3.583702887586692,9.412478234187603,32.02006570205692,30.710659898477154,56.17597292724196,98.89970376639864,68.69390000065323,94.90602499918165,2364
loo,dtw_online,1,15,0.0,18.785967687801534,17.201044807488124,37.103411741113305,18.289205702647656,32.0162932790224,98.8997555012225,66.54970000090543,77.34349999991535,2455
loo,dtw_online,1,9,0.0,25.350561240725057,23.08132635663226,39.7123483145003,3.126236644242184,7.6375148397309065,98.17893903404592,66.38839999868651,76.93092000008619,2527
loo,particle,1,20,0.0,8.305463382406803,14.376457787705784,40.72679345916308,13.143086816720256,37.339228295819936,95.29553679131485,0.32189999910769984,0.3876649991070735,2488
loo,nn_greedy,2,1,0.0,4.946606553711236,14.985334959733718,48.89994127592751,27.560300514037166,50.217477263740605,96.28164556962025,0.0656000011076685,0.07499999992433004,2529
loo,dtw_online,1,7,0.0,23.064805104178507,22.898199303647182,39.89169324838009,5.04930966469428,8.599605522682447,98.30307813733228,66.80209999831277,77.40551999959277,2535
loo,nn_window,2,1,0.0,24.161160486660577,21.81500966194632,39.972094438947884,5.298536971134836,11.664689600632661,100.0,0.08560000060242601,0.09510000018053688,2529
loo,hmm_forward,1,20,0.0,20.011642969178475,21.310016575863845,48.15003126964592,7.114147909967845,18.327974276527332,92.32006433453961,0.2172999993490521,0.29982500091136904,2488
loo,nn_greedy,2,3,0.0,12.360273826633053,15.0615196324551,45.39046222626783,27.22371967654987,41.509433962264154,95.10785824345146,0.06550000034621917,0.08391999945160931,2597
loo,dtw_online,1,3,0.0,1.798522605376853,2.937102048055628,10.027710857120244,55.756642279553326,85.5602618405853,99.22958397534669,66.41930000114371,73.10786000089136,2597
loo,nn_window,2,3,0.0,33.235963871713544,34.24953555279007,48.44745248533899,0.3080477474008471,0.7316134000770119,100.0,0.08549999984097667,0.10089999996125688,2597
loo,particle,2,1,0.0,1.7667259967861964,3.6240654895251563,18.019178824844694,57.018584420719655,83.55081059707395,100.0,0.3235000003769528,0.39340000148513354,2529
loo,hmm_forward,2,3,0.0,2.742682860478638,8.240298160826091,35.67734320974126,38.35194455140547,65.46014632268002,95.3004622496148,0.21780000315629877,0.3035200010344852,2597
loo,hmm_forward,2,1,0.0,2.8120470295041633,8.955602011813019,41.77495475960281,32.50296559905101,74.61447212336893,95.05537974683544,0.23040000087348744,0.28886000072816387,2529
loo,nn_greedy,2,4,0.0,13.975648499772918,16.383597468498774,45.41793449656344,24.196277495769884,38.11336717428088,95.64113415150233,0.0653000024612993,0.07299999924725853,2364
loo,particle,2,3,0.0,1.8933639520570178,4.219750244045666,15.871313201802238,51.75202156334232,74.547554871005,99.03697996918336,0.32389999978477135,0.4243000003043554,2597
loo,nn_window,2,4,0.0,28.13745558809083,30.72646477954541,51.52479969409987,0.5922165820642978,2.4534686971235193,100.0,0.08769999840296805,0.10358499930589458,2364
loo,hmm_forward,2,4,0.0,3.2644348886569143,11.121406210436923,44.651268257626526,35.82910321489002,58.03722504230119,93.73677528565383,0.21560000095632859,0.2443999983370304,2364
loo,dtw_online,1,10,0.0,19.024229839218645,21.624823150682964,38.909097200606844,4.3515725980180955,5.127100387763895,98.01724137931035,70.78209999963292,94.32849999939208,2321
loo,nn_greedy,2,5,0.0,11.610991843012348,16.133177175258563,45.59565727296532,31.486761710794298,44.276985743380855,96.16951915240423,0.06519999806187116,0.07212999880721324,2455
loo,nn_window,2,5,0.0,27.331234346308534,29.53504437795015,54.16538127676342,7.169042769857434,14.052953156822811,100.0,0.08600000001024455,0.10420000035082921,2455
loo,dtw_online,1,6,0.0,12.11953688598896,12.69673738885804,29.191166613096367,21.340687314382688,35.171828595672466,98.3446519524618,70.41989999925136,96.30411999969506,2357
loo,particle,2,4,0.0,1.6313116908069953,2.4520568728071512,7.329679638168527,60.74450084602368,84.94077834179356,100.0,0.33179999809362926,0.47064000027603464,2364
loo,nn_greedy,2,6,0.0,15.507377954656205,18.607777725793152,48.238284602690136,23.971149766652523,36.23249893932965,95.84040747028862,0.06539999958476983,0.07713999802945178,2357
loo,nn_window,2,6,0.0,23.68609156364937,22.255567957151097,37.12013942540191,4.242681374628765,6.703436571913449,100.0,0.08709999747225083,0.11123999938718039,2357
loo,particle,2,5,0.0,1.6037905896430524,3.9545266545438325,19.489359700378305,59.75560081466396,80.93686354378818,100.0,0.32499999724677764,0.4564599996228929,2455
loo,hmm_forward,2,5,0.0,2.9494794798795434,14.131113109365796,46.406103135552115,39.75560081466395,58.45213849287168,95.72127139364304,0.22119999994174577,0.2645900007337331,2455
loo,hmm_forward,2,6,0.0,3.0637717219981537,11.067936138252982,44.21755645419135,33.814170555791264,59.355112431056426,95.28862478777589,0.21980000019539148,0.2482400013832375,2357
loo,nn_greedy,2,7,0.0,18.90042126672962,19.98884355570716,44.551442529035995,13.727810650887573,22.209072978303748,96.13259668508287,0.06539999958476983,0.07239999831654131,2535
loo,nn_window,2,7,0.0,26.32829652919586,27.432609000506336,54.68494578680945,4.45759368836292,15.502958579881657,100.0,0.08549999984097667,0.0962300004175631,2535
loo,particle,2,6,0.0,2.1350548698747387,4.263420789872449,18.789598077885202,48.23928722952906,77.81077641069156,100.0,0.3233999996155035,0.5378800007747485,2357
loo,hmm_forward,2,7,0.0,12.434661981273996,16.429117927541498,45.18322280267915,6.153846153846154,22.524654832347142,95.89581689029202,0.21950000154902227,0.26013000060629565,2535
loo,particle,2,7,0.0,3.4631316746562746,4.420177999030548,12.06980219585591,26.232741617357004,74.71400394477318,99.9605367008682,0.32310000096913427,0.5119800000102244,2535
loo,dtw_online,1,2,0.0,15.964389775259225,16.53411324642373,37.18567050770086,20.503597122302157,31.254996003197444,98.4406237504998,69.17310000062571,93.83345000023832,2502
loo,nn_greedy,2,8,0.0,19.293628856129203,20.247352514252192,45.377741838695826,15.66265060240964,25.799750727046117,96.55029093931837,0.06519999806187116,0.07637000053364316,2407
loo,nn_window,2,8,0.0,21.893314887327776,27.235752041042872,55.0551552806036,2.3680930619027833,10.095554632322393,100.0,0.08610000077169389,0.1083999995898921,2407
loo,dtw_online,1,14,0.0,2.1963129686702523,5.8961581299982,29.462386294370557,46.845425867507885,74.80283911671924,99.40828402366864,65.77724999988277,90.80940000058035,2536
loo,particle,2,8,0.0,3.165665926059715,4.808907922207134,17.623747267504346,33.90112172829248,71.8321562110511,99.25187032418953,0.3224000029149465,0.3905000012309756,2407
loo,nn_greedy,2,9,0.0,17.991188973383608,19.66217427583952,44.54497511018896,15.393747526711515,28.017411950929954,96.67458432304038,0.0652999988233205,0.0718000010238029,2527
loo,nn_window,2,9,0.0,26.990989539248826,27.694046201656306,45.04371484586445,0.0,2.0182034032449545,100.0,0.08589999924879521,0.10349999865866266,2527
loo,hmm_forward,2,8,0.0,14.86974821148434,18.058626112961523,48.83848637301857,10.344827586206897,26.339842127129202,91.14713216957607,0.21969999943394214,0.2672300004633138,2407
loo,hmm_forward,2,9,0.0,10.48004269692263,16.471397658419747,48.25393067194288,14.364859517214088,34.58646616541353,93.42834520981789,0.21829999968758784,0.2571000004536472,2527
loo,particle,2,9,0.0,3.327663073158076,6.359853136824325,22.597789802262835,33.636723387415906,62.9996042738425,97.11005542359462,0.32360000113840215,0.4086799988726852,2527
loo,nn_greedy,2,10,0.0,19.419930299820248,20.468914323676117,44.15930529565566,9.86643688065489,23.912106850495476,95.5603448275862,0.06510000093840063,0.07710000136285089,2321
loo,nn_window,2,10,0.0,29.853153218382708,30.9058601764896,48.949583826039444,0.5601034037052994,2.3696682464454977,100.0,0.08519999755662866,0.10429999747429974,2321
loo,dtw_online,1,13,0.0,23.647512452066387,21.790623079089592,37.28731793039436,4.67741935483871,6.532258064516129,98.50746268656717,70.40109999979904,94.8184400025638,2480
loo,hmm_forward,2,10,0.0,16.733488804459473,18.92460815751168,45.20344886022435,10.08186126669539,25.075398535114175,90.47413793103448,0.2167999991797842,0.23019999935058877,2321
loo,dtw_online,1,17,0.0,26.72706217068918,27.63947535203412,51.26688665730947,4.098671726755218,9.335863377609108,98.2536066818527,66.81110000135959,80.33045999982271,2635
loo,particle,2,10,0.0,3.381830089175266,10.749872986246055,43.53245850143232,32.14131839724257,59.15553640672124,95.47413793103449,0.3222999985155184,0.4144000013184268,2321
loo,nn_greedy,2,11,0.0,20.780653523303236,21.684907352108667,46.185155362656964,12.102473498233216,20.406360424028268,95.22757401679188,0.06520000169984996,0.07539999933214858,2264
loo,nn_window,2,11,0.0,20.01601133456885,19.246451190181673,31.674569651086646,1.1042402826855124,5.123674911660777,100.0,0.08539999907952733,0.10000000111176632,2264
loo,hmm_forward,2,11,0.0,22.724136376604868,21.395492144414554,47.804400446939894,12.36749116607774,25.83922261484099,93.19487406098101,0.2182000025641173,0.2583699997558142,2264
loo,dtw_online,1,12,0.0,3.934870259687702,10.352271841061162,32.494654527542245,38.93129770992366,53.89312977099237,99.00725467735776,68.38505000087025,89.61704499852199,2620
loo,particle,2,11,0.0,2.316806100269913,2.9115222677341333,8.330816420050796,41.563604240282686,88.16254416961131,99.69067609368095,0.32170000122278,0.40780500003165787,2264
loo,nn_greedy,2,12,0.0,13.210155240344232,15.770467648849305,44.23307258116463,24.923664122137403,38.3206106870229,95.87628865979381,0.06610000127693638,0.07770499869366174,2620
loo,nn_window,2,12,0.0,21.961579705499297,21.531838749009808,39.250398892860396,5.763358778625954,15.229007633587784,100.0,0.08570000136387534,0.0959049990342464,2620
loo,hmm_forward,2,12,0.0,2.9832682274417683,9.732848321508145,43.82785137580825,40.87786259541984,57.137404580152676,95.07445589919816,0.21850000121048652,0.24781500214885446,2620
loo,dtw_online,1,16,0.0,26.371130783559074,26.577828071265834,49.91852426121129,1.8174634531805611,3.7139470564994075,98.4584980237154,69.35650000013993,93.72255000016594,2531
loo,nn_greedy,2,13,0.0,13.708263126740338,16.312841982532582,47.64717046742831,20.241935483870968,37.41935483870968,95.4417103670835,0.0700999989931006,0.07800500079611081,2480
loo,nn_window,2,13,0.0,16.98457403458218,18.640010916029027,33.74542797100863,4.435483870967742,16.370967741935484,100.0,0.09069999941857532,0.1034049981171847,2480
loo,particle,2,12,0.0,1.5230335549278626,3.7767863508884045,18.750082865817223,61.56488549618321,80.68702290076337,100.0,0.32619999910821207,0.3757999986191862,2620
loo,hmm_forward,2,13,0.0,6.0059328154407865,12.413234212814482,43.30530317265808,29.879032258064512,46.45161290322581,94.87696651875757,0.21950000154902227,0.2926050008682063,2480
loo,particle,2,13,0.0,2.35245729392918,4.747355124843784,14.792901400631584,45.60483870967742,69.55645161290323,98.70915691811214,0.3226000007998664,0.43228499853284985,2480
loo,nn_greedy,2,14,0.0,15.052902663028323,17.49179913332635,46.644988706494956,19.755520504731862,35.33123028391167,96.25246548323472,0.06580000263056718,0.07562500013591489,2536
loo,nn_window,2,14,0.0,23.636007471903753,21.612130426179668,38.276197005552795,2.5630914826498423,10.33123028391167,100.0,0.08619999789516442,0.09992500054067932,2536
loo,dtw_online,1,18,0.0,25.86051348023217,24.676653715628042,43.227836150809125,4.5184304399524375,8.9179548156956,98.25535289452814,67.09609999961685,76.40006999863546,2523
loo,hmm_forward,2,14,0.0,10.629565650371212,14.477158222275284,42.8120011244377,24.72397476340694,38.8801261829653,95.62130177514793,0.21719999858760275,0.2465249999659136,2536
loo,particle,2,14,0.0,3.0855772476581986,6.818976982942744,22.921162626551368,40.02365930599369,59.89747634069401,96.68639053254438,0.32020000071497634,0.45207499988464406,2536
loo,nn_greedy,2,15,0.0,15.97078613971841,18.193333665853167,47.1681332245539,19.79633401221996,32.627291242362524,96.12876935615321,0.06450000000768341,0.0713999990693992,2455
loo,nn_window,2,15,0.0,24.661800611503203,22.97428264118286,37.01901041182573,2.8513238289205702,4.684317718940937,100.0,0.08469999738736078,0.09479000036662902,2455
loo,dtw_online,2,4,0.0,9.640763663114818,12.006745014558343,28.516345145512027,24.28087986463621,43.78172588832487,98.77274650867541,67.11249999898428,81.91119999773946,2364
loo,hmm_forward,2,15,0.0,15.09446035269002,17.964753589333892,47.40813925047489,24.521384928716905,35.84521384928717,94.62102689486552,0.21489999926416203,0.23052999822539275,2455
loo,dtw_online,2,5,0.0,19.700552858662093,18.337880536883667,40.30890532136724,10.183299389002038,27.983706720977597,98.81825590872046,65.60629999876255,69.36327999828791,2455
loo,nn_greedy,2,16,0.0,17.642363300969915,20.169640124802182,47.79559838153703,6.124061635717108,19.715527459502173,95.88932806324111,0.06510000093840063,0.07299999924725853,2531
loo,nn_window,2,16,0.0,30.628249054560673,31.770248580721177,48.118410366416654,1.1853022520742789,3.2398261556696957,100.0,0.08489999891025946,0.09384999975736719,2531
loo,particle,2,15,0.0,2.7916964883103765,7.910906276938967,26.772321667977756,42.28105906313645,63.34012219959266,97.10676446617767,0.3198000013071578,0.4410600016853993,2455
loo,dtw_online,2,6,0.0,18.5361317097656,17.523204485262216,39.49622694989502,17.90411540093339,35.0445481544336,99.02376910016977,67.15359999725479,81.26195999939226,2357
loo,hmm_forward,2,16,0.0,19.683364641873226,21.664318317934054,47.603240720802404,5.926511260371395,12.248123271434215,93.91304347826087,0.2148000021406915,0.23034999867377337,2531
loo,nn_greedy,2,17,0.0,18.326037214044042,20.910762813025414,48.33783222237982,12.296015180265654,23.111954459203034,96.12756264236903,0.06510000093840063,0.07200000000011642,2635
loo,particle,2,16,0.0,12.305995362204362,16.859863473355393,45.21519996971706,7.8229948636902416,31.80561043065982,93.24110671936758,0.32780000037746504,0.43974999971396755,2531
loo,nn_window,2,17,0.0,29.656645987114768,29.92157893727817,48.58811611821687,1.2903225806451613,2.808349146110057,100.0,0.08499999967170879,0.0955299998167902,2635
loo,dtw_online,1,20,0.0,26.138782345669462,25.798353715624646,49.20504791920399,4.019292604501608,11.254019292604502,98.7535182951347,67.5099499985663,71.09885000027136,2488
loo,hmm_forward,2,17,0.0,20.946455736371597,22.243781123916747,48.795762000421256,6.451612903225806,12.56166982922201,91.41989369779803,0.21570000171777792,0.2330300016183173,2635
loo,nn_greedy,2,18,0.0,17.59162855057395,20.134771948579132,47.41050268745288,10.146650812524772,23.42449464922711,96.11419508326725,0.06500000017695129,0.07219000035547653,2523
loo,particle,2,17,0.0,8.651205253161587,11.420352330529662,35.7497674720583,14.383301707779886,35.483870967741936,93.77372817008353,0.3209999995306134,0.41975999956775917,2635
loo,nn_window,2,18,0.0,23.268434273046786,25.986579936407463,43.44026158164903,1.3872374157748713,3.1311930241775663,100.0,0.08499999967170879,0.10609000019030647,2523
loo,dtw_online,1,19,0.0,26.36769368311042,24.291127585273134,42.90703784322478,4.522805672671522,9.31391337677271,98.54294478527608,66.30439999935334,70.01503999999841,2609
loo,hmm_forward,2,18,0.0,21.209126557357166,22.525135696244597,45.951405008636435,1.9817677368212445,11.969877130400317,94.56780333068993,0.21579999884124845,0.2331600004254142,2523
loo,dtw_online,2,1,0.0,9.539627481770404,14.5525478073589,36.88859776909127,22.499011466982996,44.404903123764335,98.53639240506328,66.25229999917792,71.86131999842473,2529
loo,particle,2,18,0.0,9.296223780294785,14.39046548365553,39.51491510457012,14.387633769322235,34.244946492271104,92.14908802537668,0.32140000257641077,0.37068999954499304,2523
loo,nn_greedy,2,19,0.0,16.604069290703695,19.80804017696296,45.471508560016474,11.153698735147566,22.690686086623227,96.58742331288343,0.06479999865405262,0.07449999975506216,2609
loo,nn_window,2,19,0.0,30.504907650938915,31.44739926465903,49.794916048958356,0.9582215408202376,2.4913760061326182,100.0,0.08560000060242601,0.096900001517497,2609
loo,hmm_forward,2,19,0.0,17.164396375948975,21.212543360106324,48.74278528876286,7.167497125335378,17.822920659256418,91.60276073619632,0.216500000533415,0.30116000125417486,2609
loo,nn_greedy,2,20,0.0,17.72348640561399,21.026244580526207,48.857104507035764,9.807073954983924,21.663987138263664,96.4616003216727,0.06570000186911784,0.07470000000466825,2488
loo,particle,2,19,0.0,7.216402017474776,14.44337672829222,42.78975589362507,16.788041395170563,45.61134534304331,94.47852760736197,0.3233999996155035,0.4268000011506954,2609
loo,dtw_online,2,11,0.0,26.364063586814545,24.758919344928657,43.5978836953497,6.625441696113074,11.749116607773852,97.96730004418913,66.85465000009572,78.81347499842377,2264
loo,nn_window,2,20,0.0,40.61675968720226,37.22962279245519,50.13449194852768,0.0,0.0,100.0,0.08560000060242601,0.10286499873473078,2488
loo,hmm_forward,2,20,0.0,18.107617813854155,21.598968950208924,48.235932773919814,5.94855305466238,14.107717041800644,91.99839163650985,0.21300000298651867,0.22600000011152588,2488
loo,nn_greedy,3,1,0.0,14.055193018196647,16.91950286872571,45.73228456564852,26.769474100434955,42.62554369315935,95.76740506329115,0.06420000136131421,0.0718000010238029,2529
loo,particle,2,20,0.0,10.66949952235031,14.180050437860276,34.66293678565991,8.60128617363344,28.778135048231512,93.40570969039003,0.3193000011378899,0.3740649997780565,2488
loo,nn_window,3,1,0.0,17.24742102106632,19.234093358438226,33.928968661396,0.276789244760775,1.7002767892447608,100.0,0.08510000043315813,0.0929000016185455,2529
loo,hmm_forward,3,1,0.0,3.8189092812640664,12.800288781586923,46.77935867244873,33.847370502174776,54.804270462633454,93.90822784810126,0.21249999917927198,0.22525999956997111,2529
loo,dtw_online,2,10,0.0,22.342606681490306,20.68182094018759,36.33797584289751,6.419646704006894,10.297285652735889,98.31896551724138,66.73650000084308,84.62539999891305,2321
loo,nn_greedy,3,2,0.0,10.658348650972158,14.671590663214353,45.44021951929401,28.457234212629896,42.88569144684253,95.44182327069173,0.0667000022076536,0.07420000092679402,2502
loo,particle,3,1,0.0,3.3873569843435614,12.384883702374694,46.893706952776604,38.15737445630684,55.832344800316335,92.8006329113924,0.31990000206860714,0.4268000011506956,2529
loo,nn_window,3,2,0.0,19.849630413837545,21.440887734650406,33.46355632681008,1.518784972022382,2.238209432454037,100.0,0.0867000017024111,0.09510000018053688,2502
loo,hmm_forward,3,2,0.0,2.7812115470052854,7.926011609317218,28.018830489914816,41.6466826538769,61.87050359712231,94.16233506597361,0.2162000018870458,0.24059499846771357,2502
loo,dtw_online,2,3,0.0,15.52739800563492,14.870216602994388,34.04499456773386,22.10242587601078,31.18983442433577,98.88289676425269,66.59389999913401,70.91028000213555,2597
loo,nn_greedy,3,4,0.0,12.6876002376878,15.946530872331547,45.20077563754989,25.253807106598984,42.00507614213198,95.17562420651714,0.0653000024612993,0.07140000161598437,2364
loo,dtw_online,2,8,0.0,20.011170525731163,20.336950547269748,37.44267475314182,7.395097631906938,14.125467386788534,98.25436408977556,66.65060000159428,83.20885000139236,2407
loo,particle,3,2,0.0,1.9100041406398025,3.2959769115139177,11.274847653702624,52.917665867306155,79.81614708233413,98.640543782487,0.31970000054570846,0.42086500325240184,2502
loo,nn_window,3,4,0.0,29.529100718966674,30.127055012088018,46.975126359960356,1.6074450084602367,3.4263959390862944,100.0,0.08789999992586672,0.09480000098847086,2364
loo,hmm_forward,3,4,0.0,3.2683493583336833,8.235660835818376,32.995257362016616,35.95600676818951,62.64805414551608,91.19763013118917,0.21610000112559646,0.2310849988134578,2364
loo,particle,3,4,0.0,2.14995818333447,4.449397876620417,20.476625033067123,47.7580372250423,77.32656514382403,98.0956411341515,0.3179000013915356,0.33955499948206125,2364
loo,nn_greedy,3,5,0.0,8.803406157031045,15.402102503084514,46.02159854012657,33.604887983706725,46.27291242362526,96.04726976365117,0.06690000009257346,0.07349999941652641,2455
loo,nn_window,3,5,0.0,34.698040254433494,32.47335731784246,44.9567748852981,0.0,0.0,100.0,0.08879999950295314,0.09629999949538615,2455
loo,hmm_forward,3,5,0.0,2.122552955856872,8.464176089166948,35.902550874907064,49.0020366598778,67.4949083503055,93.35778321108394,0.22149999858811498,0.24771999815129664,2455
loo,particle,3,5,0.0,1.5304610870133615,3.8970625219243398,16.36845511677953,62.36252545824848,77.63747454175153,98.2477587612062,0.3209999995306134,0.37242000216792764,2455
loo,nn_greedy,3,6,0.0,15.982185310861233,17.59131662852485,47.11306188606287,23.971149766652523,38.09927874416631,95.20373514431239,0.06650000068475492,0.07420000110869296,2357
loo,nn_window,3,6,0.0,27.185003775836883,25.648242667374525,40.76003358833453,0.8485362749257531,2.6304624522698346,100.0,0.0884000000951346,0.09779999891179614,2357
loo,dtw_online,2,9,0.0,26.589007845011736,25.959045105026533,46.038993830230496,0.7123070834982193,6.4503363672338745,99.12905779889152,66.370000000461,79.70898000021404,2527
loo,dtw_online,2,7,0.0,17.59628129307849,18.24918898585424,34.00265434308526,13.175542406311639,21.380670611439843,98.9344909234412,66.5244999981951,87.73097999983291,2535
loo,hmm_forward,3,6,0.0,4.04226035902013,9.88690996451256,31.29291644749191,31.098854476028848,55.3245651251591,91.8081494057725,0.21520000154851004,0.24500000072293895,2357
loo,nn_greedy,3,7,0.0,22.260619776286237,21.240783063002358,46.12448046183347,9.664694280078894,25.562130177514792,96.32991318074191,0.066999997216044,0.07586000174342183,2535
loo,particle,3,6,0.0,2.0727646783258864,5.046119375511189,21.306412694532856,48.83326262197709,70.8103521425541,97.36842105263158,0.3214999996998813,0.39781999948900165,2357
loo,nn_window,3,7,0.0,23.19966948600222,28.587566305920976,52.16641044842667,1.6568047337278107,3.2347140039447733,100.0,0.08719999823370017,0.09649999992689118,2535
loo,hmm_forward,3,7,0.0,22.18161032733807,21.73948953218021,47.20402637619879,5.759368836291913,13.846153846153847,94.43567482241515,0.21460000061779283,0.2282300014485372,2535
loo,particle,3,7,0.0,4.109145403477739,8.63492827874366,31.456441916736065,19.566074950690336,60.63116370808679,95.7379636937648,0.31999999919207767,0.3465099998720687,2535
loo,nn_greedy,3,8,0.0,20.654081347631553,21.026843672226022,49.81421766682138,16.95056086414624,29.289572081429167,96.67497921862011,0.06719999873894267,0.07390000246232376,2407
loo,nn_window,3,8,0.0,21.81442469915194,27.77033251434934,48.91496978628983,1.2048192771084338,2.700457000415455,100.0,0.08729999899514951,0.09559999925841112,2407
loo,dtw_online,2,13,0.0,17.644176451802906,16.93197580052222,37.2347100859901,12.137096774193548,29.193548387096772,99.23356192012909,66.56255000052624,87.6259250017028,2480
loo,hmm_forward,3,8,0.0,18.007771207147762,20.19354690419892,46.59314070261806,11.882010801828,19.152471956792688,89.19368246051538,0.21569999807979912,0.259669999286416,2407
loo,particle,3,8,0.0,3.4421674756886014,8.533330902172102,31.578381711413112,31.283755712505197,61.52887411715828,95.05403158769742,0.3262999998696614,0.449339999249787,2407
loo,nn_greedy,3,9,0.0,24.1506041437952,22.560970902395614,50.49061899289704,11.555203798971112,23.585278986941034,96.31828978622327,0.06759999814676121,0.0792700007878011,2527
loo,nn_window,3,9,0.0,21.97154568724967,27.802748261902295,47.708022644056925,1.147605856747131,3.521962801741195,100.0,0.08770000204094686,0.1249399992957478,2527
loo,dtw_online,2,14,0.0,27.60341323564213,28.315479505820754,54.28687415448019,4.100946372239748,7.176656151419558,98.81656804733728,66.80679999954009,86.61112500158197,2536
loo,hmm_forward,3,9,0.0,10.796047791505224,16.158587615150495,48.32220338142603,23.110407597942224,37.0399683419074,95.3285827395091,0.22500000341096893,0.5246700005955063,2527
loo,dtw_online,2,12,0.0,5.851548257203957,14.87329517510073,35.87856510997393,26.37404580152672,48.3206106870229,98.73997709049256,67.02340000265394,83.8361099995381,2620
loo,nn_greedy,3,10,0.0,19.537065479371332,21.13538745778653,47.14475127664984,11.331322705730289,23.093494183541576,95.81896551724138,0.06710000161547214,0.08629999865661375,2321
loo,particle,3,9,0.0,4.394371463819325,9.209218296676314,30.43188264382596,24.06015037593985,52.15670755836961,97.30799683293745,0.3262999998696614,1.4061299989407414,2527
loo,nn_window,3,10,0.0,34.34236218897693,33.5049721792845,45.808063875663876,0.0,0.0,100.0,0.08710000111022964,0.1114999977289699,2321
loo,hmm_forward,3,10,0.0,10.048876524746788,14.384025276689265,44.1829082433564,20.24989228780698,39.76734166307626,89.52586206896551,0.22319999698083848,0.6184000012581237,2321
loo,particle,3,10,0.0,2.3769164746526057,6.478921748487913,23.178130942291162,45.15295131408876,64.75657044377424,95.08620689655173,0.32700000156182796,0.6715999988955446,2321
loo,nn_greedy,3,11,0.0,21.957657934116575,21.220706161272904,46.767179400603766,16.607773851590103,24.11660777385159,95.09500662836942,0.06690000009257346,0.11508499956107697,2264
loo,nn_window,3,11,0.0,26.18967168269034,29.611968672526015,55.41841644358356,1.4134275618374559,2.4734982332155475,100.0,0.08709999747225083,0.15956500046740976,2264
loo,dtw_online,2,15,0.0,25.58729491795071,21.270198103099435,40.043620364219834,11.771894093686354,17.14867617107943,98.41075794621027,67.88289999894914,77.764490001573,2455
loo,hmm_forward,3,11,0.0,17.936336564982028,18.62172448521698,44.65908941792844,14.13427561837456,23.851590106007066,90.80866106937692,0.21890000061830506,0.29785499846184393,2264
loo,particle,3,11,0.0,2.4749874676581567,5.256792755206916,27.733343491004728,44.34628975265017,72.52650176678446,97.56959787892178,0.32294999982696027,0.5399000001489185,2264
loo,nn_greedy,3,12,0.0,15.164409730158154,18.766759623065358,49.13758752792744,22.442748091603054,35.57251908396947,96.21993127147766,0.067299999500392,0.09061500222742316,2620
loo,nn_window,3,12,0.0,20.031141037543236,26.03002156680528,47.30559401608566,0.8396946564885497,1.450381679389313,100.0,0.08739999975659885,0.11440500147728014,2620
loo,dtw_online,2,16,0.0,28.297934721774148,29.73430737496535,52.83577303497799,3.160806005531411,7.506914263137101,98.85375494071145,66.98390000019572,79.3340000018361,2531
loo,hmm_forward,3,12,0.0,4.1256642065662845,14.62058494235923,47.14961621851889,28.931297709923665,53.396946564885496,94.27262313860251,0.2187000009143958,0.4243499988660901,2620
loo,particle,3,12,0.0,2.308282477435859,4.941155866734632,19.520454832806877,46.06870229007634,69.50381679389312,99.7709049255441,0.32220000139204785,0.5414250004832865,2620
loo,nn_greedy,3,13,0.0,16.36058963662267,18.958327519637056,48.82638818277981,23.42741935483871,33.87096774193548,96.04679306171843,0.06710000161547214,0.09250999864889303,2480
loo,nn_window,3,13,0.0,23.708111822398642,23.834997356692067,46.18891394219969,2.0967741935483875,16.572580645161292,100.0,0.0870000003487803,0.1067000011971686,2480
loo,dtw_online,2,20,0.0,25.130455210707296,24.435009811211643,43.53038253736992,4.581993569131833,9.646302250803858,98.7535182951347,67.70569999935105,79.45313500094926,2488
loo,hmm_forward,3,13,0.0,5.835920619706288,12.161349220754909,38.616857549527914,33.50806451612903,47.45967741935484,94.99798305768455,0.2158999996026978,0.2721999990171753,2480
loo,dtw_online,2,19,0.0,17.22475855016209,16.36671888701448,33.79060403856831,12.610195477194328,33.03947872748179,99.15644171779141,65.30620000194176,75.63978000034695,2609
loo,nn_greedy,3,14,0.0,17.179580794168956,19.015398569322493,47.1124339868496,19.91324921135647,32.80757097791798,95.34516765285997,0.07109999933163635,0.10295000083715422,2536
loo,nn_window,3,14,0.0,30.755099130148423,30.132152395861212,44.74275161106854,1.5378548895899053,2.641955835962145,100.0,0.09139999747276306,0.11350000204402022,2536
loo,particle,3,13,0.0,2.590829433183403,7.294973622642786,35.24443070291304,42.41935483870968,66.41129032258064,99.0722065348931,0.3266499988967553,0.48053999908006495,2480
loo,hmm_forward,3,14,0.0,10.042887534804589,13.826732025232495,39.362160055115616,30.638801261829652,45.465299684542586,91.87376725838264,0.21569999807979912,0.278349998552585,2536
loo,particle,3,14,0.0,3.621767002509428,8.654950197172566,35.08624083969501,31.07255520504732,59.858044164037864,97.3570019723866,0.32020000071497634,0.48040000001492444,2536
loo,nn_greedy,3,15,0.0,14.778893049648614,17.713695794690146,47.077425413841105,27.82077393075356,37.4745417515275,95.39527302363489,0.06650000068475492,0.07778999934089362,2455
loo,nn_window,3,15,0.0,20.057682143619093,23.971396518761246,39.80591614103954,1.670061099796334,2.5661914460285136,100.0,0.08660000094096176,0.10159999983443413,2455
loo,dtw_online,2,18,0.0,13.631511247650321,12.160802789551624,25.90396884433883,17.6773682124455,36.7816091954023,99.00872323552736,69.08359999943059,84.37568000117608,2523
loo,hmm_forward,3,15,0.0,4.078760991308345,11.532745239116352,39.98852011345903,33.401221995926676,53.60488798370672,90.38304808475958,0.2172999993490521,0.34192000020993835,2455
loo,dtw_online,2,17,0.0,16.924307112356093,18.868726382540466,42.74632420344651,13.206831119544592,23.946869070208727,98.51936218678816,67.73280000197701,78.54740999791828,2635
loo,nn_greedy,3,16,0.0,24.165127415321944,23.324639382899704,48.52881759453423,9.719478467009088,22.757803239826156,96.7193675889328,0.067299999500392,0.07960000220919028,2531
loo,dtw_online,3,6,0.0,27.567113627430487,27.83904597900504,49.496091123401406,2.800169707254985,5.8973271107339835,98.1748726655348,70.47230000171112,80.403319998004,2357
loo,particle,3,15,0.0,3.7293200296697204,9.206328847411335,33.78735668593333,36.65987780040733,55.030549898167,96.5362673186634,0.3231999980926048,0.6024599999364,2455
loo,nn_window,3,16,0.0,31.060634050902145,32.5567098916829,49.50578986357538,0.0,0.03951007506914263,100.0,0.08929999967222102,0.11035000170522835,2531
loo,hmm_forward,3,16,0.0,17.960073295914423,19.283789553198392,44.638629376891515,6.716712761754247,18.648755432635323,93.47826086956522,0.21769999875687063,0.33939999957510736,2531
loo,nn_greedy,3,17,0.0,23.238608160079266,23.659021921631584,52.325066890297926,11.992409867172675,19.84819734345351,95.74791192103265,0.0670000008540228,0.10417999910714554,2635
loo,particle,3,16,0.0,15.965796185050564,18.69732932268998,42.2726538345493,5.175819834057685,18.806795732911894,93.47826086956522,0.32839999767020345,0.4734499998448882,2531
loo,nn_window,3,17,0.0,29.26416004426783,27.528645994834545,42.80896962759521,1.0246679316888045,2.0872865275142316,100.0,0.08720000187167898,0.12302000068302721,2635
loo,hmm_forward,3,17,0.0,21.03784747555707,20.8224731982101,46.28853289274681,4.098671726755218,16.20493358633776,91.00227790432803,0.21719999858760275,0.34374999813735474,2635
loo,dtw_online,3,2,0.0,29.17517793136094,29.24677262193051,55.00366424151595,3.357314148681055,6.954436450839328,98.8404638144742,70.09689999904367,79.94954500009044,2502
loo,nn_greedy,3,18,0.0,21.482317204832444,22.717723110792495,53.74145052131658,10.146650812524772,23.18668252080856,95.6780333068993,0.06660000144620426,0.07550000009359792,2523
loo,nn_window,3,18,0.0,23.177652536939632,28.83044979921091,54.09369878807427,1.78359096313912,3.48791121680539,100.0,0.08629999865661375,0.09919000221998432,2523
loo,particle,3,17,0.0,5.8881149607201175,11.451131754793504,35.475201203990146,14.383301707779886,44.97153700189753,95.8997722095672,0.3222999985155184,0.6630199990468099,2635
loo,hmm_forward,3,18,0.0,22.89499979393387,22.930761228084627,46.678369556797044,1.466508125247721,8.52160126833135,92.70420301348136,0.21670000205631368,0.35710000120161567,2523
loo,particle,3,18,0.0,4.8907764911623826,10.274361792104308,32.906332731106204,19.61950059453032,50.21799445105034,94.05233941316415,0.3229999965697061,0.6150199973490097,2523
loo,nn_greedy,3,19,0.0,22.346932745589204,23.066902604064612,49.83230627336406,9.198926791874282,20.889229589881182,96.70245398773007,0.0670000008540228,0.08019999950192869,2609
loo,nn_window,3,19,0.0,35.64932770376218,33.47254009560355,45.546654044962914,0.3832886163280951,0.8432349559218091,100.0,0.0867000017024111,0.10269999984302558,2609
loo,dtw_online,3,4,0.0,4.871788599814711,10.447256241314546,33.0099505892951,32.31810490693739,50.33840947546532,98.98434193821414,78.32384999892383,105.92170499894564,2364
loo,dtw_online,3,5,0.0,19.36250829615675,19.221442546170305,34.03965395946307,14.338085539714868,18.69653767820774,98.69600651996741,73.06740000058198,98.60659000114538,2455
loo,hmm_forward,3,19,0.0,15.796526147020526,18.507966508830417,45.39302784973309,6.515906477577616,17.93790724415485,89.68558282208589,0.2227000004495494,0.47606000007363003,2609
loo,nn_greedy,3,20,0.0,21.941408383645083,23.665416593009326,54.35909039634925,8.279742765273312,20.337620578778136,96.34097305991153,0.06750000102329068,0.08026499999687077,2488
loo,particle,3,19,0.0,6.263462878000686,13.109879302778447,38.45414952454856,14.679954005366042,44.691452663855884,98.92638036809815,0.32730000020819716,1.0792999986733764,2609
loo,nn_window,3,20,0.0,22.059945957760682,28.83979192477534,54.310758797074214,1.2057877813504823,2.009646302250804,100.0,0.08789999992586672,0.11923000074602898,2488
loo,hmm_forward,3,20,0.0,20.32780897185588,22.653589772669775,48.5630160283546,2.2909967845659165,10.369774919614148,91.19420989143546,0.22165000154927839,0.3826750014923167,2488
loo,particle,3,20,0.0,9.82838656037184,15.604607443001926,45.82429466225278,11.57556270096463,34.163987138263664,95.29553679131485,0.3209999995306134,0.5307649997121189,2488
loo,nn_greedy,4,1,0.0,10.22895048758896,15.960080201822954,44.6283589389452,27.995255041518384,44.60260972716489,95.88607594936708,0.06300000313785858,0.08598000058555032,2529
loo,nn_window,4,1,0.0,27.738776968715335,29.149243286502585,47.8163645523074,3.1237643337287464,8.501383946223804,100.0,0.08309999975608662,0.10229999898001552,2529
loo,dtw_online,3,1,0.0,29.815948138900374,29.01724246751811,54.52636529713847,2.372479240806643,7.077896401739818,99.12974683544303,75.73839999895426,100.45753999947918,2529
loo,hmm_forward,4,1,0.0,2.921308965511623,11.84055975290768,44.31473557021996,40.213523131672595,59.114274416765525,93.75,0.2176000016334001,0.3779800004849673,2529
loo,dtw_online,3,8,0.0,26.68144284639036,25.946193530712513,44.00139875911073,1.8280016618196928,5.608641462401329,98.79467996674978,73.15460000245366,100.9809099985432,2407
loo,nn_greedy,4,2,0.0,12.317124964821446,15.02127894083347,43.68569944963691,29.016786570743403,43.68505195843325,95.24190323870452,0.06290000237640925,0.09878999935608586,2502
loo,nn_window,4,2,0.0,22.67859890631427,21.35986377426994,46.03363438925508,11.510791366906476,23.26139088729017,100.0,0.08299999899463728,0.14206999803718634,2502
loo,particle,4,1,0.0,1.877481968158684,3.7514484503590637,20.172394393173626,52.392249901146705,80.58521154606564,100.0,0.3246000014769379,0.662799998826813,2529
loo,hmm_forward,4,2,0.0,2.2251660367193544,6.539222296930696,33.1417601708322,44.56434852118306,72.18225419664267,95.56177528988404,0.2158999996026978,0.3115750007054884,2502
loo,particle,4,2,0.0,1.6325934246263158,4.179010208593991,18.05161234172099,60.99120703437249,76.378896882494,99.16033586565374,0.3223000021534972,0.5630899993775524,2502
loo,nn_greedy,4,3,0.0,13.39348041783039,16.233692793108556,45.28995572147532,26.068540623796686,41.47092799383905,95.64714946070877,0.06320000102277845,0.08516000016243191,2597
loo,nn_window,4,3,0.0,32.97989898044746,32.78601342702223,47.385227042183445,0.0,0.0,100.0,0.08309999975608662,0.10470000052009709,2597
loo,dtw_online,3,10,0.0,9.388130493619222,16.21313782651396,50.22983735624573,23.43817320120638,45.28220594571305,98.66379310344827,73.13649999923655,99.92520000014338,2321
loo,hmm_forward,4,3,0.0,2.4680493000058936,5.640197163175716,22.291765876407823,44.58991143627262,74.23950712360416,97.11093990755008,0.21980000019539148,0.5202599990298035,2597
loo,particle,4,3,0.0,2.370178140583665,4.642269588115773,21.29299019102998,44.97497112052368,77.12745475548711,99.57627118644068,0.3229000030842144,1.0170399982598604,2597
loo,nn_greedy,4,5,0.0,9.654600284037985,15.785779095662592,45.62458340788984,32.0162932790224,45.254582484725056,95.84352078239608,0.06349999966914766,0.0864199984789592,2455
loo,nn_window,4,5,0.0,30.58106323227254,29.129493749928812,44.504369811111744,0.0,0.2443991853360489,100.0,0.08339999840245582,0.13972000087960584,2455
loo,dtw_online,3,11,0.0,29.05688349636379,28.625626637077136,54.50582235451974,2.6943462897526502,6.757950530035335,98.63013698630137,74.3159999983618,100.81569499780016,2264
loo,hmm_forward,4,5,0.0,2.285957629867659,7.508873936788317,37.494226764989385,45.21384928716905,71.77189409368636,95.51752241238793,0.2206999997724779,0.4564000009850133,2455
loo,particle,4,5,0.0,1.844706111790649,3.609166016299754,15.559520358732117,53.72708757637474,82.36252545824847,100.0,0.32389999978477135,0.9935600010066992,2455
loo,nn_greedy,4,6,0.0,14.701186657140246,18.320801549717935,46.195999489197,24.480271531607976,38.09927874416631,94.77928692699491,0.06280000161495991,0.08192000168492085,2357
loo,nn_window,4,6,0.0,30.52271071336104,28.240114781773883,43.918800088774006,0.7212558336868901,1.4000848536274926,100.0,0.08300000263261609,0.12949999945703886,2357
loo,dtw_online,3,7,0.0,30.2843844384777,29.07815759039296,48.40241555799128,3.353057199211045,7.77120315581854,99.09234411996843,78.41199999893433,103.78796999830226,2535
loo,hmm_forward,4,6,0.0,2.80048309911839,9.173287914855699,41.76740947463225,40.729741196436144,63.343232923207474,94.77928692699491,0.2190000013797544,0.3777999991143579,2357
loo,particle,4,6,0.0,1.7777863728486551,3.2029563889454638,12.58001344261063,55.19728468392023,81.67161646160373,100.0,0.32300000020768493,0.6588800009922121,2357
loo,nn_greedy,4,7,0.0,16.20495612054799,18.346779230038244,43.56945158465097,13.925049309664693,26.11439842209073,96.72454617205999,0.06339999890769832,0.08329999909619773,2535
loo,nn_window,4,7,0.0,22.91776553148671,28.115471117262864,49.33786436606792,0.8678500986193294,2.287968441814596,100.0,0.08349999916390516,0.12153999923611969,2535
loo,dtw_online,3,9,0.0,30.337487412686077,29.87727128557448,55.8694930468635,1.6224772457459438,5.777601899485556,98.812351543943,79.49470000312431,105.68585000146412,2527
loo,hmm_forward,4,7,0.0,18.805491254937888,19.8950131785649,46.343513539171234,12.347140039447732,25.009861932938854,96.8034727703236,0.2179000002797693,0.4906899997877181,2535
loo,particle,4,7,0.0,5.149356934494447,8.792818565696308,27.923503335319936,21.420118343195266,49.23076923076923,95.77742699289661,0.3255000010540243,0.6832600007328421,2535
loo,nn_greedy,4,8,0.0,14.47010960949144,17.45118019135211,43.92244508627402,15.579559617781472,30.95139177399252,95.92684954280965,0.06289999873843044,0.0990799988358048,2407
loo,nn_window,4,8,0.0,31.17867873208262,28.03378323811805,45.015723372961894,0.4154549231408392,1.9526381387619443,100.0,0.08289999823318794,0.13370999949984247,2407
loo,dtw_online,3,13,0.0,29.19391887997913,29.912954987281687,55.580761066082495,4.395161290322581,6.008064516129032,98.70915691811214,67.84220000008645,84.03524499972264,2480
loo,dtw_online,3,12,0.0,29.687593234479642,29.682335537919993,55.343379512252504,1.9465648854961832,5.190839694656488,98.93088965253914,70.18314999731956,80.73691999888977,2620
loo,hmm_forward,4,8,0.0,16.8779630799551,17.056516108398505,46.72703987908609,20.73120066472788,33.90112172829248,94.47215295095594,0.21549999655690044,0.23886999988462773,2407
loo,nn_greedy,4,9,0.0,17.362363648698892,20.42100178808719,45.949145521849786,15.23545706371191,23.506133755441237,96.19952494061758,0.06289999873843044,0.07921000033093145,2527
loo,particle,4,8,0.0,3.1417009638294386,4.121892408538012,11.797138535073673,33.27793934358122,71.95679268799336,98.79467996674978,0.3234000032534823,0.4259899997123283,2407
loo,nn_window,4,9,0.0,30.78494935950776,32.01220467214967,47.97011760782053,0.0,0.07914523149980214,100.0,0.08259999958681874,0.0991000015346799,2527
loo,hmm_forward,4,9,0.0,14.127594671069714,17.835589113538905,46.81043881726198,15.749901068460625,30.35219628017412,93.15122723673792,0.21570000171777792,0.2822199989168431,2527
loo,particle,4,9,0.0,3.8869717409121316,5.9538506709635035,18.3428359294516,31.06450336367234,60.34823901859912,99.01029295328583,0.31940000189933926,0.46441000049526276,2527
loo,nn_greedy,4,10,0.0,23.00806118234585,21.349186326728628,44.59213619827097,14.174924601464886,25.635501938819473,95.6896551724138,0.06240000220714137,0.09130000034929253,2321
loo,nn_window,4,10,0.0,30.0760565225866,28.823202002889676,44.125292827723776,0.0,0.0,100.0,0.0822000001790002,0.09140000111074187,2321
loo,dtw_online,3,14,0.0,28.732662886380844,29.30628625551935,55.34051272369138,2.5630914826498423,6.742902208201892,98.89546351084813,67.95524999870395,82.65654999831895,2536
loo,dtw_online,3,15,0.0,4.23978055989874,10.609757628872796,29.80009152152295,38.085539714867615,51.60896130346232,99.30725346373268,70.24810000075377,84.23226999984762,2455
loo,particle,4,10,0.0,3.1349452981250145,6.637476080903402,21.48055019589264,34.510986643688064,66.22145626884964,93.70689655172414,0.32079999800771475,0.3773000025830697,2321
loo,hmm_forward,4,10,0.0,16.234487084673773,19.062327869719386,46.266176419017775,17.320120637656185,25.937096079276174,94.52586206896552,0.22639999951934442,0.2734000008786097,2321
loo,nn_greedy,4,11,0.0,20.342223287263224,21.186307697036003,45.80122016468986,12.765017667844521,22.659010600706715,95.40433053468847,0.06339999890769832,0.07108499976311576,2264
loo,nn_window,4,11,0.0,25.879955215418924,28.225648176793857,47.745887842526194,1.76678445229682,8.92226148409894,100.0,0.08410000009462237,0.09568500099703668,2264
loo,hmm_forward,4,11,0.0,20.11611017258467,19.500513979171803,44.329390666609484,17.84452296819788,33.03886925795053,93.90190013256739,0.225499999942258,0.2587399989351979,2264
loo,particle,4,11,0.0,2.841960662932001,6.2931028660469135,24.931320653023384,33.657243816254415,72.48233215547704,93.15068493150685,0.3279000011389144,0.49112500037153944,2264
loo,nn_greedy,4,12,0.0,12.709171292929874,17.559815820851455,47.37067966352025,25.99236641221374,40.61068702290076,96.10538373424971,0.06320000102277845,0.07339999883697601,2620
loo,nn_window,4,12,0.0,35.75973199653333,34.80605467801169,48.59796777687246,0.0,0.0,100.0,0.08469999738736078,0.09521000083623216,2620
loo,dtw_online,3,16,0.0,29.423856356515756,28.49078725255526,54.19277440187956,2.133544053733702,7.546424338206243,98.85375494071145,70.11829999828478,84.64619999904244,2531
loo,hmm_forward,4,12,0.0,3.4318400667513034,9.205508554069212,38.9250256398072,40.229007633587784,58.12977099236642,95.07445589919816,0.21794999884150457,0.23845499999879363,2620
loo,particle,4,12,0.0,1.9446533320906982,4.028762807571755,20.153932954849452,50.725190839694655,82.63358778625954,100.0,0.319050001053256,0.3821599992079424,2620
loo,nn_greedy,4,13,0.0,16.335398211571782,19.28371724582201,46.90328903679585,18.629032258064516,35.24193548387097,95.19967728922953,0.06319999738479964,0.07030000051599927,2480
loo,nn_window,4,13,0.0,25.034573780705852,23.73559551477443,37.934281428365225,0.7661290322580645,2.661290322580645,100.0,0.08320000051753595,0.09239999799319776,2480
loo,dtw_online,3,18,0.0,26.140883750229783,25.698833879838567,47.95737845359503,3.0519223147047168,7.609988109393578,98.5725614591594,70.07729999895673,82.873390000168,2523
loo,hmm_forward,4,13,0.0,4.407690744953859,14.42196430029575,46.88271016702382,30.806451612903224,52.09677419354839,93.18273497377974,0.21470000137924217,0.23209999926621094,2480
loo,particle,4,13,0.0,2.613187528049612,5.512587670962457,16.21468452848,33.99193548387097,70.28225806451613,97.98305768455022,0.3205499997420702,0.3959500016208031,2480
loo,nn_greedy,4,14,0.0,14.612276343255104,17.385725212750653,46.63113041590525,23.146687697160885,37.26340694006309,96.09467455621302,0.06329999814624898,0.07170000026235357,2536
loo,nn_window,4,14,0.0,31.40916549592346,32.61447979980617,47.455624106261226,1.301261829652997,2.444794952681388,100.0,0.08300000263261609,0.09050000153365545,2536
loo,dtw_online,3,17,0.0,30.183909293519093,30.32501518799686,54.99831554035657,2.8842504743833017,7.020872865275142,98.86104783599089,70.23020000269753,84.30817999942508,2635
loo,dtw_online,4,1,0.0,17.17115246589023,18.212074329557684,36.65349162793939,10.043495452748122,21.391854487939895,98.73417721518987,63.36699999883422,82.7225199995155,2529
loo,hmm_forward,4,14,0.0,11.057829612620441,16.31830694028727,47.48013791518035,24.802839116719245,41.48264984227129,95.46351084812623,0.22650000028079376,0.2628249994813814,2536
loo,dtw_online,4,2,0.0,8.235346465652157,16.829940023303113,40.89364696116407,23.381294964028775,46.442845723421264,98.60055977608957,63.53134999881149,81.71814999932391,2502
loo,nn_greedy,4,15,0.0,13.348859337571602,17.66321263319095,46.034849016769726,23.217922606924642,38.45213849287169,95.55827220863897,0.06270000085351057,0.07130000085453503,2455
loo,particle,4,14,0.0,2.470632901808269,7.203951868837125,26.944587627127866,39.58990536277602,67.50788643533123,97.43589743589743,0.32189999910769984,0.40639999861014076,2536
loo,nn_window,4,15,0.0,35.120790843531026,35.10540803523927,49.39825756733416,0.0,0.0,100.0,0.08639999941806309,0.10282999974151605,2455
loo,hmm_forward,4,15,0.0,4.026807793377288,11.440493905191707,45.277488869636265,29.45010183299389,56.211812627291245,93.84678076609617,0.22320000061881728,0.2821000016410835,2455
loo,nn_greedy,4,16,0.0,18.550974768900794,21.767498516703508,46.70746421968802,5.333860134334255,18.688265507704465,96.40316205533597,0.06639999992330559,0.0821999983600108,2531
loo,particle,4,15,0.0,2.9482305847722223,7.995896466408632,27.569755150931286,39.389002036659875,60.28513238289206,95.59902200488997,0.3302999975858256,0.5483899985847522,2455
loo,nn_window,4,16,0.0,31.362778344932114,30.528093383066246,43.49745821943121,0.0,0.2765705254839984,100.0,0.08399999933317304,0.10230000043520704,2531
loo,hmm_forward,4,16,0.0,18.914094822882998,20.9670255245734,47.05091451255299,9.28486764124852,22.441722639273014,92.29249011857708,0.2184999975725077,0.24135000057867728,2531
loo,particle,4,16,0.0,18.079752661859484,18.4208153801562,38.845611915837935,5.333860134334255,22.125642038719874,92.33201581027669,0.3251999987696763,0.599150002017268,2531
loo,nn_greedy,4,17,0.0,17.99003265367282,20.70899540328425,46.548279301742994,12.06831119544592,23.453510436432637,95.86180713743356,0.06310000026132911,0.07593000118504276,2635
loo,dtw_online,4,6,0.0,31.33217590477701,30.28254046864594,53.58747222899418,3.3517182859567245,4.3699618158676286,98.30220713073004,63.29829999958747,85.05409999779657,2357
loo,nn_window,4,17,0.0,29.519812281602764,30.551975159749414,47.22073319263239,1.4041745730550286,2.6565464895635675,100.0,0.08280000110971741,0.0987300012639025,2635
loo,dtw_online,3,19,0.0,29.492159937669037,29.021290445334344,55.19325838029141,2.1080873898045227,7.090839402069758,98.84969325153375,70.47079999756534,85.41953999956604,2609
loo,dtw_online,4,5,0.0,7.472055150672596,14.038792234819198,36.31224662779611,21.873727087576373,45.53971486761711,99.26650366748166,63.273599997046404,82.0963000009214,2455
loo,nn_greedy,4,18,0.0,22.741433381272728,21.6354657698576,44.99989220061886,9.116131589377725,19.69877130400317,95.6780333068993,0.06339999890769832,0.07446999989042527,2523
loo,hmm_forward,4,17,0.0,16.349283637696512,20.912873423045465,49.82989345914994,9.601518026565465,27.13472485768501,93.81169324221716,0.2234999992651865,0.3369900001416681,2635
loo,particle,4,17,0.0,6.659344777266608,11.14923979960948,31.583702702914138,18.59582542694497,45.65464895635674,94.49506454062264,0.3223000021534972,0.5246400018222628,2635
loo,nn_window,4,18,0.0,30.122207805527786,31.485249112754563,48.14956763113049,0.0,0.07927070947284978,100.0,0.08329999764100648,0.11037000003852884,2523
loo,hmm_forward,4,18,0.0,16.41324488279959,19.645614319036913,47.48266560332562,13.158937772493065,25.802615933412604,94.84536082474226,0.2206999997724779,0.3870500015182189,2523
loo,nn_greedy,4,19,0.0,17.69385583484884,19.682097604677917,46.832165252045684,11.230356458413185,22.690686086623227,95.9739263803681,0.06379999831551686,0.08686000292073003,2609
loo,particle,4,18,0.0,3.8361749375858034,7.569256288119595,22.472926372730758,24.534284581847007,57.07491082045184,96.4710547184774,0.325700002576923,0.7400300008157502,2523
loo,nn_window,4,19,0.0,27.55233034064332,28.07258153376537,43.398568969615596,1.6864699118436182,2.7596780375622845,100.0,0.08319999687955715,0.12906000047223642,2609
loo,hmm_forward,4,19,0.0,17.32853588749111,19.934364229621625,46.31428162920315,4.63779225756995,18.206209275584513,92.02453987730061,0.21920000290265307,0.36772000021301204,2609
loo,dtw_online,3,20,0.0,27.157450029131645,26.51993017813726,48.85229138382281,3.1752411575562705,9.204180064308682,98.06996381182147,69.25740000042424,90.02439999967466,2488
loo,dtw_online,4,3,0.0,14.730018306843965,15.732450254625222,37.512842339455275,26.607624181748168,43.70427416249519,98.88289676425269,63.30510000043432,82.4905999994371,2597
loo,nn_greedy,4,20,0.0,18.262058494168294,20.79533312078329,46.51461781412123,9.807073954983924,20.377813504823152,96.34097305991153,0.06329999814624898,0.07503000015276486,2488
loo,nn_window,4,20,0.0,33.16608747608187,31.423055700424044,44.94419236517782,0.0,0.0,100.0,0.08260000322479755,0.09369999916089,2488
loo,particle,4,19,0.0,5.15381065787818,9.60577463142515,29.81204992981216,19.049444231506325,49.48256036795707,95.74386503067484,0.32189999910769984,0.5128599994350225,2609
loo,hmm_forward,4,20,0.0,14.606220125404368,17.210767889347427,45.33109549087418,21.020900321543408,33.80225080385852,91.71692802573381,0.2153999994334299,0.2530600000682171,2488
loo,nn_greedy,5,1,0.0,13.813152381945226,16.429301770781223,43.174226838598194,28.35112692763938,43.06049822064057,96.43987341772153,0.06450000000768341,0.07276000105775891,2529
loo,nn_window,5,1,0.0,23.287003323022184,21.74758346142927,45.96352005040688,8.026888098062475,21.787267694741004,100.0,0.08439999874099158,0.09556000004522501,2529
loo,particle,4,20,0.0,4.388141936220046,7.580301309763401,25.521130444824294,26.286173633440512,53.77813504823151,94.65219139525533,0.3206000001227949,0.4907000002276618,2488
loo,hmm_forward,5,1,0.0,2.9890976049267066,12.034036820527414,46.412560481376914,38.79003558718861,59.549228944246735,94.38291139240506,0.2148000021406915,0.24750000011408702,2529
loo,particle,5,1,0.0,2.148416380773239,7.815908066360159,38.88340034216371,48.39857651245551,69.59272439699487,98.10126582278481,0.32139999893843196,0.5003999998734798,2529
loo,nn_greedy,5,2,0.0,7.593267736465736,15.381057563965761,45.74783874676453,33.69304556354916,46.682653876898485,95.88164734106357,0.06439999924623407,0.0733000013497076,2502
loo,nn_window,5,2,0.0,27.41820954476374,29.485836442907395,49.73625683090413,0.5995203836930456,3.237410071942446,100.0,0.08439999874099158,0.09299499888584249,2502
loo,dtw_online,4,7,0.0,27.32066198673432,26.44366420425737,43.97705486586566,0.2366863905325444,1.854043392504931,98.89502762430939,63.512699998682365,84.67068999998433,2535
loo,hmm_forward,5,2,0.0,2.795719999950806,11.268256160468502,44.54649934889476,42.326139088729015,59.992006394884086,91.48340663734507,0.2238000015495345,0.46717499953956565,2502
loo,particle,5,2,0.0,1.9012145357126276,3.5551550678807966,19.496011444354412,51.95843325339729,83.57314148681056,99.52019192323071,0.32329999885405414,0.551694999921892,2502
loo,nn_greedy,5,3,0.0,12.633790982822402,15.217853338459975,45.03001209738644,32.768579129765115,43.20369657296881,96.1864406779661,0.06460000076913275,0.07729999997536652,2597
loo,nn_window,5,3,0.0,21.196606629174003,17.527248280596876,32.97803976751596,12.398921832884097,29.149018097805158,100.0,0.08449999950244091,0.09449999997741543,2597
loo,dtw_online,4,8,0.0,27.25553657462882,26.46224025427257,44.692965339516775,1.1632737847943497,2.9081844619858748,98.7115544472153,62.83070000063162,86.67382000057842,2407
loo,hmm_forward,5,3,0.0,2.032317695484081,8.05336078749011,30.820941377791574,49.634193299961495,67.61648055448595,95.57010785824345,0.21769999875687063,0.33709999843267724,2597
loo,particle,5,3,0.0,1.7098807677004664,3.520133982621871,10.458782386481259,54.60146322680015,83.09587986137852,98.61325115562404,0.32560000181547366,0.5379999995057004,2597
loo,nn_greedy,5,4,0.0,13.461988554433315,17.236209918785903,46.25182508592304,28.849407783417934,42.63959390862944,95.8104104951333,0.06489999941550195,0.07589999950141646,2364
loo,nn_window,5,4,0.0,25.399628255241286,22.40896407209769,34.32025662973573,2.0727580372250425,5.456852791878172,100.0,0.08479999814881012,0.09668499824329045,2364
loo,dtw_online,4,10,0.0,25.86970410976408,25.077404751860072,49.35027036914143,3.877638948728996,8.09995691512279,98.31896551724138,62.00430000171764,83.93969999815454,2321
loo,hmm_forward,5,4,0.0,4.884430319537394,12.883712011671522,46.002315524819046,34.22165820642978,50.42301184433165,95.8104104951333,0.21550000019487925,0.2792650024275644,2364
loo,particle,5,4,0.0,2.0387909399069155,4.372637293228417,17.960093030376097,49.36548223350254,77.53807106598984,100.0,0.32139999893843196,0.4923300002701579,2364
loo,nn_greedy,5,6,0.0,11.942000501333618,16.599101649100625,47.74195260045768,32.28680526092491,44.039032668646584,95.20373514431239,0.06479999865405262,0.07643999924766827,2357
loo,nn_window,5,6,0.0,27.7841596136663,29.513808443415726,49.445316755891604,0.8909630886720408,7.6368264743317775,100.0,0.08460000026389025,0.09520000094198622,2357
loo,dtw_online,4,11,0.0,19.6088610720292,22.58753076022944,51.32696401285827,13.825088339222615,22.703180212014136,98.45338046840477,64.41810000069381,78.7856550015931,2264
loo,hmm_forward,5,6,0.0,1.799716249102805,9.772660134321661,50.60161666345198,52.99109036911328,69.1132795927026,94.22750424448218,0.2158999996026978,0.2635800010466481,2357
loo,particle,5,6,0.0,1.2918780695426277,3.4456401092732203,17.56088851012364,62.834111158252014,80.56851930420027,100.0,0.3221000006305985,0.5134800005180293,2357
loo,nn_greedy,5,7,0.0,21.38580096957011,21.076167551244552,44.89567795012852,12.82051282051282,25.917159763313606,96.32991318074191,0.06450000000768341,0.07843000057619062,2535
loo,nn_window,5,7,0.0,27.505409158759704,29.219527422765104,48.83001903662916,1.222879684418146,5.759368836291913,100.0,0.08449999950244091,0.09352999913971868,2535
loo,dtw_online,4,9,0.0,28.005104434552514,26.783758985280297,44.16311726597443,0.31658092599920856,3.521962801741195,98.85193982581157,64.96949999927892,85.15185000032943,2527
loo,hmm_forward,5,7,0.0,22.66278676792554,22.960450671903292,47.47657736655876,5.483234714003945,14.55621301775148,89.22651933701657,0.2206999997724779,0.38164999823493406,2535
loo,particle,5,7,0.0,2.6981449956993395,4.1774418977644,9.728654216785689,37.19921104536489,77.43589743589745,98.34254143646409,0.3262999998696614,0.6332800010568458,2535
loo,nn_greedy,5,8,0.0,21.196601381898894,19.80452329603004,48.07368680901779,14.208558371416702,29.912754466140424,96.34247714048213,0.06460000076913275,0.07940999821585132,2407
loo,nn_window,5,8,0.0,26.083469575282493,27.883230774740035,47.63329066973074,0.8724553385957623,3.9883672621520567,100.0,0.08449999950244091,0.10317000087525229,2407
loo,dtw_online,4,13,0.0,7.359460490407819,13.878167169024668,37.50630912779302,22.056451612903224,44.67741935483871,98.87051230334812,65.1092999996763,85.00076499931308,2480
loo,hmm_forward,5,8,0.0,13.505394680218084,16.260293669039505,41.081030643387045,14.250103863730784,30.328209389281263,89.98337489609311,0.21850000121048652,0.25814000109676266,2407
loo,particle,5,8,0.0,2.409757753252428,5.526842572135343,20.840415241689858,43.705857914416285,68.96551724137932,98.75311720698254,0.3214999996998813,0.45850999958929584,2407
loo,nn_greedy,5,9,0.0,19.54187951758633,19.235633357504195,44.18947177215411,16.383062920459043,29.006727344677486,96.15993665874902,0.06429999848478474,0.0813700011349283,2527
loo,nn_window,5,9,0.0,23.470193213525654,28.69976455832346,48.50587430404223,0.7123070834982193,2.7700831024930745,100.0,0.08439999874099158,0.09750000026542693,2527
loo,dtw_online,4,12,0.0,3.8802573277432595,10.770455374344934,32.707346195237804,36.56488549618321,51.56488549618321,99.19816723940436,64.66994999937015,82.81987000209483,2620
loo,hmm_forward,5,9,0.0,14.129405317063137,16.50336697763321,44.721742056369095,14.958448753462603,30.668777206173324,92.63657957244655,0.22629999875789508,0.30883999970683323,2527
loo,particle,5,9,0.0,2.391524019532344,4.93039274342768,24.67789268856521,37.633557578155916,72.57617728531855,97.66429136975455,0.33149999944726005,0.5138900014571841,2527
loo,nn_greedy,5,10,0.0,14.555194785660111,18.205882179587743,45.624308055312746,18.569582076691084,35.24342955622576,96.4655172413793,0.06580000263056718,0.16170000162674114,2321
loo,dtw_online,4,15,0.0,6.280173379415202,14.445167056865191,40.257916692967065,25.865580448065174,48.02443991853361,99.14425427872861,64.76589999874705,81.11544999956088,2455
loo,nn_window,5,10,0.0,30.928018275037893,33.25452339911036,48.82132590147656,0.904782421370099,1.5510555794915983,100.0,0.08719999823370017,0.13860000035492703,2321
loo,dtw_online,4,14,0.0,29.674415059161213,28.1629234347671,51.63971274353427,3.3123028391167195,7.49211356466877,98.26429980276134,64.75829999908456,84.91884999875765,2536
loo,hmm_forward,5,10,0.0,6.418313575609869,14.29160737324886,45.04303842618537,26.669538991813873,46.31624299870745,90.6896551724138,0.22790000002714805,0.3681999987747986,2321
loo,nn_greedy,5,11,0.0,19.302866062999495,20.918011245151536,48.16261542134539,13.427561837455832,23.719081272084804,95.40433053468847,0.0655999974696897,0.09140000111074187,2264
loo,nn_window,5,11,0.0,26.16492372360497,28.946078226485245,49.62659225261751,1.76678445229682,3.53356890459364,100.0,0.08719999823370017,0.10800000018207356,2264
loo,particle,5,10,0.0,2.193444997822164,6.816319909402103,38.962290874636395,48.68591124515295,69.10814304179233,96.9396551724138,0.32700000156182796,1.1219000007258728,2321
loo,hmm_forward,5,11,0.0,10.261372990484517,16.00797688236168,45.246640236115375,20.803886925795055,41.254416961130744,92.88555015466196,0.21939999714959413,0.3233800005546072,2264
loo,particle,5,11,0.0,1.8813163510154762,2.8388533421148145,7.683749925520937,54.328621908127204,84.2756183745583,98.98365002209457,0.3235000003769528,0.6456750001234467,2264
loo,nn_greedy,5,12,0.0,19.531499341980314,21.335331304123784,51.216228844663476,19.427480916030536,29.50381679389313,96.25811378388698,0.06520000169984996,0.08821999872452568,2620
loo,nn_window,5,12,0.0,25.373674979620002,28.610077015379343,48.7976040465622,1.7557251908396947,2.5572519083969465,100.0,0.08539999907952733,0.1016149988572578,2620
loo,dtw_online,4,16,0.0,28.115271282596055,26.185545419093565,43.69890068867406,2.015013828526274,8.060055314105096,98.49802371541502,63.27950000195415,92.27939999982482,2531
loo,hmm_forward,5,12,0.0,6.823426159708311,14.355799129245794,45.76903701930126,28.320610687022903,44.23664122137404,91.75257731958763,0.21810000180266798,0.3626599998824528,2620
loo,particle,5,12,0.0,3.0577203673240607,11.24023763308397,41.39962684569578,37.70992366412214,61.18320610687022,98.58724704085529,0.32220000139204785,0.5366400004277236,2620
loo,nn_greedy,5,13,0.0,16.606748671463976,19.00282449734019,45.97571981534561,17.540322580645164,31.209677419354836,96.40984267849939,0.06450000000768341,0.07599999680678593,2480
loo,nn_window,5,13,0.0,30.812597519908916,33.13977468444263,49.17806429682178,0.0,0.0,100.0,0.08470000102533959,0.10090500072692518,2480
loo,dtw_online,4,18,0.0,25.97743805240307,27.061433377554522,45.946647932058575,3.3690051525961153,7.253269916765754,98.61221252973831,64.15649999689776,88.35423999953493,2523
loo,hmm_forward,5,13,0.0,7.642525959318286,15.161469773863017,46.16029401837555,25.564516129032256,41.00806451612903,94.5542557482856,0.21869999909540638,0.31122000127652416,2480
loo,dtw_online,4,20,0.0,27.56526369764379,25.70523227462605,43.567856413314686,5.22508038585209,8.279742765273312,98.47205468435867,63.8161000006221,90.43058000206659,2488
loo,nn_greedy,5,14,0.0,16.716690222431136,18.960233123107674,47.115222697686534,24.014195583596216,34.38485804416404,96.05522682445759,0.06460000076913275,0.07617499795742333,2536
loo,nn_window,5,14,0.0,23.39441521197668,22.843803987022756,39.029634200517194,2.2476340694006307,3.588328075709779,100.0,0.08460000026389025,0.09979999958886765,2536
loo,particle,5,13,0.0,3.217508292442364,6.610488675563377,25.814844379062265,35.08064516129033,63.99193548387097,97.33763614360629,0.32219999775406905,0.519145001817378,2480
loo,hmm_forward,5,14,0.0,5.178930848319055,12.675395089310102,44.22434821456534,37.53943217665615,49.60567823343849,95.22682445759368,0.2175999998144107,0.26787500064529013,2536
loo,particle,5,14,0.0,3.0200086303545706,10.297352577539176,41.720379030998004,42.66561514195584,59.384858044164034,97.27810650887574,0.3198000013071578,0.4943999992974568,2536
loo,nn_greedy,5,15,0.0,15.529494588566294,18.02306242922158,46.78787404198637,25.173116089613035,35.234215885947044,96.25101874490628,0.06420000136131421,0.07769999974698294,2455
loo,nn_window,5,15,0.0,22.960823868114392,21.98549771554183,34.87679097064234,4.3991853360488795,7.657841140529531,100.0,0.08410000009462237,0.09569999856466893,2455
loo,dtw_online,4,17,0.0,15.900240853744771,22.699389464512336,50.157144555325786,11.992409867172675,20.265654648956357,98.51936218678816,63.70310000056634,89.23131999727043,2635
loo,hmm_forward,5,15,0.0,4.022310052548009,10.416219428950345,38.913817575546936,32.5050916496945,57.63747454175153,95.31377343113284,0.21750000087195076,0.24602999983471815,2455
loo,dtw_online,4,19,0.0,26.946986681391948,25.94948315539465,44.335636308366205,3.334610962054427,6.4775776159448055,98.58128834355828,63.81089999922551,91.04440000082832,2609
loo,particle,5,15,0.0,3.0043535149411227,7.184456788453603,25.933441681232317,43.13645621181263,60.9775967413442,93.19478402607987,0.3198000013071578,0.42959999846061664,2455
loo,nn_greedy,5,16,0.0,22.50806934599352,22.561942066760732,44.747759294643274,5.926511260371395,17.226392730146188,96.28458498023716,0.06510000093840063,0.07890000051702373,2531
loo,nn_window,5,16,0.0,32.25438840208228,33.08293863010226,48.30192550014156,0.0,0.07902015013828526,100.0,0.08460000026389025,0.10164999912376516,2531
loo,hmm_forward,5,16,0.0,19.79835950669928,19.74144518440638,43.835588541475175,6.716712761754247,18.135124456736467,88.3399209486166,0.21810000180266798,0.25269999969168566,2531
loo,particle,5,16,0.0,7.592234009565297,13.825478997762492,44.29245157321914,17.937574081390757,42.51284077439747,96.7193675889328,0.32080000164569356,0.531399999090354,2531
loo,nn_greedy,5,17,0.0,19.83043353276623,21.746586056104626,47.322188503263156,10.891840607210627,20.79696394686907,96.24145785876993,0.06510000093840063,0.1066299995727604,2635
loo,dtw_online,5,1,0.0,10.396249150384621,14.738621469714785,36.31641868299236,24.91103202846975,44.20719652036378,98.65506329113924,66.60890000057407,88.17856000023312,2529
loo,nn_window,5,17,0.0,29.77037333859257,30.43028917736761,48.547379743326836,1.1005692599620494,4.098671726755218,100.0,0.08460000026389025,0.10283000083290969,2635
loo,hmm_forward,5,17,0.0,18.76862791698818,21.900204257219716,47.8076064593081,5.958254269449716,20.45540796963947,89.02809415337889,0.21810000180266798,0.2696900006412761,2635
loo,dtw_online,5,2,0.0,6.946743349482453,16.647225970777416,42.13895755739186,26.059152677857718,45.40367705835332,98.40063974410236,67.60994999967807,88.19385999777293,2502
loo,nn_greedy,5,18,0.0,20.70422670780342,21.176405702260368,45.204130066000445,11.454617518826794,20.214030915576693,96.66931007137192,0.06460000076913275,0.0794000006862916,2523
loo,nn_window,5,18,0.0,30.56209447568963,32.1689012270273,48.123553968822655,0.0,0.47562425683709864,100.0,0.08470000102533959,0.10036000057880305,2523
loo,particle,5,17,0.0,3.382421275515739,8.167520240130663,35.367443938573295,26.337760910815938,60.87286527514232,96.84889901290813,0.32250000003841706,0.5643199994665337,2635
loo,dtw_online,5,4,0.0,10.247857023666835,14.370933607909462,34.285674523775455,23.688663282571913,45.60067681895093,98.9420228523064,65.87050000052841,86.63123499973152,2364
loo,hmm_forward,5,18,0.0,20.487166591937857,21.00564212932487,44.665387165210454,8.283789139912802,19.579865239793897,90.28548770816812,0.22149999858811498,0.350760000947048,2523
loo,nn_greedy,5,19,0.0,19.838666707764133,21.11312800126493,46.45506457321095,10.693752395553851,19.662706017631276,96.35736196319019,0.0656000011076685,0.0882200001797173,2609
loo,nn_window,5,19,0.0,26.444667868912127,28.6576333967395,47.55694022901225,1.763127635109237,3.6029129934840936,100.0,0.08910000178730115,0.13249999974505045,2609
loo,particle,5,18,0.0,11.019939986916008,15.427066971784663,42.022025901507284,17.201743955608404,32.97661514070551,97.77954004758128,0.3302000004623551,0.517109999782406,2523
loo,hmm_forward,5,19,0.0,13.387901601667913,16.859150191806222,43.37885269383129,16.596397087006515,30.164814105021083,91.44938650306749,0.21659999765688553,0.31496000010520214,2609
loo,particle,5,19,0.0,5.0189441655120275,9.201608829260723,32.86138567483613,28.55500191644308,49.82752012265236,95.74386503067484,0.32669999927747995,0.5567199987126514,2609
loo,nn_greedy,5,20,0.0,21.43120376096268,21.963553476010578,46.424318161005395,7.67684887459807,16.921221864951768,96.2605548854041,0.06489999941550195,0.1025299998218543,2488
loo,nn_window,5,20,0.0,30.822287916200338,33.66789824058012,48.83941356550121,0.28135048231511256,0.5627009646302251,100.0,0.0853000019560568,0.11576500110095368,2488
loo,dtw_online,5,3,0.0,14.244550630516866,13.831303841044027,33.40020825014236,32.61455525606469,46.05313823642664,99.03697996918336,66.58230000175536,87.92142000020247,2597
loo,hmm_forward,5,20,0.0,20.55790749071149,20.65460655397412,46.00356812443365,5.707395498392283,15.27331189710611,92.40048250904704,0.2190000013797544,0.3399649996936205,2488
loo,particle,5,20,0.0,6.113530160500781,14.728254190155658,45.692995360811715,20.458199356913184,46.663987138263664,96.98431845597105,0.3235499989386881,0.5817450002723493,2488
loo,nn_greedy,6,1,0.0,13.691268879660836,18.23041815362893,49.255340525368894,23.88295769078687,39.422696718070384,96.12341772151899,0.06270000085351057,0.10955999969155514,2529
loo,nn_window,6,1,0.0,24.093601836809718,24.086055500302653,41.34515607140923,3.084223013048636,5.456702253855279,100.0,0.08170000000973232,0.1088199991500005,2529
loo,dtw_online,5,6,0.0,2.920400679612413,9.33447171624109,28.645665779267965,38.99024183283835,57.61561306745864,98.4295415959253,64.73570000161999,79.53779999879768,2357
loo,hmm_forward,6,1,0.0,2.8658035179474797,9.104233319863816,40.4043173798246,36.8920521945433,67.22024515618821,96.51898734177216,0.21520000154851004,0.25110000060522,2529
loo,particle,6,1,0.0,2.018630271914018,5.153119346412376,21.86432853480011,49.50573349149862,77.06603400553578,98.8132911392405,0.32049999936134554,0.4390199996123556,2529
loo,nn_greedy,6,2,0.0,15.113514601108475,17.044662339284375,46.6133071232525,30.85531574740208,40.04796163069545,95.84166333466614,0.06240000220714137,0.07238999842229528,2502
loo,nn_window,6,2,0.0,27.18850278233441,29.213157990572935,49.198839524355826,1.4788169464428458,8.71302957633893,100.0,0.08230000094044954,0.0962999984039925,2502
loo,dtw_online,5,7,0.0,17.469784562213576,16.18640859071919,32.965812143112636,11.36094674556213,32.781065088757394,99.01341752170481,67.19520000115153,74.77995000226656,2535
loo,hmm_forward,6,2,0.0,3.028360046593976,9.785037480337435,40.55775625600176,37.569944044764185,62.98960831334932,94.52219112355058,0.2153999994334299,0.26417999997647706,2502
loo,particle,6,2,0.0,2.0350654878165084,3.2530065837530033,12.063643601516459,49.64028776978417,85.61151079136691,99.48020791683327,0.32129999999597203,0.5023700019592069,2502
loo,nn_greedy,6,3,0.0,17.764169334788356,18.072728156701146,46.350719086410656,22.911051212938006,34.46284174046978,95.64714946070877,0.06289999873843044,0.07392000188701785,2597
loo,nn_window,6,3,0.0,26.549717372182442,26.150886615593354,45.42252291513906,4.77474008471313,6.854062379668849,100.0,0.08270000034826808,0.09382000134792177,2597
loo,dtw_online,5,8,0.0,19.5957265165036,19.515631867751576,37.19294645425978,6.5641877856252595,24.05484004985459,98.6284289276808,67.78160000249045,74.52379000096698,2407
loo,hmm_forward,6,3,0.0,3.1284191259905074,8.692307563645326,31.29191106758167,36.34963419329996,60.91644204851752,93.52850539291218,0.216500000533415,0.24562000035075468,2597
loo,particle,6,3,0.0,1.7277887297746026,2.8400907060888785,8.263827875341116,57.79745860608394,88.8717751251444,99.26810477657936,0.3211999974155333,0.44496000045910417,2597
loo,nn_greedy,6,4,0.0,14.591409384020054,18.38643598597057,48.32407314636968,26.607445008460235,38.40947546531303,95.47185780787134,0.06270000085351057,0.07320000022446038,2364
loo,nn_window,6,4,0.0,32.31321753060621,33.45780940239157,50.58454905676316,0.5922165820642978,2.495769881556684,100.0,0.08240000170189887,0.09278500074287875,2364
loo,dtw_online,5,11,0.0,25.651194370888092,25.55377015951018,51.44879162222233,4.858657243816254,11.837455830388691,97.96730004418913,66.85060000017984,74.12646499888068,2264
loo,hmm_forward,6,4,0.0,2.6912044377836577,10.862069709834262,44.642738546267864,38.07106598984771,58.84094754653131,93.82141345746932,0.22479999825009145,0.2735849986493122,2364
loo,particle,6,4,0.0,2.063793010958828,2.8537054271731774,8.710536760126272,48.05414551607445,83.62944162436548,100.0,0.3308000013930723,0.5295849985486711,2364
loo,nn_greedy,6,5,0.0,11.209201862943516,16.57137259564864,47.17857611157991,32.830957230142566,45.53971486761711,96.16951915240423,0.06260000009206124,0.07023000252956987,2455
loo,nn_window,6,5,0.0,31.8299078864792,33.77574440434639,51.14366814797426,0.5702647657841141,2.810590631364562,100.0,0.08439999874099158,0.09943000040948388,2455
loo,dtw_online,5,10,0.0,20.21197631564327,18.680704714037937,39.820592422312075,10.77121930202499,25.807841447651874,98.0603448275862,67.16419999793288,75.18160000108765,2321
loo,hmm_forward,6,5,0.0,1.6978876826377636,7.484095763175309,39.38636339307884,56.25254582484725,74.33808553971487,93.60228198859005,0.22509999689646065,0.2687899985176045,2455
loo,particle,6,5,0.0,1.4610488345153803,2.6250192700445543,9.44319100916568,66.39511201629328,84.43991853360488,100.0,0.3276999996160157,0.5010500004573258,2455
loo,nn_greedy,6,7,0.0,20.811451619006306,20.90443467190556,48.002855577466974,11.479289940828401,23.31360946745562,96.60615627466456,0.06329999814624898,0.07282999795279463,2535
loo,nn_window,6,7,0.0,26.412577115306153,25.66246721728157,39.50213053198062,1.4990138067061143,2.8796844181459567,100.0,0.08490000254823826,0.10133000032510606,2535
loo,dtw_online,5,9,0.0,31.620058527529608,30.776918559349166,45.556442051880985,2.0973486347447565,5.8171745152354575,99.12905779889152,67.53930000195396,74.70041999913519,2527
loo,hmm_forward,6,7,0.0,21.761655222852976,21.81414778431023,45.947190378253524,9.072978303747535,16.765285996055226,91.79163378058406,0.21850000121048652,0.24990000019897707,2535
loo,particle,6,7,0.0,3.1876283645987664,5.12927242961793,17.212225975864712,35.50295857988166,65.9171597633136,98.14522494080505,0.32189999910769984,0.5203899996558902,2535
loo,nn_greedy,6,8,0.0,21.581281463833143,21.2366600655789,45.90824091375164,8.2675529705027,18.903199002908185,96.00997506234414,0.06269999721553177,0.07197000231826677,2407
loo,nn_window,6,8,0.0,26.349146038585648,25.130056166625682,39.76352869580862,0.6647278770253428,2.3265475695886995,100.0,0.08280000110971741,0.10167000182264017,2407
loo,dtw_online,5,13,0.0,18.159648020055805,15.76069112021123,33.64555656063058,22.701612903225808,31.209677419354836,98.78983461073013,66.3225499993132,82.61946999991767,2480
loo,hmm_forward,6,8,0.0,16.993579332711242,19.119908394616136,46.44655471145306,19.48483589530536,30.494391358537598,93.14214463840399,0.21710000146413222,0.28934999972989306,2407
loo,dtw_online,5,12,0.0,6.43349333286847,18.67158253338889,50.682865796395824,26.48854961832061,47.17557251908397,98.62542955326461,67.23664999844914,74.53109499965649,2620
loo,nn_greedy,6,9,0.0,19.971553356887334,21.051249388831597,49.43421364306919,12.900672734467749,25.247328848436883,96.67458432304038,0.06299999949987978,0.07457000028807668,2527
loo,particle,6,8,0.0,3.192877194452116,8.193539675085844,36.84946315012631,31.36684669713336,60.074781886165354,94.30590191188695,0.32219999775406905,0.4907000002276609,2407
loo,nn_window,6,9,0.0,26.97174925173468,26.449946499580438,40.718890707069,0.6727344677483181,2.21606648199446,100.0,0.08270000034826808,0.09687000019766855,2527
loo,hmm_forward,6,9,0.0,11.933691612733485,17.107023298659236,46.20645811356104,16.145627225959636,30.708349821923232,90.49881235154395,0.21519999791053124,0.25426999818591867,2527
loo,particle,6,9,0.0,3.0905166849740007,5.070358218753837,14.067584864756423,27.542540561931144,74.1590819153146,97.74346793349169,0.32309999733115546,0.5169800013391067,2527
loo,nn_greedy,6,10,0.0,21.42119860225845,21.753559806027294,45.63413783035224,9.306333476949591,18.91426109435588,95.81896551724138,0.06329999814624898,0.07790000017848797,2321
loo,nn_window,6,10,0.0,19.528413078765563,23.623590298771635,46.35107646950862,3.7914691943127963,10.46962516156829,100.0,0.08320000051753595,0.10010000187321566,2321
loo,dtw_online,5,15,0.0,19.36887647236729,23.118194335686816,49.38846350853776,14.949083503054988,23.462321792260692,98.69600651996741,66.22209999841289,85.4074899998522,2455
loo,hmm_forward,6,10,0.0,22.759749047140293,22.6172328974582,46.17784942335791,10.68504954760879,17.104696251615685,90.73275862068965,0.21909999850322492,0.31039999885251746,2321
loo,particle,6,10,0.0,2.831225257683788,7.9555998970607344,38.11477137713542,38.81947436449806,67.51400258509264,96.68103448275862,0.3217999983462505,0.5142000009072945,2321
loo,nn_greedy,6,11,0.0,22.47974423956091,23.340932081317195,49.08758114859359,10.556537102473499,16.96113074204947,95.53689792311091,0.06309999662335031,0.07695500080444614,2264
loo,nn_window,6,11,0.0,28.032133338689615,30.481380429193372,48.78703417404938,0.3975265017667844,1.4134275618374559,100.0,0.08320000051753595,0.10360000251239398,2264
loo,dtw_online,5,14,0.0,26.965238755508377,24.662676146845584,42.46027858377022,3.3123028391167195,7.925867507886436,98.54043392504931,66.29814999905648,82.74940000228526,2536
loo,hmm_forward,6,11,0.0,21.962598909104962,20.787001556680547,46.56839121486366,14.35512367491166,27.164310954063602,93.68095448519665,0.22060000083001796,0.32747999903222075,2264
loo,particle,6,11,0.0,2.289150457751407,3.6865895046189716,12.21068456109683,39.04593639575972,80.52120141342756,98.09986743261157,0.3232000017305836,0.5625950001558517,2264
loo,nn_greedy,6,12,0.0,17.170045469127082,18.576292001536963,46.95322545574474,19.31297709923664,34.69465648854962,96.14356624665903,0.06239999856916256,0.08120499969663794,2620
loo,nn_window,6,12,0.0,31.264122777125305,33.04211182496687,51.878226172512726,0.7251908396946565,2.6717557251908395,100.0,0.0822000001790002,0.126004999037832,2620
loo,dtw_online,5,16,0.0,25.331140329946287,18.87752829054609,38.006375166400815,9.996048992493085,29.27696562623469,98.49802371541502,66.42269999792916,88.85080000072776,2531
loo,dtw_online,5,18,0.0,25.006933195475497,26.66917287373794,45.869667002459856,2.3781212841854935,6.896551724137931,98.96907216494846,67.17930000013439,74.59187999957066,2523
loo,hmm_forward,6,12,0.0,4.086535186562621,12.182038887870233,47.18942127438889,29.50381679389313,55.38167938931298,93.92898052691866,0.21810000180266798,0.2566099967225454,2620
loo,nn_greedy,6,13,0.0,15.253549296894853,17.03462230309089,46.356707378955086,19.919354838709676,38.42741935483871,96.57119806373538,0.06310000026132911,0.078699999176024,2480
loo,particle,6,12,0.0,1.9820367182708818,5.46670672373574,35.55227192765149,50.49618320610687,79.38931297709924,98.77815960290187,0.32219999957305845,0.4669449994253214,2620
loo,nn_window,6,13,0.0,28.5249341304896,29.0011706202099,47.04770800520347,0.4435483870967742,2.1370967741935485,100.0,0.08250000246334821,0.10589999874355271,2480
loo,hmm_forward,6,13,0.0,3.7972474655870254,12.160798467723122,44.987000669592284,30.362903225806452,55.846774193548384,93.94917305365067,0.2181999989261385,0.27283999988867413,2480
loo,dtw_online,5,20,0.0,24.903369864990765,22.088219961874866,37.236775420937605,4.381028938906752,9.043408360128618,98.39163650985122,66.01425000008021,79.81338499921549,2488
loo,nn_greedy,6,14,0.0,14.291678297233899,18.19500410697754,48.778097115509574,18.178233438485805,35.37066246056783,95.5818540433925,0.06379999831551686,0.07809999897290254,2536
loo,nn_window,6,14,0.0,27.272899774410035,28.177113312956003,46.720784649511664,0.9858044164037855,2.4842271293375395,100.0,0.08510000043315813,0.10362499961047433,2536
loo,particle,6,13,0.0,2.1251090113928974,3.087272200262074,8.936582198920139,47.25806451612903,83.34677419354838,100.0,0.32530000135011505,0.4994149967387778,2480
loo,hmm_forward,6,14,0.0,4.0770503863302165,12.420106515094268,41.688435453040995,29.889589905362772,53.351735015772874,94.35897435897435,0.21879999985685572,0.27734999912354397,2536
loo,particle,6,14,0.0,2.2858457273715986,4.767017121660797,18.611627971901335,40.536277602523654,76.53785488958991,97.75147928994082,0.32140000257641077,0.5087999998067971,2536
loo,nn_greedy,6,15,0.0,17.723503642224365,18.36395943352398,46.900723603704385,23.74745417515275,36.53767820773931,96.21026894865525,0.06330000178422779,0.07479999840143137,2455
loo,nn_window,6,15,0.0,27.681945191148532,26.94425300208858,46.187448371578306,3.2586558044806515,5.132382892057027,100.0,0.08299999899463728,0.10128999892913262,2455
loo,dtw_online,5,17,0.0,7.9696662336577075,11.247315185162147,28.593721813243363,19.35483870967742,42.27703984819735,98.74715261958997,66.19510000018636,80.58018000265292,2635
loo,hmm_forward,6,15,0.0,12.661080489452035,15.800425067469208,46.16411690963904,24.765784114052952,40.04073319755601,91.44254278728606,0.21579999884124845,0.2906300011090934,2455
loo,particle,6,15,0.0,2.029058401089109,3.7445119969784093,17.025058707650675,49.61303462321792,77.55600814663951,98.73675631621842,0.32160000046133064,0.5221199997322398,2455
loo,nn_greedy,6,16,0.0,21.809653745105816,21.828977133990293,47.80249498550767,9.561438166732517,21.414460687475305,95.92885375494072,0.06310000026132911,0.0761499995860504,2531
loo,nn_window,6,16,0.0,24.198044829265875,24.510719707279126,47.34619453097088,1.738443303042276,9.561438166732517,100.0,0.08299999899463728,0.10044999908132013,2531
loo,dtw_online,5,19,0.0,24.124145836262734,17.930090067137154,33.75078434134472,14.220007665772327,32.73284783441932,98.81134969325154,66.4918000002217,84.12610000013954,2609
loo,hmm_forward,6,16,0.0,22.37748712918173,20.0068561362932,42.96611164314669,9.16633741604109,22.797313314895298,94.42687747035573,0.21890000061830506,0.27569999838306103,2531
loo,particle,6,16,0.0,5.472285465729953,7.890359492635301,22.17095253296155,17.4239431054919,47.09600948241802,95.88932806324111,0.3203999985998962,0.5251499987934949,2531
loo,nn_greedy,6,17,0.0,23.048914666657648,22.86036784724272,50.721655527473445,9.867172675521822,18.89943074003795,95.86180713743356,0.06299999949987978,0.07436000232701184,2635
loo,dtw_online,6,1,0.0,19.099225014863904,15.777143533234645,33.669567820490954,20.047449584816132,35.191775405298536,98.73417721518987,63.75570000091102,77.35876000151619,2529
loo,nn_window,6,17,0.0,30.29780391590938,30.67237492419316,49.780172520434306,0.7969639468690701,3.681214421252372,100.0,0.0827999974717386,0.09370000043418258,2635
loo,hmm_forward,6,17,0.0,19.676822504092172,21.494653382961253,49.01856464915058,9.8292220113852,23.30170777988615,94.72285497342445,0.22000000171829015,0.29694999975617964,2635
loo,particle,6,17,0.0,6.173748033839714,10.048132738533162,30.73344536911285,17.76091081593928,44.17457305502847,93.69779802581625,0.3214999996998813,0.5302600009599697,2635
loo,nn_greedy,6,18,0.0,22.722930999927062,22.989893618089116,50.8204093105565,8.006341656757828,18.311533888228297,95.99524187153054,0.0624999993306119,0.08784000019659294,2523
loo,nn_window,6,18,0.0,26.28785640230783,25.877657995861426,39.80368211507457,0.713436385255648,2.3781212841854935,100.0,0.08239999806392007,0.11527000096975829,2523
loo,dtw_online,6,2,0.0,11.953035079029359,12.841438748171035,33.33633955790623,26.53876898481215,41.60671462829736,98.72051179528188,61.608300000443705,69.70021500110303,2502
loo,hmm_forward,6,18,0.0,22.54213264087575,23.39207954042316,46.886162359887166,4.875148632580261,13.793103448275861,93.18001586042823,0.21670000205631368,0.3107300017290982,2523
loo,particle,6,18,0.0,8.147650347226698,11.991011285597677,32.4454180149815,16.76575505350773,39.08045977011494,94.29024583663758,0.32109999665408395,0.5278900003759192,2523
loo,nn_greedy,6,19,0.0,23.702296121252576,22.256465491939416,47.601277567589314,9.198926791874282,22.49904177845918,96.16564417177914,0.06260000009206124,0.08016000065254046,2609
loo,nn_window,6,19,0.0,25.002074901273314,28.118373199685237,47.08522373830535,0.9965504024530472,3.6029129934840936,100.0,0.08230000094044954,0.10193999914918091,2609
loo,dtw_online,6,4,0.0,14.489837670775032,13.758650476032788,31.023260082928676,20.304568527918782,34.263959390862944,98.43419382141346,64.50019999829237,76.14193499903195,2364
loo,hmm_forward,6,19,0.0,21.856102577869216,21.11466171367625,46.59020847816695,13.070141816788041,23.878880797240324,88.3819018404908,0.21810000180266798,0.3260399993450846,2609
loo,particle,6,19,0.0,7.120582591632719,11.584683712371735,32.960993634896184,19.202759678037562,43.158298198543505,92.33128834355828,0.3214999996998813,0.5240999998932239,2609
loo,nn_greedy,6,20,0.0,20.172820325819803,21.643881279807434,49.90012522160286,8.19935691318328,16.840836012861736,96.38118214716526,0.06270000085351057,0.0778650011852733,2488
loo,nn_window,6,20,0.0,27.118994864046385,29.183298690403756,50.919960868605095,1.8890675241157555,9.003215434083602,100.0,0.0822000001790002,0.09180000051856041,2488
loo,dtw_online,6,3,0.0,10.046575651983332,11.3006043473483,28.5446256491121,30.18867924528302,45.20600693107431,98.34360554699538,64.43579999904614,72.21278000070015,2597
loo,hmm_forward,6,20,0.0,19.269860020655944,20.281073629798406,45.13956224972592,9.244372990353698,23.673633440514468,91.03337354242058,0.2175999979954213,0.3528200006257976,2488
loo,particle,6,20,0.0,22.74213305059824,21.87596788239127,45.13776579015399,10.932475884244374,14.991961414790996,92.32006433453961,0.32129999999597203,0.6107600003815608,2488
loo,nn_greedy,7,1,0.0,15.756705453985946,18.341142628356444,47.91587400196168,22.10359826018189,34.08461842625544,96.6376582278481,0.06650000068475492,0.11849999937112433,2529
loo,dtw_online,6,5,0.0,4.753091355806395,11.488397944733107,33.00187049911508,35.03054989816701,50.468431771894096,98.53300733496333,64.73670000195852,72.93291999922076,2455
loo,nn_window,7,1,0.0,24.26645792689676,28.02720175600768,48.70407590272635,3.598260181890075,9.252669039145907,100.0,0.08639999941806309,0.13085999962640926,2529
loo,hmm_forward,7,1,0.0,14.507112293584441,17.321811836630292,46.440282128889024,25.622775800711743,37.6433372874654,95.53006329113924,0.21719999858760275,0.37195999757386733,2529
loo,particle,7,1,0.0,1.891714802808301,3.6849734648114656,14.390888103693536,51.32463424278371,80.15025701858443,98.18037974683544,0.3226999979233369,0.5044999998062849,2529
loo,nn_greedy,7,2,0.0,17.481062800735614,18.822697464077624,48.01457059018415,20.983213429256594,34.49240607513989,96.0015993602559,0.06579999899258837,0.07860000187065452,2502
loo,nn_window,7,2,0.0,16.62968387447908,17.619410333631276,31.34744592278711,5.795363709032774,12.270183852917665,100.0,0.08580000212532468,0.10480000128154643,2502
loo,dtw_online,6,7,0.0,10.44252978377496,16.869425313096823,43.103473149732466,13.964497041420119,39.0138067061144,98.50039463299132,64.62910000118427,72.60098999977343,2535
loo,hmm_forward,7,2,0.0,5.4170058731176365,13.954037124786398,47.459116248476796,30.135891286970423,48.80095923261391,95.1219512195122,0.2271999983349815,0.3202900014002807,2502
loo,particle,7,2,0.0,1.817143603277964,3.379945406739623,13.747419923523791,56.27498001598721,84.45243804956036,100.0,0.3293999980087392,0.5361700010325875,2502
loo,nn_greedy,7,3,0.0,17.229319990457565,18.76736310195138,47.674528705596984,16.9811320754717,31.651906045437045,95.60862865947611,0.06650000068475492,0.09419999769306742,2597
loo,nn_window,7,3,0.0,30.36379447025382,30.31874206565792,49.46455511723368,0.0,0.0,100.0,0.08849999721860513,0.11504000212880779,2597
loo,dtw_online,6,8,0.0,17.448218679882736,16.561937716788318,34.84162018542307,12.380556709597009,32.363938512671375,99.25187032418953,64.6679999990738,75.27993000076094,2407
loo,hmm_forward,7,3,0.0,12.618549964743066,17.56897478356528,46.93583654414549,30.881786676934926,44.12783981517135,96.1864406779661,0.21840000044903718,0.2738399998634121,2597
loo,particle,7,3,0.0,2.9713470773177693,9.14981476864769,41.26566979562065,40.93184443588756,64.0354254909511,95.41602465331279,0.32049999936134554,0.511900000128662,2597
loo,nn_greedy,7,4,0.0,16.236873622006932,18.37141160419172,47.914487477812806,17.978003384094755,35.10998307952622,96.44519678374948,0.06580000263056718,0.0774000000092201,2364
loo,nn_window,7,4,0.0,25.127493076601397,25.677633883496767,41.825845853563706,2.918781725888325,9.01015228426396,100.0,0.08570000136387534,0.10228500032098962,2364
loo,dtw_online,6,11,0.0,6.828857050663245,14.91733324609217,39.9470353822104,16.740282685512366,45.75971731448763,98.54175872735307,63.20090000008349,73.91377500025555,2264
loo,hmm_forward,7,4,0.0,7.602358153783681,14.21530893553625,46.368565005868724,30.5414551607445,46.78510998307953,95.09098603470166,0.2172999993490521,0.2531099997213459,2364
loo,particle,7,4,0.0,3.355383668357857,8.14899906153395,31.92311599257476,35.87140439932318,63.367174280879865,98.34955564959796,0.32079999982670415,0.49617000186117366,2364
loo,nn_greedy,7,5,0.0,16.31383714765425,18.472066241657206,47.92897453773574,21.140529531568227,36.53767820773931,95.72127139364304,0.06599999687750824,0.07539999933214858,2455
loo,nn_window,7,5,0.0,31.61221760744235,33.52440323481781,48.80435033005901,0.0,0.6109979633401221,100.0,0.08600000001024455,0.10300000212737359,2455
loo,dtw_online,6,10,0.0,23.793791257497215,19.73810432032951,40.726333417589736,12.580784144765186,31.107281344248168,98.36206896551725,64.60999999762862,75.93460000134655,2321
loo,hmm_forward,7,5,0.0,4.793000307509554,15.521637011092679,45.16869454960878,31.771894093686353,50.509164969450104,96.00651996740017,0.2153999994334299,0.28733000144711696,2455
loo,particle,7,5,0.0,2.1254310289351306,3.9324061635573284,9.526047400571494,46.63951120162933,76.9857433808554,98.45150774246129,0.3219999998691492,0.5198600003495812,2455
loo,nn_greedy,7,6,0.0,16.46845940131995,19.108402530420573,48.62534166543685,18.879932117098004,34.11115825201527,95.58573853989813,0.06629999916185625,0.07892000066931358,2357
loo,nn_window,7,6,0.0,25.017090634489428,28.784849262099065,49.20880703584679,0.6364022061943148,5.345778532032244,100.0,0.08600000001024455,0.09892000016407108,2357
loo,dtw_online,6,9,0.0,31.285749748760708,30.09894835027516,45.48871508916916,2.96794618124258,6.29204590423427,99.2874109263658,63.481000001047505,75.24936999980126,2527
loo,hmm_forward,7,6,0.0,12.1851605061457,15.952312598824447,46.57015777434645,22.995333050487908,41.9176919813322,93.59083191850594,0.2158999996026978,0.26778000101330685,2357
loo,particle,7,6,0.0,2.5059071449887025,5.603924127264803,21.155566126224123,42.21467967755622,71.65888841747984,97.83531409168081,0.320099999953527,0.5065000004833561,2357
loo,nn_greedy,7,8,0.0,13.404968453424946,16.37284154936588,46.000755765625044,31.117573743248855,42.79185708350644,95.88528678304239,0.06600000051548705,0.07786999995005316,2407
loo,nn_window,7,8,0.0,29.89671620518534,31.962257329136293,52.77982977168786,1.7449106771915246,3.9052762775238885,100.0,0.08600000001024455,0.10044000082416456,2407
loo,dtw_online,6,13,0.0,5.785442367557586,10.724334556514409,29.427725691184225,23.06451612903226,47.58064516129033,98.42678499394917,64.35065000005125,71.29177500082731,2480
loo,hmm_forward,7,8,0.0,2.431859516993123,9.357329826485236,42.28349595695401,45.201495637723305,62.69214790195263,95.26184538653366,0.21560000095632859,0.2679100001842016,2407
loo,dtw_online,6,15,0.0,16.013143091649063,14.64806532956814,28.80748844476195,15.030549898167006,29.694501018329937,98.65525672371638,62.9518999994616,75.21202000098127,2455
loo,nn_greedy,7,9,0.0,13.934560890598414,18.500197201497837,49.419312629249674,21.56707558369608,35.37791848041156,95.96199524940617,0.06609999763895757,0.0841700006276369,2527
loo,particle,7,8,0.0,1.6154915159543295,2.311022174111594,6.705861502819303,59.99169090153719,87.95180722891565,100.0,0.32310000096913427,0.4989000008208677,2407
loo,nn_window,7,9,0.0,31.40708488423199,30.053659103256305,52.481487103073455,0.9101701622477245,1.6224772457459438,100.0,0.08600000001024455,0.11237000071560031,2527
loo,dtw_online,6,12,0.0,11.627590862346446,12.99623785774458,30.035686431562812,20.801526717557252,37.44274809160305,98.81634211531119,63.64220000068599,73.57531000070594,2620
loo,hmm_forward,7,9,0.0,2.7184772732248006,12.539730438251375,46.74675140944809,43.76731301939058,59.0819153146023,94.10134600158354,0.2189999977417756,0.3156900012982077,2527
loo,nn_greedy,7,10,0.0,12.506848290699516,15.824068812989596,45.81257171916529,26.755708746230074,40.413614821197754,95.81896551724138,0.06579999899258837,0.08449999950244091,2321
loo,particle,7,9,0.0,2.241793111722455,6.534904077048465,43.2690770463625,45.66679857538583,70.16224772457458,95.92240696753761,0.3233999996155035,0.4740199998195744,2527
loo,dtw_online,6,14,0.0,16.308913449217997,17.358349720405425,38.35148055883708,16.36435331230284,27.365930599369086,98.89546351084813,63.22155000088969,73.3319750006558,2536
loo,nn_window,7,10,0.0,22.62745032490103,23.730391165906035,45.998264494091906,2.0249892287806976,4.3515725980180955,100.0,0.08570000136387534,0.11269999959040433,2321
loo,hmm_forward,7,10,0.0,3.2518644461013375,11.410412661188532,42.97867006886637,41.70616113744076,56.78586816027574,94.74137931034483,0.21579999884124845,0.27709999994840473,2321
loo,nn_greedy,7,11,0.0,18.672798261821583,19.601261010364983,46.45058855384156,15.01766784452297,29.24028268551237,94.87406098099868,0.06629999916185625,0.08538499951100674,2264
loo,particle,7,10,0.0,1.678690867445228,3.4336384469342742,7.730585490463808,58.767772511848335,81.64584230934942,100.0,0.3233999996155035,0.5162999987078365,2321
loo,nn_window,7,11,0.0,21.546459215772728,19.299514751481357,30.651156251473108,8.12720848056537,14.97349823321555,100.0,0.08620000153314322,0.1083999995898921,2264
loo,hmm_forward,7,11,0.0,17.154414625996537,18.307340549192954,45.90373761167966,23.498233215547703,37.765017667844525,94.21122403888643,0.21580000247922726,0.30867500045133023,2264
loo,particle,7,11,0.0,2.3160617910089836,8.808186480916799,45.54762565821883,40.98939929328622,70.45053003533569,98.40919133893063,0.3237000018998515,0.541380001050129,2264
loo,nn_greedy,7,12,0.0,21.125229964294512,19.965235759215343,47.07820396367764,20.114503816793892,33.20610687022901,96.56357388316151,0.06629999916185625,0.07859999823267572,2620
loo,nn_window,7,12,0.0,32.80092143473074,34.3941246352974,51.23726367640797,0.3053435114503817,0.7633587786259541,100.0,0.08650000017951243,0.11230000018258579,2620
loo,dtw_online,6,16,0.0,18.23876269536222,20.810735527703,44.474231064002296,11.339391544843934,24.298696167522717,98.22134387351778,63.42349999977159,75.8691999999428,2531
loo,hmm_forward,7,12,0.0,4.810295071680133,13.79841508526364,42.656892472487826,34.9236641221374,50.34351145038168,97.17449408171058,0.21579999884124845,0.31224999820551574,2620
loo,particle,7,12,0.0,2.4971260371846418,5.598562224249295,19.91332167965688,44.50381679389313,69.31297709923663,95.53264604810997,0.3226000007998664,0.5381549974117658,2620
loo,nn_greedy,7,13,0.0,19.3459491323852,20.50425253600424,47.716245473862685,16.81451612903226,29.516129032258064,96.16780960064543,0.06600000051548705,0.08521000127075234,2480
loo,nn_window,7,13,0.0,30.119137343856337,29.62235846876233,48.38965906020471,0.967741935483871,4.153225806451613,100.0,0.08590000288677402,0.10290499776601789,2480
loo,dtw_online,6,18,0.0,27.96878897316353,28.391320754689094,53.458490463648765,1.506143479984146,4.8355132778438366,98.21570182394925,63.471299999946496,76.8066299999191,2523
loo,hmm_forward,7,13,0.0,14.905875565075641,18.351617183189962,47.13760746113874,23.588709677419356,40.32258064516129,96.40984267849939,0.21809999816468917,0.27061499786213966,2480
loo,particle,7,13,0.0,4.993259294641492,13.353606231294314,43.40271160482657,30.443548387096776,50.08064516129033,93.78781766841469,0.3206999972462654,0.5014999987906776,2480
loo,nn_greedy,7,14,0.0,16.47532761279875,18.30278259976571,46.06816211833135,19.71608832807571,33.2807570977918,96.84418145956607,0.06620000203838572,0.08422499740845524,2536
loo,nn_window,7,14,0.0,24.626034511956433,25.167963082005265,42.40073537055574,3.7854889589905363,9.305993690851736,100.0,0.08620000153314322,0.10742500217020279,2536
loo,dtw_online,6,17,0.0,16.83210121943965,18.423747432979532,43.90067118975549,12.941176470588237,28.72865275142315,98.32953682611996,62.80040000274312,74.73679000213448,2635
loo,hmm_forward,7,14,0.0,13.360120015122742,16.757593462326277,45.17477685158425,28.154574132492115,40.97003154574133,92.54437869822485,0.2176000016334001,0.2766500001598615,2536
loo,particle,7,14,0.0,8.355380722961488,15.65493511393439,45.051627286084305,24.842271293375397,41.40378548895899,92.42603550295858,0.32129999999597203,0.5196500014790217,2536
loo,nn_greedy,7,15,0.0,21.326420458882726,20.288595440882354,47.41907973330263,14.29735234215886,27.046843177189412,96.16951915240423,0.0656000011076685,0.08936000012909057,2455
loo,nn_window,7,15,0.0,20.2038220773493,20.458631365756965,38.470456016498154,5.743380855397149,15.193482688391038,100.0,0.08539999907952733,0.10092999982589387,2455
loo,dtw_online,6,19,0.0,8.923113696583934,16.489475459926492,39.4764966513691,14.83326945189728,37.29398236872365,98.38957055214725,62.07890000223415,68.84161999914795,2609
loo,hmm_forward,7,15,0.0,14.102242552804148,17.584912444429904,46.95756071644123,22.281059063136457,41.5071283095723,93.39853300733496,0.2172999993490521,0.3476400001090949,2455
loo,particle,7,15,0.0,8.050242569120094,14.281583698083598,44.41020488224054,22.158859470468432,37.515274949083505,92.09453952730236,0.31990000206860714,0.5355900000722612,2455
loo,nn_greedy,7,16,0.0,18.3996438833189,20.536687752319697,47.00055969609606,12.919794547609639,27.261951797708416,96.00790513833992,0.06629999916185625,0.08759999946050812,2531
loo,nn_window,7,16,0.0,35.52989016882861,34.91525445247192,49.79279344225988,0.0,0.0,100.0,0.08629999865661375,0.10635000035108533,2531
loo,dtw_online,6,20,0.0,25.55823164393334,23.655130477265576,42.51991832092194,3.577170418006431,9.606109324758842,98.23080016083635,64.66439999894646,70.71636500040768,2488
loo,hmm_forward,7,16,0.0,14.629577945326051,18.099113343772416,46.74856612938284,18.372184907151322,38.32477281706835,95.45454545454545,0.21829999968758784,0.2831999991030898,2531
loo,particle,7,16,0.0,9.632940965391075,13.971469033687494,45.61520282796778,20.189648360331887,41.44606874753062,92.80632411067194,0.32130000181496143,0.54439999985334,2531
loo,nn_greedy,7,17,0.0,17.52677412314413,19.657123964843713,47.21026247795087,17.874762808349146,30.891840607210625,96.08959757023538,0.06629999916185625,0.09369999788759742,2635
loo,nn_window,7,17,0.0,24.531403233329687,23.703367461888398,38.318915611311006,0.9867172675521821,5.654648956356737,100.0,0.08619999789516442,0.10795999987749377,2635
loo,dtw_online,7,1,0.0,27.5812972657342,29.25763755142357,49.05326366552298,2.0956899960458677,4.270462633451958,98.41772151898735,69.24319999961881,76.08415999857243,2529
loo,dtw_online,7,2,0.0,2.2012761124102314,5.507005949476838,28.98978857787329,46.36290967226219,76.01918465227818,98.8404638144742,69.06340000023192,76.86617500057763,2502
loo,hmm_forward,7,17,0.0,13.107488448075033,16.39609947044207,48.343393404654265,24.895635673624287,41.36622390891841,93.50797266514806,0.225499999942258,0.30982000062067516,2635
loo,nn_greedy,7,18,0.0,22.876402486408235,21.617100149630424,47.03690745229877,18.588981371383273,26.9124058660325,95.87628865979381,0.06589999975403771,0.07620000178576447,2523
loo,particle,7,17,0.0,9.308153914860053,15.175665564324166,45.89942149032413,21.669829222011387,39.62049335863377,96.65907365223994,0.32329999885405414,0.5263200000626965,2635
loo,nn_window,7,18,0.0,26.723211091725,30.51378528856255,48.45547037066444,0.9512485136741973,1.743955608402695,100.0,0.08760000127949752,0.11059000134991949,2523
loo,hmm_forward,7,18,0.0,22.68676682180366,20.171958855711154,46.205049825600234,23.067776456599287,32.69916765755054,93.41792228390166,0.22470000112662092,0.29102000080456497,2523
loo,particle,7,18,0.0,11.967911939546957,16.290376958649723,45.94727961874572,21.00673801030519,39.19936583432422,95.87628865979381,0.3284999984316528,0.5307399998855544,2523
loo,nn_greedy,7,19,0.0,18.445760337528036,19.957143848540532,48.9510576921871,20.659256420084322,31.161364507474126,96.74079754601227,0.06550000034621917,0.07879999975557439,2609
loo,nn_window,7,19,0.0,27.791890932345154,30.22602331192419,48.47752533569998,0.8815638175546185,2.721349175929475,100.0,0.08720000187167898,0.1020199997583404,2609
loo,dtw_online,7,4,0.0,19.032167475466203,21.080668503833856,42.300200087384844,10.025380710659897,21.74280879864636,98.39187473550571,69.67124999937369,76.27714999889577,2364
loo,hmm_forward,7,19,0.0,15.755752524064135,17.660855411588976,46.694826637318435,27.36680720582599,38.59716366423917,97.3159509202454,0.22039999748812988,0.30192000122042373,2609
loo,particle,7,19,0.0,3.6397219336070794,10.709643362822655,45.65768254808216,33.4610962054427,55.00191644308165,97.16257668711657,0.32139999893843196,0.5464599998958873,2609
loo,nn_greedy,7,20,0.0,17.7606870847182,19.74749702959181,46.63264684112617,20.860128617363344,30.5064308681672,96.78327301970245,0.06570000186911784,0.08216499991249294,2488
loo,nn_window,7,20,0.0,24.72093699912162,28.88514723382278,49.746568137311336,1.0852090032154342,5.104501607717042,100.0,0.08579999848734587,0.1031649997457862,2488
loo,dtw_online,7,6,0.0,23.766347278676207,26.147060643589473,53.02740094912428,3.7759864234196012,5.7700466694951205,98.68421052631578,69.29810000292491,76.258780000353,2357
loo,dtw_online,7,5,0.0,18.464132054860958,16.824301346092827,36.43795121998722,14.460285132382891,34.09368635437882,98.57375713121435,68.32669999857899,77.72773999931813,2455
loo,hmm_forward,7,20,0.0,15.853865905886536,18.124729011422367,45.628830489936476,25.32154340836013,34.967845659163984,94.89344591877764,0.216500000533415,0.2920100008850569,2488
loo,nn_greedy,8,1,0.0,15.614444389465753,18.268661673187882,48.22232660576083,24.515618821668646,35.4290233293792,95.80696202531645,0.06429999848478474,0.07796000063535756,2529
loo,nn_window,8,1,0.0,21.55131474070314,22.487786874581587,44.140367840974115,2.135231316725979,6.603400553578489,100.0,0.08420000085607171,0.10805999845615587,2529
loo,particle,7,20,0.0,3.943261966830631,12.712456388748109,45.92628648942051,32.556270096463024,53.37620578778135,96.50180940892642,0.3221000006305985,0.5219950007813168,2488
loo,hmm_forward,8,1,0.0,2.5378335397725906,11.285692931175518,44.66028187658664,45.27481217872677,63.30565440885726,95.33227848101265,0.2196000023104716,0.348560000566067,2529
loo,particle,8,1,0.0,1.7811588451982416,2.904635346194721,9.463064015872767,53.57848952155002,84.4998022933966,100.0,0.32250000003841706,0.5327200015017297,2529
loo,nn_greedy,8,2,0.0,16.57712783623562,18.21377209959663,46.52679282160742,21.183053557154278,33.25339728217426,95.56177528988404,0.06340000254567713,0.08289500183309427,2502
loo,nn_window,8,2,0.0,33.97464591612828,35.00915590821293,49.84030953028645,0.0,0.0,100.0,0.08320000051753595,0.1020699988657724,2502
loo,dtw_online,7,3,0.0,28.68236783902187,30.97196210366567,50.157112215341954,4.197150558336542,7.12360415864459,98.49768875192603,69.7400999997626,76.1575000011362,2597
loo,hmm_forward,8,2,0.0,2.314388635821095,13.064795610796983,46.603063571232966,44.44444444444444,60.1119104716227,95.84166333466614,0.22610000087297522,0.3139000000373926,2502
loo,dtw_online,7,8,0.0,1.5842187193394235,5.2282170091796605,29.02733000860572,57.997507270461156,78.47943498130454,99.12718204488779,67.58410000111326,74.60295000200857,2407
loo,nn_greedy,8,3,0.0,16.258707678212588,17.805139471137675,47.583218759602616,22.333461686561417,33.65421640354255,95.60862865947611,0.063900002714945,0.07514000099035907,2597
loo,particle,8,2,0.0,2.2583646671502176,5.732513486839739,38.073874332128625,44.76418864908073,78.53717026378897,99.44022391043582,0.32909999936237,0.5304899978000321,2502
loo,nn_window,8,3,0.0,31.578758129730822,31.80681240900939,47.706799023530294,0.0,0.3850596842510589,100.0,0.08380000144825317,0.09272000024793668,2597
loo,hmm_forward,8,3,0.0,3.1854433078532414,13.208910189374885,42.883573712318174,39.96919522525991,52.714670773969964,95.22342064714945,0.21500000002561137,0.2708400024857837,2597
loo,particle,8,3,0.0,1.5717549266090158,4.079178164230898,23.275462586138225,59.722757027339235,81.55564112437428,98.49768875192603,0.32080000164569356,0.5191000003833323,2597
loo,nn_greedy,8,4,0.0,15.800940098967327,18.105093054113166,46.3848645373389,24.027072758037225,36.082910321489,95.8950486669488,0.06360000043059699,0.08040000102482736,2364
loo,nn_window,8,4,0.0,21.799802512547487,23.200395051514004,44.80239460827638,3.2994923857868024,5.710659898477157,100.0,0.08339999840245582,0.10119999933522195,2364
loo,dtw_online,7,11,0.0,16.716405412911325,17.60870516829447,37.17291140678198,9.673144876325088,20.008833922261484,98.49756959787892,67.77119999969727,77.21735999894007,2264
loo,hmm_forward,8,4,0.0,4.3273909521745235,12.931101144934715,40.364489479199015,37.8595600676819,52.2419627749577,94.24460431654677,0.21879999985685572,0.3346550021888106,2364
loo,particle,8,4,0.0,1.8113875344340509,3.000200130706824,9.131870672417978,54.568527918781726,79.82233502538071,99.53449005501481,0.32170000122278,0.5172399991351995,2364
loo,nn_greedy,8,5,0.0,15.82227714726133,17.919740284473292,48.853411180666214,25.29531568228106,35.27494908350305,95.72127139364304,0.06430000212276354,0.08745999912207475,2455
loo,nn_window,8,5,0.0,29.036098334893957,28.092220636931252,47.34002292728107,0.8553971486761711,1.9144602851323826,100.0,0.0839000022097025,0.10252000101900183,2455
loo,dtw_online,7,10,0.0,18.966446144616146,18.635476800223696,36.8440704878957,12.623869021973288,19.51744937526928,98.87931034482759,68.05330000133836,78.92580000043381,2321
loo,hmm_forward,8,5,0.0,8.414093450702733,16.142013001947273,48.10462747295803,41.425661914460285,47.94297352342159,95.84352078239608,0.2175999979954213,0.3242500013584503,2455
loo,particle,8,5,0.0,1.8105312362189807,7.386777343394316,47.30583138843788,54.17515274949084,70.06109979633402,97.06601466992664,0.3209999995306134,0.5338599992683154,2455
loo,nn_greedy,8,6,0.0,17.70837469805578,18.629167623607685,47.487572647694705,18.370810352142556,31.141281289775137,95.07640067911714,0.06399999983841553,0.07922000222606583,2357
loo,nn_window,8,6,0.0,22.39369527677143,22.983283044803148,38.04008547693042,1.824352991090369,4.1578277471361895,100.0,0.08379999781027436,0.1118599997425917,2357
loo,dtw_online,7,9,0.0,1.9700698872864373,5.374534520757953,27.378304002895064,50.81123862287297,77.3644637910566,99.12905779889152,69.5981999997457,75.37115000195627,2527
loo,hmm_forward,8,6,0.0,7.805704724578558,15.161523866638094,49.180847851734626,32.032244378447174,45.990666100975815,93.2937181663837,0.216500000533415,0.2932200004579497,2357
loo,particle,8,6,0.0,2.3330012213380935,6.4572923197151,26.351107422186708,43.52991090369113,68.98599915146373,96.05263157894737,0.32389999978477135,0.5777600003057154,2357
loo,nn_greedy,8,7,0.0,15.551765420722152,18.452125215814664,48.10000211450721,24.77317554240631,37.751479289940825,96.2904498816101,0.06349999966914766,0.0820299988845363,2535
loo,nn_window,8,7,0.0,23.522631789009523,27.934244740944873,49.569508480730384,2.2090729783037477,3.4714003944773175,100.0,0.0835999999253545,0.10487999970791845,2535
loo,dtw_online,7,13,0.0,27.889147035032575,29.679938527358487,49.96856113607228,3.467741935483871,5.362903225806451,98.66881807180314,68.23285000064061,78.80248500132437,2480
loo,hmm_forward,8,7,0.0,2.1413963821170356,9.206940628658998,40.15714560820266,48.205128205128204,68.63905325443787,95.14601420678768,0.21560000095632859,0.27942000197072037,2535
loo,particle,8,7,0.0,1.9262470153769864,2.9396002419903553,7.8258799870862745,51.67652859960552,81.73570019723866,99.92107340173638,0.3240000005462207,0.5318999999872174,2535
loo,nn_greedy,8,9,0.0,11.775118341013624,16.551474009984908,47.08381089646355,27.10724178868223,43.49030470914128,95.44734758511481,0.06410000059986487,0.08440000237897038,2527
loo,dtw_online,7,12,0.0,24.502311229415167,21.88139425233424,36.195917379127216,7.442748091603053,11.946564885496183,99.04543718976709,68.34919999892008,75.07545500102422,2620
loo,nn_window,8,9,0.0,30.071057433702368,30.599097519363553,46.452626909329446,0.4352987732489117,3.007518796992481,100.0,0.08400000297115184,0.10784000005514822,2527
loo,hmm_forward,8,9,0.0,2.5770689529551905,13.400703743699582,46.42538220382186,45.98337950138504,56.54926790660863,93.62628661916072,0.21630000264849514,0.34224000119138503,2527
loo,particle,8,9,0.0,1.8577471371262169,3.4029893004739176,9.805492312524647,52.15670755836961,79.46181242580136,98.89152810768013,0.3221000006305985,0.4929100006847871,2527
loo,nn_greedy,8,10,0.0,12.270713927934656,16.19872803313934,46.45418099409699,30.46100818612667,42.26626454114606,95.30172413793103,0.06360000043059699,0.07499999992433004,2321
loo,nn_window,8,10,0.0,29.915255628682182,30.34093091504136,46.81530314448753,0.0,0.0,100.0,0.08349999916390516,0.10340000153519213,2321
loo,dtw_online,7,14,0.0,27.054586793192044,27.389901418382085,49.45821554123644,4.968454258675079,11.790220820189274,98.46153846153847,67.73894999969343,75.1843000007284,2536
loo,dtw_online,7,15,0.0,27.286637631558833,27.993356101014573,50.1008245704868,3.095723014256619,6.883910386965376,98.57375713121435,68.49030000012135,77.40447000069251,2455
loo,hmm_forward,8,10,0.0,2.0600450257586673,8.590035780017663,42.27676811503115,48.85825075398535,71.26238690219733,95.60344827586206,0.21890000061830506,0.3295999995316379,2321
loo,nn_greedy,8,11,0.0,17.7717250441328,18.948831445125645,46.21374593807484,18.639575971731446,28.091872791519435,95.00662836942112,0.06420000136131421,0.08545499949832444,2264
loo,particle,8,10,0.0,1.3497993740701741,4.702550024107869,22.889029597751385,64.02412753123654,73.15812149935373,99.18103448275862,0.3236999982618727,0.44019999768352136,2321
loo,nn_window,8,11,0.0,25.02387176214332,23.59490582157196,37.828499361747944,2.65017667844523,4.681978798586572,100.0,0.0838999985717237,0.11058499803766607,2264
loo,hmm_forward,8,11,0.0,10.898092063507399,15.298783113876818,43.477250788921324,29.637809187279153,42.75618374558304,95.44851966416262,0.2184999975725077,0.2786799985187826,2264
loo,particle,8,11,0.0,1.7775476881691947,2.6202611336495054,7.632031431335302,55.74204946996466,86.13074204946997,99.86743261157756,0.32220000139204785,0.5268549995889771,2264
loo,nn_greedy,8,12,0.0,19.76746019554455,19.991292289618595,48.07856193728858,23.740458015267176,31.48854961832061,95.68537609774724,0.06349999966914766,0.07680500257265518,2620
loo,nn_window,8,12,0.0,30.072275102081456,30.704643712540854,48.94068865469732,2.709923664122137,3.969465648854962,100.0,0.08329999764100648,0.09829999908106402,2620
loo,dtw_online,7,16,0.0,23.48713531912327,24.90876098290825,50.19615517182122,2.8052153299091267,9.00829711576452,98.93280632411067,67.03049999850919,73.17844999852241,2531
loo,hmm_forward,8,12,0.0,13.155185701435093,16.34752211706817,45.38962950990611,30.0381679389313,40.49618320610687,94.08171057655593,0.21560000095632859,0.28674500026681904,2620
loo,particle,8,12,0.0,2.025714991044124,3.1290693694764427,8.2804149509602,49.50381679389313,84.77099236641222,99.5036273386789,0.32050000299932435,0.5221049992542248,2620
loo,nn_greedy,8,13,0.0,18.38220175976908,19.460510312916075,46.71674937011421,19.475806451612904,28.225806451612907,95.64340459862848,0.06340000254567713,0.07519999799114885,2480
loo,nn_window,8,13,0.0,18.93776464536513,19.343207843911753,36.93582551607675,5.524193548387097,17.903225806451616,100.0,0.08340000204043463,0.10250000195810571,2480
loo,dtw_online,7,17,0.0,24.92683098958782,23.921241483720173,51.96488129913639,16.546489563567363,28.80455407969639,98.70918754745634,69.43580000006477,76.49680000104125,2635
loo,hmm_forward,8,13,0.0,8.428606267897658,15.220469839675433,45.00044135551091,26.93548387096774,45.84677419354839,93.38442920532472,0.2177500009565847,0.28496000104496455,2480
loo,particle,8,13,0.0,3.9332306325564237,9.37894483853643,39.94660656380774,31.209677419354836,56.733870967741936,94.79628882613957,0.32160000046133064,0.523825001255318,2480
loo,nn_greedy,8,14,0.0,14.99773099917757,17.38307757118032,46.09002115973922,20.54416403785489,34.26656151419558,95.50295857988166,0.06364999899233226,0.08122500003082678,2536
loo,nn_window,8,14,0.0,27.026196737301497,23.40141416390885,36.21793776726465,2.878548895899054,6.624605678233439,100.0,0.08350000280188397,0.1085499989130767,2536
loo,dtw_online,8,4,0.0,13.068814853762222,13.275082743388259,32.13527960947332,20.38917089678511,35.44839255499154,98.73042742276766,64.0836999991734,70.46855500120728,2364
loo,hmm_forward,8,14,0.0,7.531733491284626,17.040133589242508,45.756154985659165,30.757097791798106,46.88485804416404,95.54240631163708,0.21570000171777792,0.27319999935571104,2536
loo,particle,8,14,0.0,4.843210254275268,10.824372970364148,44.22415400034109,28.824921135646687,51.10410094637224,96.37080867850099,0.31989999843062833,0.5052999995314167,2536
loo,nn_greedy,8,15,0.0,18.420237280638474,19.42267663118988,48.76999284615985,18.289205702647656,29.735234215885946,96.16951915240423,0.06370000119204633,0.07892999965406486,2455
loo,nn_window,8,15,0.0,27.26933066321122,24.310803759803562,38.638739111236035,2.3217922606924644,4.928716904276985,100.0,0.08349999916390516,0.10325999937776936,2455
loo,dtw_online,8,2,0.0,15.848255790423622,19.43571073940998,48.046292487113206,9.47242206235012,19.224620303756996,98.08076769292283,64.4081999998889,71.5129699996396,2502
loo,dtw_online,7,18,0.0,11.413189476760323,15.819116813043316,45.655344038559385,24.137931034482758,43.876337693222354,98.73116574147502,69.15889999800129,76.30526999782887,2523
loo,hmm_forward,8,15,0.0,15.403225717447523,17.377713639514884,47.75072922857594,26.028513238289207,41.181262729124235,96.82151589242054,0.21850000121048652,0.32668000058038144,2455
loo,nn_greedy,8,16,0.0,18.65085703443139,20.107457870630192,46.9197400122317,10.944290794152508,25.40497826945871,95.45454545454545,0.06339999890769832,0.07564999941678252,2531
loo,nn_window,8,16,0.0,33.924674546521864,35.19838807869114,50.000921566097176,0.0,0.2370604504148558,100.0,0.08349999916390516,0.10785000085888896,2531
loo,particle,8,15,0.0,6.270585310947997,12.381579692402974,44.66714004849526,19.185336048879837,44.806517311608964,92.13528932355338,0.3206000001227949,0.5212300024140859,2455
loo,hmm_forward,8,16,0.0,18.219397051007125,19.908859157122553,46.143222649177304,16.120110628210192,24.693796918214144,94.34782608695652,0.2153999994334299,0.2873999983421527,2531
loo,particle,8,16,0.0,3.9701565128048855,8.497404399740986,25.0567859589798,32.59581193204267,54.91900434610826,97.03557312252964,0.32250000003841706,0.5407999997260049,2531
loo,dtw_online,8,1,0.0,22.63112053670721,22.176588764115124,48.35679885775828,4.230921312771847,11.308817714511665,98.89240506329115,66.0892000014428,72.6269599988882,2529
loo,nn_greedy,8,17,0.0,17.539833835026382,18.8689931923547,48.33129730943866,21.480075901328274,32.40986717267552,96.46924829157174,0.06399999983841553,0.07752999990771056,2635
loo,nn_window,8,17,0.0,23.560468784096557,24.447344242722636,46.50762051738942,2.770398481973434,12.030360531309297,100.0,0.08350000280188397,0.1005000012810342,2635
loo,dtw_online,7,20,0.0,26.242058699807266,28.406850014255863,49.47446640706251,1.3263665594855305,2.532154340836013,98.43184559710495,69.46180000159075,76.49416000022029,2488
loo,hmm_forward,8,17,0.0,15.25893214122682,17.425946381911874,46.729236061575165,21.518026565464897,35.14231499051233,89.749430523918,0.2172999993490521,0.2608599999803118,2635
loo,dtw_online,8,6,0.0,4.995946685668856,11.236468384319375,32.274216932438186,24.3954179041154,50.10606703436572,98.30220713073004,63.92099999720813,71.76585999986855,2357
loo,nn_greedy,8,18,0.0,18.61427881071731,19.82919743739642,47.38788548206284,21.40309155766944,29.17162108600872,95.87628865979381,0.06450000000768341,0.08528000180376695,2523
loo,nn_window,8,18,0.0,29.937678122448933,31.060927773812352,47.71918691841877,0.43598890210067376,1.9421323820848195,100.0,0.08380000144825317,0.11398999886296225,2523
loo,particle,8,17,0.0,2.6895438738831547,5.701196294610109,19.198587891960237,39.62049335863377,68.69070208728652,96.84889901290813,0.32470000223838724,0.5306200000632088,2635
loo,hmm_forward,8,18,0.0,17.307053612744717,19.643026125067305,48.36319661139074,19.223147047166073,32.263178755449864,92.70420301348136,0.2193000000261236,0.3301899978396251,2523
loo,nn_greedy,8,19,0.0,15.244564316969937,17.636271634041044,46.34008770962963,27.32847834419318,37.40896895362208,96.16564417177914,0.06350000330712646,0.07675999877392313,2609
loo,particle,8,18,0.0,2.0486152917410285,5.919545421083866,37.810249962685866,48.553309552120496,74.27665477606024,99.64314036478984,0.32020000071497634,0.508809997336357,2523
loo,nn_window,8,19,0.0,22.60665555079431,21.414284217995274,45.475613331484446,16.558068225373706,22.49904177845918,100.0,0.08329999764100648,0.10383999906480308,2609
loo,hmm_forward,8,19,0.0,13.802441114084711,17.856977102050465,47.223622105614034,25.412035262552703,35.33921042545036,93.86503067484662,0.21809999816468917,0.31588000056217425,2609
loo,dtw_online,8,5,0.0,13.283692207717573,12.68635673347665,30.730167103107824,24.15478615071283,35.5193482688391,98.2885085574572,64.12129999807803,70.8738399982394,2455
loo,nn_greedy,8,20,0.0,17.396390315441295,19.00328293551304,47.30853459126606,19.37299035369775,34.163987138263664,96.78327301970245,0.063900002714945,0.0803949986220687,2488
loo,nn_window,8,20,0.0,23.44306538576001,24.52681985060374,44.772379166539466,3.9790996784565915,9.003215434083602,100.0,0.08339999840245582,0.09806499856495067,2488
loo,particle,8,19,0.0,2.890403058419111,5.619522319654386,21.10981188395509,39.05711000383288,66.30893062476045,98.54294478527608,0.32190000274567865,0.5210800001805183,2609
loo,hmm_forward,8,20,0.0,16.19232331547026,19.44075707404459,47.380207055870926,16.881028938906752,28.617363344051448,92.7221552070768,0.2175999979954213,0.3041549998670235,2488
loo,particle,8,20,0.0,3.378264864900856,5.648365618320789,18.889094239939148,29.260450160771708,65.19292604501608,98.02975472456775,0.3209999995306134,0.5363949989259709,2488
loo,dtw_online,7,19,0.0,27.008403377996157,27.81980968818523,49.573657824946466,4.9827520122652365,11.422000766577233,98.38957055214725,69.45789999736007,76.44925999848056,2609
loo,nn_greedy,9,1,0.0,19.705006924073906,19.249136460584126,45.014627099501695,22.894424673784105,33.72874654013444,95.9256329113924,0.06629999916185625,0.0910600007046014,2529
loo,nn_window,9,1,0.0,20.596181087297836,22.565833289268497,39.751605747467046,2.0166073546856467,5.6939501779359425,100.0,0.08769999840296805,0.10910000128205866,2529
loo,hmm_forward,9,1,0.0,16.6131643175568,18.603218964332733,47.10981932680892,26.057730328192964,38.07829181494662,94.65981012658227,0.22629999875789508,0.31678000013926066,2529
loo,particle,9,1,0.0,2.133910796466122,4.598988090212033,19.56954123308484,47.13325425069198,78.01502570185845,97.86392405063292,0.3308000013930723,0.5419599991000723,2529
loo,nn_greedy,9,2,0.0,15.764468767526171,17.72136623470277,45.06419725923258,23.501199040767386,36.21103117505996,95.5217912834866,0.06619999840040691,0.08679000238771546,2502
loo,nn_window,9,2,0.0,28.836280747365123,27.32310325895478,42.764266102885216,0.3597122302158274,0.6794564348521183,100.0,0.08829999933368526,0.11438499805080932,2502
loo,dtw_online,8,3,0.0,6.422225474010238,11.117390830578408,31.334647070645428,28.87947631882942,47.78590681555641,98.45916795069337,65.88230000124895,72.03251999744678,2597
loo,hmm_forward,9,2,0.0,5.532485830162528,14.058498974233794,45.63293799374058,36.330935251798564,49.80015987210232,95.76169532187126,0.22600000011152588,0.3056549994653322,2502
loo,particle,9,2,0.0,2.0139202869406443,3.3398813332129986,10.011005838716203,49.72022382094325,81.77458033573141,98.20071971211516,0.3297499988548225,0.5743199973949228,2502
loo,nn_greedy,9,3,0.0,17.539473261295395,19.031392796862544,46.05712124545013,18.17481709664998,30.6892568348094,95.18489984591679,0.06639999992330559,0.0821400026325136,2597
loo,nn_window,9,3,0.0,20.73923329973893,16.403391283191226,26.45687883080242,12.129380053908356,23.450134770889488,100.0,0.08829999933368526,0.12447999761207013,2597
loo,dtw_online,8,10,0.0,21.926012003248808,23.674110996868194,45.560825497457365,3.360620422231796,6.6350710900473935,98.9655172413793,63.715500000398606,71.9357999987551,2321
loo,dtw_online,8,11,0.0,3.948457946867504,11.353229554462104,33.71671582304347,32.99469964664311,53.13604240282685,99.02783915156871,64.38270000035118,70.77614499885385,2264
loo,hmm_forward,9,3,0.0,4.476720324685507,14.53762327233932,45.12395376540315,41.85598767809011,50.365806700038505,93.41294298921417,0.21779999951831996,0.30538000064552717,2597
loo,nn_greedy,9,4,0.0,14.56010641282081,17.240516807139343,45.06042381278049,21.74280879864636,34.72927241962775,95.42953872196361,0.06650000068475492,0.08156999901984817,2364
loo,nn_window,9,4,0.0,29.85444937893392,31.13574958773438,50.00332688784898,1.903553299492386,7.1912013536379025,100.0,0.08679999882588163,0.10599999950500205,2364
loo,particle,9,3,0.0,1.5451415459733122,3.452095512319796,9.521610223948226,57.29688101655756,84.21255294570659,98.38212634822804,0.32700000156182796,0.5175400001462549,2597
loo,hmm_forward,9,4,0.0,5.749655363773084,15.08109417638542,52.21323644392827,33.29103214890017,48.43485617597293,94.87939060516292,0.21779999951831996,0.26748500004032394,2364
loo,particle,9,4,0.0,2.013303246582111,4.165211173986661,18.796123602052255,49.619289340101524,81.34517766497463,98.89970376639864,0.3208500002074288,0.4940950011587119,2364
loo,nn_greedy,9,5,0.0,12.77033990561237,16.842698046990066,44.84737159885958,22.403258655804482,39.55193482688391,95.72127139364304,0.06539999958476983,0.08053000092331783,2455
loo,nn_window,9,5,0.0,28.41030123597073,27.105419087820522,44.46145293261336,0.6517311608961304,1.9144602851323826,100.0,0.08580000212532468,0.10947000082524003,2455
loo,dtw_online,8,7,0.0,23.60033056072856,20.938062870818058,40.29631729910804,9.191321499013807,17.120315581854044,98.61878453038673,65.8514999995532,71.37967000016943,2535
loo,hmm_forward,9,5,0.0,3.1417521933436507,12.261051386480641,46.0664788739823,39.307535641547865,57.88187372708757,93.15403422982885,0.21629999901051633,0.3118200012977467,2455
loo,dtw_online,8,9,0.0,17.08011686285072,21.19334896192908,46.50361719225767,3.32409972299169,5.4214483577364465,98.25811559778306,64.29030000072089,71.69855000065581,2527
loo,nn_greedy,9,6,0.0,17.105922438496563,18.10414378119764,47.021888015343926,21.043699618158676,34.32329232074671,94.35483870967742,0.06660000144620426,0.09111999897868371,2357
loo,particle,9,5,0.0,1.7228431618481166,3.064550178152304,12.442462862253885,58.37067209775968,83.5845213849287,99.95925020374898,0.32310000096913427,0.5243600015091934,2455
loo,nn_window,9,6,0.0,25.46997592536565,24.2029495480417,40.11026722803692,0.0,1.824352991090369,100.0,0.08650000017951243,0.11411999948904848,2357
loo,hmm_forward,9,6,0.0,10.547244704884083,17.95811017443417,50.46301535038307,31.52312261349173,45.3542638947815,92.44482173174873,0.2158999996026978,0.33536000191816123,2357
loo,particle,9,6,0.0,2.0930400340752184,4.175251615701289,18.11397961546203,47.17861688587187,80.7382265591854,100.0,0.32359999750042334,0.5333200009772554,2357
loo,nn_greedy,9,7,0.0,16.25686147014781,19.881462446449646,48.66527533652366,19.60552268244576,33.214990138067066,95.54064719810576,0.06600000051548705,0.09773999991011784,2535
loo,nn_window,9,7,0.0,24.060130963998688,29.37261459825079,54.07444985098251,2.051282051282051,4.497041420118343,100.0,0.08580000212532468,0.10703000007197258,2535
loo,dtw_online,8,12,0.0,16.557692800589763,21.37734511171012,48.79998909090619,8.282442748091604,16.526717557251906,98.43451699121802,64.20249999973748,70.63368999861267,2620
loo,hmm_forward,9,7,0.0,3.480612198981666,12.135354697071614,44.05445845322477,34.63510848126233,56.646942800788956,93.48855564325179,0.2176000016334001,0.28745999879902223,2535
loo,particle,9,7,0.0,1.662859786307796,2.7895420525714116,8.297249007720238,55.58185404339251,85.00986193293886,99.64483030781373,0.3222999985155184,0.49363000071025454,2535
loo,nn_greedy,9,8,0.0,10.62144655028213,14.975875963718918,45.85362690792995,28.791026173660157,47.029497299542996,96.09310058187863,0.06589999975403771,0.08059999890974723,2407
loo,nn_window,9,8,0.0,28.456267928968625,27.485959548356995,49.19594810212954,3.739094308267553,10.552555047777316,100.0,0.08610000077169389,0.10605000097712027,2407
loo,dtw_online,8,13,0.0,23.574272005918644,22.233392701291734,36.93918669738053,2.379032258064516,8.14516129032258,98.58814037918515,63.38789999972505,69.11269499851186,2480
loo,hmm_forward,9,8,0.0,2.4014536412054324,7.601732975196443,39.825509766707754,43.20731200664728,70.25342750311592,95.34497090606816,0.21490000290214084,0.25348999952257134,2407
loo,particle,9,8,0.0,1.819903250164372,2.5171988821944677,7.323133212730661,53.80141254673868,89.19817199833818,100.0,0.3209999995306134,0.5140700006450057,2407
loo,nn_greedy,9,10,0.0,17.152782144234706,17.72458037972091,44.480544502025765,20.98233520034468,34.03705299439896,95.43103448275862,0.06570000186911784,0.08199999865610152,2321
loo,nn_window,9,10,0.0,30.56500710659018,33.532881188882975,48.703745183538686,0.3015941404566997,0.7755277897457992,100.0,0.0855999969644472,0.09619999764254317,2321
loo,dtw_online,8,15,0.0,17.949276124182177,23.143805482046112,47.70667838501106,1.4256619144602851,4.276985743380855,98.2885085574572,64.87090000155149,70.52900000016959,2455
loo,hmm_forward,9,10,0.0,2.943199918375888,10.206267532335907,41.60579664346321,39.63808703145196,62.516156828953044,94.13793103448276,0.21559999731834978,0.278499999694759,2321
loo,dtw_online,8,14,0.0,24.34271951489592,22.93707823307515,41.08418089575011,4.613564668769716,9.266561514195585,98.22485207100591,66.02179999936197,71.64914999975736,2536
loo,particle,9,10,0.0,1.596369972646857,2.927256324238625,11.216417820178194,56.872037914691944,83.92934080137871,100.0,0.3212000010535121,0.4866999988735188,2321
loo,nn_greedy,9,11,0.0,20.45876944325191,20.381714869619955,46.134249848853436,14.531802120141343,25.176678445229683,93.59257622624835,0.06650000068475492,0.08098499874904518,2264
loo,nn_window,9,11,0.0,24.80977809832244,24.35976452554262,46.93560630275909,2.1201413427561837,4.328621908127209,100.0,0.08610000077169389,0.10029999975813553,2264
loo,hmm_forward,9,11,0.0,17.456341210893736,20.32238530556175,48.57494477372974,24.425795053003533,31.669611307420492,93.5483870967742,0.2153999994334299,0.27745499901357107,2264
loo,particle,9,11,0.0,2.0036977445940787,3.0684027386846995,7.875133100545817,49.86749116607774,89.79681978798587,97.52540874944764,0.32110000029206276,0.4958099996656528,2264
loo,nn_greedy,9,12,0.0,17.688010621533245,20.825960787027952,49.54424898291162,19.27480916030534,28.77862595419847,95.87628865979381,0.06589999975403771,0.08040500088100086,2620
loo,nn_window,9,12,0.0,28.828640061541385,30.567139569867834,50.361355040130285,3.015267175572519,11.145038167938932,100.0,0.08639999941806309,0.11950500029342945,2620
loo,dtw_online,8,16,0.0,25.694204631270633,23.8960536470897,40.978366404699536,1.5804030027657054,4.109047807190834,98.41897233201581,64.14989999757381,70.44264999967709,2531
loo,hmm_forward,9,12,0.0,11.17768114230952,17.46404568188304,50.26788738497826,27.709923664122137,42.36641221374045,96.60175639557083,0.2187000027333852,0.27171499896212475,2620
loo,particle,9,12,0.0,2.5245055794676157,9.578971346830617,48.822190438211,42.786259541984734,63.09160305343512,98.62542955326461,0.3217999983462505,0.5158199986908584,2620
loo,nn_greedy,9,13,0.0,18.025704288739153,19.794223055408104,46.68472335756715,16.572580645161292,25.564516129032256,95.92577652279145,0.06650000068475492,0.08830999940983014,2480
loo,nn_window,9,13,0.0,22.281427883139262,19.682087001844128,33.25494251882323,4.717741935483871,14.677419354838708,100.0,0.08660000094096176,0.11580499794945351,2480
loo,dtw_online,8,20,0.0,24.82322678370777,22.832901701123742,41.85457151399869,5.546623794212219,10.892282958199356,98.59268194611982,64.41029999950842,71.80972500191274,2488
loo,hmm_forward,9,13,0.0,12.00111637825333,18.139865987519975,48.75045245770227,23.629032258064516,42.177419354838705,94.6752722872126,0.21779999951831996,0.26603499918564905,2480
loo,particle,9,13,0.0,4.155767953310084,7.184565030990011,22.57922088268336,32.62096774193549,54.79838709677419,96.97458652682533,0.319799997669179,0.4944150026858551,2480
loo,nn_greedy,9,14,0.0,16.442443066709018,18.330036682145302,45.24665737410348,16.12776025236593,30.481072555205046,95.81854043392505,0.06590000339201652,0.08872500166035024,2536
loo,nn_window,9,14,0.0,30.708454878175672,31.312600968967562,51.78749667738268,1.695583596214511,8.004731861198739,100.0,0.08580000212532468,0.10457500229676953,2536
loo,dtw_online,8,18,0.0,20.92128466208029,21.926033945386983,42.10441720525425,10.384462940943322,19.302417756638924,98.13639968279143,65.54770000002463,71.89693000073021,2523
loo,hmm_forward,9,14,0.0,20.704685650323473,20.797543047367878,47.137411407814874,15.141955835962145,28.35173501577287,96.33136094674556,0.21600000036414713,0.2822499991452787,2536
loo,particle,9,14,0.0,4.396624969919989,10.693012757762862,47.24249432359955,31.15141955835962,52.36593059936908,96.96252465483235,0.32079999982670415,0.5291249990477809,2536
loo,nn_greedy,9,15,0.0,18.955787152270585,19.533849970479626,46.04923063924547,15.967413441955195,26.395112016293282,96.04726976365117,0.06589999975403771,0.07959999966260511,2455
loo,nn_window,9,15,0.0,23.76853844227033,22.53250333343151,44.81159466774088,3.0142566191446027,16.741344195519346,100.0,0.08600000001024455,0.0965900006121955,2455
loo,dtw_online,8,17,0.0,27.19068394582521,27.209232678463668,52.88204818554,4.743833017077799,6.869070208728653,98.21564160971906,65.97820000024512,72.74715000021388,2635
loo,dtw_online,8,19,0.0,12.393493315913387,13.449857326943341,33.81228549412993,26.600229973169796,36.872364890762746,98.92638036809815,65.89220000023488,71.73099999927217,2609
loo,hmm_forward,9,15,0.0,14.357432781468585,17.001997525171834,46.69906220770486,22.158859470468432,41.914460285132385,94.66177669111654,0.21610000112559646,0.27602999907685444,2455
loo,nn_greedy,9,16,0.0,20.562349115269527,20.10308056886252,47.14697671424273,13.117344922955354,25.444488344527855,96.24505928853755,0.06639999992330559,0.08224999874073546,2531
loo,particle,9,15,0.0,4.436707997358706,12.206241558702953,45.98142408166977,25.702647657841137,54.17515274949084,95.8842705786471,0.32020000071497634,0.5121299986058148,2455
loo,nn_window,9,16,0.0,25.947705408705342,25.43149593577412,47.39865860059721,0.9877518767285659,9.521928091663375,100.0,0.08650000017951243,0.10370000018156134,2531
loo,hmm_forward,9,16,0.0,7.664480735971843,15.764404812936577,45.887620604472346,18.49071513235875,44.36981430264718,91.50197628458498,0.2150999971490819,0.26495000020076986,2531
loo,particle,9,16,0.0,5.089990374242347,12.526477606168834,44.69001083810355,20.071118135124458,48.47886210983801,96.00790513833992,0.31990000206860714,0.5241500002739485,2531
loo,nn_greedy,9,17,0.0,17.979048450686104,18.89130624992882,47.73316103958949,16.16698292220114,31.84060721062619,95.82384206529993,0.06579999899258837,0.08175999937520823,2635
loo,dtw_online,9,1,0.0,19.04210056309645,16.18062739406179,35.37201051532197,17.556346381969156,36.378015025701856,98.85284810126582,67.61920000280952,75.07176000071922,2529
loo,nn_window,9,17,0.0,27.08753641626018,27.044340828673604,49.37229813470598,8.804554079696395,19.582542694497153,100.0,0.08590000288677402,0.10328999960620414,2635
loo,hmm_forward,9,17,0.0,8.188178547729493,14.657046252211446,41.94486261486358,22.23908918406072,43.036053130929794,92.33105542900532,0.21550000019487925,0.2834599999914644,2635
loo,particle,9,17,0.0,7.807843890865951,11.342101907091982,37.62218951537959,24.28842504743833,38.557874762808346,93.73576309794989,0.3190000024915207,0.5024900005082596,2635
loo,nn_greedy,9,18,0.0,21.17285370740755,20.134947342180876,46.09153839856399,17.082837891399127,28.656361474435194,95.87628865979381,0.06600000051548705,0.07728999917162584,2523
loo,nn_window,9,18,0.0,30.771120312469062,31.312146700224076,49.03924902098557,1.9817677368212445,5.50931430836306,100.0,0.08610000077169389,0.10369000010541642,2523
loo,dtw_online,9,2,0.0,5.732087651362547,12.182254159561673,34.05784241195437,30.935251798561154,48.12150279776179,98.76049580167933,69.29009999839764,75.73127500090776,2502
loo,dtw_online,9,4,0.0,13.729120465138791,18.0653316805843,47.346476104006335,22.20812182741117,39.55160744500846,98.73042742276766,67.74169999880542,73.98161999935836,2364
loo,hmm_forward,9,18,0.0,6.992832216542101,12.490368966775756,42.6200509262904,27.110582639714625,45.739199365834324,90.76130055511499,0.22560000070370734,0.2704900012759027,2523
loo,nn_greedy,9,19,0.0,18.51698183169738,18.45857109549757,46.72352222021708,17.631276351092374,33.11613645074741,96.0122699386503,0.06570000186911784,0.07989999940036796,2609
loo,nn_window,9,19,0.0,25.599499420303587,25.21933884335754,40.93843371796137,0.0,3.8328861632809503,100.0,0.08739999975659885,0.10326000046916305,2609
loo,particle,9,18,0.0,3.5424332357815596,9.934105815226664,43.34598207769375,30.122869599682918,59.73047958779231,95.63838223632038,0.32189999910769984,0.4132700003538048,2523
loo,hmm_forward,9,19,0.0,2.384949137338938,7.469327998739372,36.42570216774175,42.391720965887316,72.9398236872365,95.32208588957054,0.21530000230995938,0.2614200006064493,2609
loo,particle,9,19,0.0,4.417462574656008,15.850355507584284,47.67611166138153,32.15791490992718,50.70908394020698,97.85276073619632,0.32029999783844687,0.4246199991030153,2609
loo,nn_greedy,9,20,0.0,16.77927127745187,18.980847197324852,46.30466173919488,17.845659163987136,30.62700964630225,95.93888218737435,0.0652999988233205,0.07596499999635854,2488
loo,nn_window,9,20,0.0,29.670597101487523,30.394043746794186,50.590565492668,0.0,0.7636655948553055,100.0,0.0853000019560568,0.09996499848057284,2488
loo,dtw_online,9,3,0.0,22.346729313183356,21.758993186555298,47.5477615959845,11.166730843280709,20.21563342318059,98.57473035439138,68.98879999789642,74.98355999996417,2597
loo,dtw_online,9,5,0.0,22.817959208904515,23.337873912016015,47.26124080878184,10.631364562118126,15.64154786150713,99.06275468622657,67.81770000088727,74.84275999922828,2455
loo,hmm_forward,9,20,0.0,8.915469354248287,17.396373500231665,51.243140265320356,22.14630225080386,41.39871382636656,94.49135504624046,0.22619999799644575,0.2850950002539321,2488
loo,nn_greedy,10,1,0.0,15.249179638954669,17.6452636258617,45.095750015840956,23.606168446026096,38.15737445630684,96.12341772151899,0.06260000009206124,0.07539999933214858,2529
loo,particle,9,20,0.0,3.8845091467938904,10.75337556975913,44.4277208684897,33.07877813504823,57.19453376205787,97.22557297949336,0.3209000024071429,0.47806499860598706,2488
loo,nn_window,10,1,0.0,27.776275480060352,29.690899740407986,48.38393380828568,2.76789244760775,8.185053380782918,100.0,0.0839000022097025,0.1045000011799857,2529
loo,hmm_forward,10,1,0.0,6.704214556882374,15.746434912108958,47.13172537930927,30.328192961644916,46.896006326611314,94.2246835443038,0.22510000053443946,0.28761999928974546,2529
loo,particle,10,1,0.0,2.026906275518167,6.277058362136418,25.033790274017313,49.14986160537762,70.18584420719652,98.29905063291139,0.32730000020819716,0.5023399986384901,2529
loo,nn_greedy,10,2,0.0,15.420682789433604,16.885653882067032,44.52429666184617,19.664268585131893,36.970423661071145,95.64174330267893,0.061899998399894685,0.07808999798726286,2502
loo,nn_window,10,2,0.0,23.02253340914217,22.726896243290767,45.09442898138547,5.355715427657874,14.708233413269383,100.0,0.08329999764100648,0.09299500216002342,2502
loo,dtw_online,9,6,0.0,26.09898548349917,26.44729475734905,50.097969815313625,4.921510394569368,14.552397114976664,97.92020373514431,69.13560000248253,75.53035999953863,2357
loo,hmm_forward,10,2,0.0,6.0078358891927,15.045687870975815,49.36662715237519,29.216626698641086,47.8017585931255,96.64134346261494,0.21660000129486434,0.299369998720067,2502
loo,particle,10,2,0.0,2.2172623440233714,7.685850404144204,42.8531679126649,46.203037569944044,72.38209432454038,98.96041583366653,0.32110000029206276,0.5038449990024672,2502
loo,nn_greedy,10,3,0.0,16.971391628397207,18.24607547966558,45.03608710860942,19.67654986522911,31.690412013862147,95.22342064714945,0.062299997807713225,0.07512000083806923,2597
loo,nn_window,10,3,0.0,19.107571924572387,17.21714227496724,29.24641283998734,10.704659222179439,17.366191759722756,100.0,0.08239999806392007,0.10040000051958486,2597
loo,dtw_online,9,7,0.0,24.064341665839137,21.9478692135036,37.330994054473535,3.4319526627218933,10.453648915187378,98.57932123125494,67.19650000013644,74.06959000109055,2535
loo,hmm_forward,10,3,0.0,12.19785710458131,17.705230382054683,49.82640374124573,30.958798613785138,42.74162495186754,97.03389830508475,0.21460000061779283,0.2694800023164134,2597
loo,particle,10,3,0.0,2.502417674261289,8.398058447562592,44.29445273888367,42.4720831728918,65.11359260685407,96.3020030816641,0.32170000122278,0.4994600007194094,2597
loo,nn_greedy,10,4,0.0,15.95003633424654,18.850801641854908,47.095459118347144,20.939086294416242,35.27918781725889,95.59881506559458,0.06199999916134402,0.07209999967017211,2364
loo,nn_window,10,4,0.0,24.003484457988435,22.13484083436566,46.8535829026449,12.436548223350254,20.21996615905245,100.0,0.08239999806392007,0.09678499845904297,2364
loo,dtw_online,9,8,0.0,28.65874862314299,28.11439690425592,41.142299867185386,1.4956377233070213,4.320731200664728,99.16874480465503,67.37530000100378,75.95786000056249,2407
loo,hmm_forward,10,4,0.0,9.682163510236496,18.001684466119112,49.415420865728535,32.27580372250423,41.878172588832484,97.75708844688955,0.21840000044903718,0.2772549980363692,2364
loo,particle,10,4,0.0,4.305273965181323,11.642364065308174,38.87083396458836,38.19796954314721,51.81895093062606,95.00634786288616,0.3194999990228098,0.41345500048919326,2364
loo,nn_greedy,10,5,0.0,11.719666364298957,16.91452375001322,46.15734610830833,28.43177189409369,42.07739307535642,96.00651996740017,0.06199999916134402,0.07193000201368702,2455
loo,nn_window,10,5,0.0,24.672442590286444,28.383731787151394,46.56629438765391,0.6924643584521385,2.3217922606924644,100.0,0.08159999924828298,0.09935999987646932,2455
loo,dtw_online,9,10,0.0,29.05945485670961,28.424110878044484,46.84141141918733,5.601034037052995,7.539853511417492,99.0948275862069,66.30829999994603,71.59769999998389,2321
loo,hmm_forward,10,5,0.0,3.458292182603505,14.849211566057726,47.80547315122671,40.73319755600815,54.70468431771894,95.35452322738386,0.21550000019487925,0.2872099983505903,2455
loo,particle,10,5,0.0,1.7253489448498445,6.530718059364663,45.128248879301424,55.07128309572301,79.55193482688391,98.61450692746536,0.32049999936134554,0.5078500002127835,2455
loo,nn_greedy,10,6,0.0,14.041168441145222,17.603622753567894,46.060756568443225,22.486211285532455,37.8022910479423,95.54329371816638,0.06200000279932283,0.0780999987910036,2357
loo,nn_window,10,6,0.0,19.34619039573033,19.896703637817097,33.938848457201274,5.091217649554518,9.461179465422147,100.0,0.08209999941755086,0.1038999980664812,2357
loo,dtw_online,9,11,0.0,23.77552496430125,22.579132897523422,46.848829959197964,11.749116607773852,16.607773851590103,98.71851524524968,69.55835000007937,75.32532999939576,2264
loo,hmm_forward,10,6,0.0,12.994190205065248,18.83555735565981,47.93067038927001,26.813746287653796,37.462876537972,94.43972835314092,0.21750000087195076,0.27682000072672963,2357
loo,particle,10,6,0.0,2.4024592051079927,9.51567301756598,44.02413075624424,45.269410267288926,61.391599490878235,98.04753820033956,0.3217999983462505,0.5160000000614673,2357
loo,nn_greedy,10,7,0.0,18.055580134170878,18.980423308933148,44.84949796217961,23.826429980276135,33.37278106508876,96.32991318074191,0.06219999704626389,0.07586000174342183,2535
loo,nn_window,10,7,0.0,17.933663826168917,19.878147625939977,37.816647127223035,5.2465483234714005,9.70414201183432,100.0,0.08170000000973232,0.0987300012639025,2535
loo,dtw_online,9,13,0.0,22.0942996391568,22.8874529099069,47.703767941962035,4.435483870967742,10.483870967741936,98.42678499394917,68.03910000053293,74.34733999925811,2480
loo,hmm_forward,10,7,0.0,3.3816120163980354,13.450747713655279,44.74803150082008,40.710059171597635,56.05522682445759,94.27782162588792,0.2175999979954213,0.26166000134253403,2535
loo,particle,10,7,0.0,1.6328408820456346,6.07732483970755,37.810539799616386,57.15976331360947,79.88165680473372,97.43488555643252,0.3226999979233369,0.47496999977738547,2535
loo,nn_greedy,10,8,0.0,11.793569684972065,15.818110009628532,45.26282956541729,31.200664727877026,41.171582883257166,95.38653366583542,0.061899998399894685,0.07710000027145725,2407
loo,nn_window,10,8,0.0,22.90621659440949,27.88212194327269,51.87594903878093,0.6231823847112589,2.0357291233901122,100.0,0.08139999772538431,0.10217999806627624,2407
loo,dtw_online,9,12,0.0,25.142339186138805,23.592997227298973,38.47844340555658,0.9923664122137404,3.3587786259541987,98.35815196639939,67.75095000011788,73.81401499806088,2620
loo,hmm_forward,10,8,0.0,1.6982988883515397,9.871931656885433,47.99265751887383,53.05359368508517,70.29497299542999,96.67497921862011,0.21559999731834978,0.29024999894318143,2407
loo,particle,10,8,0.0,1.339483487264393,2.106837565183375,7.256435493527141,66.43124221022019,90.23680930619028,99.62593516209476,0.3206000001227949,0.4357399997388709,2407
loo,nn_greedy,10,9,0.0,14.419204955893045,17.386795496258877,45.009880623548874,23.34784329244163,36.960823110407595,96.00158353127475,0.061800001276424155,0.08296999985759611,2527
loo,nn_window,10,9,0.0,23.166775962548325,27.632989061362277,48.66985145451447,2.888800949742778,9.339137316976652,100.0,0.08139999772538431,0.09560000034980476,2527
loo,dtw_online,9,14,0.0,19.531186589741395,20.243892128189252,38.70760058766124,2.444794952681388,15.851735015772872,98.77712031558185,67.5654000006034,73.31032500223955,2536
loo,hmm_forward,10,9,0.0,10.838655176749265,18.139341619236262,51.433215469375554,35.852789869410365,44.67748318163831,93.90340459224069,0.21710000146413222,0.272509998831083,2527
loo,dtw_online,9,15,0.0,19.229625690257436,17.469005449265858,34.64982437327167,10.14256619144603,23.13645621181263,98.77750611246944,69.30869999996503,74.52261999897019,2455
loo,particle,10,9,0.0,2.0226107490650915,7.0991213462590785,39.9389852372603,49.42619707162643,71.23070834982192,96.12034837688044,0.32080000164569356,0.4423700018378438,2527
loo,nn_greedy,10,11,0.0,13.236438641817282,16.771073229694053,46.0283581978859,28.533568904593636,40.10600706713781,95.27176314626603,0.0625000029685907,0.07808500158716923,2264
loo,nn_window,10,11,0.0,29.70950226413036,29.9450017803591,45.41964252639342,0.30918727915194344,1.5901060070671376,100.0,0.08189999789465219,0.10717000113800167,2264
loo,hmm_forward,10,11,0.0,3.716732102720373,12.715098723340912,39.390012047287655,41.43109540636043,54.46113074204947,94.34379142730889,0.2172999993490521,0.2860849992430303,2264
loo,particle,10,11,0.0,2.047420243167089,7.984200053722435,43.99313026329357,49.24911660777385,69.43462897526503,96.28811312417145,0.32095000096887816,0.5186449974644346,2264
loo,nn_greedy,10,12,0.0,17.597642546812576,18.674642816059176,46.693035534563386,20.72519083969466,30.267175572519083,96.41084383352425,0.06199999916134402,0.07550000009359792,2620
loo,nn_window,10,12,0.0,19.91364440405363,22.734140302717602,41.30832988623676,2.1374045801526718,5.076335877862595,100.0,0.08170000000973232,0.09860500122158553,2620
loo,dtw_online,10,1,0.0,2.770652129007032,8.269994534972174,27.13001232787847,36.378015025701856,61.44721233689205,99.01107594936708,62.13949999801116,68.14660000163713,2529
loo,hmm_forward,10,12,0.0,7.879017947792977,15.393512360531235,47.518932206514656,33.93129770992366,44.770992366412216,94.9217258495609,0.21610000112559646,0.24000000121304765,2620
loo,dtw_online,9,16,0.0,26.431696391921157,25.45596768099042,48.23934875358849,4.859739233504544,10.746740418806795,98.300395256917,69.21039999724599,75.21805000033055,2531
loo,nn_greedy,10,13,0.0,18.603667314240255,18.743267565353047,46.73718858548044,19.919354838709676,36.612903225806456,96.36950383219039,0.06200000279932283,0.07550500013167036,2480
loo,nn_window,10,13,0.0,27.69376641351373,30.990348904666092,47.80703392732223,0.0,0.6451612903225806,100.0,0.08230000094044954,0.11410500283091093,2480
loo,particle,10,12,0.0,5.400499745765067,12.544323815062832,44.68774250684056,31.564885496183205,48.282442748091604,96.48720885834288,0.3221000006305985,0.4910249988824943,2620
loo,hmm_forward,10,13,0.0,9.67422516818482,17.278200675204896,48.75843416834644,28.951612903225804,41.57258064516129,95.32069382815651,0.21689999994123355,0.2611999991131597,2480
loo,dtw_online,9,20,0.0,20.299276069219424,23.04378336990155,47.93971346240926,2.8938906752411575,6.390675241157556,98.47205468435867,67.23280000187515,72.57665499982977,2488
loo,particle,10,13,0.0,3.3610896604971803,10.398489106967771,43.84979328259696,35.32258064516129,53.91129032258064,94.6752722872126,0.32029999783844687,0.48783000002003957,2480
loo,nn_greedy,10,14,0.0,17.28114217713039,17.77636559668741,44.77047253874563,24.053627760252365,37.3422712933754,96.60749506903353,0.06260000009206124,0.07997500142664649,2536
loo,nn_window,10,14,0.0,22.947506763302982,27.804913574610055,48.40289688755301,2.7996845425867507,10.646687697160884,100.0,0.08130000060191378,0.09214999954565428,2536
loo,dtw_online,10,2,0.0,13.07656047126298,12.561522405402958,27.431038912635394,21.14308553157474,34.53237410071942,98.80047980807677,63.4257500005333,68.98866999890743,2502
loo,hmm_forward,10,14,0.0,18.8770246022355,19.98851117638642,47.93369106751291,19.20347003154574,31.94006309148265,94.51676528599606,0.21669999841833487,0.2539250008339877,2536
loo,dtw_online,9,18,0.0,20.496287497610115,21.874258358979013,46.65960221402164,1.2683313515655965,10.820451843043994,98.5725614591594,68.96259999848553,74.92271000046458,2523
loo,dtw_online,9,17,0.0,18.39155776544113,20.866997853527693,47.169048896983746,11.11954459203036,21.897533206831117,98.0637813211845,66.96409999858588,73.73237999818228,2635
loo,nn_greedy,10,15,0.0,18.435364608297167,19.148019167460227,47.157886445196226,21.95519348268839,31.93482688391039,96.69926650366747,0.06310000026132911,0.07159999950090423,2455
loo,nn_window,10,15,0.0,23.808836821815458,27.979851160761452,49.21600900028404,4.684317718940937,10.631364562118126,100.0,0.08319999687955715,0.10832999905687754,2455
loo,particle,10,14,0.0,3.821235368680802,10.873855876132946,44.74933219665289,31.742902208201894,58.2018927444795,97.31755424063117,0.3279000011389144,0.51472500035743,2536
loo,hmm_forward,10,15,0.0,11.547380073686764,17.432230025647037,48.18393700815426,35.723014256619145,43.462321792260695,96.25101874490628,0.21799999740323983,0.2638599999045254,2455
loo,nn_greedy,10,16,0.0,17.8716670375494,19.036746297274217,46.38208089174758,16.949822204662187,30.462267878308968,96.16600790513834,0.06319999738479964,0.0760000002628658,2531
loo,nn_window,10,16,0.0,24.54583358424943,23.825387824298044,46.41390998220792,4.820229158435401,13.275385223231925,100.0,0.08189999789465219,0.09984999996959232,2531
loo,dtw_online,10,4,0.0,2.8988172282814064,7.790101441315448,27.767153251238216,40.059221658206425,63.87478849407784,99.15361828184511,62.07240000003367,67.46173500177974,2364
loo,particle,10,15,0.0,7.403592405529297,16.185418568889524,46.52329481904462,26.924643584521384,44.11405295315682,95.19152404237978,0.32310000096913427,0.5156399998668346,2455
loo,nn_greedy,10,17,0.0,17.239051931781145,18.919038338503352,46.92782464268203,20.227703984819733,30.36053130929791,96.81093394077449,0.06289999873843044,0.07160000059229787,2635
loo,hmm_forward,10,16,0.0,18.339859646808314,18.008573654865565,46.55257563619277,22.67878308968787,35.20347688660608,95.8102766798419,0.21889999698032625,0.30249999872467015,2531
loo,nn_window,10,17,0.0,24.560620997193098,25.26882880753051,46.890691409223734,5.464895635673624,12.06831119544592,100.0,0.08300000263261609,0.10109999857377261,2635
loo,particle,10,16,0.0,4.837609246258212,11.555212257057834,41.24500982987247,25.95811932042671,50.49387593836428,98.3794466403162,0.3240000005462207,0.49360000230080914,2531
loo,hmm_forward,10,17,0.0,17.01178930278085,18.455618596394196,48.47677590098143,23.719165085388994,36.091081593927896,95.06454062262718,0.21660000129486434,0.2682600017578806,2635
loo,nn_greedy,10,18,0.0,17.213999938525184,18.59203999302817,46.24559469682404,20.92746730083234,31.272294887039237,95.95559080095163,0.06270000085351057,0.07829999958630651,2523
loo,particle,10,17,0.0,3.270357858297557,10.12625613012143,44.48811592084376,36.394686907020876,57.381404174573056,96.50721336370539,0.32220000139204785,0.4139300006499974,2635
loo,nn_window,10,18,0.0,25.15693981456067,25.45915430217591,42.46943987736108,2.853745541022592,6.222750693618708,100.0,0.08250000246334821,0.10029000004578849,2523
loo,hmm_forward,10,18,0.0,17.99495884485712,17.86559978235428,45.97892510659701,29.211256440745142,37.098692033293695,94.72640761300555,0.21689999994123355,0.2916999983426649,2523
loo,particle,10,18,0.0,1.9160422039535863,4.027130272386957,14.47424854214216,51.36741973840666,74.9900911613159,98.61221252973831,0.3214999996998813,0.4959000030794414,2523
loo,nn_greedy,10,19,0.0,16.242461221154922,18.94324680833588,46.579852369088634,19.777692602529704,31.008049060942888,96.28067484662577,0.062200000684242696,0.07947999911266376,2609
loo,nn_window,10,19,0.0,23.61650810452215,23.555238577258677,45.62230801862011,5.40436949022614,13.338443848217707,100.0,0.0822000001790002,0.11053999915020536,2609
loo,dtw_online,10,3,0.0,20.958425746281232,17.513720557689368,28.650984137199355,15.402387370042355,20.138621486330383,98.34360554699538,63.043400001333794,68.48093999869887,2597
loo,dtw_online,9,19,0.0,28.564972245014673,27.630282503965603,43.136658553042906,6.515906477577616,11.422000766577233,98.88803680981594,68.70580000031623,74.7310999999172,2609
loo,hmm_forward,10,19,0.0,17.494438440878604,19.76326215812166,46.851742018130416,21.694135684170178,34.99425067075508,94.51687116564416,0.21639999977196567,0.283940001099836,2609
loo,nn_greedy,10,20,0.0,18.307826203136308,19.769834667290773,46.84523983689532,17.403536977491964,30.22508038585209,96.0595094491355,0.0624999993306119,0.07266500033438207,2488
loo,nn_window,10,20,0.0,19.767499425390227,23.017114199997145,37.117253504843475,0.0,1.607717041800643,100.0,0.08320000051753595,0.10109999857377261,2488
loo,particle,10,19,0.0,3.527713752553944,12.007061760742689,40.45223355086158,34.49597546952855,54.38865465695669,99.42484662576688,0.33379999877070077,0.5493800003023351,2609
loo,hmm_forward,10,20,0.0,16.67640137630311,19.350904125554745,46.876562608425154,21.141479099678456,36.05305466237942,96.30076397265782,0.2252000012958888,0.2893599999879371,2488
loo,particle,10,20,0.0,2.266472468592524,5.368251739131748,24.148963878618297,42.60450160771704,71.30225080385853,98.51226377161238,0.32950000240816735,0.5235349983195194,2488
loo,dtw_online,10,5,0.0,2.335136988476481,6.998172749339926,27.063457646311253,45.94704684317719,67.69857433808554,99.14425427872861,61.710099998890655,68.88730999999096,2455
loo,nn_greedy,11,1,0.0,15.011350724863616,18.055755785938555,46.58468483418008,20.680110715697904,32.62158956109134,95.29272151898735,0.06129999746917747,0.07111999948392621,2529
loo,nn_window,11,1,0.0,23.304393255199003,25.81067240528277,49.28445058347292,1.1862396204033214,3.044681692368525,100.0,0.08019999950192869,0.12179999903310086,2529
loo,hmm_forward,11,1,0.0,11.645833635277546,16.06141044185714,46.00023188777324,24.476077500988534,40.76710162119414,95.17405063291139,0.21799999740323983,0.32225999966613017,2529
loo,particle,11,1,0.0,2.6417613944551657,7.834651572452358,41.913157440192784,38.15737445630684,71.68841439304072,99.01107594936708,0.320099999953527,0.5149399992660619,2529
loo,nn_greedy,11,2,0.0,15.680597941714435,18.025163181228262,44.00688247314515,19.024780175859313,31.135091926458834,94.88204718112755,0.060999998822808266,0.07717999851593042,2502
loo,nn_window,11,2,0.0,32.092013139118144,34.722447255041374,50.87867582016234,0.15987210231814547,0.5995203836930456,100.0,0.08059999890974723,0.10598999961075602,2502
loo,dtw_online,10,6,0.0,8.320834691469626,11.940226840270805,33.2301110542729,26.304624522698344,42.469240560033946,98.4295415959253,60.94450000091456,66.03800000011688,2357
loo,hmm_forward,11,2,0.0,4.73360774125435,13.103412272644436,45.248661663112564,35.09192645883294,50.63948840927258,93.36265493802479,0.21540000307140872,0.2701900019019376,2502
loo,particle,11,2,0.0,2.2769866393347407,7.677671695524427,42.319883813043376,46.32294164668265,67.74580335731414,98.76049580167933,0.31939999826136045,0.5125750030856578,2502
loo,nn_greedy,11,3,0.0,17.028319006569216,18.960415741382523,47.49894731970054,20.177127454755485,28.378898729303042,94.45300462249615,0.06089999806135893,0.07153999904403459,2597
loo,nn_window,11,3,0.0,21.620820949430257,21.3574065260697,35.510118026132005,0.5005775895263765,2.6954177897574128,100.0,0.08040000102482736,0.09660000068834051,2597
loo,dtw_online,10,7,0.0,30.647176512987826,29.514288473988902,47.19471462902303,5.9171597633136095,6.8639053254437865,98.81610102604577,63.30349999916507,68.40367999975568,2535
loo,hmm_forward,11,3,0.0,12.299432947179204,15.413351954789356,46.08421519703729,26.56911821332307,42.626107046592224,93.18181818181819,0.21750000087195076,0.2645400018082,2597
loo,particle,11,3,0.0,2.1637367139042096,5.0314343684381795,19.25922732344036,48.05544859453215,68.6946476703889,98.72881355932203,0.3217999983462505,0.5139800014148931,2597
loo,nn_greedy,11,4,0.0,15.739989401347582,18.99499906151098,47.12336087537156,19.754653130287647,30.245346869712353,95.5141768937791,0.06130000110715628,0.09385499852214704,2364
loo,nn_window,11,4,0.0,17.320680771980925,16.051770039847227,29.695797522709434,4.991539763113368,20.939086294416242,100.0,0.08059999890974723,0.09858500125119461,2364
loo,dtw_online,10,11,0.0,26.232481447122012,20.800949468104168,42.27708326609642,22.835689045936398,32.28798586572438,98.14405656208572,63.13764999867999,67.65125999936572,2264
loo,hmm_forward,11,4,0.0,13.304538526986022,16.09293734234836,45.25336440464344,27.580372250423014,40.5668358714044,95.47185780787134,0.21609999930660706,0.2805550007906277,2364
loo,particle,11,4,0.0,2.4177349579953993,7.90145676808561,41.649075133086114,41.159052453468696,66.37055837563452,99.15361828184511,0.31970000054570846,0.5157099989446579,2364
loo,nn_greedy,11,5,0.0,14.541120848198654,17.097719813437116,45.552335907828805,21.914460285132385,32.46435845213849,95.68052159739202,0.06130000110715628,0.07449999975506216,2455
loo,nn_window,11,5,0.0,16.601969660367693,18.949452059633593,31.938094345426332,2.0773930753564156,5.8248472505091655,100.0,0.08089999755611643,0.10022999922512096,2455
loo,dtw_online,10,8,0.0,1.2819158078857031,2.291474392005345,6.599390226505618,65.64187785625259,90.69380972164521,99.50124688279301,62.31800000023213,72.062979999464,2407
loo,hmm_forward,11,5,0.0,4.444672788482685,12.593890866203951,43.75697014205082,39.307535641547865,52.09775967413442,93.15403422982885,0.2170999978261534,0.2502299990737811,2455
loo,particle,11,5,0.0,2.042766362357827,8.876282536403012,44.087139185315785,49.36863543788188,67.86150712830957,100.0,0.3198000013071578,0.44627999923250156,2455
loo,nn_greedy,11,6,0.0,16.901311775742244,18.967820746930084,49.96874854507315,17.90411540093339,30.080610946117947,94.6943972835314,0.06089999806135893,0.0766399978601839,2357
loo,nn_window,11,6,0.0,19.982987930125592,20.12571238569735,31.933524018737142,0.6788290199406024,2.9274501484938478,100.0,0.08030000026337802,0.09202000219374894,2357
loo,dtw_online,10,9,0.0,29.073542562193925,27.846154989810312,46.240796017596985,5.18401266323704,8.033240997229916,99.1686460807601,61.83989999772166,70.52960999972129,2527
loo,hmm_forward,11,6,0.0,8.0624153975482,16.522864674099534,47.56369680286814,26.77131947390751,43.148069579974546,92.10526315789474,0.21579999884124845,0.28315999879851,2357
loo,particle,11,6,0.0,2.779467552769298,8.802255059276698,45.808254866041445,37.29316928298685,62.91896478574459,98.00509337860781,0.31940000189933926,0.509500000043772,2357
loo,nn_greedy,11,7,0.0,20.060625939508224,21.01638932706302,47.000797796264365,12.307692307692308,21.420118343195266,96.25098658247829,0.060599999414989725,0.07346000165853178,2535
loo,nn_window,11,7,0.0,18.015540984860667,17.81227261953853,36.05434949095135,4.733727810650888,20.86785009861933,100.0,0.08010000237845816,0.09626000064599788,2535
loo,dtw_online,10,15,0.0,26.0417287455407,25.163603298769832,43.74261075207946,3.217922606924643,4.60285132382892,98.65525672371638,61.932399999932386,67.05781999808094,2455
loo,dtw_online,10,12,0.0,22.74393312628248,25.932936644749372,45.81106752904375,1.7938931297709924,2.6717557251908395,98.1672394043528,62.65095000162546,70.30754500119654,2620
loo,hmm_forward,11,7,0.0,15.54724493498697,18.24102931535375,46.244667589368284,19.48717948717949,27.652859960552266,89.50276243093923,0.21769999875687063,0.2772200012259414,2535
loo,nn_greedy,11,8,0.0,18.34743839780104,19.223536788203557,48.833327309507524,15.745741587037806,24.262567511425008,95.67747298420615,0.0608000009378884,0.0736699981644051,2407
loo,nn_window,11,8,0.0,18.075122011984824,19.63648539258386,31.923970093982955,0.9555463232239303,8.2675529705027,100.0,0.08040000102482736,0.09443999988434366,2407
loo,particle,11,7,0.0,7.07534714646606,10.527894920214457,27.251143256496793,25.009861932938854,42.32741617357002,98.81610102604577,0.32160000046133064,0.5142199999681906,2535
loo,hmm_forward,11,8,0.0,5.975463855045526,11.509627252640904,41.59650039297122,32.77939343581222,47.32031574574159,91.68744804655029,0.21749999723397195,0.2876700003980659,2407
loo,dtw_online,10,13,0.0,27.216923537789324,29.266324171637955,49.84050628874971,1.8951612903225805,3.9112903225806455,98.50746268656717,63.393700002052356,68.0283200003032,2480
loo,nn_greedy,11,9,0.0,18.728942929453115,19.658402292423023,45.6726520375301,15.55203798971112,27.10724178868223,95.09105304829771,0.06120000034570694,0.07399999958579428,2527
loo,nn_window,11,9,0.0,16.564760973783095,20.35027818602987,35.35130170153804,0.0,1.9390581717451523,100.0,0.08110000271699391,0.10471999921719533,2527
loo,particle,11,8,0.0,2.4839233271899026,9.690532786285367,44.98567345754814,41.37931034482759,64.5616950560864,98.17123857024106,0.32110000029206276,0.5294700007652864,2407
loo,hmm_forward,11,9,0.0,14.61677295899897,16.583986207537933,44.14545539541751,28.09655718242976,39.612188365650965,95.88281868566905,0.2170999978261534,0.2658500015968456,2527
loo,particle,11,9,0.0,3.7288692913503274,7.442883371960428,27.047862916879964,37.27740403640681,57.93430945785516,98.37688044338876,0.3209999995306134,0.49198999986401726,2527
loo,nn_greedy,11,10,0.0,15.52539846538931,17.402577762216968,44.576065919437816,27.74666092201637,35.32959931064196,95.51724137931035,0.06129999746917747,0.07609999738633633,2321
loo,nn_window,11,10,0.0,19.07904667462595,20.826104849292403,35.22427446468449,0.3877638948728996,6.376561826798794,100.0,0.08069999967119657,0.09760000102687627,2321
loo,dtw_online,10,14,0.0,22.856666072530565,22.70323620018118,47.10848058892712,12.22397476340694,17.310725552050474,98.73767258382642,62.080499998046434,72.38429999870277,2536
loo,hmm_forward,11,10,0.0,10.564449680641006,13.365337990819215,44.854215606159514,29.556225764756572,41.01680310211116,92.93103448275862,0.21550000019487925,0.2750999992713332,2321
loo,particle,11,10,0.0,2.31840954644193,7.5764129293513465,27.10581565118731,47.307195174493756,62.55924170616114,97.84482758620689,0.3203999985998962,0.48750000132713467,2321
loo,nn_greedy,11,12,0.0,16.930797251147347,19.649307122690786,49.33905602051261,18.053435114503817,27.74809160305344,95.6090110729286,0.06169999687699601,0.07131000074878097,2620
loo,dtw_online,10,18,0.0,24.9807413977672,25.263645417395548,44.88617819244172,4.439159730479588,7.927070947284978,98.29500396510706,62.065199999779,68.71607999855769,2523
loo,nn_window,11,12,0.0,19.399601308641373,18.759404223001624,31.851038533931227,2.786259541984733,9.16030534351145,100.0,0.08139999772538431,0.10290999780409033,2620
loo,hmm_forward,11,12,0.0,15.637681890807583,17.393599670489092,45.5753957518399,25.076335877862594,31.984732824427482,93.0889652539137,0.21430000197142363,0.26341000120737584,2620
loo,dtw_online,10,16,0.0,22.83537405079342,23.93389530634989,46.28168875048237,4.109047807190834,8.613196365073094,98.89328063241106,63.325299997814,67.92940000013914,2531
loo,nn_greedy,11,13,0.0,16.476859273977617,19.500186877652613,46.576825461629554,15.564516129032258,29.15322580645161,95.72408229124648,0.061499998992076144,0.08069999967119657,2480
loo,nn_window,11,13,0.0,27.71821118454139,24.50424748548326,40.58032678263461,1.1693548387096775,6.290322580645161,100.0,0.08260000140580814,0.09811000127228903,2480
loo,particle,11,12,0.0,3.616898108002334,9.425193763036605,42.617960886543315,35.916030534351144,57.099236641221374,97.28904161893853,0.32080000164569356,0.5125149989908094,2620
loo,hmm_forward,11,13,0.0,16.341275054870252,19.053643882692693,46.040407848794615,21.048387096774192,27.903225806451616,96.08713190802743,0.2158999996026978,0.31702000178484,2480
loo,particle,11,13,0.0,5.990418576968265,11.307026062349074,44.12262372177344,25.322580645161292,43.58870967741936,98.83017345703912,0.31830000079935417,0.49812999859568646,2480
loo,nn_greedy,11,14,0.0,15.920526665094636,18.18519885695354,45.14188444241233,16.285488958990534,28.86435331230284,95.10848126232742,0.061499998992076144,0.07624999852851033,2536
loo,nn_window,11,14,0.0,20.16735861126964,22.37477163033512,40.01422840315293,3.4700315457413247,11.317034700315459,100.0,0.0810999990790151,0.10085000030812807,2536
loo,dtw_online,10,17,0.0,29.29923886592712,28.758239277640175,47.87234436422914,2.5806451612903225,6.793168880455408,99.01290812452544,62.02639999901294,69.82871000109299,2635
loo,dtw_online,10,20,0.0,24.654735333916285,22.470183058887738,34.780190983307456,1.4067524115755627,2.97427652733119,98.31121833534378,63.05179999981192,67.48608999896533,2488
loo,dtw_online,11,2,0.0,13.296101890926531,13.294890021062725,28.984898280530032,21.34292565947242,34.45243804956035,98.9204318272691,60.09144999916316,70.36464999964664,2502
loo,nn_greedy,11,15,0.0,18.15833943030124,19.874638147353416,47.78801279418597,18.45213849287169,26.883910386965375,95.55827220863897,0.061800001276424155,0.07760000153211877,2455
loo,hmm_forward,11,14,0.0,14.082415333699018,17.662166441712603,46.576045699767874,24.44794952681388,38.01261829652997,96.41025641025641,0.22159999934956431,0.3493249996608938,2536
loo,nn_window,11,15,0.0,23.77304429710559,25.225094623507346,41.7195998205711,4.236252545824847,10.264765784114054,100.0,0.08070000330917537,0.1034299981256481,2455
loo,particle,11,14,0.0,2.796756660362955,7.544888087539651,27.938147216013345,35.60725552050473,67.54731861198738,98.34319526627219,0.32310000096913427,0.5242500010353979,2536
loo,dtw_online,11,1,0.0,18.006645764080847,14.868498774441383,33.018932049366576,24.99011466982997,36.02214313958086,98.73417721518987,61.6262999974424,65.61396000251989,2529
loo,hmm_forward,11,15,0.0,13.80371587072441,17.437797785082186,47.553411486421915,33.68635437881874,41.09979633401222,96.12876935615321,0.2182000025641173,0.2717200004553887,2455
loo,nn_greedy,11,16,0.0,16.637357613363033,18.322911490720642,45.210815762654676,18.293164757013038,29.751086527064402,95.88932806324111,0.06159999975352548,0.07215000005089678,2531
loo,nn_window,11,16,0.0,16.294576181601848,20.360839362029292,35.929794792994514,0.0,0.0,100.0,0.08059999890974723,0.09700000009615906,2531
loo,particle,11,15,0.0,2.556244392800718,8.997019572074699,45.88048212751333,44.4806517311609,67.0061099796334,96.98451507742462,0.3208999987691641,0.5150000000867292,2455
loo,hmm_forward,11,16,0.0,15.665650233751665,16.44618862125178,45.72298139061006,22.95535361517187,34.65033583563809,95.37549407114625,0.21890000061830506,0.29864999851270113,2531
loo,nn_greedy,11,17,0.0,17.14278746930922,19.119260115216576,47.82637174368166,18.785578747628083,27.6280834914611,95.97570235383446,0.060900001699337736,0.07573000075353772,2635
loo,particle,11,16,0.0,3.227004264007677,9.730918997247262,47.71672183408667,36.27024891347293,59.146582378506515,98.85375494071145,0.32250000003841706,0.5024500005674781,2531
loo,nn_window,11,17,0.0,26.671354922563495,24.194166461965146,40.40390715608832,1.7077798861480076,6.03415559772296,100.0,0.08040000102482736,0.10292999795638022,2635
loo,hmm_forward,11,17,0.0,16.42937983663673,17.5870124000309,47.89618069450726,20.417457305502847,32.06831119544592,94.38116932422172,0.2176000016334001,0.26149000004807016,2635
loo,dtw_online,10,19,0.0,24.437965863541898,21.883817772528257,34.36901237283371,4.9827520122652365,7.627443464929091,98.6579754601227,63.24070000118809,67.78762000103598,2609
loo,nn_greedy,11,18,0.0,18.284614359183596,19.654150609752772,45.554109447657225,13.238208481965913,24.098295679746336,95.7176843774782,0.061400001868605614,0.0718000010238029,2523
loo,nn_window,11,18,0.0,15.947885802069935,19.695772782138658,34.88457833871271,0.0,1.823226317875545,100.0,0.08119999984046444,0.09910000117088202,2523
loo,particle,11,17,0.0,2.9747644593729117,9.031787078062214,41.376757036388945,34.990512333965846,63.75711574952562,96.20349278663629,0.320400002237875,0.4921100015053524,2635
loo,hmm_forward,11,18,0.0,16.998808649794764,18.561470081293226,45.695843127602515,15.616329766151408,23.82084819659136,93.25931800158604,0.2187000027333852,0.29708999827562393,2523
loo,particle,11,18,0.0,5.63108236060879,12.298678985970872,42.7819637100339,25.089179548156952,48.077685295283395,94.80570975416336,0.31820000003790483,0.4817499979253626,2523
loo,nn_greedy,11,19,0.0,16.969214751644365,18.42639678344671,44.96317555810882,18.244538137217326,28.095055576849365,95.59049079754601,0.06079999729990959,0.07270000060088933,2609
loo,nn_window,11,19,0.0,19.802370357231055,19.105021336956266,34.745226821349895,1.6481410502108087,6.017631276351092,100.0,0.08039999738684855,0.1005599995551165,2609
loo,dtw_online,11,3,0.0,22.24347675392592,19.696335798069747,41.01810662374188,16.67308432807085,28.994994224104737,98.38212634822804,59.322299999621464,64.18544000189286,2597
loo,hmm_forward,11,19,0.0,11.374750369716326,14.510533685240963,41.34406969102938,23.073974702951322,35.95247221157531,95.9739263803681,0.21489999926416203,0.26502000036998646,2609
loo,particle,11,19,0.0,3.0181271168812183,8.457122381119298,38.93624215883711,34.802606362591035,65.23572249904178,98.6963190184049,0.32020000071497634,0.5214200013142543,2609
loo,nn_greedy,11,20,0.0,18.0872003953564,19.29399815981697,44.952572844783255,13.504823151125404,24.115755627009648,95.77804583835947,0.06049999865354039,0.07286500185728075,2488
loo,nn_window,11,20,0.0,16.93647802293753,21.099090230349155,35.71741096094705,0.0,1.527331189710611,100.0,0.08040000102482736,0.10336499890399865,2488
loo,dtw_online,11,4,0.0,2.687149042269027,6.794646650257294,29.76355044423296,38.155668358714045,67.2165820642978,98.98434193821414,61.61129999964032,68.0536400017445,2364
loo,hmm_forward,11,20,0.0,20.043179201702877,21.28966321625086,46.3551666927093,12.540192926045016,18.368167202572348,94.00884599919583,0.21699999706470408,0.26145999981963547,2488
loo,particle,11,20,0.0,5.750253694575685,10.878998568593774,43.144479966280876,24.959807073954984,44.81511254019293,95.49658222758343,0.31989999843062833,0.5105499987621444,2488
loo,nn_greedy,12,1,0.0,15.407777531109813,18.538116499849924,49.33855486316146,27.876631079478052,41.71609331751681,96.47943037974683,0.0667000022076536,0.08796000038273631,2529
loo,nn_window,12,1,0.0,22.49908870702248,21.662280078354208,33.8926677392238,0.5931198102016607,1.7002767892447608,100.0,0.0867000017024111,0.1016600006551016,2529
loo,dtw_online,11,6,0.0,29.69474667182612,30.88940615591929,52.6575606680635,6.067034365719135,9.461179465422147,98.13242784380306,60.15230000048177,68.08384000178188,2357
loo,hmm_forward,12,1,0.0,3.4798786478177917,13.329018882573882,46.9449303230451,40.49031237643337,55.832344800316335,95.64873417721519,0.21719999858760275,0.2506000011635478,2529
loo,particle,12,1,0.0,2.242584841690094,8.101398715737808,45.17522481466047,47.88453934361407,69.27639383155397,96.79588607594937,0.3224000029149465,0.5022800003644078,2529
loo,nn_greedy,12,2,0.0,13.193006105090747,16.622880784295443,45.13020218093407,25.65947242206235,39.60831334932055,96.12155137944822,0.06750000102329068,0.08089499769994289,2502
loo,nn_window,12,2,0.0,20.892939346696835,22.25180291451701,36.73746070875327,0.759392486011191,3.7569944044764187,100.0,0.08750000051804818,0.10469500048202461,2502
loo,dtw_online,11,5,0.0,2.9993435307095,7.601180776721035,29.622117647928974,37.596741344195515,65.5397148676171,98.98125509372453,61.523599997599376,65.93534999992698,2455
loo,hmm_forward,12,2,0.0,2.6433406396200185,11.010993734883453,46.48052694406194,40.52757793764988,63.42925659472422,96.20151939224311,0.21579999884124845,0.26649999927030876,2502
loo,particle,12,2,0.0,2.26152973221856,5.366990712417095,20.865919718770314,44.60431654676259,72.18225419664267,98.56057576969212,0.3218500005459646,0.5025749998821992,2502
loo,nn_greedy,12,3,0.0,18.755955477548834,20.078839268460396,48.067265190999535,18.09780515979977,32.22949557181363,95.91679506933744,0.0670000008540228,0.0794000006862916,2597
loo,nn_window,12,3,0.0,22.44886567957953,22.401179295595576,47.083564294553,2.4258760107816713,13.400077011936851,100.0,0.08720000187167898,0.10752000016509554,2597
loo,dtw_online,11,7,0.0,18.19358295547761,17.58439558575868,35.51510270337191,10.88757396449704,22.209072978303748,98.46093133385952,60.06889999844134,68.32153000177641,2535
loo,dtw_online,11,10,0.0,17.051466891787108,14.39173923326372,32.896803176664505,29.082292115467475,37.656182679879365,98.87931034482759,60.168799998791656,65.43779999992694,2321
loo,hmm_forward,12,3,0.0,3.5819096283759597,11.968098551420008,46.36467889200624,39.16056988833269,53.330766268771654,93.60554699537751,0.2172999993490521,0.2717399991524871,2597
loo,nn_greedy,12,4,0.0,18.773541699917832,19.681741840458887,49.152106091766704,24.153976311336717,33.71404399323181,95.68345323741008,0.067299999500392,0.07958500209497286,2364
loo,nn_window,12,4,0.0,24.842140505936417,27.39081217605937,46.05247628379229,0.8037225042301184,3.5532994923857872,100.0,0.08739999975659885,0.10736999956861835,2364
loo,particle,12,3,0.0,2.7329723643256183,8.176296662171023,45.21990793278549,34.809395456295725,66.80785521755872,97.30354391371341,0.32479999936185777,0.5248599998594725,2597
loo,hmm_forward,12,4,0.0,8.148189121173822,15.793589894995272,49.400942464371006,29.610829103214893,44.458544839255495,89.63182395260263,0.21800000104121864,0.3097099999649797,2364
loo,particle,12,4,0.0,2.1995637447470937,8.24924573697917,42.29933418623389,45.5160744500846,68.06260575296108,97.54549301735082,0.32250000003841706,0.5007449979530062,2364
loo,nn_greedy,12,5,0.0,16.92551287944136,19.921991961055983,48.685122953064294,22.932790224032587,31.568228105906314,95.84352078239608,0.06740000026184134,0.08582999980717429,2455
loo,nn_window,12,5,0.0,21.43043302920526,21.491628209173683,33.180550711877935,0.5702647657841141,1.9959266802443993,100.0,0.08750000051804818,0.11563000007299704,2455
loo,dtw_online,11,8,0.0,17.397164549787856,15.037801116753037,32.99121800645002,22.019110926464478,34.44121312837557,98.87780548628429,59.99799999699462,72.23670000203127,2407
loo,hmm_forward,12,5,0.0,11.101004146412569,16.351381631079686,46.865490712357726,29.4908350305499,38.818737270875765,90.46454767726162,0.216500000533415,0.243499998759944,2455
loo,particle,12,5,0.0,2.387233600684815,10.21094420807779,41.16704222224927,41.670061099796335,61.79226069246436,96.9437652811736,0.32250000003841706,0.4345899986219592,2455
loo,nn_greedy,12,6,0.0,17.818411767350593,20.100877151200315,49.72573924764198,20.78913873568095,35.63852354688163,95.33106960950764,0.06760000178474002,0.08280000110971741,2357
loo,nn_window,12,6,0.0,16.87769956228223,19.11035628044749,38.92110890107613,6.236741620704285,9.630886720407297,100.0,0.08779999916441739,0.11269999959040433,2357
loo,dtw_online,11,9,0.0,16.834574100978354,16.76991467112285,28.54033008504378,3.9176889592402055,5.18401266323704,99.08946951702296,61.71879999965313,66.78650999929232,2527
loo,hmm_forward,12,6,0.0,7.802052297420294,15.306619793885861,47.160764385946926,26.431904963937207,45.226983453542644,93.1239388794567,0.21949999791104347,0.2812000006088054,2357
loo,particle,12,6,0.0,1.9426971806007887,4.620248447430488,17.847849651608776,51.71828595672465,75.77428935086975,98.98132427843804,0.32160000046133064,0.4998999997042118,2357
loo,nn_greedy,12,7,0.0,21.510003291710746,22.125036918833707,49.93205497034465,13.648915187376726,22.642998027613412,96.8034727703236,0.06719999873894267,0.08418999968853305,2535
loo,nn_window,12,7,0.0,24.954414712678624,24.206578254411085,47.3427012229559,2.642998027613412,11.676528599605522,100.0,0.08929999967222102,0.10790000051201787,2535
loo,dtw_online,11,13,0.0,28.590809549781937,27.867294906633536,48.29433322504589,2.540322580645161,5.241935483870968,98.26542960871319,61.75299999995332,67.23428000150307,2480
loo,hmm_forward,12,7,0.0,17.85113807858364,17.156585402889455,44.745308498445965,18.974358974358974,32.70216962524655,94.51460142067877,0.22560000070370734,0.2764899989415425,2535
loo,dtw_online,11,15,0.0,22.684429775494955,23.013990653705083,43.552559549777584,7.739307535641547,14.5010183299389,98.2477587612062,60.19129999913275,69.48020000018005,2455
loo,dtw_online,11,14,0.0,22.556815867348398,21.419864662591287,34.391771655010835,4.298107255520505,6.979495268138801,98.38264299802762,60.127400000055786,64.87354999990202,2536
loo,nn_greedy,12,8,0.0,23.93222174750303,22.102506137522685,47.01060059483449,15.621105110095554,22.55920232654757,96.17622610141314,0.06730000313837081,0.08500000221829396,2407
loo,nn_window,12,8,0.0,31.42111675301893,33.83512654233105,50.85347857603818,0.6647278770253428,1.6618196925633568,100.0,0.08789999992586672,0.10970000221277587,2407
loo,particle,12,7,0.0,3.5393944260072603,8.40307902697223,27.810795214318542,31.952662721893493,59.96055226824457,95.02762430939227,0.3300000025774352,0.4945299991959473,2535
loo,hmm_forward,12,8,0.0,15.932186139312613,19.17428036930495,50.64289116214623,13.585375986705442,26.713751557955963,91.31338320864505,0.2142000012099743,0.25110000096901786,2407
loo,dtw_online,11,12,0.0,15.169512753419415,14.229137776140988,33.155761371930545,23.549618320610687,35.41984732824427,98.93088965253914,60.014299999238574,65.28683500037005,2620
loo,nn_greedy,12,9,0.0,24.054797633168025,22.131674426136772,48.68661472789495,14.364859517214088,24.218440838939454,96.55581947743468,0.0670000008540228,0.0792700007878011,2527
loo,nn_window,12,9,0.0,22.408214887170338,22.226801227819458,38.28224477031312,0.7123070834982193,3.403244954491492,100.0,0.08809999781078659,0.10710999813454686,2527
loo,particle,12,8,0.0,3.3580731903117385,7.65029907182451,27.460354129579486,35.31366846697133,60.28250934773577,95.8021612635079,0.33010000333888456,0.462210001205676,2407
loo,hmm_forward,12,9,0.0,21.941471285464285,22.794354781574526,51.72513677749682,10.447170557973882,18.638702018203404,91.40934283452098,0.21520000154851004,0.2634400010720126,2527
loo,nn_greedy,12,10,0.0,18.89439868977022,21.00302554448948,50.57450005984519,15.079707022834985,25.333907798362777,96.07758620689654,0.06750000102329068,0.08449999950244091,2321
loo,particle,12,9,0.0,4.94947573986732,13.275218278879722,48.828670139106066,25.801345468935498,50.178076770874554,98.89152810768013,0.33089999851654284,0.5036300000938353,2527
loo,nn_window,12,10,0.0,20.801838477732442,22.350765181712806,37.6413957654604,1.034037052994399,2.7143472641102973,100.0,0.08749999688006938,0.10439999823574908,2321
loo,hmm_forward,12,10,0.0,17.4178224189462,18.289846702885804,42.52981987708432,17.406290392072382,27.832830676432575,93.14655172413792,0.2151000007870607,0.25970000206143595,2321
loo,particle,12,10,0.0,3.0760909038612536,9.707696547788315,41.64988078646826,38.69021973287376,59.112451529513145,96.55172413793103,0.32439999995403923,0.41119999877992086,2321
loo,nn_greedy,12,11,0.0,21.261992151690905,22.299088927781114,51.144004413218205,16.740282685512366,25.08833922261484,96.33230225364561,0.067299999500392,0.07918499959487234,2264
loo,nn_window,12,11,0.0,21.224979623488522,23.19600489405235,44.81188763134941,1.5017667844522968,8.259717314487633,100.0,0.08749999688006938,0.10128499998245387,2264
loo,dtw_online,11,16,0.0,20.919636501759136,20.778281080764927,34.1090948525611,4.188067957329119,6.835242986961674,98.61660079051383,61.521100000391016,67.0426500018948,2531
loo,hmm_forward,12,11,0.0,12.819958671897481,16.257166638225332,47.068272703950655,25.795053003533567,38.82508833922261,90.63190455148033,0.22650000028079376,0.2957950015115784,2264
loo,particle,12,11,0.0,2.846486504821183,9.011129364449486,42.18968758860775,31.537102473498237,62.89752650176679,95.09500662836942,0.33030000122380443,0.49747999837563833,2264
loo,nn_greedy,12,13,0.0,15.458980716114786,17.251222507780117,46.00279220821303,31.774193548387096,39.395161290322584,96.45018152480839,0.06709999797749333,0.08221000025514508,2480
loo,nn_window,12,13,0.0,30.050059506597762,31.06288028924521,48.776870842524566,0.3225806451612903,2.1370967741935485,100.0,0.08879999950295314,0.10679999832063913,2480
loo,dtw_online,11,18,0.0,24.418926469431856,25.81660594955818,46.007300482267055,2.972651605231867,6.1038446294094335,98.65186360031721,61.611000000993954,66.57493000166141,2523
loo,hmm_forward,12,13,0.0,4.946991047951423,13.79667567787315,49.60902649711199,39.67741935483871,50.24193548387097,94.39290036304962,0.2167999991797842,0.30424499891523715,2480
loo,particle,12,13,0.0,4.716602336161858,9.92770625875903,41.61615025164268,35.0,51.04838709677419,96.93424768051634,0.32419999843114056,0.5082049989141524,2480
loo,nn_greedy,12,14,0.0,18.821012923118225,20.2451243994212,48.777425654682546,24.014195583596216,33.951104100946374,95.77909270216962,0.06760000178474002,0.0838250007291208,2536
loo,nn_window,12,14,0.0,21.14827557859126,21.179140806446277,33.249647938740665,0.9463722397476341,2.365930599369085,100.0,0.0878000028023962,0.10109999948326731,2536
loo,dtw_online,11,19,0.0,29.237718044419253,27.85349288478665,47.97209060871903,6.784208509007282,10.348792640858566,98.88803680981594,59.98399999953108,68.84787999952096,2609
loo,dtw_online,11,17,0.0,19.285758329778865,21.2569045623997,34.36834254796685,2.163187855787476,3.301707779886148,99.01290812452544,61.603600002854364,66.68639000272377,2635
loo,hmm_forward,12,14,0.0,3.5549153149729724,13.074123889403927,46.086339192778745,36.31703470031546,54.57413249211357,93.09664694280079,0.21715000002586748,0.28382500204315875,2536
loo,nn_greedy,12,15,0.0,12.983942205647134,17.672329736986942,47.46947990003823,32.5050916496945,41.9959266802444,95.68052159739202,0.06740000026184134,0.09282000100938592,2455
loo,nn_window,12,15,0.0,22.988798708945474,23.843216577640614,47.33717245372358,2.5661914460285136,10.875763747454176,100.0,0.08750000051804818,0.10626000039337663,2455
loo,particle,12,14,0.0,2.7872843206262274,9.024204758323586,45.23082023911086,37.815457413249206,61.080441640378545,96.05522682445759,0.32515000020794105,0.5305999984557275,2536
loo,hmm_forward,12,15,0.0,2.4240855875967164,11.294353727152403,44.65416624966825,43.91038696537678,58.65580448065173,92.1760391198044,0.21689999994123355,0.30873000068822876,2455
loo,particle,12,15,0.0,2.2338230414116973,5.304599329935559,23.621217277333884,46.924643584521384,71.5274949083503,98.81825590872046,0.3235000003769528,0.5162600009498419,2455
loo,nn_greedy,12,16,0.0,20.4206582387804,22.107059754180806,49.92994880241262,15.408929276965628,23.666534966416435,95.45454545454545,0.06740000026184134,0.08225000055972487,2531
loo,nn_window,12,16,0.0,20.41119347293866,19.007226038730554,31.658411545367265,1.4223627024891348,4.188067957329119,100.0,0.08779999916441739,0.1113500002247747,2531
loo,dtw_online,11,20,0.0,21.548025636305034,20.36570163331454,32.32416417671434,4.903536977491962,10.731511254019292,98.9545637314033,59.12895000074059,64.39041499979794,2488
loo,hmm_forward,12,16,0.0,14.32634293177894,18.587946774548993,46.57846710102614,18.33267483208218,33.78111418411695,92.41106719367589,0.21609999748761766,0.28759999986505136,2531
loo,particle,12,16,0.0,11.181147338249884,12.078529591314686,28.332887462145276,19.20189648360332,36.230738838403795,94.66403162055336,0.32020000071497634,0.4623500008165138,2531
loo,nn_greedy,12,17,0.0,23.497276632248017,22.27299364959771,49.72467383403272,17.00189753320683,22.922201138519924,96.24145785876993,0.06769999890821055,0.08046000039030327,2635
loo,nn_window,12,17,0.0,29.54902827695651,31.614766237028885,51.20425556518632,0.7210626185958254,2.239089184060721,100.0,0.08760000127949752,0.09936000133166084,2635
loo,dtw_online,12,2,0.0,2.1917915758747064,3.464455386719415,10.427259206129039,46.9224620303757,78.4572342126299,99.48020791683327,69.91584999741463,76.64178999984868,2502
loo,hmm_forward,12,17,0.0,16.396132881943068,18.091213913838832,45.117553931409404,17.191650853889943,30.891840607210625,90.12908124525435,0.21799999740323983,0.2806699994835069,2635
loo,dtw_online,12,1,0.0,17.49759563974879,20.754401499141146,49.47797974659332,14.353499406880191,23.092131277184656,97.98259493670885,71.76629999958095,77.94947999936994,2529
loo,nn_greedy,12,18,0.0,17.704127087488153,20.5365697109569,48.05839931035083,19.342053111375346,27.824019024970276,96.43140364789849,0.06669999856967479,0.08540000235370826,2523
loo,nn_window,12,18,0.0,30.361347496882747,32.22090379927206,49.462214968452884,1.3872374157748713,1.7043202536662705,100.0,0.0866999980644323,0.10199999815085903,2523
loo,particle,12,17,0.0,4.471526922922251,9.266474698313143,27.51019579394521,24.667931688804554,52.52371916508539,96.50721336370539,0.32389999978477135,0.5227000005106672,2635
loo,hmm_forward,12,18,0.0,14.794243916421848,18.14699050372023,47.068360841168996,29.369797859690845,38.248117320650024,93.29896907216495,0.21829999968758784,0.3019999978278066,2523
loo,particle,12,18,0.0,2.9851446319286694,8.421028834034107,26.983648226853,41.77566389219184,57.78834720570749,95.59873116574148,0.3228999994462356,0.5153100024472225,2523
loo,nn_greedy,12,19,0.0,23.368393869147283,22.277510717413367,48.484503777858365,19.241088539670372,25.105404369490223,96.24233128834356,0.0670000008540228,0.07980000009411015,2609
loo,nn_window,12,19,0.0,23.314911325953073,27.98952536240271,51.19285333990471,1.2265235722499042,4.216174779609045,100.0,0.0870000003487803,0.10708000045269725,2609
loo,dtw_online,12,4,0.0,12.101804871108882,16.508503934004352,46.581741704484465,21.912013536379018,42.04737732656515,98.81506559458316,69.50909999977739,76.76062999817077,2364
loo,hmm_forward,12,19,0.0,22.235059058690787,23.67076494062339,50.34264567542495,12.725182062092754,21.46416251437332,93.02147239263803,0.21569999807979912,0.2553999984229449,2609
loo,particle,12,19,0.0,12.811583322924943,17.33020013527623,46.37405591516865,15.944806439248755,31.314679954005364,96.08895705521472,0.3232000017305836,0.4724799990071914,2609
loo,nn_greedy,12,20,0.0,17.498237581726652,21.13925175457867,48.98128066822563,16.639871382636656,21.30225080385852,96.42139123441898,0.06749999738531187,0.0853299998198054,2488
loo,nn_window,12,20,0.0,24.655526448081986,24.56660206059776,44.190619582429235,2.6929260450160775,8.360128617363344,100.0,0.08729999899514951,0.09953000117093326,2488
loo,dtw_online,12,6,0.0,10.42891433539331,15.145958026891465,37.64575263430219,24.94696648281714,40.17819261773441,98.21731748726656,69.74540000010165,77.25826000096276,2357
loo,hmm_forward,12,20,0.0,19.577236907343426,21.502620066284678,47.14680281113373,16.19774919614148,24.758842443729904,92.40048250904704,0.21800000104121864,0.2725650005231728,2488
loo,particle,12,20,0.0,4.359307616041374,8.209448269950384,25.17657910120949,29.7427652733119,53.85852090032154,95.81825492561319,0.3223999992769677,0.4237299996020738,2488
loo,dtw_online,12,3,0.0,2.75689957499376,6.49370862829391,28.99228908221819,39.083557951482476,67.19291490180979,99.03697996918336,71.32430000274326,77.55363999895053,2597
loo,nn_greedy,13,1,0.0,14.938784989710927,19.14992122187225,47.75193001820438,23.922499011466982,37.36654804270463,96.4003164556962,0.06550000034621917,0.07932000153232364,2529
loo,nn_window,13,1,0.0,33.58528147877163,35.50313030466929,51.51421996771012,0.7908264136022143,1.4630288651640966,100.0,0.08509999679517932,0.10251999847241676,2529
loo,hmm_forward,13,1,0.0,5.565619876947235,14.690289541863253,44.56734996324453,27.79754843811783,48.67536575721629,94.65981012658227,0.21519999791053124,0.26182000001426786,2529
loo,particle,13,1,0.0,2.187947918320521,5.722759763560981,22.63250186755925,46.658758402530644,69.3950177935943,98.02215189873418,0.3212000010535121,0.5133199985721147,2529
loo,nn_greedy,13,2,0.0,15.507567503554167,17.80617324524087,47.176953484958624,22.621902478017585,37.49000799360512,96.12155137944822,0.06489999941550195,0.07800000093993731,2502
loo,dtw_online,12,5,0.0,25.906666502730065,24.08802800938292,46.44309917413086,10.9979633401222,21.710794297352344,98.0440097799511,69.84359999842127,76.11991999838209,2455
loo,nn_window,13,2,0.0,23.3769638836866,23.51286349427703,39.16401571008687,0.19984012789768185,4.436450839328537,100.0,0.08509999679517932,0.1074750000043422,2502
loo,hmm_forward,13,2,0.0,3.73980938689218,14.81053890277288,50.69497011435422,40.28776978417266,52.757793764988016,95.08196721311475,0.21489999926416203,0.25909500109264627,2502
loo,particle,13,2,0.0,1.5470284375026195,3.7919544898488375,21.717506720886586,64.66826538768984,82.73381294964028,100.0,0.32250000003841706,0.4757649996463441,2502
loo,nn_greedy,13,3,0.0,15.969198379871925,18.878512390333128,46.856954550613914,21.293800539083556,33.42318059299191,96.26348228043143,0.06480000229203142,0.0822000001790002,2597
loo,nn_window,13,3,0.0,18.370346121539253,18.745364823507856,32.04961781101621,6.006931074316519,11.975356180207934,100.0,0.08479999814881012,0.10428000023239285,2597
loo,dtw_online,12,11,0.0,26.836381684702967,28.26697579731396,46.83031406369273,0.0,0.35335689045936397,98.27662395050818,69.55579999885231,78.8669799996569,2264
loo,hmm_forward,13,3,0.0,7.362709600275574,14.602316438013172,47.2795890264528,35.502502887947635,45.66807855217559,92.52696456086287,0.21500000002561137,0.2727200015215202,2597
loo,particle,13,3,0.0,1.812532243158653,5.450953216665018,22.86096731491254,53.71582595302272,70.04235656526761,97.22650231124807,0.32310000096913427,0.4887999995844433,2597
loo,nn_greedy,13,4,0.0,14.848458874804978,18.342221741168327,47.72257095355681,24.111675126903553,39.29780033840948,95.72577232331781,0.06519999806187116,0.07338500217883846,2364
loo,nn_window,13,4,0.0,29.10741720083057,28.12933145943483,42.439777583192594,0.21150592216582065,1.1421319796954315,100.0,0.08519999755662866,0.09736999927554278,2364
loo,dtw_online,12,10,0.0,18.53516514104333,22.82280945131504,50.01529224531498,13.270142180094787,20.809995691512277,98.40517241379311,71.55640000200947,77.9791999993904,2321
loo,hmm_forward,13,4,0.0,3.0697602684086545,12.672460778312496,45.83975011630255,40.77834179357022,57.95262267343486,95.55649597968684,0.225800002226606,0.3003999991051387,2364
loo,dtw_online,12,8,0.0,26.40129207635316,25.269071779543708,48.78307171510264,3.1159119235562938,11.009555463232239,98.6284289276808,70.03120000081253,78.84276999939175,2407
loo,nn_greedy,13,5,0.0,14.106906844086318,17.488313579953783,46.15273228560316,23.70672097759674,36.0081466395112,96.45476772616138,0.06500000017695129,0.07873000176914499,2455
loo,nn_window,13,5,0.0,26.58781483495098,22.919412544901597,36.86558247292911,4.195519348268839,8.187372708757637,100.0,0.08479999814881012,0.10579999907349702,2455
loo,particle,13,4,0.0,1.893872587864069,3.2247797577485144,11.920048313267106,53.34179357021996,84.01015228426397,100.0,0.3299999989394564,0.5169550006030477,2364
loo,hmm_forward,13,5,0.0,5.02335477076202,12.866668671599337,41.44161122946963,32.46435845213849,49.89816700610998,93.480032599837,0.22639999951934442,0.3052600015507772,2455
loo,particle,13,5,0.0,1.722506419962319,4.1070981682487355,21.390052418896765,57.10794297352342,82.11812627291243,100.0,0.32979999741655774,0.5199299983360106,2455
loo,nn_greedy,13,6,0.0,13.84470325128359,17.62764814179769,47.85552432054315,20.280016970725498,38.01442511667374,94.94906621392191,0.06480000229203142,0.08299999972223304,2357
loo,nn_window,13,6,0.0,23.889916278912562,21.22207528827129,37.39948397930698,7.5943996605854895,12.261349172677132,100.0,0.08650000017951243,0.10482000143383628,2357
loo,dtw_online,12,7,0.0,24.340824483732707,24.615933781098096,49.989218005439334,7.613412228796844,13.88560157790927,98.50039463299132,71.27699999909964,77.1850600001926,2535
loo,hmm_forward,13,6,0.0,6.5179209493797545,15.982678587788705,47.476443867489046,30.292745014849388,46.117946542214675,94.31239388794566,0.21940000078757294,0.28219999876455404,2357
loo,particle,13,6,0.0,1.5511274137759694,4.3749518282351785,20.349525626747145,61.349172677131946,75.81671616461604,99.95755517826825,0.3222999985155184,0.49862000087159675,2357
loo,dtw_online,12,9,0.0,22.877986134453952,24.557339481879307,46.39472384194513,0.2770083102493075,4.1551246537396125,98.85193982581157,69.84989999909885,79.11621000130253,2527
loo,nn_greedy,13,7,0.0,21.366942743423895,21.121589939040607,47.16398628240165,11.439842209072978,22.36686390532544,96.92186266771901,0.06510000093840063,0.08376000005227974,2535
loo,nn_window,13,7,0.0,22.8098208476746,28.058819766859415,49.61235124261178,1.7751479289940828,3.274161735700197,100.0,0.085299998318078,0.11118000038550219,2535
loo,hmm_forward,13,7,0.0,23.2174108873145,21.885134557243354,48.55606282344666,12.268244575936883,23.471400394477318,95.38279400157853,0.2144999998563435,0.262129998736782,2535
loo,particle,13,7,0.0,6.737723781288564,10.354563250181293,28.064853842314104,19.763313609467456,37.47534516765286,94.98816101026047,0.3194999990228098,0.4111700014618686,2535
loo,nn_greedy,13,8,0.0,18.678614586248266,20.435086593333406,48.99311760300622,14.997922725384297,20.89738263398421,96.63341645885288,0.06489999941550195,0.07533999996667258,2407
loo,nn_window,13,8,0.0,21.830846418703654,27.857449199885355,49.57556462245642,1.7864561695056087,2.7420024927295388,100.0,0.08460000026389025,0.09966999969037714,2407
loo,dtw_online,12,13,0.0,24.14725656052797,25.538948777060654,47.510315189799904,0.12096774193548387,0.12096774193548387,98.78983461073013,71.18424999862327,76.46256999887555,2480
loo,hmm_forward,13,8,0.0,21.26169935003247,22.324766370217873,49.306407963217325,12.754466140423764,18.238471125882842,93.59933499584372,0.22499999977299012,0.2990100005263229,2407
loo,particle,13,8,0.0,4.333066643642419,9.123909658428465,25.762112589262827,20.938928126298297,53.05359368508517,98.66999168744805,0.3293000008852687,0.5135999999765772,2407
loo,nn_greedy,13,9,0.0,17.922881327181322,20.576424653302567,49.480203390020925,14.48357736446379,26.117926394934702,97.11005542359462,0.06480000229203142,0.0765999975556042,2527
loo,nn_window,13,9,0.0,23.192302901483984,23.660514489263022,38.99717119829017,0.5144440047487139,1.5037593984962405,100.0,0.08660000094096176,0.10646999944583511,2527
loo,dtw_online,12,15,0.0,30.477218029720003,29.803480985386866,47.76704432351599,0.0,0.40733197556008144,98.81825590872046,70.12910000048578,76.19660000164002,2455
loo,hmm_forward,13,9,0.0,23.081552357741142,22.120632796303113,48.718143292473094,12.94024535021765,20.656905421448357,92.99287410926365,0.21700000070268288,0.25671000112197356,2527
loo,particle,13,9,0.0,4.7292365087585315,7.013516837612167,22.427275324802892,24.574594380688563,51.56311832212109,98.53523357086303,0.32139999893843196,0.4168500017840414,2527
loo,nn_greedy,13,10,0.0,20.179372423646512,19.8271569535708,47.45839754930579,15.898319689788885,30.54717794054287,96.42241379310344,0.0652999988233205,0.08280000110971741,2321
loo,nn_window,13,10,0.0,23.60913216114846,22.50828710154271,35.59015018202938,2.5850926324859977,4.782421370099095,100.0,0.085299998318078,0.10710000060498714,2321
loo,dtw_online,12,14,0.0,20.69967634446141,16.54610072786024,36.79543583308276,27.168769716088327,34.85804416403786,98.81656804733728,71.21435000044585,77.38140000128624,2536
loo,hmm_forward,13,10,0.0,22.0757638721922,20.34854214686022,46.11090808823435,15.252046531667386,27.74666092201637,92.19827586206897,0.21569999807979912,0.2792999985103961,2321
loo,particle,13,10,0.0,3.3196349127587443,7.320867312503385,24.867069463487613,31.193451098664372,64.67040068935803,97.1551724137931,0.3219999998691492,0.4470000021683518,2321
loo,nn_greedy,13,11,0.0,24.069298341914248,22.831616029418036,48.19792261409011,14.310954063604239,21.643109540636043,95.44851966416262,0.06500000017695129,0.0788550001743715,2264
loo,nn_window,13,11,0.0,25.578228376389312,23.266092279619667,37.995857366528135,1.3692579505300353,5.079505300353357,100.0,0.08490000254823826,0.10068499959743347,2264
loo,dtw_online,12,16,0.0,23.75941601573015,23.923140487819044,46.84550244820012,5.333860134334255,7.8229948636902416,98.93280632411067,71.3026000012178,77.08045000072161,2531
loo,hmm_forward,13,11,0.0,24.43033294021754,23.851437207438362,49.431383034408064,12.853356890459363,19.6113074204947,92.75298276623951,0.2163500012102304,0.29400499934126845,2264
loo,particle,13,11,0.0,2.364640437912146,5.0280355386533735,19.293889746182913,39.97349823321555,70.53886925795054,99.82324348210341,0.32264999936160166,0.5087399989861294,2264
loo,nn_greedy,13,12,0.0,14.367354988049769,17.416804166182335,46.54935298653908,29.69465648854962,41.10687022900763,96.25811378388698,0.06519999806187116,0.08089999755611643,2620
loo,nn_window,13,12,0.0,23.47441449539788,23.49342598594638,39.08083192708127,0.8778625954198473,3.778625954198473,100.0,0.085299998318078,0.11501000244606979,2620
loo,dtw_online,12,17,0.0,17.399036146391225,23.30048507244565,50.75685340961008,8.311195445920303,19.50664136622391,98.36750189825361,68.54089999978896,74.98073000133444,2635
loo,hmm_forward,13,12,0.0,3.9249949435055376,12.953235878904392,44.47711676522162,39.77099236641221,52.328244274809165,94.1962581137839,0.2158999996026978,0.30130500217637746,2620
loo,particle,13,12,0.0,1.7193991683053262,3.3623434059139217,12.617467998687697,59.12213740458016,80.0381679389313,99.42726231386025,0.3223000021534972,0.5046050006058067,2620
loo,nn_greedy,13,14,0.0,13.601339051175453,18.28908662691955,48.111295998070304,26.301261829652994,37.97318611987382,95.85798816568047,0.06460000076913275,0.08329999764100648,2536
loo,nn_window,13,14,0.0,29.19064380771328,27.19964872056896,42.52448443025012,2.1293375394321767,3.943217665615142,100.0,0.08449999950244091,0.09877500178845366,2536
loo,dtw_online,12,18,0.0,23.037851535508132,23.949974462717215,46.377640439438935,5.033690051525961,8.244153785176378,99.12767644726408,71.30569999935688,76.62746999849332,2523
loo,hmm_forward,13,14,0.0,9.643665777601983,16.45968082145127,47.18420250950854,33.753943217665615,45.268138801261834,95.97633136094674,0.21850000121048652,0.31682499957241816,2536
loo,dtw_online,13,1,0.0,6.330472548065338,10.446453780943028,25.29087250635649,30.13048635824436,47.13325425069198,98.61550632911393,65.63489999825833,73.78874000132782,2529
loo,particle,13,14,0.0,1.8919437351756023,3.504640151252318,12.428366038216426,52.60252365930599,79.53470031545741,99.76331360946745,0.3239499983465066,0.5287250014589517,2536
loo,nn_greedy,13,15,0.0,5.064436440012007,14.409977732352276,46.03592033332072,35.60081466395112,49.85743380855397,95.639771801141,0.06520000169984996,0.07513000091421415,2455
loo,nn_window,13,15,0.0,32.160871383780346,32.42611055594372,51.2192051534697,0.0,0.4887983706720978,100.0,0.08470000102533959,0.12153000134276223,2455
loo,dtw_online,13,2,0.0,1.9000892555174902,3.3402200795455403,11.662914938642803,51.51878497202238,82.17426059152679,99.32027189124351,65.98119999944174,72.71624000059091,2502
loo,hmm_forward,13,15,0.0,2.5524587804327825,10.495629140607178,38.806864310859936,44.64358452138492,64.35845213849288,93.8875305623472,0.21810000180266798,0.27538999784155743,2455
loo,nn_greedy,13,16,0.0,17.443782829451987,19.143702885889397,47.32750980880968,15.17186882655077,28.763334650335835,96.36363636363636,0.06429999848478474,0.07714999810559675,2531
loo,nn_window,13,16,0.0,26.36070729834264,24.891948668015363,39.9034055993447,1.50138285262742,3.6744369814302646,100.0,0.08430000161752105,0.10329999895475339,2531
loo,particle,13,15,0.0,1.6055625493280998,3.8496803164147146,16.722381954168352,59.63340122199593,78.08553971486761,99.06275468622657,0.32220000139204785,0.4649899976357116,2455
loo,dtw_online,13,4,0.0,2.04789922200339,2.8042093593376003,7.937519323591153,49.23857868020304,86.63282571912013,99.06898011002963,66.22689999858267,73.19902000072034,2364
loo,hmm_forward,13,16,0.0,17.328670132158855,18.712989474935377,47.469509749616634,16.594231529039906,30.18569735282497,91.34387351778656,0.21710000146413222,0.2591499978734646,2531
loo,dtw_online,12,20,0.0,25.187657333479635,24.99645765673643,47.37003665071167,1.4067524115755627,4.702572347266881,98.9545637314033,70.12820000090869,76.25052000075813,2488
loo,nn_greedy,13,17,0.0,19.64777071112304,20.851729122620753,48.73495138533607,15.825426944971538,25.996204933586338,96.50721336370539,0.0652999988233205,0.08322999965457709,2635
loo,nn_window,13,17,0.0,21.25576010704571,23.23015176992666,41.373482020442445,1.3282732447817838,7.855787476280835,100.0,0.085299998318078,0.10412999981781465,2635
loo,particle,13,16,0.0,3.8535445531942405,6.019638548741237,16.318318841877527,21.730541288028444,60.84551560647965,97.90513833992095,0.32470000223838724,0.47665000056440476,2531
loo,hmm_forward,13,17,0.0,21.43505753942068,21.68314686305215,49.01291485091952,14.952561669829223,24.62998102466793,91.91343963553531,0.21660000129486434,0.28897000083816216,2635
loo,dtw_online,12,19,0.0,25.029226709772733,23.8919692053762,46.3519124425698,6.24760444614795,11.805289382905327,99.19478527607362,70.01510000191047,77.14192000057665,2609
loo,nn_greedy,13,18,0.0,17.86718594574373,19.716518830888663,45.81164488263729,14.823622671422909,25.60443915973048,95.7573354480571,0.07059999916236848,0.10656000049493745,2523
loo,nn_window,13,18,0.0,22.230692067020396,21.59972318430707,32.697711153359265,1.78359096313912,3.1311930241775663,100.0,0.08909999814932235,0.13842999978805898,2523
loo,particle,13,17,0.0,4.871524630195619,10.119630918815707,45.371786950274725,25.996204933586338,51.119544592030365,97.83599088838268,0.3276999996160157,0.5341299987776438,2635
loo,hmm_forward,13,18,0.0,23.312396469852537,22.128724999837175,47.112849369452725,11.01862861672612,26.397146254458974,92.62490087232355,0.22449999960372224,0.33354000079270923,2523
loo,nn_greedy,13,19,0.0,17.67049325992044,19.745190000509815,47.944544989183676,16.788041395170563,26.753545419701037,96.12730061349694,0.0653000024612993,0.08256000073743051,2609
loo,nn_window,13,19,0.0,19.9983048787429,22.840142355245604,44.31039826783318,3.0663089306247606,6.745879647374473,100.0,0.08480000178678893,0.10349999865866266,2609
loo,particle,13,18,0.0,1.9450188038556635,3.699460536504185,12.591981681889475,51.446690447879504,76.6151407055093,99.08802537668518,0.3265999985160306,0.5009799984691199,2523
loo,hmm_forward,13,19,0.0,21.111737816313102,22.848342603738722,48.59858509859022,10.540436949022613,17.66960521272518,93.98006134969326,0.21500000002561137,0.2736399983405135,2609
loo,particle,13,19,0.0,3.3514356034842385,4.735595448803923,13.42627708841526,31.659639708700656,65.7339977002683,98.6963190184049,0.3236999982618727,0.48955999809550116,2609
loo,nn_greedy,13,20,0.0,20.01337804705782,20.41332678097713,46.59066953121687,14.87138263665595,25.964630225080388,96.54201849618013,0.06489999941550195,0.0795649995779968,2488
loo,nn_window,13,20,0.0,24.93660156500362,23.937979975995376,38.819827775275705,1.4469453376205788,3.4163987138263665,100.0,0.08479999814881012,0.10256499881506899,2488
loo,dtw_online,13,6,0.0,24.412194875703197,22.278916626956114,36.61885477979948,2.0789138735680948,2.7577428935086976,98.04753820033956,67.49159999890253,72.87033999818959,2357
loo,hmm_forward,13,20,0.0,19.879491981471283,22.50635125251875,47.21386455574385,14.87138263665595,23.231511254019292,94.29030960997186,0.22569999964616727,0.3039500010345367,2488
loo,dtw_online,13,5,0.0,18.302706069965524,19.9218002057027,40.10744387011171,9.531568228105906,15.39714867617108,98.12550937245314,66.09870000102092,74.07178999928874,2455
loo,nn_greedy,14,1,0.0,11.600099959167965,15.48419316107051,41.960608696796996,24.39699485962831,41.43930407275603,96.79588607594937,0.06569999823113903,0.07755999904475173,2529
loo,dtw_online,13,3,0.0,3.883503861343862,8.685168263191855,25.05916410205866,34.53985367731999,56.642279553330766,98.57473035439138,67.63140000111889,73.06204000269645,2597
loo,particle,13,20,0.0,2.680103532183278,4.40826097994788,14.244302227615096,37.540192926045016,71.58360128617363,98.71330920788098,0.3296000013506273,0.46592999842687277,2488
loo,nn_window,14,1,0.0,28.965045536943798,26.903996548543386,43.68964655025156,0.6722024515618822,2.649268485567418,100.0,0.08600000001024455,0.10580000016489066,2529
loo,hmm_forward,14,1,0.0,5.024460352991452,12.131099341804433,41.01126587717131,32.06801107156979,49.74298141557928,94.18512658227847,0.225800002226606,0.26347999883000733,2529
loo,nn_greedy,14,2,0.0,15.176566550362418,17.38715024829294,44.35617018486895,21.982414068745005,35.29176658673062,95.76169532187126,0.06590000157302711,0.07599500022479332,2502
loo,particle,14,1,0.0,2.639396711827077,7.740777750882632,38.203409249563585,43.851324634242786,68.44602609727166,98.10126582278481,0.3222999985155184,0.5029599989939013,2529
loo,nn_window,14,2,0.0,30.48489940679878,30.159940769578153,43.68052367867797,0.0,0.0,100.0,0.08750000051804818,0.10009999823523685,2502
loo,hmm_forward,14,2,0.0,3.3895701527974653,8.992542511737875,36.25318913440306,36.21103117505996,60.23181454836131,95.36185525789685,0.22570000146515667,0.30208999760361616,2502
loo,particle,14,2,0.0,4.286845862634312,9.683646540535978,30.156535098934057,30.575539568345324,52.79776179056754,96.32147141143543,0.3287499985162867,0.5156850013008807,2502
loo,nn_greedy,14,3,0.0,14.95899928233062,17.564196014698833,46.075366901510186,21.75587216018483,32.53754331921448,95.45454545454545,0.06619999840040691,0.07681999923079273,2597
loo,nn_window,14,3,0.0,21.607421210151713,19.964809743632053,31.384264026348777,0.0,3.3500192529842128,100.0,0.08800000068731606,0.09912000168696976,2597
loo,dtw_online,13,8,0.0,21.703235614365653,21.557929175626146,36.839867415565756,3.822185292895721,6.35646032405484,98.5453034081463,66.75259999974514,71.1703099987062,2407
loo,hmm_forward,14,3,0.0,4.7957378840164155,12.383298249676013,44.234734578365796,33.03812090874085,51.36696187909126,93.7211093990755,0.21389999892562628,0.25521999996271905,2597
loo,particle,14,3,0.0,2.896939461335821,3.9849158305058494,11.402440643591357,31.728917982287253,72.96881016557566,99.07550077041603,0.32139999893843196,0.49911999885807745,2597
loo,nn_greedy,14,4,0.0,15.512538772389865,17.75895648332472,45.98724591858941,21.065989847715734,34.390862944162436,96.14896318239526,0.06589999975403771,0.07879999975557439,2364
loo,nn_window,14,4,0.0,26.830717821740393,27.27951742306844,40.641367689478585,0.5922165820642978,1.353637901861252,100.0,0.08570000136387534,0.10177000058320117,2364
loo,dtw_online,13,10,0.0,24.810845318779695,22.154964971830235,38.43864282953493,4.093063334769496,8.056872037914692,98.31896551724138,66.17030000052182,75.78149999972084,2321
loo,hmm_forward,14,4,0.0,3.830314916349324,11.106686956598033,43.772579741732464,30.83756345177665,55.37225042301185,93.6098180279306,0.21890000061830506,0.26355499921919545,2364
loo,particle,14,4,0.0,2.2298310725807777,3.6755626417921667,12.969598787070161,43.31641285956007,80.11844331641285,100.0,0.32170000122278,0.44376000005286154,2364
loo,nn_greedy,14,5,0.0,14.378226534814889,17.94781703278433,47.626385010866585,26.517311608961304,38.94093686354379,96.69926650366747,0.06579999899258837,0.07679999907850288,2455
loo,nn_window,14,5,0.0,28.449425217517724,29.553431715618366,44.57306023262706,0.0,0.0,100.0,0.08579999848734587,0.09639999916544184,2455
loo,dtw_online,13,11,0.0,25.435378392391428,20.92652049390827,52.695216357037445,15.459363957597173,31.492932862190813,98.14405656208572,67.37360000079207,72.28284999964671,2264
loo,hmm_forward,14,5,0.0,3.665675071348095,9.22774654130078,36.33967876886323,34.663951120162935,57.88187372708757,94.41727791361043,0.21550000019487925,0.2638300007674843,2455
loo,particle,14,5,0.0,1.9878013409284743,3.794998942056198,14.834540757492045,50.34623217922607,78.90020366598777,99.42950285248574,0.3221000006305985,0.44644000081461804,2455
loo,nn_greedy,14,6,0.0,15.773683722124304,18.247342525518427,45.43127375932045,16.291896478574458,36.19007212558337,96.09507640067912,0.06629999916185625,0.07469999836757779,2357
loo,nn_window,14,6,0.0,22.094361396529322,22.094953833954253,46.30027766179534,7.4671192193466265,16.588884174798473,100.0,0.08620000153314322,0.10320000001229346,2357
loo,dtw_online,13,7,0.0,27.122038083733358,28.79140038135394,49.871746143942616,3.353057199211045,6.8639053254437865,98.61878453038673,67.5282000011066,73.12030000030063,2535
loo,hmm_forward,14,6,0.0,7.582301096477002,15.647992176441269,49.36684729861542,18.45566397963513,38.94781501909206,93.0390492359932,0.21950000154902227,0.26958000089507506,2357
loo,particle,14,6,0.0,2.773667325196265,5.0566449194772645,17.62307397734623,34.23843869325414,71.70131523122613,100.0,0.3212000010535121,0.42537999834166806,2357
loo,nn_greedy,14,7,0.0,22.50032292373422,21.368982983968397,44.49418068855646,9.506903353057199,21.143984220907296,96.8034727703236,0.06520000169984996,0.07470000127796084,2535
loo,nn_window,14,7,0.0,22.600098912943295,27.52910667734429,49.08301153051142,1.0650887573964496,3.4714003944773175,100.0,0.08510000043315813,0.09260000042559113,2535
loo,dtw_online,13,9,0.0,23.574815908346196,21.81807487973521,35.27027286110253,3.007518796992481,4.352987732489118,98.37688044338876,67.54079999882379,73.05629999900702,2527
loo,hmm_forward,14,7,0.0,18.11234784579252,18.581650151508914,41.98975964805729,9.309664694280078,24.220907297830372,94.39621152328334,0.22560000070370734,0.2941999991890043,2535
loo,particle,14,7,0.0,16.02447222520005,18.880203687462085,41.76381438168724,2.051282051282051,8.954635108481263,91.91002367797948,0.3265000013925601,0.5216400008066555,2535
loo,nn_greedy,14,8,0.0,18.060534206300662,18.825433095275454,44.04910297489368,15.538014125467386,24.553385957623597,96.25935162094763,0.06570000186911784,0.07520000144722871,2407
loo,nn_window,14,8,0.0,29.113571503118884,27.073764904683273,44.72188139255217,1.1632737847943497,2.3680930619027833,100.0,0.08759999764151871,0.10644000030879393,2407
loo,dtw_online,13,12,0.0,26.649399421328333,24.691538761639006,44.423333456593696,9.541984732824428,16.87022900763359,98.70179457808324,67.37090000024182,71.83980999816413,2620
loo,hmm_forward,14,8,0.0,18.947656586630856,17.681718597253795,42.99242462022971,8.2675529705027,25.051931865392607,90.68994181213633,0.2164999968954362,0.2969099990878021,2407
loo,particle,14,8,0.0,3.859350252743819,7.555308418534363,32.89031138219575,30.20357291233901,59.11923556294142,95.92684954280965,0.3221000006305985,0.5178399991564218,2407
loo,nn_greedy,14,9,0.0,17.816561990760807,19.58090304451347,44.278364350832646,12.425801345468935,25.682627621685793,96.67458432304038,0.06630000279983506,0.07784000081301197,2527
loo,nn_window,14,9,0.0,23.07891104603734,23.346366281709024,45.68955254176355,3.6011080332409975,16.778789077958052,100.0,0.0866999980644323,0.1125799997680587,2527
loo,dtw_online,13,14,0.0,22.73719148756546,24.2042639764512,51.99336801058933,4.534700315457414,8.201892744479496,98.65877712031558,65.03820000034466,69.877974998235,2536
loo,hmm_forward,14,9,0.0,21.82944450891733,19.82014580039782,43.765275617961684,5.856747130985358,21.40878512069648,92.79493269992084,0.21579999884124845,0.2731500000663799,2527
loo,particle,14,9,0.0,8.267317297062053,15.296591956811854,45.897886395435215,18.480411555203798,39.81005144440047,89.62787015043547,0.3203000014764257,0.41655000059108704,2527
loo,nn_greedy,14,10,0.0,22.526984989818725,20.499871737371873,43.93387193006659,14.821197759586385,23.481258078414477,96.63793103448276,0.0656000011076685,0.08130000060191378,2321
loo,nn_window,14,10,0.0,21.131747269112065,20.394901552512515,37.91570962701708,0.7755277897457992,15.295131408875484,100.0,0.08560000060242601,0.10159999874304049,2321
loo,dtw_online,13,15,0.0,4.28093436268048,10.34359161429252,31.24103379473502,37.10794297352342,51.44602851323828,98.61450692746536,65.97099999999045,74.0838799993071,2455
loo,hmm_forward,14,10,0.0,23.935703413832847,22.33707417345395,42.950464102304245,4.696251615682896,15.596725549332186,93.36206896551724,0.21680000281776302,0.26059999800054356,2321
loo,particle,14,10,0.0,7.626204254199216,12.032448854013241,37.07344377239843,14.088754847048685,36.794485135717366,94.91379310344827,0.32049999936134554,0.4440000011527445,2321
loo,nn_greedy,14,11,0.0,18.662495136750714,20.162679759892367,44.909565330163446,14.17844522968198,21.863957597173144,95.58108705258506,0.06610000127693638,0.07709999772487208,2264
loo,nn_window,14,11,0.0,26.91778072411499,27.776931060860342,41.5809172793126,0.08833922261484099,0.6625441696113075,100.0,0.08609999713371508,0.09776999922905814,2264
loo,dtw_online,13,18,0.0,26.19593791648101,26.254906153668024,49.302206903925516,2.4970273483947683,4.8355132778438366,98.85011895321173,66.27819999994244,70.50348999946436,2523
loo,hmm_forward,14,11,0.0,13.849010211912251,15.232587166274453,34.93638060542328,11.70494699646643,28.31272084805654,93.99027839151569,0.21489999926416203,0.26387000107206404,2264
loo,particle,14,11,0.0,2.407086337650794,4.469490633416398,14.402667571538627,38.91342756183745,69.56713780918727,94.43216968625718,0.3206000001227949,0.5089899997983592,2264
loo,nn_greedy,14,12,0.0,15.654455930765907,17.66345843570517,45.15565598081749,25.83969465648855,34.65648854961832,96.56357388316151,0.06580000263056718,0.08140000136336312,2620
loo,dtw_online,13,20,0.0,28.164143468456132,25.659683465029854,46.562810193467804,0.7636655948553055,6.028938906752412,98.83393646964214,66.0519499979273,73.18538000108674,2488
loo,nn_window,14,12,0.0,34.95424304889323,34.88477356331234,47.336421783837224,0.0,0.0,100.0,0.08589999924879521,0.10430499751237218,2620
loo,dtw_online,13,16,0.0,25.20450947121497,26.933030271695078,50.68004728449819,2.6076649545634134,4.622678783089688,97.78656126482214,67.58500000069034,74.22385000063514,2531
loo,hmm_forward,14,12,0.0,6.39631172414944,12.678871874253462,37.42094445684049,29.961832061068705,44.274809160305345,94.80717831233295,0.21550000019487925,0.3012000008311583,2620
loo,nn_greedy,14,13,0.0,14.685766498295973,18.838845176744353,47.671305957806915,23.467741935483872,34.233870967741936,95.72408229124648,0.06660000144620426,0.08040000102482736,2480
loo,nn_window,14,13,0.0,26.05388543974998,25.70937404576197,37.30889068997256,0.0,0.0,100.0,0.0866999980644323,0.10430500096845205,2480
loo,particle,14,12,0.0,1.8032536351413069,3.864493930204227,19.80641253734155,53.32061068702289,80.0,98.96907216494846,0.32500000088475645,0.5074549999335428,2620
loo,hmm_forward,14,13,0.0,3.3054174712684743,10.226057843718865,42.7140706103765,38.91129032258064,59.51612903225807,94.4735780556676,0.21740000011050142,0.28533500044431986,2480
loo,particle,14,13,0.0,2.4167350178115936,5.849719044880705,23.235733062016067,41.733870967741936,68.14516129032258,99.959661153691,0.3226999979233369,0.4956049975589849,2480
loo,nn_greedy,14,15,0.0,15.882937174679181,18.16668383810905,46.99911437827714,26.63951120162933,37.759674134419555,96.2917685411573,0.06550000034621917,0.08132999973895491,2455
loo,nn_window,14,15,0.0,26.148708650449038,25.65711421277878,37.36113294242734,0.6109979633401221,1.5071283095723014,100.0,0.08510000043315813,0.09512999931757801,2455
loo,dtw_online,13,17,0.0,25.154796103019777,22.767440679556437,49.06563434115471,8.349146110056926,15.294117647058824,98.0637813211845,65.96060000083526,72.75379000129759,2635
loo,hmm_forward,14,15,0.0,3.103686692786188,10.159511777690371,38.241651208194654,38.12627291242362,64.52138492871691,95.4360228198859,0.2179000002797693,0.2746599995589349,2455
loo,dtw_online,13,19,0.0,26.504846971545962,26.543683564701638,49.25426906690406,2.0314296665389038,5.787658106554235,98.81134969325154,66.42589999682968,71.88276000088081,2609
loo,nn_greedy,14,16,0.0,21.15468720837337,22.029055034370447,46.664761583119585,10.07506914263137,21.29593046226788,96.36363636363636,0.06610000127693638,0.08780000098340679,2531
loo,particle,14,15,0.0,2.148422342717745,4.652465657914775,23.16958138205002,47.78004073319755,72.30142566191446,98.37000814995925,0.3224000029149465,0.4263200014975151,2455
loo,nn_window,14,16,0.0,35.150298673907244,35.222759715211055,47.33016811809371,0.0,0.0,100.0,0.08610000077169389,0.10434999967401382,2531
loo,hmm_forward,14,16,0.0,17.310853620719282,20.53313997459338,46.32194899408583,9.087317265902806,20.071118135124458,92.37154150197628,0.2179000002797693,0.2735500002017943,2531
loo,particle,14,16,0.0,3.797225851386584,5.190006533625752,15.034641420013084,22.599762939549585,62.74199920979849,99.60474308300395,0.32079999800771475,0.493800000185729,2531
loo,nn_greedy,14,17,0.0,21.131213565058278,21.279253277720656,50.16164683127717,12.789373814041745,24.47817836812144,96.35535307517085,0.06579999899258837,0.07959999857121147,2635
loo,nn_window,14,17,0.0,25.221486503848148,27.061307708356157,52.28571251616293,0.9867172675521821,4.705882352941177,100.0,0.0855999969644472,0.1021300016873283,2635
loo,dtw_online,14,4,0.0,2.594369983122335,7.048345779139952,25.26635370927002,40.10152284263959,67.30118443316412,99.28057553956835,66.87379999857512,74.39709500176832,2364
loo,hmm_forward,14,17,0.0,16.58828311686012,18.296315214522682,45.05740829464301,9.335863377609108,27.32447817836812,91.72361427486713,0.2147999985027127,0.2634500004205619,2635
loo,dtw_online,14,2,0.0,27.061101771587133,25.756183743548945,42.41581193810515,6.474820143884892,11.990407673860911,98.68052778888445,67.88810000034573,74.03665000019828,2502
loo,nn_greedy,14,18,0.0,21.30289396226336,21.106743858209004,44.41362714696201,11.414982164090368,22.35434007134364,96.59000793021411,0.06570000186911784,0.07680000271648169,2523
loo,particle,14,17,0.0,3.842776930188054,5.822647565658319,17.518404007856148,22.39089184060721,59.43074003795067,98.63325740318906,0.32309999733115546,0.4512899988185378,2635
loo,nn_window,14,18,0.0,23.40142978703988,23.163604743390493,44.74604666874244,6.5794688862465325,16.329766151407053,100.0,0.08570000136387534,0.1067899986082921,2523
loo,hmm_forward,14,18,0.0,23.315575674943165,22.314797971367305,45.743935910543215,9.31430836305985,20.689655172413794,93.06106264869152,0.21740000011050142,0.2765399996860652,2523
loo,particle,14,18,0.0,3.569708139082936,7.599971491828371,43.02927777005753,28.77526753864447,63.97146254458978,96.07454401268835,0.3222999985155184,0.49756999833334703,2523
loo,nn_greedy,14,19,0.0,18.575057991349194,21.45757803418874,46.05276539902193,11.498658489842851,22.42238405519356,96.28067484662577,0.06569999823113903,0.08100000050035305,2609
loo,nn_window,14,19,0.0,23.13975559212607,23.17054510505207,46.025990889470144,5.672671521655807,15.714833269451898,100.0,0.08560000060242601,0.10982000094372778,2609
loo,dtw_online,14,1,0.0,23.797159018442905,25.369134194184838,48.936224484028,5.891656781336497,9.054962435745354,98.29905063291139,68.98259999798029,74.50865999780945,2529
loo,hmm_forward,14,19,0.0,14.080286499398355,18.029195122578262,46.074858829904144,14.411651973936374,26.638558834802605,92.75306748466258,0.21540000307140872,0.27161999969393924,2609
loo,particle,14,19,0.0,3.0277149120385998,4.94422591740119,19.992673645272777,30.85473361441165,68.49367573783059,98.81134969325154,0.3219999998691492,0.4351199997472575,2609
loo,nn_greedy,14,20,0.0,17.439383097976332,19.90292883439835,47.00285837064893,14.14790996784566,26.487138263665592,95.73783675110576,0.06610000127693638,0.07710000136285089,2488
loo,nn_window,14,20,0.0,29.522665085909633,29.378805814958984,44.33886744991885,0.04019292604501608,0.3617363344051447,100.0,0.08619999789516442,0.10263000058330364,2488
loo,dtw_online,14,5,0.0,24.349506217416945,24.84859306599351,43.233227712060476,2.0366598778004072,3.625254582484725,98.49225753871231,66.96360000205459,74.59327999858942,2455
loo,dtw_online,14,6,0.0,26.056230275256016,24.90832212114049,47.62632557953269,5.260924904539669,13.703860840050913,98.30220713073004,69.11250000121072,76.73350000113713,2357
loo,hmm_forward,14,20,0.0,17.798225101745388,19.11779620661008,42.371788439019376,8.360128617363344,21.382636655948552,93.36550060313631,0.21750000087195076,0.2627649999340065,2488
loo,nn_greedy,15,1,0.0,17.99087890530948,18.628814024430717,47.489204923260964,20.877817319098458,35.34994068801898,95.9256329113924,0.06399999983841553,0.07179999956861138,2529
loo,particle,14,20,0.0,3.333064778028881,5.289185016133245,21.832391476055687,30.305466237942124,71.78456591639872,100.0,0.3240000005462207,0.4950549995555776,2488
loo,nn_window,15,1,0.0,24.336449206301204,26.202778889446627,48.500413583272,2.0166073546856467,4.744958481613286,100.0,0.08399999933317304,0.1073000006726943,2529
loo,hmm_forward,15,1,0.0,11.171744049175718,14.992967676911615,40.3884943132151,22.064056939501782,36.773428232502965,96.04430379746836,0.2176000016334001,0.2663599996594712,2529
loo,particle,15,1,0.0,3.023757601040905,9.936959977683067,38.25664344235418,35.31039936733887,60.93317516805061,97.07278481012658,0.32050000299932435,0.4403400002047419,2529
loo,dtw_online,14,3,0.0,20.878227292227145,20.04385090795508,37.45177225827819,5.429341547939931,14.593762033115132,98.88289676425269,68.9937999995891,74.03009999761707,2597
loo,nn_greedy,15,2,0.0,15.456555808224227,17.642589002187258,46.05078004913222,24.020783373301356,36.3709032773781,95.88164734106357,0.06429999848478474,0.07368999758909918,2502
loo,nn_window,15,2,0.0,23.565267260205317,26.3499222961054,45.74292086412658,1.4388489208633095,3.077537969624301,100.0,0.08629999865661375,0.10639500251272692,2502
loo,hmm_forward,15,2,0.0,4.306158511356109,12.200796954296036,49.358637318476966,32.73381294964029,52.59792166266987,96.28148740503798,0.22489999901154079,0.27479500058689155,2502
loo,particle,15,2,0.0,1.9346450611880524,8.241346973570481,46.68754880788774,50.95923261390888,74.9400479616307,98.04078368652539,0.32640000063111074,0.5164200003491711,2502
loo,nn_greedy,15,3,0.0,13.696140354320066,16.30527819752809,45.37013922375598,24.951867539468616,37.658837119753564,95.83975346687211,0.06450000000768341,0.08132000002660787,2597
loo,nn_window,15,3,0.0,34.5484887732657,34.891469569913355,51.25076789518167,0.6546014632268001,1.5017327685791297,100.0,0.08609999713371508,0.10054000085801813,2597
loo,dtw_online,14,7,0.0,26.89079344179046,27.446754758566666,49.458904822059814,5.956607495069034,11.084812623274162,98.77663772691398,69.24230000004172,76.61938000092049,2535
loo,dtw_online,14,8,0.0,23.635422955249428,23.511114480003325,46.29118925023723,4.860822600747819,11.674283340257583,99.04405652535328,69.11469999977271,77.00746000191428,2407
loo,hmm_forward,15,3,0.0,3.882691285950893,9.03184665356016,28.60556959554909,37.42780130920293,53.831343858298034,95.60862865947611,0.22019999960321002,0.3001000004587695,2597
loo,nn_greedy,15,4,0.0,11.021959516040763,16.780392574389225,47.31689802110778,29.56852791878173,45.38917089678511,95.8104104951333,0.06460000076913275,0.07910000149422558,2364
loo,nn_window,15,4,0.0,32.73600137678443,33.799102904676765,50.07375640941066,1.903553299492386,3.2148900169204735,100.0,0.08479999814881012,0.10150000161956996,2364
loo,particle,15,3,0.0,2.206042133164383,7.689355048213036,44.07719926356417,47.208317289179824,71.73661917597227,97.91987673343606,0.33009999970090576,0.5198599996219855,2597
loo,hmm_forward,15,4,0.0,3.282854099924142,8.852348935955543,36.90437799771221,40.65143824027073,59.390862944162436,95.17562420651714,0.22489999901154079,0.27788499919552123,2364
loo,particle,15,4,0.0,2.374389691927476,8.104446497857621,47.36554356654687,43.35871404399323,72.88494077834179,98.98434193821414,0.329400001646718,0.5233849986325367,2364
loo,nn_greedy,15,5,0.0,9.670510816380332,16.17847476881265,46.16070100713432,29.327902240325866,42.403258655804485,96.49551752241238,0.06489999941550195,0.0746000005165115,2455
loo,nn_window,15,5,0.0,23.71763867852055,28.94863430032514,52.668611315901394,2.2810590631364565,4.3991853360488795,100.0,0.08679999882588163,0.1049999991664663,2455
loo,dtw_online,14,9,0.0,22.853942230944593,24.23265427618499,44.884125138741965,0.31658092599920856,2.0973486347447565,98.57482185273159,68.97359999857144,73.9914400019188,2527
loo,hmm_forward,15,5,0.0,2.7748008509023414,8.803714349311695,29.40556040836704,44.602851323828915,59.18533604887983,95.39527302363489,0.21669999841833487,0.3145700018649206,2455
loo,dtw_online,14,10,0.0,28.712185893929107,28.360699869753944,51.888188615938475,4.696251615682896,7.884532529082292,98.57758620689656,66.57230000200798,74.03160000103526,2321
loo,particle,15,5,0.0,1.725432163971967,6.9927221485327795,34.39725730232,53.80855397148676,73.64562118126273,97.43276283618582,0.3218000019842293,0.49737999979697534,2455
loo,nn_greedy,15,6,0.0,14.50305740592268,17.20120602808268,46.92509838082045,22.78319898175647,38.69325413661434,95.58573853989813,0.06740000026184134,0.08329999836860225,2357
loo,nn_window,15,6,0.0,21.555952062842817,21.048819852049732,33.771323279345545,2.460755197284684,5.345778532032244,100.0,0.0853000019560568,0.1036000030580908,2357
loo,hmm_forward,15,6,0.0,6.241544274409433,13.029188241556097,46.02447861225617,28.171404327535004,46.49978786593127,94.26994906621393,0.21500000002561137,0.25983999876189035,2357
loo,particle,15,6,0.0,1.4537765868466983,3.832517301885326,22.03849274609458,61.81586762834112,81.71404327535002,100.0,0.3223999992769677,0.5150599994522054,2357
loo,nn_greedy,15,7,0.0,19.260624213437808,19.72180396787078,47.17747667176844,10.532544378698224,26.272189349112423,97.15864246250987,0.0641999977233354,0.07693000006838699,2535
loo,nn_window,15,7,0.0,22.52550647164429,27.60437134522728,51.0309209946493,1.3806706114398422,3.8658777120315584,100.0,0.08430000161752105,0.10479999873496126,2535
loo,dtw_online,14,11,0.0,27.501720068304166,28.176429889730628,51.641831971514826,3.401060070671378,14.13427561837456,98.45338046840477,66.95579999905021,73.89405499961867,2264
loo,hmm_forward,15,7,0.0,22.055780928700933,22.293220290998743,49.48701150168135,12.268244575936883,21.143984220907296,95.93528018942384,0.21610000112559646,0.2371300011873245,2535
loo,particle,15,7,0.0,12.394292848953617,16.243503457799697,46.92033712814089,8.875739644970414,21.893491124260358,98.30307813733228,0.31740000122226775,0.42119999925489454,2535
loo,nn_greedy,15,8,0.0,19.339616723661962,20.484620387710446,46.81490951257498,11.96510178645617,27.212297465724966,96.55029093931837,0.06450000000768341,0.07383999945886895,2407
loo,nn_window,15,8,0.0,22.80849782038468,28.050342828079355,48.40491686343564,0.7478188616535106,2.534275031159119,100.0,0.08439999874099158,0.09877000011329072,2407
loo,dtw_online,14,13,0.0,19.957952649582243,19.243028513020302,37.55354119245396,8.266129032258064,18.588709677419356,98.74949576442114,67.82045000181824,72.14002999826333,2480
loo,hmm_forward,15,8,0.0,21.462660353640942,21.668422291228307,49.29247712757046,11.300373909430826,22.185292895720814,93.51620947630923,0.21639999977196567,0.28430999882402824,2407
loo,particle,15,8,0.0,4.7929262931460075,9.668082952971913,48.122588833233166,31.948483589530536,51.22559202326548,97.2568578553616,0.31989999843062833,0.48657000115781535,2407
loo,nn_greedy,15,9,0.0,20.04915902628072,21.874891321033193,48.68903169816921,11.001187178472497,19.390581717451525,96.75376088677751,0.06459999713115394,0.08200000120268669,2527
loo,nn_window,15,9,0.0,23.05671240702812,28.515209338928365,47.59233218005694,0.9893153937475268,2.6117926394934705,100.0,0.08440000237897038,0.10393999946245454,2527
loo,dtw_online,14,15,0.0,20.268539336086366,19.0796381214131,37.39163745004742,11.568228105906314,21.507128309572302,98.65525672371638,69.04620000204886,76.68704999850888,2455
loo,hmm_forward,15,9,0.0,23.01346638051064,23.214873541183266,48.54669784829361,9.141274238227147,20.182034032449543,93.70546318289786,0.21689999994123355,0.2612699994642753,2527
loo,particle,15,9,0.0,8.477520829337724,12.949476620701692,46.1942663780166,13.65255243371587,32.766125840918086,95.56611243072051,0.31880000096862204,0.5068099988420725,2527
loo,nn_greedy,15,10,0.0,23.227597353497487,21.368958498634726,43.406700884244316,12.063765618267988,20.98233520034468,96.55172413793103,0.0641999977233354,0.07480000203941017,2321
loo,nn_window,15,10,0.0,28.133597965139288,30.1143202053391,49.50632140431095,0.3877638948728996,0.7755277897457992,100.0,0.08430000161752105,0.09919999865815043,2321
loo,dtw_online,14,16,0.0,26.355605811593488,25.833950371685393,47.483993184177834,1.5804030027657054,4.899249308573686,99.01185770750988,66.92399999883492,76.08434999929159,2531
loo,hmm_forward,15,10,0.0,21.29861015055861,21.380163223431722,47.601441816905826,10.25420077552779,19.38819474364498,92.54310344827587,0.21710000146413222,0.25689999893074855,2321
loo,dtw_online,14,12,0.0,25.210945930388974,26.174379103526036,47.16802220076758,2.2519083969465647,4.198473282442748,98.58724704085529,67.54265000017767,77.32715499951154,2620
loo,nn_greedy,15,11,0.0,21.898737770337824,21.118768511964046,45.759893361137635,17.535335689045937,25.0,96.0671674768007,0.06480000229203142,0.07928499981062485,2264
loo,particle,15,10,0.0,3.306370288849415,7.710373336237673,33.41874622519914,34.554071520896166,63.11934510986643,97.97413793103449,0.3206999972462654,0.3920999988622498,2321
loo,nn_window,15,11,0.0,33.40589005704139,33.83497902300395,49.349610480852974,0.17667844522968199,0.7508833922261484,100.0,0.08450000132143032,0.10935499958577563,2264
loo,hmm_forward,15,11,0.0,17.81809170923561,18.362656738888937,47.64156747975543,19.6113074204947,31.18374558303887,95.09500662836942,0.21520000154851004,0.32022500145103544,2264
loo,particle,15,11,0.0,2.3707856980001987,5.534749778832541,26.56254826642912,45.715547703180206,72.92402826855124,96.11135660627485,0.32220000139204785,0.49897999888344197,2264
loo,nn_greedy,15,12,0.0,12.638662122151882,16.676781188402785,46.10943709134323,32.32824427480916,42.213740458015266,96.14356624665903,0.06469999789260328,0.07980000009411015,2620
loo,nn_window,15,12,0.0,21.768220660045614,21.363330397617492,34.18079521545383,2.2519083969465647,5.190839694656488,100.0,0.08479999814881012,0.10931999931926828,2620
loo,dtw_online,14,18,0.0,26.674155098570534,27.7419533842584,46.53044815244427,4.756242568370987,10.186286167261196,98.53291038858049,67.66609999976936,75.18837000025087,2523
loo,hmm_forward,15,12,0.0,2.2786364824979524,8.665255164183739,45.10818267316867,47.32824427480916,63.01526717557252,93.89079801450936,0.21460000061779283,0.2689099994313437,2620
loo,particle,15,12,0.0,1.6787922599140015,3.269352404695634,13.501506444276655,56.908396946564885,84.08396946564885,100.0,0.32130000181496143,0.4979699970135694,2620
loo,nn_greedy,15,13,0.0,8.54630192020953,14.599858189908181,44.7963440712572,33.225806451612904,46.20967741935484,95.68374344493748,0.06429999848478474,0.07690999973419815,2480
loo,nn_window,15,13,0.0,32.20288515477148,33.60037607681326,51.04796188214888,0.0,0.564516129032258,100.0,0.08410000009462237,0.09971499875973669,2480
loo,dtw_online,14,17,0.0,23.008760164234726,22.85543936874767,47.36720396184166,8.235294117647058,19.962049335863377,98.70918754745634,67.69050000002608,73.26410999921788,2635
loo,hmm_forward,15,13,0.0,2.686365964199647,9.933198708817907,43.370614938636464,41.89516129032258,62.78225806451613,94.5139169019766,0.21810000180266798,0.26920500149572035,2480
loo,particle,15,13,0.0,1.4788585342531086,3.8506684149616492,18.05030418806751,57.217741935483865,77.78225806451613,99.23356192012909,0.3223000021534972,0.43043999958172185,2480
loo,nn_greedy,15,14,0.0,12.107314380228114,16.982446233247128,47.75638775177647,29.77129337539432,43.45425867507887,95.77909270216962,0.06399999983841553,0.07325000115088187,2536
loo,dtw_online,15,2,0.0,16.80653618143275,17.713103491201892,37.50049464046923,15.74740207833733,25.41966426858513,98.9204318272691,65.47164999938104,75.30713000105605,2502
loo,nn_window,15,14,0.0,33.75668611507195,33.277813159612194,47.70857400291331,1.971608832807571,3.036277602523659,100.0,0.08399999933317304,0.09904999751597643,2536
loo,hmm_forward,15,14,0.0,2.5885999347987374,8.929921877209683,34.02643059422676,39.58990536277602,63.09148264984227,94.51676528599606,0.21725000078731682,0.260550000348303,2536
loo,dtw_online,14,20,0.0,28.444883776793354,28.379175674392595,52.01828033562986,5.305466237942122,8.078778135048232,98.7535182951347,69.04059999942547,77.02297999912847,2488
loo,particle,15,14,0.0,1.8503769285679725,4.444708153349888,20.80100446477424,54.2192429022082,76.77444794952682,99.80276134122288,0.3209999995306134,0.4096999982721172,2536
loo,nn_greedy,15,16,0.0,21.230633094071496,21.781692835328872,47.32935550183765,12.445673646779928,20.426708810746742,95.61264822134387,0.06490000305348076,0.07790000017848797,2531
loo,nn_window,15,16,0.0,19.416877258158138,20.372197462758482,34.069684232358476,2.568154879494271,6.9932832872382455,100.0,0.0839000022097025,0.10649999967426993,2531
loo,hmm_forward,15,16,0.0,14.295188323440065,16.229353249250998,41.86751217766303,14.658237850651917,31.80561043065982,90.39525691699605,0.2172999993490521,0.2599000017653452,2531
loo,dtw_online,15,1,0.0,17.94186068513816,21.2596273453873,42.14056490013314,8.975879794385131,19.33570581257414,98.69462025316456,66.93299999824376,74.69798000020091,2529
loo,particle,15,16,0.0,4.279988156178967,7.759808572495505,22.75137963064104,26.27419992097985,53.85223231924141,98.18181818181819,0.3203999985998962,0.46039999870117754,2531
loo,nn_greedy,15,17,0.0,19.141959216819032,20.311136684665126,46.4432676478819,14.497153700189752,24.592030360531307,95.74791192103265,0.06489999941550195,0.08123000006889922,2635
loo,nn_window,15,17,0.0,30.248135759420194,31.23872116735616,50.07778225093467,1.8216318785578747,4.326375711574952,100.0,0.08410000009462237,0.1038300000800518,2635
loo,dtw_online,14,19,0.0,26.120343799602693,25.80054676824809,46.844611455183845,1.1881947106170947,5.021080873898045,99.079754601227,68.17460000092979,75.85190000172588,2609
loo,hmm_forward,15,17,0.0,11.358383262815629,15.19463731308222,43.85283085113097,13.851992409867172,34.573055028462996,93.50797266514806,0.21829999968758784,0.2697300020372495,2635
loo,nn_greedy,15,18,0.0,21.849270879277963,20.640673836900085,46.08233863766583,14.110186286167261,23.701942132382083,96.31245043616178,0.06420000136131421,0.07398999987344725,2523
loo,particle,15,17,0.0,3.784989047367527,5.740736015304854,13.952053139832339,25.464895635673624,62.88425047438329,98.21564160971906,0.3222999985155184,0.5022199995437403,2635
loo,nn_window,15,18,0.0,21.650788430690074,24.343944605287565,42.3498275825923,2.933016250495442,5.747126436781609,100.0,0.08410000009462237,0.10669000112102368,2523
loo,hmm_forward,15,18,0.0,14.873753569951587,16.228390388736447,40.93816508604693,16.329766151407053,30.479587792310742,92.10943695479779,0.21740000011050142,0.256160000935779,2523
loo,particle,15,18,0.0,3.8284814411346537,9.430039839222395,37.551189578442376,29.330162504954423,57.94688862465319,94.4091990483743,0.3209999995306134,0.47469999954046227,2523
loo,nn_greedy,15,19,0.0,19.861719849465928,20.536440175110044,46.34540681840053,11.766960521272518,24.377155998466847,96.05061349693251,0.06420000136131421,0.07915999885881318,2609
loo,dtw_online,15,4,0.0,8.43197416370634,14.226598998201895,36.54698320565472,23.85786802030457,42.2165820642978,98.98434193821414,67.0578499975818,73.06237500033603,2364
loo,nn_window,15,19,0.0,26.198799941370112,25.49243158967681,38.923532583239755,1.8397853583748562,3.257953238788808,100.0,0.08449999950244091,0.12318000080995259,2609
loo,hmm_forward,15,19,0.0,16.706494712820685,19.600564799479027,47.63261797142393,10.118819471061709,25.68033729398237,91.60276073619632,0.21919999926467426,0.34153999949921837,2609
loo,particle,15,19,0.0,3.0071309977188743,4.791085898628423,20.592015525233663,32.04292832502875,75.3928708317363,99.42484662576688,0.32329999885405414,0.5202400010603013,2609
loo,nn_greedy,15,20,0.0,17.413599489500008,20.024043574632184,47.37112465178356,12.620578778135046,24.638263665594856,96.78327301970245,0.0641999977233354,0.08522999905835606,2488
loo,nn_window,15,20,0.0,23.581061770102487,23.254709922885976,45.73940119177881,5.506430868167202,17.282958199356912,100.0,0.08410000009462237,0.10560000009718351,2488
loo,dtw_online,15,3,0.0,13.259910369395005,15.463580774932373,39.85311868001787,22.448979591836736,35.810550635348484,98.6517719568567,66.96010000086972,73.27906000136862,2597
loo,hmm_forward,15,20,0.0,21.798360867514667,20.65915448372391,44.80319677562918,10.77170418006431,22.226688102893892,89.98793727382389,0.22569999964616727,0.30759000055695657,2488
loo,particle,15,20,0.0,3.4037693781535445,5.931029402707404,23.634721389010345,23.35209003215434,66.80064308681672,99.51749095295537,0.3292499986855546,0.5127599997649668,2488
loo,nn_greedy,16,1,0.0,17.878896694842297,19.317570585357398,48.274323238622884,13.009094503756424,29.85369711348359,96.28164556962025,0.06609999763895757,0.08305999945150687,2529
loo,nn_window,16,1,0.0,30.204901578257925,34.23978745519953,51.00961303111982,0.3558718861209964,1.1071569790431,100.0,0.0878000028023962,0.10642000052030197,2529
loo,dtw_online,15,5,0.0,18.44602774987368,20.289901160057003,40.001845603703124,11.038696537678208,16.863543788187375,98.81825590872046,66.98840000171913,74.39812000011442,2455
loo,hmm_forward,16,1,0.0,16.173816756851227,16.23780674855569,40.85997606231321,16.6073546856465,35.903519177540524,93.94778481012658,0.22499999977299012,0.27386000001570204,2529
loo,particle,16,1,0.0,2.1229825478937605,4.302842425733917,21.521632076812843,47.41004349545275,80.18979833926453,98.97151898734178,0.32869999995455146,0.512520001939265,2529
loo,nn_greedy,16,2,0.0,18.217198438185832,18.639590286137423,43.96259660586037,8.113509192645884,28.776978417266186,95.76169532187126,0.06600000051548705,0.08069999967119657,2502
loo,nn_window,16,2,0.0,22.810716583495754,21.691007342093908,44.6871282641046,7.034372501998401,16.906474820143885,100.0,0.08760000127949752,0.1050900000336696,2502
loo,dtw_online,15,6,0.0,18.14087344028757,23.673247575613072,51.193253756590934,10.267288926601612,15.231226134917266,98.3446519524618,64.42140000217478,72.51804000115952,2357
loo,hmm_forward,16,2,0.0,10.436560036309352,15.440230362667617,47.55733626639327,17.86570743405276,41.84652278177458,94.12235105957618,0.2144999998563435,0.25356500282214245,2502
loo,particle,16,2,0.0,2.3596061630447194,6.302732955983935,25.371044227414465,37.01039168665068,69.6642685851319,96.56137544982008,0.3194999990228098,0.48914499984675763,2502
loo,nn_greedy,16,3,0.0,20.56682243620908,20.152268382158248,45.56361419731918,12.93800539083558,27.608779360800924,95.3004622496148,0.06620000203838572,0.07639999967068434,2597
loo,nn_window,16,3,0.0,25.480945835604764,26.316218862061866,44.55208590197582,4.004620716211012,9.241432422025413,100.0,0.08610000077169389,0.09913999820128079,2597
loo,dtw_online,15,7,0.0,26.165291224688406,25.817716564167775,47.410797088705664,1.301775147928994,2.9191321499013805,99.01341752170481,66.88159999976051,73.53110999974888,2535
loo,hmm_forward,16,3,0.0,12.626350005458685,15.839309855991749,46.07553636096986,26.222564497497114,40.315748941085864,94.53004622496148,0.2153999994334299,0.27168000087840466,2597
loo,particle,16,3,0.0,3.297766953659498,6.696915244679017,25.286212334356577,35.733538698498265,67.23142087023489,98.61325115562404,0.32139999893843196,0.5116599997563753,2597
loo,nn_greedy,16,4,0.0,16.713417541580338,18.872086406143815,45.49493219177876,12.521150592216582,31.1336717428088,95.55649597968684,0.06610000127693638,0.08490000200254144,2364
loo,nn_window,16,4,0.0,19.68564977925153,19.609927462826146,32.25566681801569,0.5499153976311337,2.7495769881556686,100.0,0.08600000001024455,0.10175500046898375,2364
loo,dtw_online,15,8,0.0,25.981545514356846,25.62991119237674,44.89556095343973,1.4540922309929374,3.1159119235562938,99.08561928512053,65.49280000035651,72.85668999975313,2407
loo,hmm_forward,16,4,0.0,9.230918542591452,15.479527040006003,48.14643249809321,27.03045685279188,44.75465313028765,93.44054168429962,0.21710000146413222,0.2777749999950173,2364
loo,particle,16,4,0.0,2.6551536257508177,7.888025638629853,52.49519312067973,35.82910321489002,72.41962774957699,98.4765129073212,0.31969999872671906,0.4584500007695165,2364
loo,nn_greedy,16,5,0.0,18.906913957352643,19.182348619865998,44.813739510316864,18.370672097759673,31.568228105906314,95.92502037489812,0.06600000051548705,0.07579999983136076,2455
loo,nn_window,16,5,0.0,30.376784855508607,34.06394863743561,49.60671855100312,0.3258655804480652,0.7331975560081466,100.0,0.08600000001024455,0.10083000015583818,2455
loo,dtw_online,15,11,0.0,26.554494501532975,26.563747966034903,51.3076302654336,10.203180212014134,15.326855123674912,98.32081307998233,65.2190500004508,72.85425499976554,2264
loo,hmm_forward,16,5,0.0,9.907090706129585,15.230598475722822,45.216121305006006,28.065173116089614,44.43991853360489,92.58353708231459,0.21689999994123355,0.26702000213845156,2455
loo,particle,16,5,0.0,2.042138202845493,4.6664610924381025,19.181167911028407,48.228105906313644,72.74949083503056,98.9405052974735,0.32139999893843196,0.5038000017520972,2455
loo,nn_greedy,16,6,0.0,17.770920931477594,19.38933863152201,48.229453394098854,17.013152312261347,32.07467119219346,94.73684210526316,0.06539999958476983,0.08111999923130496,2357
loo,nn_window,16,6,0.0,21.94693746370376,25.922351161971765,43.76968774315764,0.7212558336868901,1.6970725498515062,100.0,0.08510000043315813,0.10874000145122405,2357
loo,dtw_online,15,10,0.0,22.988299283412417,25.123349621441523,50.828333709510055,7.281344248168893,13.140887548470486,98.53448275862068,66.94440000137547,72.52639999933308,2321
loo,hmm_forward,16,6,0.0,10.37434191656632,16.28145896959598,47.55804024224187,22.06194314806958,38.69325413661434,93.71816638370119,0.21869999909540638,0.31252000044332817,2357
loo,particle,16,6,0.0,5.237152238064368,13.12010488192189,47.68124067580841,28.298684768773864,49.342384386932544,96.26485568760611,0.32160000046133064,0.5129600009240675,2357
loo,nn_greedy,16,7,0.0,21.397876321878197,20.67434784177773,47.15490267843248,16.01577909270217,28.04733727810651,96.2115232833465,0.06550000034621917,0.08019999950192869,2535
loo,nn_window,16,7,0.0,23.11608337638208,21.265927412358348,45.23865826386294,15.976331360946746,26.50887573964497,100.0,0.08549999984097667,0.10729999848990701,2535
loo,dtw_online,15,9,0.0,26.64007941517416,26.28129199097963,46.4307713964148,0.7914523149980214,3.086664028492283,99.12905779889152,64.92590000198106,72.62989999835553,2527
loo,hmm_forward,16,7,0.0,13.173686473629925,17.395304047641215,48.96940804501423,22.32741617357002,33.570019723865876,94.47513812154696,0.21579999884124845,0.27503000128490385,2535
loo,particle,16,7,0.0,1.8517859016086315,4.465505377661493,20.254240899432954,52.42603550295858,74.79289940828401,97.19810576164167,0.31990000206860714,0.4445900009159231,2535
loo,nn_greedy,16,8,0.0,21.472023867533352,20.230457282258712,45.583599824295355,13.585375986705442,24.345658496053176,95.30340814630091,0.06589999975403771,0.07959999857121147,2407
loo,nn_window,16,8,0.0,23.327478958550113,24.830191144170072,48.11642055728031,2.2434565849605317,5.650186954715413,100.0,0.08580000212532468,0.10581000169622706,2407
loo,dtw_online,15,13,0.0,2.626412638596406,8.063651261194149,28.89705959843757,43.346774193548384,62.33870967741936,99.31423961274707,65.81345000086003,71.4292499991643,2480
loo,hmm_forward,16,8,0.0,12.322141312539294,16.681035420933654,47.375938733132635,17.615288741171582,29.995845450768595,90.73150457190357,0.21459999697981402,0.2859100026398664,2407
loo,particle,16,8,0.0,2.1606198776356997,3.4371881134585918,12.583469943511217,46.86331533028667,83.88034898213543,98.29592684954281,0.3212999981769826,0.49990999978035683,2407
loo,nn_greedy,16,9,0.0,18.3571826441851,18.428265155487413,45.41163154154732,17.372378314206568,28.49228333992877,95.64528899445764,0.06520000169984996,0.07929999992484227,2527
loo,nn_window,16,9,0.0,30.522197345535083,31.33466102311476,50.94941074612323,2.730510486743174,9.497427779976256,100.0,0.08519999755662866,0.10358999788877542,2527
loo,dtw_online,15,12,0.0,26.05190356520506,25.57054909223324,49.110680365261636,2.1755725190839694,7.213740458015268,98.51088201603666,65.43899999996938,71.35932000182947,2620
loo,hmm_forward,16,9,0.0,9.15666204207944,15.279337291475155,47.29054397413608,23.466561139691333,40.99722991689751,93.70546318289786,0.2142000012099743,0.25257999986934004,2527
loo,particle,16,9,0.0,2.797120018592989,6.207533125060695,25.419080741668974,37.198258804907006,72.69489513256826,97.70387965162311,0.3223000021534972,0.49340999903506594,2527
loo,nn_greedy,16,10,0.0,13.681677768167116,17.514748522289153,45.870348294689066,22.31796639379578,37.656182679879365,95.64655172413794,0.06569999823113903,0.07969999933266081,2321
loo,nn_window,16,10,0.0,29.755529560619713,33.13354121091147,50.31046498052673,0.4308487720809996,1.0771219302024988,100.0,0.08619999789516442,0.11740000263671391,2321
loo,dtw_online,15,14,0.0,16.803247135651485,17.314651526529968,37.3051959088308,18.769716088328074,30.086750788643535,98.61932938856016,65.44514999950479,73.83337500050402,2536
loo,hmm_forward,16,10,0.0,5.000338382173643,11.252129629745857,36.70153437292495,32.39982766049116,49.97845756139595,95.12931034482759,0.21750000087195076,0.26729999808594584,2321
loo,particle,16,10,0.0,2.221737824507989,4.740630616251115,25.058583229327507,47.13485566566135,82.16286083584662,95.90517241379311,0.32049999936134554,0.4915999998047482,2321
loo,nn_greedy,16,11,0.0,15.930943846027063,17.721269061171043,45.51298533798371,18.19787985865724,35.5565371024735,94.60892620415378,0.06589999975403771,0.07972500006871992,2264
loo,nn_window,16,11,0.0,20.917328047526574,21.92412385611081,39.49353520332359,2.9151943462897525,5.212014134275619,100.0,0.08590000288677402,0.10920000149781117,2264
loo,dtw_online,15,18,0.0,25.1325329142898,24.452055058485943,49.45974488684221,5.50931430836306,10.067380103051923,98.21570182394925,65.54200000027777,71.87937999879068,2523
loo,hmm_forward,16,11,0.0,12.785656856338878,17.025979602942417,45.83635329251131,24.91166077738516,31.669611307420492,91.78082191780823,0.2172999993490521,0.2756250001766602,2264
loo,dtw_online,15,16,0.0,26.448339497614032,25.728402026253992,48.61606660587985,2.9632556301856976,7.151323587514816,98.69565217391305,67.01570000223,72.26909999917552,2531
loo,nn_greedy,16,12,0.0,17.295798133508967,18.206459182432187,49.435305994051056,26.03053435114504,35.954198473282446,95.64719358533792,0.06609999763895757,0.08180500062735516,2620
loo,nn_window,16,12,0.0,22.259408235617393,26.42040231854507,45.199230401396385,0.648854961832061,2.2900763358778624,100.0,0.08589999924879521,0.10439999841764802,2620
loo,particle,16,11,0.0,2.003683658949143,4.569936712097752,20.506814268836486,49.77915194346289,79.59363957597174,94.65311533362792,0.32159999682335183,0.48743500192358613,2264
loo,hmm_forward,16,12,0.0,9.53037420397279,15.062136305495008,47.99658379181912,32.93893129770992,44.274809160305345,95.41809851088202,0.2170999978261534,0.2736050022576819,2620
loo,particle,16,12,0.0,1.6539598274943903,3.1775351274415113,13.229533282852238,59.16030534351145,83.89312977099237,100.0,0.3209999995306134,0.49281500159850106,2620
loo,nn_greedy,16,13,0.0,17.664964515002318,18.860522041023255,47.442892639246445,20.362903225806452,35.846774193548384,96.00645421540945,0.0656000011076685,0.07881499968789277,2480
loo,dtw_online,15,20,0.0,26.3394906940281,25.768025885269335,48.29948617096796,3.135048231511254,7.958199356913183,98.5524728588661,65.82374999925378,73.11628500101506,2488
loo,nn_window,16,13,0.0,18.13481103431583,16.05822653275021,25.828625517669902,4.516129032258064,12.45967741935484,100.0,0.08600000001024455,0.11422000006859878,2480
loo,hmm_forward,16,13,0.0,6.619144342723192,14.661292953865447,45.388429013014004,26.411290322580644,44.87903225806452,94.83662767244857,0.21700000070268288,0.27101500072603807,2480
loo,particle,16,13,0.0,2.5131388344542316,5.957275287328674,28.280077047781376,42.82258064516129,67.78225806451613,97.62000806776926,0.32035000003816094,0.4892349983492737,2480
loo,nn_greedy,16,14,0.0,16.368897872217147,18.345367846303137,46.57346358839581,16.482649842271293,34.77917981072555,95.5818540433925,0.0656000011076685,0.08612500096205622,2536
loo,nn_window,16,14,0.0,23.29379651175114,23.30680418331437,38.77137448759812,1.8138801261829656,5.205047318611988,100.0,0.08549999984097667,0.10357500195823377,2536
loo,dtw_online,15,17,0.0,25.797548033326276,24.555506191797228,49.012606829386655,4.364326375711575,8.842504743833016,98.44343204252088,66.81559999924502,72.50632000141195,2635
loo,hmm_forward,16,14,0.0,10.967344534398414,17.297995812050754,46.69155441740353,22.910094637223974,40.4179810725552,93.84615384615384,0.21580000066023786,0.27245000092079863,2536
loo,particle,16,14,0.0,2.1600789509086633,2.553065109816261,5.7403529790831005,46.41167192429022,91.8769716088328,100.0,0.32079999982670415,0.5124249983055051,2536
loo,dtw_online,15,19,0.0,26.198799941370112,25.715074539558085,48.50270846899404,3.2962821004216174,7.359141433499425,98.77300613496932,66.76669999797014,72.36320000083651,2609
loo,nn_greedy,16,15,0.0,18.011999225346518,19.118029370802397,46.9903236948898,17.718940936863543,29.857433808553974,95.2322738386308,0.06610000127693638,0.08189999789465219,2455
loo,nn_window,16,15,0.0,21.58178360470819,22.531477071671947,38.89453257746047,2.6883910386965377,5.295315682281059,100.0,0.0853000019560568,0.10222999990219248,2455
loo,hmm_forward,16,15,0.0,8.060236027843395,15.179196721769959,47.832096104187364,33.890020366598776,47.4949083503055,95.72127139364304,0.2193000000261236,0.2890600000682752,2455
loo,particle,16,15,0.0,2.09835709505253,4.351253031877418,18.948586095515022,47.372708757637476,78.77800407331975,98.00325998370009,0.32049999936134554,0.5089500013127686,2455
loo,nn_greedy,16,17,0.0,15.746149532650156,17.772962594978157,46.17576063769853,21.783681214421254,33.43453510436433,95.93773728170083,0.06520000169984996,0.07673000109207348,2635
loo,nn_window,16,17,0.0,31.00891121658079,34.20646878455299,51.27807087131489,0.3036053130929791,0.8349146110056925,100.0,0.08540000271750614,0.10239999865007121,2635
loo,dtw_online,16,1,0.0,22.913501059900867,20.289228780866555,37.654051021533064,5.891656781336497,18.189007512850928,98.61550632911393,68.82319999931497,75.08776000104262,2529
loo,hmm_forward,16,17,0.0,1.9073924015760544,8.167829302203485,43.279353179128606,52.14421252371917,70.77798861480076,95.97570235383446,0.22680000256514177,0.30436000015470194,2635
loo,particle,16,17,0.0,1.6578591733965786,5.912907236161382,44.357906392840896,58.40607210626187,85.19924098671727,98.21564160971906,0.32980000105453655,0.5054000022937538,2635
loo,nn_greedy,16,18,0.0,13.117611001872664,16.61043598574903,44.53392336321697,27.427665477606023,40.309155766944116,95.87628865979381,0.06589999975403771,0.0794000006862916,2523
loo,nn_window,16,18,0.0,21.584196861183102,22.886697709288363,37.189293283021755,0.47562425683709864,2.576298057867618,100.0,0.08760000127949752,0.10667999777069782,2523
loo,dtw_online,16,2,0.0,25.871161552943185,24.129783752053044,43.582777967721775,2.0783373301358914,6.554756195043964,99.04038384646141,68.88149999940651,75.52158499765936,2502
loo,hmm_forward,16,18,0.0,1.7147425336695912,7.101600449878077,43.87372610015343,55.449861276258424,78.83472057074911,95.44012688342586,0.22500000341096893,0.29603000002680363,2523
loo,particle,16,18,0.0,1.3352362479380124,1.9467906838849,5.630465649125884,66.90447879508523,93.30162504954419,100.0,0.3299000018159859,0.5109299985633698,2523
loo,nn_greedy,16,19,0.0,11.152285870152433,15.298393379997975,44.968921048009015,24.14718282866999,40.896895362207744,95.70552147239265,0.0656000011076685,0.0808000004326459,2609
loo,nn_window,16,19,0.0,19.218845254038243,17.421524674286385,26.212122954895396,0.0,3.9862016098121886,100.0,0.08719999823370017,0.10322000016458331,2609
loo,dtw_online,16,3,0.0,22.15818132724328,20.485472307522073,37.858131517176325,5.506353484790143,12.706969580284944,98.84437596302003,66.49389999802224,72.82147999867446,2597
loo,hmm_forward,16,19,0.0,1.8739042564166786,5.132902502721665,18.083408728938824,52.893829053277116,73.97470295132234,95.66717791411044,0.2148000021406915,0.25502000062260777,2609
loo,particle,16,19,0.0,1.5006045236460297,2.105785874054061,5.780809470796092,63.817554618627824,90.60942889996167,100.0,0.3207000008842442,0.512860000890214,2609
loo,nn_greedy,16,20,0.0,12.587209458946365,16.868023996583684,45.39927153638157,19.011254019292604,34.44533762057878,95.81825492561319,0.06550000034621917,0.07906500177341515,2488
loo,nn_window,16,20,0.0,31.348723599714816,33.81438128852315,49.54495270962776,0.0,0.0,100.0,0.08539999907952733,0.10212999914074318,2488
loo,dtw_online,16,4,0.0,20.03466277443825,20.213823956267138,35.49046856060888,4.145516074450085,11.37901861252115,98.4765129073212,68.81539999812958,73.77936499888165,2364
loo,hmm_forward,16,20,0.0,4.429811712370427,10.932791065679796,39.77501309850003,31.189710610932476,52.04983922829582,92.80257338158424,0.2153999994334299,0.2836649990058504,2488
loo,particle,16,20,0.0,1.8978278401094146,2.736075422984023,7.783112884920787,52.934083601286176,81.9935691318328,100.0,0.32160000046133064,0.5064400002083859,2488
loo,nn_greedy,17,1,0.0,17.038637727002154,20.292671857422,51.27904048850338,18.94029260577303,31.90984578884935,96.08386075949366,0.06730000313837081,0.08065999936661682,2529
loo,nn_window,17,1,0.0,19.240609282104234,15.324204082786325,32.85244760328286,24.199288256227756,35.31039936733887,100.0,0.08769999840296805,0.10242000134894623,2529
loo,dtw_online,16,5,0.0,20.141731230839255,19.4307554663993,37.38211861096505,5.417515274949084,17.474541751527497,98.77750611246944,67.21490000199992,73.6237799981609,2455
loo,hmm_forward,17,1,0.0,20.186307504972067,17.693379807301845,44.61439219299938,21.273230525899564,36.654804270462634,94.97626582278481,0.21670000205631368,0.28011999966111034,2529
loo,particle,17,1,0.0,4.230144548949159,11.53009251948723,36.2820440930343,35.31039936733887,53.143534994068794,96.875,0.3218000019842293,0.509339998825453,2529
loo,nn_greedy,17,2,0.0,16.208331541185714,17.913946817534836,45.728684965331084,18.545163868904876,32.653876898481215,95.80167932826869,0.06780000330763869,0.08479500174871644,2502
loo,nn_window,17,2,0.0,29.176285733924946,28.01471274406324,41.43689001524289,0.0,0.0,100.0,0.08809999781078659,0.11900000008608913,2502
loo,dtw_online,16,6,0.0,14.166228750353222,16.863336344910305,48.33203039111706,18.116249469664826,33.983877810776406,98.3446519524618,67.79069999902276,72.59798000231967,2357
loo,hmm_forward,17,2,0.0,11.88819267333756,15.528793826853057,44.93308335835871,18.62509992006395,37.96962430055955,93.04278288684526,0.2172999993490521,0.265479998961382,2502
loo,particle,17,2,0.0,7.146281973768928,11.684316330840232,30.183458989080194,26.378896882494008,43.4052757793765,91.60335865653738,0.3198000013071578,0.4928299988023352,2502
loo,nn_greedy,17,3,0.0,16.93365315164493,19.56424687895665,47.553638012762335,17.828263380824026,26.83865999229881,95.64714946070877,0.06740000026184134,0.07771999880787915,2597
loo,nn_window,17,3,0.0,28.764317502385612,32.114114022703966,49.36992046482191,0.9626492106276472,2.4258760107816713,100.0,0.08740000339457765,0.09850000060396269,2597
loo,dtw_online,16,8,0.0,19.528460841877934,18.87577042583191,39.6721941091111,9.056917324470296,28.084752804320733,98.6284289276808,67.60290000238456,75.15690000109315,2407
loo,hmm_forward,17,3,0.0,16.757572483608346,18.281055754619057,47.96916524336859,23.21909896033885,31.30535232961109,94.79969183359015,0.21600000036414713,0.27194000067538576,2597
loo,particle,17,3,0.0,4.196769418222432,9.676297843264866,38.45634556860425,30.727762803234505,56.60377358490566,93.99075500770417,0.32029999783844687,0.5024999984016175,2597
loo,nn_greedy,17,4,0.0,16.20717450393252,18.602770902388478,49.97508500927925,20.812182741116754,31.42978003384095,95.59881506559458,0.06730000313837081,0.08666500198160057,2364
loo,nn_window,17,4,0.0,26.09957382670965,25.42845870778911,36.94266012605082,0.5076142131979695,1.8189509306260576,100.0,0.08710000111022964,0.09928499985107918,2364
loo,dtw_online,16,7,0.0,15.678261288690003,16.59637507197902,28.670148396339073,0.9072978303747534,5.2465483234714005,99.17127071823204,69.17889999749605,74.39996000066458,2535
loo,hmm_forward,17,4,0.0,14.55672436948226,16.538388223184693,45.17143608753933,24.61928934010152,38.40947546531303,92.1709691070673,0.21740000011050142,0.2981000014187883,2364
loo,dtw_online,16,11,0.0,23.561116657086508,22.27045207296584,38.149014486222846,6.5371024734982335,11.219081272084805,98.18824569155987,67.92165000115347,72.46619000088685,2264
loo,dtw_online,16,10,0.0,19.206648608604084,18.389376280188063,38.30948489109781,11.115898319689789,25.635501938819473,98.79310344827587,66.57479999921634,75.20269999804441,2321
loo,particle,17,4,0.0,4.272614587320489,12.496056441493614,45.206927551791466,23.181049069373945,52.36886632825719,97.37621667371985,0.32100000316859223,0.4827649981962165,2364
loo,nn_greedy,17,5,0.0,16.264274485334653,19.2444407465743,47.12921414997573,22.24032586558045,32.91242362525458,95.80277098614506,0.07679999907850288,0.09090000094147399,2455
loo,nn_window,17,5,0.0,22.99877809369095,23.115919717315332,46.40293896771374,6.069246435845214,15.804480651731161,100.0,0.09849999696598388,0.11633000176516359,2455
loo,hmm_forward,17,5,0.0,11.475511971538953,16.05300896182572,44.30508028705502,29.0020366598778,41.83299389002036,93.15403422982885,0.2238000015495345,0.27426000015111635,2455
loo,nn_greedy,17,6,0.0,16.41724142804933,18.9426939612286,48.77264849879107,18.201103097157404,31.9473907509546,94.77928692699491,0.06820000271545723,0.09030000219354396,2357
loo,particle,17,5,0.0,2.363324843538605,5.719195655733289,28.440938610964423,45.336048879837065,72.13849287169043,96.16951915240423,0.33009999970090576,0.5154299993591849,2455
loo,nn_window,17,6,0.0,28.970000728411293,28.195326652187905,41.85000950396078,0.0,0.0,100.0,0.0881000014487654,0.11116000096080811,2357
loo,hmm_forward,17,6,0.0,23.71418502411462,19.397760379731572,45.76366211372851,20.49215103945694,32.20195163343233,95.50084889643463,0.21779999951831996,0.2827599986630957,2357
loo,particle,17,6,0.0,8.842123658413827,13.284952853529962,34.8435430880219,24.140857021637675,36.444633008061096,96.01018675721562,0.3212000010535121,0.4972200018528383,2357
loo,nn_greedy,17,7,0.0,17.555285967247634,20.084821149238355,47.34613503962548,18.06706114398422,27.77120315581854,95.69850039463299,0.06740000026184134,0.08423000108450648,2535
loo,nn_window,17,7,0.0,26.452030711474332,26.264357355380344,37.58732594880343,0.0,0.0,100.0,0.08760000127949752,0.10286000106134446,2535
loo,dtw_online,16,9,0.0,29.531772678968192,27.24333057465985,44.11166833520963,1.3850415512465373,4.3134151167392165,98.97070467141727,66.90309999976307,75.35813000067719,2527
loo,hmm_forward,17,7,0.0,14.973706799695668,17.144972876447138,44.79076370733433,24.023668639053255,36.528599605522686,95.58011049723757,0.21489999926416203,0.25562000009813335,2535
loo,particle,17,7,0.0,12.238794431165372,13.88600578829928,35.17128749118495,24.418145956607496,35.581854043392504,97.90844514601422,0.3217999983462505,0.48268000246025605,2535
loo,nn_greedy,17,8,0.0,14.528180220832152,18.02501808688931,46.9230526970622,19.692563356875777,33.27793934358122,95.88528678304239,0.06720000237692147,0.08406999986618756,2407
loo,nn_window,17,8,0.0,32.465545177549764,33.2748767174164,49.05891142417692,0.0,0.0,100.0,0.08710000111022964,0.09756999825185629,2407
loo,dtw_online,16,13,0.0,9.764047671320869,15.124709143834705,37.873906539564125,20.887096774193548,37.983870967741936,98.34610730133119,67.55805000102555,74.55721499973151,2480
loo,hmm_forward,17,8,0.0,6.910147793601074,15.490772214693617,44.72111140962717,27.170751973410884,44.2044038221853,94.13965087281795,0.21779999951831996,0.2795399999740764,2407
loo,particle,17,8,0.0,5.658371480600138,12.660820483146745,36.261020177252306,28.209389281262983,46.40631491483174,98.42061512884456,0.3214999996998813,0.5117699980473844,2407
loo,nn_greedy,17,9,0.0,18.395415671567807,18.98261939991705,46.13603868644199,18.322121092204195,31.341511673921644,95.60570071258907,0.06759999814676121,0.08737000171095113,2527
loo,nn_window,17,9,0.0,27.09828481923015,27.53808595921132,44.55065261106866,0.3561535417491096,0.9893153937475268,100.0,0.08760000127949752,0.10654000107024326,2527
loo,dtw_online,16,14,0.0,24.716342108362923,22.468073231057502,37.363151231982656,6.506309148264984,13.170347003154575,98.65877712031558,67.66089999837277,74.82650000201829,2536
loo,hmm_forward,17,9,0.0,13.893593240074042,16.162068096045438,42.88095320216192,20.45904234269885,39.13731697665216,91.56769596199526,0.21769999875687063,0.26253999931213906,2527
loo,particle,17,9,0.0,18.21918646756565,17.514429632882166,46.49085937478583,26.869806094182824,35.65492679066086,97.54552652414885,0.3219999998691492,0.4895699985354438,2527
loo,nn_greedy,17,10,0.0,16.506613704175443,18.762570879232044,46.21443313937396,19.94829814735028,30.41792330891857,96.29310344827586,0.06769999890821055,0.07900000127847306,2321
loo,nn_window,17,10,0.0,23.398775235566585,24.11651429182885,45.58545965767898,1.809564842740198,7.798362774666093,100.0,0.0870000003487803,0.09929999941959977,2321
loo,dtw_online,16,15,0.0,11.881535633702196,15.587580383386905,37.66281873558072,20.61099796334012,40.97759674134419,98.37000814995925,69.01619999916875,75.88268000108656,2455
loo,hmm_forward,17,10,0.0,12.743866672561643,16.82800057661984,44.61493642700349,24.256785868160275,36.27746660922016,91.59482758620689,0.21469999774126336,0.2522999966458883,2321
loo,dtw_online,16,12,0.0,23.842621689926965,20.275607480919064,38.89638981265073,9.045801526717558,18.396946564885496,98.51088201603666,68.94244999966759,75.17380999906891,2620
loo,nn_greedy,17,11,0.0,16.71903939371918,18.640095598448717,46.227121853722196,21.42226148409894,29.19611307420495,95.22757401679188,0.067299999500392,0.07700000060140155,2264
loo,particle,17,10,0.0,5.23834065810146,11.46220671591345,34.553054034046255,28.220594571305472,49.15984489444205,95.94827586206897,0.3212999981769826,0.42079999911948107,2321
loo,nn_window,17,11,0.0,23.287654375899287,22.484938473513047,36.37911132996612,1.678445229681979,5.477031802120141,100.0,0.08730000263312832,0.09648499981267376,2264
loo,hmm_forward,17,11,0.0,16.99212248316478,17.299325600313377,45.83535192073004,28.489399293286223,39.48763250883392,94.69730446310207,0.21459999879880343,0.24880999972083367,2264
loo,particle,17,11,0.0,2.9572311945255705,6.632052285836016,24.454286027180427,37.63250883392226,62.455830388692576,92.09014582412726,0.320099999953527,0.5054500008554895,2264
loo,nn_greedy,17,12,0.0,15.936762390060487,19.279539130027956,52.82163104936514,22.633587786259543,32.099236641221374,96.41084383352425,0.067299999500392,0.07679999926040182,2620
loo,nn_window,17,12,0.0,29.25450375610054,27.402019512123523,42.766397658393444,1.2595419847328244,2.213740458015267,100.0,0.08730000263312832,0.10611000034259627,2620
loo,dtw_online,16,18,0.0,28.70284467353169,26.702175947294133,47.53065753653415,2.576298057867618,4.716607213634562,99.16732751784298,69.10620000053314,75.50742000312313,2523
loo,dtw_online,16,17,0.0,28.506489575275438,25.080083969131156,48.71091986863114,15.71157495256167,20.759013282732447,98.86104783599089,69.03940000120201,74.52878000040072,2635
loo,hmm_forward,17,12,0.0,3.3842041943386447,11.988149621007906,43.859101681892696,39.84732824427481,56.06870229007633,96.21993127147766,0.2251999994768994,0.2785049997328315,2620
loo,nn_greedy,17,13,0.0,16.07720755099315,18.22549636123769,46.771504361069134,22.983870967741936,33.79032258064516,95.07866075030255,0.06779999966965988,0.07980000009411015,2480
loo,nn_window,17,13,0.0,19.190979963153605,21.574038668419075,38.04402012946747,3.9919354838709675,5.725806451612903,100.0,0.08970000271801837,0.10529999799473444,2480
loo,particle,17,12,0.0,3.492002098971728,8.603203939257211,30.320489005633814,42.74809160305343,59.27480916030534,94.61626575028636,0.32035000003816094,0.44304500006546654,2620
loo,hmm_forward,17,13,0.0,6.168892398719537,14.382934921477066,43.23366350395778,30.08064516129032,46.935483870967744,93.42476805163372,0.2184999975725077,0.24680000205989927,2480
loo,particle,17,13,0.0,2.3411850915845287,6.163757115237721,24.227001090219527,44.637096774193544,71.20967741935483,95.88543767648245,0.32019999707699753,0.4835050000110641,2480
loo,nn_greedy,17,14,0.0,17.810180103045077,19.99793156866065,48.214115444414205,20.386435331230285,28.94321766561514,94.87179487179486,0.0670000008540228,0.07560000085504726,2536
loo,nn_window,17,14,0.0,28.725423037649485,31.14962405336169,48.56781637390411,1.774447949526814,2.996845425867508,100.0,0.08890000026440248,0.10122500225406839,2536
loo,dtw_online,16,20,0.0,18.81190032718831,20.35863504187593,37.04989497188536,0.12057877813504825,3.8987138263665595,98.83393646964214,65.89770000027784,71.9955749977089,2488
loo,hmm_forward,17,14,0.0,15.170804330020214,17.793547035575195,46.28362161781911,23.02839116719243,35.094637223974765,96.33136094674556,0.21469999956025276,0.24892499914130894,2536
loo,particle,17,14,0.0,2.6115689059229723,8.030541297006678,31.500519135931043,39.78706624605678,67.74447949526814,95.18737672583826,0.3184000015608035,0.4245750014888472,2536
loo,nn_greedy,17,15,0.0,16.650521206556665,18.4725631371339,48.51390851606414,22.24032586558045,29.246435845213846,95.639771801141,0.06769999890821055,0.07825999928172672,2455
loo,nn_window,17,15,0.0,18.683269410070036,19.598253358869666,35.03362148277526,0.6924643584521385,4.276985743380855,100.0,0.08779999916441739,0.101459998768405,2455
loo,dtw_online,16,19,0.0,4.749077985035888,12.940237167713942,39.055106799948774,29.39823687236489,50.824070525105405,99.079754601227,68.5525000008056,75.30005999869898,2609
loo,hmm_forward,17,15,0.0,3.8717687415023083,12.746752989181186,42.419437966118714,40.04073319755601,51.5274949083503,93.19478402607987,0.22470000112662092,0.25468999920121854,2455
loo,particle,17,15,0.0,3.250298084268615,8.516176860585478,45.88803971149493,35.84521384928717,60.5295315682281,95.11002444987776,0.32839999767020345,0.46924000089347667,2455
loo,nn_greedy,17,16,0.0,13.784925485461816,17.134021604777807,45.98133549418215,22.20466218885816,36.78387988937179,95.61264822134387,0.06720000237692147,0.07569999979750719,2531
loo,nn_window,17,16,0.0,23.311417871902723,23.587340225306065,45.91733388195773,6.00553141050968,14.618727775582773,100.0,0.08910000178730115,0.10199999815085903,2531
loo,dtw_online,17,1,0.0,28.88844912923216,30.490020617270787,51.878751277195406,2.0166073546856467,7.7500988533017,98.77373417721519,71.51309999972,77.28915999905439,2529
loo,hmm_forward,17,16,0.0,3.1349500702469566,10.143908317654546,39.10039648269763,37.65310154089293,59.89727380482023,94.26877470355731,0.21519999791053124,0.24949999897216912,2531
loo,particle,17,16,0.0,2.823563113044755,9.008193572786297,34.93720533522053,37.13947056499408,65.11260371394705,98.65612648221344,0.3211999974155333,0.4972000006091548,2531
loo,nn_greedy,17,18,0.0,12.170520178872442,17.116236348071443,47.087991768022015,29.80578676179152,40.705509314308365,95.59873116574148,0.06770000254618935,0.07966999946802392,2523
loo,nn_window,17,18,0.0,31.84362860551894,33.79383292398611,50.155115438931844,0.5548949663099485,1.1890606420927468,100.0,0.08800000068731606,0.10008999852288981,2523
loo,dtw_online,17,2,0.0,8.278147248689635,13.85389264300356,37.06130349519063,16.986410871302958,41.96642685851319,99.08036785285886,70.22019999749318,76.03651000226817,2502
loo,hmm_forward,17,18,0.0,2.1416039040906947,8.280000581881728,41.09549045318841,48.31549742370194,68.84661117717003,93.81443298969072,0.2172999993490521,0.270290002663387,2523
loo,particle,17,18,0.0,2.126942554675581,7.346782895963151,43.545356213752896,48.989298454221164,68.72770511296076,97.66058683584457,0.3207000008842442,0.4324000004999111,2523
loo,nn_greedy,17,19,0.0,12.494448134241086,16.525534854069186,45.31616423429644,27.558451513990036,38.78880797240322,95.82055214723927,0.06799999755457975,0.07700000060140155,2609
loo,nn_window,17,19,0.0,31.7733793570197,33.027232703185476,50.480290225604094,1.2648524338827136,2.7596780375622845,100.0,0.08800000068731606,0.10430000111227855,2609
loo,dtw_online,17,4,0.0,20.196935980172576,22.888107890561688,47.240844745127625,1.2690355329949239,4.272419627749577,97.84172661870504,70.51879999926314,75.67551000065578,2364
loo,hmm_forward,17,19,0.0,1.7745364014283163,5.254319441381991,35.49918347322116,53.6220774243005,83.32694518972787,95.20705521472392,0.21460000061779283,0.25043999994522886,2609
loo,particle,17,19,0.0,2.29248534246577,6.697038709843963,27.686003201953515,44.65312380222307,66.34725948639326,99.00306748466258,0.3174999983457383,0.3879999982018489,2609
loo,nn_greedy,17,20,0.0,13.09770517570703,16.825047102960326,46.801389935753924,25.241157556270092,40.836012861736336,95.57700040209087,0.06649999704677612,0.08006500083865832,2488
loo,nn_window,17,20,0.0,26.626618765369216,26.905266440594076,38.6828683042484,0.0,0.0,100.0,0.08689999958733097,0.10140000085812062,2488
loo,dtw_online,17,3,0.0,12.273037073848315,11.60099295430093,27.83343167592834,20.408163265306122,36.619175972275706,98.6517719568567,70.24960000126157,80.51654000155395,2597
loo,hmm_forward,17,20,0.0,2.7203234614508487,10.784668710136645,43.47843816839438,40.755627009646304,60.570739549839224,95.05428226779252,0.21699999706470408,0.26306499985366827,2488
loo,particle,17,20,0.0,2.3612277219202014,5.418593740845692,21.456363888425845,43.44855305466238,70.53858520900322,97.02452754322476,0.3220999969926197,0.4880299993601511,2488
loo,nn_greedy,18,1,0.0,19.030220240699034,20.753145743522886,49.28075441260449,15.856069592724397,24.91103202846975,96.59810126582279,0.0656000011076685,0.07760000080452296,2529
loo,nn_window,18,1,0.0,23.288813112298353,26.142231724652806,44.30940237327625,3.4005535784895216,9.015421115065243,100.0,0.08570000136387534,0.10529999999562278,2529
loo,dtw_online,17,6,0.0,22.10266215023186,23.80799850163754,51.61907717991266,4.327535002121341,4.963937208315655,98.1748726655348,70.4254000011133,80.12714000069536,2357
loo,hmm_forward,18,1,0.0,13.85240655885137,16.822708921787747,47.25606917159538,22.69671807038355,35.62672993277975,92.5632911392405,0.2144999998563435,0.27415999938966706,2529
loo,particle,18,1,0.0,2.990025286907077,9.315944068182485,28.76211505867453,43.21866350336101,58.52115460656386,98.02215189873418,0.3228999994462356,0.4894599995168389,2529
loo,nn_greedy,18,2,0.0,17.72869637175875,19.34032856812145,49.65202334942619,16.74660271782574,28.936850519584333,96.16153538584567,0.06610000127693638,0.0809000010121963,2502
loo,nn_window,18,2,0.0,22.385333787816222,25.589212710450177,44.46246865174004,1.5987210231814548,4.156674660271783,100.0,0.08535000051779207,0.10610000026645139,2502
loo,dtw_online,17,5,0.0,12.176110886479597,17.59556765142125,47.62859363224822,8.839103869653767,23.054989816700612,98.49225753871231,71.56880000184174,76.17889999964973,2455
loo,hmm_forward,18,2,0.0,10.945084519066393,14.92613191991484,44.98661773169307,27.537969624300562,40.3277378097522,93.32267093162734,0.21670000205631368,0.264980002248194,2502
loo,particle,18,2,0.0,3.1443921618786694,10.528000658882487,44.114013728853685,37.76978417266187,57.434052757793765,95.72171131547381,0.32110000029206276,0.5057799988207988,2502
loo,nn_greedy,18,3,0.0,16.03133042042203,18.332515141676442,46.197661720284536,15.479399306892569,28.263380824027724,94.99229583975347,0.0656000011076685,0.07950000144774094,2597
loo,nn_window,18,3,0.0,21.053889274834695,20.51172186301549,46.05219561295576,9.395456295725838,24.45128994994224,100.0,0.08519999755662866,0.0980199998593889,2597
loo,dtw_online,17,7,0.0,27.73341336460945,29.453370372494458,50.62633121100167,5.9171597633136095,11.242603550295858,99.05288082083662,70.49299999926006,76.90267000143649,2535
loo,hmm_forward,18,3,0.0,11.467761141514833,14.590170759151002,47.70472490062038,25.452445128994995,40.77782056218714,93.29738058551618,0.21800000104121864,0.2740600015386007,2597
loo,particle,18,3,0.0,2.9437637516378974,7.776319541754542,26.59057054435603,38.81401617250674,60.723912206391994,97.95839753466872,0.32029999783844687,0.47998000081861375,2597
loo,dtw_online,17,8,0.0,28.37303201781892,29.84627875732892,49.58312180601738,4.943913585375987,13.086830078936435,98.7115544472153,70.89559999803896,79.14489999930082,2407
loo,nn_greedy,18,4,0.0,18.86838550242347,20.131189699649585,49.19945944689293,15.736040609137056,24.57698815566836,95.76809140922556,0.06520000169984996,0.08088499744189902,2364
loo,nn_window,18,4,0.0,27.424037628871034,30.148679434529566,49.94580186358159,1.903553299492386,7.233502538071066,100.0,0.08589999924879521,0.10726999880716902,2364
loo,hmm_forward,18,4,0.0,18.45583037485007,18.693428216156253,45.55760347194915,17.385786802030456,24.915397631133672,95.00634786288616,0.2144999998563435,0.2676699978110264,2364
loo,particle,18,4,0.0,3.239866453800355,9.659762764144833,29.468435003247873,31.1336717428088,61.29441624365482,96.06432501057978,0.32130000181496143,0.5057549989942345,2364
loo,nn_greedy,18,5,0.0,18.250110491635315,18.655538558451315,44.618056923605145,18.45213849287169,28.30957230142566,95.84352078239608,0.06550000034621917,0.08443000006081999,2455
loo,nn_window,18,5,0.0,22.612530699010293,20.794080315418395,46.86986080335639,16.985743380855396,31.038696537678206,100.0,0.08549999984097667,0.11289000103715799,2455
loo,dtw_online,17,11,0.0,25.59083130089049,27.66433899534659,46.084248247281714,1.0600706713780919,2.0318021201413425,98.05567830313743,71.55430000057095,78.37891999970452,2264
loo,dtw_online,17,10,0.0,27.10706665724809,28.00857509635914,49.2687996367873,3.188280913399397,9.995691512279189,98.66379310344827,70.93100000201957,80.61949999682838,2321
loo,hmm_forward,18,5,0.0,8.034345984159195,14.144329044664815,42.1672000384311,29.816700610997966,45.4989816700611,93.84678076609617,0.2158999996026978,0.27756999879784394,2455
loo,nn_greedy,18,6,0.0,21.551809299038986,20.855151975533808,50.6305629479484,13.279592702588037,22.868052609249045,95.33106960950764,0.06600000051548705,0.08376000041607762,2357
loo,particle,18,5,0.0,2.433654815931309,6.839491950685104,28.554390300858707,42.443991853360494,68.9613034623218,98.41075794621027,0.32419999843114056,0.5172000001039118,2455
loo,nn_window,18,6,0.0,24.47391274540739,29.160659996390642,53.881418554790514,0.5515485787017396,3.606279168434451,100.0,0.08580000212532468,0.10552000239840707,2357
loo,hmm_forward,18,6,0.0,24.303750939356686,21.421528137579607,43.95099930314099,10.691557064064488,17.90411540093339,93.2088285229202,0.21569999807979912,0.28526000169222226,2357
loo,particle,18,6,0.0,3.6205748158926903,9.838402040070719,29.01745344066929,34.11115825201527,55.49427238014425,97.96264855687606,0.3226000007998664,0.5097999986901411,2357
loo,nn_greedy,18,7,0.0,19.69320386829425,19.876721566979896,45.934307363656934,19.368836291913215,27.25838264299803,96.48776637726914,0.06570000186911784,0.0803599981736624,2535
loo,nn_window,18,7,0.0,22.895744612144746,28.827409038431274,51.26724304507019,1.7751479289940828,3.3925049309664694,100.0,0.08570000136387534,0.10240000119665638,2535
loo,dtw_online,17,9,0.0,28.485916480605397,29.166649166792073,49.21315848195229,3.126236644242184,11.317768104471705,98.812351543943,70.89149999956135,78.39372000053116,2527
loo,hmm_forward,18,7,0.0,11.212624716632495,16.147275880837583,48.63115457436551,27.652859960552266,43.15581854043393,91.63378058405682,0.2170999978261534,0.26330000036978163,2535
loo,particle,18,7,0.0,2.774321182591797,8.805672622995404,48.29429600851291,37.67258382642998,61.735700197238664,99.84214680347277,0.31999999919207767,0.4234799984260455,2535
loo,nn_greedy,18,8,0.0,17.924185663840937,19.219679481314525,46.366491438514274,18.903199002908185,28.998753635230578,96.05153782211138,0.06489999941550195,0.0719699997716816,2407
loo,nn_window,18,8,0.0,27.024556932826545,28.60996330929123,50.17147765959964,0.4154549231408392,1.5371832156211052,100.0,0.08480000178678893,0.11125000055471891,2407
loo,dtw_online,17,15,0.0,27.17985916917126,27.142570076955362,49.52471051393826,4.806517311608961,9.287169042769857,98.65525672371638,68.86699999813573,74.09095999901183,2455
loo,hmm_forward,18,8,0.0,6.947016655229811,12.300774932717994,39.846200536762666,30.28666389696718,42.83340257582052,90.93931837073981,0.21569999807979912,0.2739199986535822,2407
loo,particle,18,8,0.0,2.0468649878722918,5.183159582440295,22.64118773493156,49.231408392189444,72.57997507270461,96.09310058187863,0.3209999995306134,0.5078100006358,2407
loo,dtw_online,17,12,0.0,27.3879869751784,27.934699456859125,50.224160577604444,3.969465648854962,11.183206106870228,98.35815196639939,71.57025000014983,77.03255500036903,2620
loo,nn_greedy,18,9,0.0,18.245469257782034,18.520714606897567,44.83893964934034,20.77562326869806,32.72655322516818,96.35787806809184,0.06550000034621917,0.07800000093993731,2527
loo,nn_window,18,9,0.0,32.04256760182875,33.768381578718106,50.521034550013155,0.3561535417491096,1.2663237039968342,100.0,0.08589999924879521,0.10517000046093015,2527
loo,hmm_forward,18,9,0.0,9.174629783257659,13.257807399447813,41.85527028803915,24.416303917688957,39.37475267115156,92.20110847189233,0.2153999994334299,0.27299000103084803,2527
loo,dtw_online,17,13,0.0,2.9016907095328204,5.096029388736446,16.134898933389916,37.74193548387097,69.23387096774194,98.70915691811214,71.64019999981974,76.71515000092766,2480
loo,nn_greedy,18,10,0.0,17.868308026572965,19.02119272739583,45.04837047403305,19.94829814735028,30.202498922878068,95.5603448275862,0.06619999840040691,0.08089999755611643,2321
loo,particle,18,9,0.0,3.6729474695274065,9.442247574174633,36.67456107541146,36.20894341115948,61.45627225959635,96.51623119556612,0.32590000046184286,0.5240000013145616,2527
loo,nn_window,18,10,0.0,21.197916207588975,22.51476624074221,45.25146523929609,2.757432141318397,10.21111589831969,100.0,0.08800000068731606,0.11069999891333282,2321
loo,hmm_forward,18,10,0.0,13.484818298836682,15.95775882798405,44.10715926824529,25.850926324859973,34.72641102972857,91.9396551724138,0.22589999935007654,0.2992000008816831,2321
loo,particle,18,10,0.0,2.7376513134773592,8.420993221922958,27.656393909976483,42.524773804394655,59.97414907367514,97.93103448275862,0.3299000018159859,0.5238000012468547,2321
loo,nn_greedy,18,11,0.0,19.050889684830885,20.185902090653546,46.65624124982986,16.166077738515902,25.485865724381622,95.27176314626603,0.06579999899258837,0.07975500029715474,2264
loo,nn_window,18,11,0.0,18.578398164284444,20.812514227411317,36.72789786398592,2.1201413427561837,9.408127208480565,100.0,0.08750000051804818,0.10457000007590976,2264
loo,dtw_online,17,14,0.0,28.6135734681812,29.903453849060117,48.88161952719234,6.072555205047318,10.56782334384858,98.42209072978304,71.62724999943748,79.08690000112983,2536
loo,hmm_forward,18,11,0.0,11.971741067425675,14.749346803165563,44.17208173992649,26.855123674911663,39.48763250883392,92.3994697304463,0.219899997318862,0.29581000108009897,2264
loo,particle,18,11,0.0,2.3504846813923965,8.32220185217884,40.98052438119452,44.87632508833922,66.25441696113074,93.2832523199293,0.32050000118033495,0.5034549996707938,2264
loo,nn_greedy,18,12,0.0,16.784028732080774,19.196282099227904,50.89148510719632,24.12213740458015,32.48091603053435,96.18174875906834,0.06539999958476983,0.07340499869314951,2620
loo,nn_window,18,12,0.0,23.02108358075766,22.659123400115423,47.014726060903094,8.854961832061068,16.832061068702288,100.0,0.08570000136387534,0.1036100027704378,2620
loo,dtw_online,17,16,0.0,17.918846276454957,18.909096367945782,37.55234630248893,8.336625839589097,16.436191228763334,99.01185770750988,71.8592000011995,82.13275000161957,2531
loo,hmm_forward,18,12,0.0,12.911236500678797,16.06434235459622,44.982306442975045,33.3587786259542,40.26717557251908,94.692630775105,0.2243999988422729,0.27340500073478324,2620
loo,particle,18,12,0.0,1.9903626008999828,7.204351788437912,43.68081260903078,50.267175572519086,70.95419847328245,99.27453226422298,0.3307999977550935,0.5397199985964106,2620
loo,nn_greedy,18,13,0.0,16.193738688431587,18.514825756533803,48.566332360033456,19.838709677419356,31.129032258064516,95.56272690601048,0.06520000169984996,0.07480000203941017,2480
loo,nn_window,18,13,0.0,18.640366732296684,20.1873035576075,35.34891926064239,2.8629032258064515,7.661290322580645,100.0,0.08729999899514951,0.10640499895089303,2480
loo,dtw_online,17,18,0.0,4.917932749593929,10.522730029636918,28.31940290968296,35.27546571541815,50.37653586999604,99.08802537668518,71.89550000111922,78.15956999802438,2523
loo,hmm_forward,18,13,0.0,16.426851880823612,19.288937552175607,48.646506878629715,19.35483870967742,27.862903225806452,92.21460266236386,0.21520000154851004,0.26517999958741667,2480
loo,particle,18,13,0.0,4.181621651429963,11.60622318113263,45.531636406983445,32.09677419354839,52.37903225806452,95.92577652279145,0.32100000316859223,0.4973099996277596,2480
loo,nn_greedy,18,14,0.0,18.258699781209785,19.585011662478504,46.369502621627774,18.454258675078865,27.523659305993693,95.85798816568047,0.06550000034621917,0.07510000068577938,2536
loo,nn_window,18,14,0.0,23.43871628085781,21.237208425582615,34.51417735553014,1.9321766561514198,3.2334384858044163,100.0,0.08570000136387534,0.10452500191604486,2536
loo,dtw_online,17,19,0.0,5.496756121132641,13.218214332957414,37.74423294758413,29.47489459563051,48.86929858183212,99.079754601227,70.43100000009872,76.48215999943204,2609
loo,hmm_forward,18,14,0.0,9.151282803841756,15.641657544283525,45.94621081930637,28.154574132492115,44.67665615141956,93.33333333333333,0.21700000070268288,0.2721250002650777,2536
loo,particle,18,14,0.0,2.314327685525412,10.165701242533537,43.37338030292844,44.282334384858046,62.53943217665615,98.26429980276134,0.32139999893843196,0.5284249991746037,2536
loo,nn_greedy,18,15,0.0,16.114126233871698,17.67940274024598,47.40927460960271,22.606924643584524,33.19755600814664,96.41401792991036,0.06580000263056718,0.08465999962936616,2455
loo,nn_window,18,15,0.0,23.950740818597243,25.841132188240362,44.49804146755679,4.969450101832994,9.775967413441954,100.0,0.08600000001024455,0.11202999812667255,2455
loo,dtw_online,17,20,0.0,19.23556991502223,17.170346904029444,36.727184465107946,21.54340836012862,33.239549839228296,98.79372738238843,69.96199999957753,76.5803500002221,2488
loo,hmm_forward,18,15,0.0,17.86007197348124,18.06908158157387,49.4185370262203,25.9877800407332,38.53360488798371,94.25427872860635,0.2153999994334299,0.2849899996363089,2455
loo,dtw_online,18,1,0.0,18.79708362804246,15.316190351666926,33.76603569767544,21.905891656781336,35.50810597073942,99.09018987341773,67.30500000048778,75.89461999887133,2529
loo,particle,18,15,0.0,2.4203123503829818,6.318051682716186,26.05460402700258,44.35845213849287,69.73523421588594,95.35452322738386,0.3211999974155333,0.4998600008548237,2455
loo,nn_greedy,18,16,0.0,9.760948517587476,16.52080662191254,46.64730567541799,28.80284472540498,42.6313709996049,95.8102766798419,0.06639999992330559,0.08415000047534704,2531
loo,nn_window,18,16,0.0,22.62407756160348,22.8380300901472,46.66661856952916,8.889766890557093,17.621493480837614,100.0,0.0866999980644323,0.11174999963259324,2531
loo,hmm_forward,18,16,0.0,2.972640024697749,9.625030704473822,43.68255568973045,40.023706045041486,60.68747530620308,93.79446640316206,0.2158999996026978,0.30760000117879827,2531
loo,particle,18,16,0.0,3.386274732574166,10.977739747126643,39.07947316903967,38.245752666930066,54.08929276965626,97.4308300395257,0.3212999981769826,0.4882000012003118,2531
loo,nn_greedy,18,17,0.0,13.270568799410789,17.234539614669128,49.88663914073651,28.045540796963948,38.557874762808346,96.12756264236903,0.06540000322274864,0.08581999863963563,2635
loo,nn_window,18,17,0.0,25.881189402448776,23.696539706174406,38.58131138024758,3.6432637571157493,5.1992409867172675,100.0,0.08539999907952733,0.10339999898860697,2635
loo,dtw_online,18,2,0.0,18.167137539233885,16.79701265898536,26.775275115851137,6.434852118305355,11.830535571542766,99.08036785285886,67.16140000025916,79.33172499760984,2502
loo,hmm_forward,18,17,0.0,2.5782518054336334,11.706158529099035,49.1847842580921,43.37760910815939,61.59392789373814,94.38116932422172,0.21529999867198057,0.2630599996336968,2635
loo,particle,18,17,0.0,2.4195265200563405,9.34915774625824,43.14854007729321,39.73434535104364,62.5426944971537,97.2285497342445,0.3223999992769677,0.4317199993238312,2635
loo,nn_greedy,18,19,0.0,13.363673067823852,16.33200833113865,45.648657247724586,28.325028746646225,38.903794557301644,95.47546012269939,0.06600000051548705,0.08087999885901806,2609
loo,nn_window,18,19,0.0,26.77453186221636,29.18341481337891,52.8785811688017,1.4948256036795706,6.24760444614795,100.0,0.08610000077169389,0.10760000077425502,2609
loo,dtw_online,18,4,0.0,6.480692461419931,12.764463196373223,33.481062691604265,23.519458544839257,44.247038917089675,98.98434193821414,67.07379999897967,79.65192999981808,2364
loo,hmm_forward,18,19,0.0,2.978728330012922,9.30808066743712,31.880695278637752,42.889996167113836,62.476044461479496,92.8680981595092,0.21720000222558156,0.2585600006568711,2609
loo,particle,18,19,0.0,1.9695424003671937,6.597347407169035,29.233842872502027,50.824070525105405,72.1732464545803,96.8941717791411,0.3218000019842293,0.5084599986730609,2609
loo,nn_greedy,18,20,0.0,15.594300586854295,18.50275340983022,50.24526855494164,24.758842443729904,35.57073954983923,95.73783675110576,0.06569999823113903,0.08846500059007668,2488
loo,nn_window,18,20,0.0,23.431875498369784,22.075739094689705,46.665869631470365,13.987138263665594,21.30225080385852,100.0,0.08560000060242601,0.1021900008709054,2488
loo,dtw_online,18,5,0.0,26.55122159204139,27.847139037710722,52.696141051530276,9.816700610997964,16.700610997963338,98.85900570497147,67.16919999962556,75.10892999998758,2455
loo,hmm_forward,18,20,0.0,4.7821049710746175,11.634773562773935,37.320620638957095,38.02250803858521,50.160771704180064,92.68194611982308,0.21470000137924217,0.26049499847431434,2488
loo,particle,18,20,0.0,2.5794123184655566,8.1094629408713,43.467236285001995,42.966237942122184,67.84565916398714,97.38640932850824,0.3226000007998664,0.4449700014447446,2488
loo,nn_greedy,19,1,0.0,17.538793654997004,18.85057051763968,45.81765855800796,18.584420719652037,30.763147489126137,96.24208860759494,0.066999997216044,0.07449999975506216,2529
loo,nn_window,19,1,0.0,30.478290716354365,32.0202933080547,46.3636132214563,0.0,1.0280743376828785,100.0,0.08759999764151871,0.10929999916697852,2529
loo,dtw_online,18,6,0.0,24.418823445354906,20.89226927078012,37.89555211350107,6.745863385659737,15.74034789987272,98.64176570458405,67.11259999792674,75.42605999988155,2357
loo,hmm_forward,19,1,0.0,21.90469626384012,18.646915387574385,42.14564246809595,19.770660340055358,30.13048635824436,95.88607594936708,0.21809999816468917,0.30643999925814563,2529
loo,particle,19,1,0.0,3.631515220701937,12.220749234122112,32.3706127422446,30.13048635824436,55.16014234875445,97.3496835443038,0.3223000021534972,0.4950200018356554,2529
loo,nn_greedy,19,2,0.0,16.386453383927382,17.174001718172125,43.552046230531474,16.866506794564348,32.014388489208635,95.88164734106357,0.06659999780822545,0.08439999874099158,2502
loo,dtw_online,18,3,0.0,21.085321111767133,18.240805341121142,26.204031355952296,3.041971505583365,5.313823642664613,99.07550077041603,68.91840000025695,73.3611400006339,2597
loo,nn_window,19,2,0.0,32.462248898723296,33.14434430574905,49.70414330407437,0.0,0.0,100.0,0.08729999899514951,0.10939499989035538,2502
loo,hmm_forward,19,2,0.0,15.678246852357933,16.366439234601593,42.27976849257099,23.381294964028775,33.17346123101519,93.52259096361455,0.21669999841833487,0.2653899982760776,2502
loo,particle,19,2,0.0,5.159571978702848,11.989779043678023,31.078504157235667,26.059152677857718,49.1207034372502,96.04158336665334,0.32139999893843196,0.5004900020139758,2502
loo,nn_greedy,19,3,0.0,17.8972198761645,18.886590076947453,45.054046313755585,17.25067385444744,26.453600308047747,95.68567026194145,0.06650000068475492,0.08042000044952145,2597
loo,nn_window,19,3,0.0,34.0232128196913,35.70392276988339,51.189125818326914,0.0,0.0,100.0,0.08689999958733097,0.10546000121394167,2597
loo,dtw_online,18,8,0.0,5.04984377432539,10.109485654189687,25.476140395055825,34.35812214374741,49.89613626921479,99.45968412302577,66.97159999748692,79.78203999882679,2407
loo,hmm_forward,19,3,0.0,16.80420439636719,17.04698100539606,45.23669444066498,24.027724297266076,32.92260300346554,93.75963020030817,0.2176000016334001,0.3005400001711674,2597
loo,particle,19,3,0.0,2.4570425217535132,5.807664174413675,24.83852164165946,39.50712360415864,75.66422795533308,97.14946070878274,0.32160000046133064,0.5057800008216872,2597
loo,nn_greedy,19,4,0.0,14.655316330526233,17.575152898388296,46.96669314043095,20.304568527918782,33.03722504230118,95.72577232331781,0.06690000009257346,0.07810000115568982,2364
loo,nn_window,19,4,0.0,31.149867014913617,32.79658952463786,49.62677952250068,1.3959390862944163,3.0879864636209815,100.0,0.0870000003487803,0.1033000007737428,2364
loo,dtw_online,18,7,0.0,25.77110341344286,25.541101518245167,42.65592462204987,3.353057199211045,5.838264299802761,99.05288082083662,68.76029999693856,73.74734999830251,2535
loo,hmm_forward,19,4,0.0,18.04647301377843,18.041890830596262,45.44546759280121,17.30118443316413,27.326565143824027,93.5251798561151,0.2153999994334299,0.25748000025487267,2364
loo,particle,19,4,0.0,2.454654490684327,5.635850489626912,24.902630901632012,44.289340101522846,72.33502538071066,98.34955564959796,0.32145000113814604,0.521340000705095,2364
loo,nn_greedy,19,5,0.0,15.748381848765737,18.07182190834218,46.43370022073738,22.932790224032587,35.5193482688391,96.00651996740017,0.06690000009257346,0.08392999880015847,2455
loo,nn_window,19,5,0.0,27.58958762362184,26.395856315647997,47.12353626492797,0.8553971486761711,1.9551934826883912,100.0,0.0870000003487803,0.10835999819391867,2455
loo,dtw_online,18,11,0.0,17.84276038655741,15.712587956128266,28.286571670576787,11.70494699646643,22.659010600706715,98.85108263367212,68.90165000004345,73.13587499938876,2264
loo,hmm_forward,19,5,0.0,8.859780149774387,12.470738314173733,30.66934073809691,33.23828920570265,44.72505091649695,93.03178484107579,0.22610000087297522,0.2938600002380553,2455
loo,dtw_online,18,10,0.0,22.60129713989417,23.00779411962722,46.159538516271304,5.730288668677294,10.90047393364929,99.00862068965517,68.4886999988521,73.37059999917983,2321
loo,nn_greedy,19,6,0.0,17.636582561508586,19.14141322369782,45.75855249580305,17.055579126007636,33.13534153585066,95.37351443123939,0.06769999890821055,0.0808999982837122,2357
loo,nn_window,19,6,0.0,20.371858755604475,24.345819972839994,46.11044066848283,0.5515485787017396,5.176071277047094,100.0,0.08779999916441739,0.10342000168748199,2357
loo,particle,19,5,0.0,2.1396666473442982,5.012752530205411,23.484317161396937,47.78004073319755,78.73727087576374,99.10350448247759,0.3324999997857958,0.5268999982945386,2455
loo,hmm_forward,19,6,0.0,9.764459576737558,14.048611801756609,37.581464675901664,26.85617310140008,43.74204497242257,93.84550084889644,0.22620000163442455,0.29591999773401767,2357
loo,particle,19,6,0.0,2.9155704435374235,8.681443279609832,29.703523787839753,38.77810776410692,62.45226983453542,95.75551782682513,0.32980000105453655,0.5297199990309309,2357
loo,nn_greedy,19,7,0.0,18.548982875239755,19.143686942818054,46.46122340722052,19.368836291913215,31.755424063116372,96.64561957379637,0.06719999873894267,0.08420000085607171,2535
loo,nn_window,19,7,0.0,22.95217978952855,27.781142983956872,51.74654644626896,1.7751479289940828,3.3925049309664694,100.0,0.08890000026440248,0.1102199988963547,2535
loo,dtw_online,18,9,0.0,26.698474338595613,27.618371065380853,45.4295200885787,3.2449544914918875,7.439651760981401,98.97070467141727,66.39459999860264,71.19103999866638,2527
loo,hmm_forward,19,7,0.0,17.060804938911964,17.58992645792629,43.735831875516276,25.956607495069033,38.93491124260355,93.17284925019732,0.2162000018870458,0.28748999902745703,2535
loo,particle,19,7,0.0,3.197162639556493,8.339461378885147,34.541878104751916,33.92504930966469,63.116370808678504,97.47434885556433,0.3223999992769677,0.5148000007466178,2535
loo,nn_greedy,19,8,0.0,8.593353338903444,14.909390637461197,45.46993741696906,31.283755712505197,43.705857914416285,96.63341645885288,0.06679999933112413,0.08196999951906035,2407
loo,nn_window,19,8,0.0,22.015126135452302,27.455606770923062,49.83336743455603,1.9526381387619443,3.157457415870378,100.0,0.0870000003487803,0.10536999943724366,2407
loo,dtw_online,18,13,0.0,25.256139223552644,25.173120051392942,47.07762015735026,3.1048387096774195,10.201612903225806,98.70915691811214,68.6383999982354,73.2091300003958,2480
loo,hmm_forward,19,8,0.0,10.122937877250738,16.08373240262373,45.630706024317256,31.616119651017865,41.00540091400083,91.85369908561928,0.22530000205733813,0.2677700005733641,2407
loo,particle,19,8,0.0,1.9592909546684267,4.544896079221806,20.36485949835706,50.68550062318239,76.69297881179892,98.6284289276808,0.3309999992779922,0.5131599988089873,2407
loo,nn_greedy,19,9,0.0,12.863997872317059,16.50491875537557,44.04910837448741,23.941432528690147,41.43252869014642,95.6848772763262,0.06709999797749333,0.08217000104195903,2527
loo,dtw_online,18,12,0.0,16.01104718234647,15.417264453826746,29.01746848327661,14.160305343511451,21.984732824427482,99.3127147766323,68.78100000176346,73.57188000114546,2620
loo,nn_window,19,9,0.0,25.9972372752651,29.103299177576844,49.76993692649617,0.9101701622477245,6.6086268302334785,100.0,0.08870000237948261,0.11143999945488754,2527
loo,hmm_forward,19,9,0.0,2.92817732776669,9.583191071011965,41.29387614157308,37.870993272655326,62.32686980609419,93.82422802850357,0.22489999901154079,0.28509999901871197,2527
loo,particle,19,9,0.0,2.022403426540156,5.677247791506366,26.065907797736326,49.742777997625645,72.93233082706767,98.45605700712589,0.3312999979243614,0.5137099982675863,2527
loo,nn_greedy,19,10,0.0,16.378729311898155,17.89876660130859,45.146101493606956,20.465316673847482,32.65833692373977,96.16379310344828,0.06769999890821055,0.08339999840245582,2321
loo,nn_window,19,10,0.0,33.388849736943065,34.25616738433458,48.820334555463084,0.0,0.0,100.0,0.0895000011951197,0.10919999840552919,2321
loo,dtw_online,18,14,0.0,11.813125219619526,11.994080004352794,29.63282326466763,27.48422712933754,38.52523659305994,98.89546351084813,68.6869500004832,72.95462500132999,2536
loo,hmm_forward,19,10,0.0,10.409836346428571,14.475987102260639,39.23238829443806,25.420077552778974,40.80137871607066,93.1896551724138,0.2158999996026978,0.2693999995244667,2321
loo,particle,19,10,0.0,2.4151339666581704,6.997430303409402,25.4702859197172,41.01680310211116,64.23955191727704,97.2844827586207,0.32270000156131573,0.5038999988755677,2321
loo,nn_greedy,19,11,0.0,16.249566431810166,18.170011515530216,44.37911124757763,19.346289752650176,31.40459363957597,94.56473707467963,0.06719999873894267,0.08228500082623212,2264
loo,nn_window,19,11,0.0,26.149579304825714,27.060267346468184,45.98908985416626,0.35335689045936397,3.9310954063604244,100.0,0.08760000127949752,0.11037000058422562,2264
loo,dtw_online,18,15,0.0,4.784920837562713,11.378671960087209,28.255398466068975,30.75356415478615,51.48676171079429,99.06275468622657,66.8441999987408,75.22780000035708,2455
loo,hmm_forward,19,11,0.0,6.724337911793629,12.440244329070428,43.392863530023966,31.227915194346288,47.12897526501767,90.45514803358374,0.21670000023732428,0.26808500042534433,2264
loo,particle,19,11,0.0,1.8331088197709207,3.3215330604512694,11.630964546298786,55.256183745583044,87.01413427561837,97.65797613787008,0.3209999995306134,0.45820000013918616,2264
loo,nn_greedy,19,12,0.0,18.432690584158095,18.611571855197152,46.300868483792804,25.763358778625957,32.36641221374046,96.56357388316151,0.06709999797749333,0.0760000002628658,2620
loo,nn_window,19,12,0.0,25.529450245704698,23.602519010683945,37.90068805756303,0.03816793893129771,3.816793893129771,100.0,0.08720000187167898,0.1139049978519324,2620
loo,dtw_online,18,16,0.0,24.58846617139531,22.67199825619271,36.467810750914296,2.0940339786645596,3.9114974318451208,98.77470355731225,66.745300002367,77.5751000001037,2531
loo,hmm_forward,19,12,0.0,5.0907903165370225,13.402052783485837,45.734775624257054,37.70992366412214,49.80916030534351,92.70714012982054,0.21719999858760275,0.2547300002333939,2620
loo,particle,19,12,0.0,1.903147226868093,5.026717477326848,24.29413861232943,51.717557251908396,79.80916030534351,99.38907980145093,0.3220999969926197,0.43964500036963705,2620
loo,nn_greedy,19,13,0.0,16.876343051097486,18.126549966375332,47.28990466377537,25.120967741935484,34.11290322580645,96.16780960064543,0.0670000008540228,0.07950500130391444,2480
loo,nn_window,19,13,0.0,21.795699647243953,23.211158724874192,40.68402432945023,1.4516129032258065,8.266129032258064,100.0,0.08719999823370017,0.10522000065975579,2480
loo,dtw_online,18,20,0.0,26.86600242194166,24.740340416020857,43.02519887429583,6.872990353697748,10.048231511254018,98.5524728588661,66.75039999754517,74.36135499956436,2488
loo,hmm_forward,19,13,0.0,7.48571907364734,15.07234746444657,45.672456568871176,34.233870967741936,47.096774193548384,93.7071399757967,0.21750000087195076,0.27601999881881045,2480
loo,particle,19,13,0.0,8.544976459274926,15.219578928307888,44.34943955494548,28.508064516129032,42.177419354838705,95.52238805970148,0.3214999996998813,0.5091250019177095,2480
loo,nn_greedy,19,14,0.0,14.684652032185458,18.180657996476963,46.26037810888104,20.938485804416406,32.53154574132492,96.05522682445759,0.06720000237692147,0.08662499840283999,2536
loo,nn_window,19,14,0.0,22.172196015989527,21.954300794833006,37.52818820488028,1.025236593059937,2.602523659305994,100.0,0.08759999764151871,0.11472500045783818,2536
loo,dtw_online,18,17,0.0,25.97069519312616,23.23331311241707,40.155081604152855,8.88045540796964,10.664136622390892,98.51936218678816,66.89190000179224,78.40625999997427,2635
loo,hmm_forward,19,14,0.0,14.940422795731905,18.302279419190306,46.646535049850996,21.13564668769716,34.22712933753943,96.68639053254438,0.21500000002561137,0.2632249997986946,2536
loo,dtw_online,18,19,0.0,9.913890383755637,12.594244818346679,34.51931550887768,29.513223457263322,41.586814871598314,98.92638036809815,66.78549999924144,76.41447999994853,2609
loo,nn_greedy,19,15,0.0,18.020602458516212,18.768754731507848,47.05002651720952,20.24439918533605,29.898167006109976,95.76202118989406,0.06800000119255856,0.0822000001790002,2455
loo,nn_window,19,15,0.0,21.21517654502023,21.070758343202225,32.606098908817486,1.8329938900203666,3.054989816700611,100.0,0.08789999992586672,0.11923000092792788,2455
loo,particle,19,14,0.0,2.535695851642911,5.633660477639899,23.13892260707239,37.22397476340694,76.18296529968454,99.44773175542406,0.3210499980923487,0.4945250020682579,2536
loo,hmm_forward,19,15,0.0,16.833964489822577,18.022310564441053,47.1302361416236,23.625254582484725,36.41547861507129,93.68378158109209,0.21470000137924217,0.25613000034354627,2455
loo,particle,19,15,0.0,2.4028472943317394,7.242303805701698,29.812975983184252,39.67413441955194,70.02036659877801,96.98451507742462,0.3211999974155333,0.4640299997845418,2455
loo,nn_greedy,19,16,0.0,11.29402410664157,15.969376927532727,46.34607522544074,25.483998419596997,40.73488739628605,95.92885375494072,0.06690000009257346,0.08069999967119657,2531
loo,nn_window,19,16,0.0,28.636579142378405,29.094702232136488,53.249495424096736,0.0,3.7534571315685503,100.0,0.0867000017024111,0.10735000068962108,2531
loo,dtw_online,19,1,0.0,23.991738625861274,22.097997110249892,43.28938790060294,5.061289047054172,17.595887702649268,99.01107594936708,69.55270000253222,75.68362000092748,2529
loo,hmm_forward,19,16,0.0,2.1933608973759213,6.416731879177141,26.766723745201837,46.58237850651916,66.7325167917819,96.6403162055336,0.21550000019487925,0.30329999935929663,2531
loo,particle,19,16,0.0,2.0653954138322868,4.296595391982016,15.721033552132237,48.91347293559858,76.21493480837613,100.0,0.32250000003841706,0.47864999760349747,2531
loo,nn_greedy,19,17,0.0,7.704896112064798,14.896852443367502,46.36549309091699,31.005692599620495,46.29981024667932,96.05163249810175,0.0667000022076536,0.0793299990618834,2635
loo,nn_window,19,17,0.0,30.060038317667107,28.30861149312244,42.982062341976594,0.0,0.18975332068311196,100.0,0.08680000246386044,0.11558999976841725,2635
loo,dtw_online,19,2,0.0,26.602023871482018,26.228839438420575,48.0271075080026,2.997601918465228,8.313349320543566,98.36065573770492,71.2869499984663,77.24725000025501,2502
loo,dtw_online,19,4,0.0,22.511667234262685,24.22678093260962,47.75317724974553,3.6802030456852792,12.605752961082912,98.43419382141346,69.90490000134741,76.3925150014984,2364
loo,hmm_forward,19,17,0.0,1.9934486632067852,4.711050567051358,19.244469746807866,50.13282732447818,78.51992409867172,94.60895975702354,0.21829999968758784,0.2944500000012339,2635
loo,nn_greedy,19,18,0.0,15.87484317198038,16.9857126675617,46.07502229752614,25.961157352358306,38.12921125644074,95.83663758921492,0.06669999856967479,0.08219000046665316,2523
loo,nn_window,19,18,0.0,17.15464859379138,19.035848560365622,36.60937009880063,8.600871977804202,18.311533888228297,100.0,0.08679999882588163,0.10430000074848067,2523
loo,particle,19,17,0.0,1.86883260508566,2.7638755274242115,7.795870478764178,54.079696394686906,84.13662239089183,100.0,0.3233999996155035,0.5176300015591551,2635
loo,hmm_forward,19,18,0.0,2.6224868319668273,9.075926428583811,44.40939339580787,45.0653983353151,62.18787158145065,93.7351308485329,0.2176000016334001,0.2777700014121365,2523
loo,particle,19,18,0.0,1.5652001666700661,2.4638170062777247,7.848017575397186,61.43479984145858,85.53309552120491,99.68279143536876,0.32189999910769984,0.4617000002326684,2523
loo,nn_greedy,19,20,0.0,3.5645379111897033,13.466795012879299,44.826409739189295,41.19774919614148,52.45176848874598,95.4563731403297,0.06740000026184134,0.0783650000812486,2488
loo,nn_window,19,20,0.0,30.68177066962964,32.4552203637931,49.16970780520658,1.2057877813504823,3.2556270096463025,100.0,0.08720000187167898,0.10300000085408101,2488
loo,dtw_online,19,3,0.0,19.418229218659874,21.586758830567852,46.96221534799181,8.240277242972661,25.067385444743934,98.49768875192603,69.38970000192057,78.39445999998134,2597
loo,hmm_forward,19,20,0.0,1.6625634935410365,8.451245992672554,38.95297138671291,53.336012861736336,67.12218649517685,96.34097305991153,0.21719999858760275,0.2769999991869554,2488
loo,particle,19,20,0.0,1.406489807539153,2.9283985336648843,9.299837300084022,60.530546623794216,79.98392282958199,98.11017289907518,0.3217999983462505,0.49402500008000066,2488
loo,nn_greedy,20,1,0.0,15.823922899205174,18.06416066710406,45.69497312060574,21.273230525899564,33.53103993673388,96.08386075949366,0.0652999988233205,0.08086000088951549,2529
loo,nn_window,20,1,0.0,27.101600708387526,29.32543768366208,47.40488908505192,2.7283511269276395,7.71055753262159,100.0,0.085299998318078,0.10431999908178112,2529
loo,dtw_online,19,5,0.0,8.171604667596977,13.509181911021447,35.55792459678123,22.362525458248474,45.376782077393074,98.85900570497147,70.90279999829363,75.63822999909462,2455
loo,hmm_forward,20,1,0.0,15.247296972874713,16.575144433373303,41.75080248777094,24.3574535389482,35.66627125345986,94.62025316455697,0.2153999994334299,0.2783200012345332,2529
loo,particle,20,1,0.0,3.683460225791378,10.015234306385302,27.869099454864504,32.50296559905101,54.72518782127324,96.12341772151899,0.3219999998691492,0.5155800005013589,2529
loo,nn_greedy,20,2,0.0,16.670425276036788,18.56877838379002,47.338299043621895,19.544364508393286,33.573141486810556,96.28148740503798,0.06510000093840063,0.07789500014041549,2502
loo,nn_window,20,2,0.0,30.578489897233265,33.01987370949317,49.51241898809369,0.9192645883293364,1.3589128697042365,100.0,0.08510000043315813,0.10459499972057527,2502
loo,dtw_online,19,6,0.0,15.123373035867559,14.655710769176872,28.89198386611623,14.000848536274926,32.79592702588035,98.64176570458405,71.03860000279383,76.0071999990032,2357
loo,hmm_forward,20,2,0.0,19.20460197426081,18.165037829151977,43.71786258821068,12.070343725019985,27.857713828936852,91.88324670131948,0.21579999884124845,0.28558499925566133,2502
loo,particle,20,2,0.0,3.0866105317413615,11.41161216408914,45.55360389534305,37.33013589128697,59.11270983213429,96.80127948820471,0.3219999998691492,0.5219849985223846,2502
loo,nn_greedy,20,3,0.0,17.66776048425445,19.648010543283362,45.94591376297078,18.25182903350019,29.99614940315749,95.95531587057012,0.0653000024612993,0.08270000034826808,2597
loo,nn_window,20,3,0.0,27.97364400106616,27.255960439932334,44.3193000054737,0.0,1.001155179052753,100.0,0.08520000119460747,0.10894000006373968,2597
loo,dtw_online,19,8,0.0,24.27938717422708,22.562725164197378,37.08050105750054,4.113003739094308,8.101371001246365,97.92186201163757,68.26139999975567,73.59618000227783,2407
loo,hmm_forward,20,3,0.0,15.202910256330611,16.21002483304878,44.12435298939921,22.48748556026184,35.271467077397,92.95069337442219,0.2148000021406915,0.278019999677781,2597
loo,particle,20,3,0.0,3.027476651917488,10.349758810303824,29.212116953437985,41.35541008856373,59.87678090103966,96.91833590138675,0.3203000014764257,0.5060999996203461,2597
loo,nn_greedy,20,4,0.0,18.099928616326302,19.952826596652905,48.86875557222994,18.781725888324875,29.737732656514382,95.76809140922556,0.06489999941550195,0.08193999929062552,2364
loo,nn_window,20,4,0.0,29.049407756227417,30.293959327632724,48.74833295585063,2.622673434856176,4.357021996615906,100.0,0.08460000026389025,0.10130000009667128,2364
loo,dtw_online,19,7,0.0,18.534789458337883,18.76191004820317,33.9624085399214,8.481262327416173,16.607495069033533,98.89502762430939,71.08309999966878,76.76633999944897,2535
loo,hmm_forward,20,4,0.0,19.2726898509597,19.115605222976303,44.77145811873702,16.878172588832488,27.326565143824027,92.9327126534067,0.225499999942258,0.28254499993636256,2364
loo,particle,20,4,0.0,2.832430063521413,6.693016772048548,24.076926670113288,34.51776649746193,70.30456852791879,96.5721540414727,0.3285999991931021,0.5142249980053748,2364
loo,nn_greedy,20,5,0.0,17.38264403109269,19.434734426902658,46.52123143792429,20.855397148676172,30.916496945010184,96.57701711491443,0.06480000229203142,0.07975999978953036,2455
loo,nn_window,20,5,0.0,35.99776860155865,35.17003025134625,49.60972114858321,0.0,0.0,100.0,0.08679999882588163,0.10865999793168152,2455
loo,dtw_online,19,10,0.0,24.321051843971393,26.26521120937661,48.05625479814628,0.6031882809133994,2.498922878069797,98.66379310344827,70.89090000226861,75.2528999983042,2321
loo,hmm_forward,20,5,0.0,12.91248647872964,16.283509369616116,40.81069700640578,24.969450101832994,37.63747454175152,93.15403422982885,0.22570000146515667,0.2993799989781105,2455
loo,particle,20,5,0.0,2.050937947638435,5.1439903617536675,23.48952104019422,48.920570264765786,78.20773930753563,98.9405052974735,0.3300000025774352,0.5038100000092519,2455
loo,nn_greedy,20,6,0.0,17.31583167713936,18.94829153893566,45.960952165491086,15.613067458633855,31.52312261349173,95.58573853989813,0.06539999958476983,0.0760000002628658,2357
loo,nn_window,20,6,0.0,31.870285862799985,34.471008922028446,51.99924772239847,0.6788290199406024,1.3152312261349173,100.0,0.0870000003487803,0.09929999941959977,2357
loo,dtw_online,19,9,0.0,8.751975530041262,15.040172943167866,41.5038927120771,22.437673130193904,44.796201028888014,98.77276326207442,71.29349999740953,76.46681000187526,2527
loo,hmm_forward,20,6,0.0,13.082475564768872,16.56307592396112,44.6794472548757,18.031395842172255,34.15358506576156,92.82682512733447,0.22059999901102856,0.3343200005474498,2357
loo,particle,20,6,0.0,4.188638141105917,10.876843016016029,30.131405963330025,30.5897327110734,54.603309291472215,97.02886247877758,0.3219999998691492,0.5044400022597983,2357
loo,nn_greedy,20,7,0.0,17.626555250070954,19.372794883370883,48.51260619651066,20.19723865877712,32.38658777120315,97.27703235990529,0.06479999865405262,0.07482999862986614,2535
loo,nn_window,20,7,0.0,21.852512363673625,28.330943273348385,53.4948195140245,1.5384615384615385,3.3136094674556213,100.0,0.08489999891025946,0.10355999911553221,2535
loo,dtw_online,19,11,0.0,21.45721919547026,20.319731423480256,47.35833443981693,17.579505300353357,30.786219081272087,98.85108263367212,70.88699999985693,75.90646000062407,2264
loo,hmm_forward,20,7,0.0,11.875399182691254,16.53107156744266,44.49845872421628,30.138067061143985,41.1439842209073,94.27782162588792,0.21520000154851004,0.27224000114074365,2535
loo,particle,20,7,0.0,2.5887699638480868,6.204931663531701,24.348162840611483,40.59171597633136,63.9447731755424,98.30307813733228,0.3214999996998813,0.4994300004909741,2535
loo,nn_greedy,20,8,0.0,15.49243715279713,17.578091600161418,44.656552462013906,24.304113003739094,35.64603240548401,96.13466334164589,0.06480000229203142,0.0779700007115025,2407
loo,nn_window,20,8,0.0,29.42906037924385,32.058407244910725,47.73942953779013,0.7062733693394266,1.3710012463647694,100.0,0.08510000043315813,0.10399999882793054,2407
loo,dtw_online,19,12,0.0,28.384115420106287,26.760987599271296,52.82465671121817,7.137404580152672,11.870229007633588,98.77815960290187,69.34170000204176,76.17098000027909,2620
loo,hmm_forward,20,8,0.0,4.932811630561597,13.83139901961167,46.61307301724735,33.527212297465724,50.18695471541338,96.42560266001664,0.21750000087195076,0.30009999936737586,2407
loo,particle,20,8,0.0,2.1068305871823085,6.651749448035873,28.986991873609323,48.3174075612796,74.40797673452431,97.29842061512885,0.3209999995306134,0.48185000305238634,2407
loo,nn_greedy,20,9,0.0,15.8929646688781,17.51180842055903,43.96476201391527,19.390581717451525,33.201424614166996,96.23911322248614,0.0652999988233205,0.08030000026337802,2527
loo,nn_window,20,9,0.0,27.9035691044658,29.62711542119632,48.277121760682654,1.9390581717451523,8.033240997229916,100.0,0.085299998318078,0.10608999873511481,2527
loo,dtw_online,19,13,0.0,29.394772365835642,27.51539748327019,43.30873473739677,1.8548387096774193,5.725806451612903,98.62847922549415,70.03919999988284,77.08801499975378,2480
loo,hmm_forward,20,9,0.0,14.082965657878452,16.01753201441218,43.46539338495745,24.574594380688563,40.12663237039968,93.26999208234362,0.21779999951831996,0.2678799999557668,2527
loo,particle,20,9,0.0,2.325402570056397,6.7237553943988475,26.561010021371043,45.23149980213692,68.26276216857934,97.70387965162311,0.32160000046133064,0.4190499977994476,2527
loo,nn_greedy,20,10,0.0,14.363493931353775,18.09492886258527,46.59458040419274,20.33606204222318,33.347694959069365,96.29310344827586,0.06479999865405262,0.07919999916339293,2321
loo,nn_window,20,10,0.0,17.915172069945054,17.531407491915893,37.92864989800127,6.462731581214993,20.55148642826368,100.0,0.08460000026389025,0.10390000170446001,2321
loo,dtw_online,19,15,0.0,5.9815651476545195,10.663292781283868,27.045666543269704,25.621181262729127,46.883910386965375,98.77750611246944,69.6137999984785,74.70979999889096,2455
loo,hmm_forward,20,10,0.0,3.2619384638680886,12.063472485602954,43.97677016587119,37.00990952175786,58.46617837139164,94.3103448275862,0.21469999774126336,0.2716000017244369,2321
loo,particle,20,10,0.0,2.4761624501903636,9.209959921740142,29.610370107095004,44.161999138302455,59.28479103834554,99.0948275862069,0.3233999996155035,0.49080000098911114,2321
loo,nn_greedy,20,11,0.0,18.491672691688322,20.23056623999542,47.70597325422157,20.980565371024735,29.50530035335689,95.36014140521432,0.06489999941550195,0.07858499866415512,2264
loo,dtw_online,19,14,0.0,22.817174968865523,19.71044166315909,38.041739471400234,8.872239747634069,17.70504731861199,98.0276134122288,69.35949999933655,76.72035000268806,2536
loo,nn_window,20,11,0.0,21.761104149964538,23.2160421988666,48.2252964561845,0.48586572438162545,4.54946996466431,100.0,0.08499999967170879,0.1078850023986888,2264
loo,hmm_forward,20,11,0.0,8.256027089380346,15.277174327976402,44.97762746431312,30.43286219081272,47.04063604240283,93.0181175430844,0.2151000007870607,0.31399999934365025,2264
loo,particle,20,11,0.0,4.130119761225908,11.869022944674205,42.62403523095906,31.492932862190813,51.63427561837456,95.89041095890411,0.32330000067304354,0.5131249990881768,2264
loo,nn_greedy,20,12,0.0,16.0287225373663,17.51327925840743,47.715999311481575,24.69465648854962,33.74045801526718,96.25811378388698,0.0652999988233205,0.07541500272054683,2620
loo,nn_window,20,12,0.0,30.793446808375673,32.85268477520936,50.11079602774781,1.0687022900763359,1.6793893129770994,100.0,0.08510000043315813,0.10170499936066332,2620
loo,dtw_online,19,16,0.0,17.229459248161472,17.38723042874447,35.32983838320888,15.448439352034768,29.118925325958116,98.41897233201581,69.58640000084415,77.62144999833254,2531
loo,hmm_forward,20,12,0.0,4.866187980197159,13.077978295355086,44.935490218431696,35.725190839694655,50.229007633587784,92.74532264222985,0.21570000171777792,0.3105200024947401,2620
loo,particle,20,12,0.0,1.392624570091889,3.2780568764612728,14.70136955820813,62.44274809160305,83.20610687022901,99.61817487590685,0.32169999940379057,0.5175800004508342,2620
loo,nn_greedy,20,13,0.0,19.096092511001174,19.378372491168413,46.4848665890268,23.10483870967742,32.54032258064516,95.80475998386446,0.06520000169984996,0.07670499835512598,2480
loo,nn_window,20,13,0.0,26.805908976355514,29.105706776720016,49.281929427471134,2.7016129032258065,9.475806451612904,100.0,0.08520000119460747,0.10961500138364491,2480
loo,dtw_online,20,1,0.0,10.603908411431233,14.506680193647572,34.25105159620526,20.086990905496243,39.73902728351127,99.09018987341773,66.4137000021583,74.19983999934628,2529
loo,hmm_forward,20,13,0.0,10.380768191259987,15.55225567740461,44.96027857794431,29.879032258064512,42.90322580645161,92.33561920129084,0.2175999979954213,0.2712100022108643,2480
loo,dtw_online,19,20,0.0,24.61733480767115,22.286259594474718,36.71923471233869,5.667202572347267,8.319935691318328,98.51226377161238,69.53109999994922,77.58884000068065,2488
loo,particle,20,13,0.0,1.978527714447532,4.538434981223589,20.56535020333483,50.60483870967742,75.84677419354838,100.0,0.3226000007998664,0.4811799999515638,2480
loo,nn_greedy,20,14,0.0,17.149806151135202,19.37111695586782,46.675553438955234,19.12460567823344,33.63564668769716,96.01577909270218,0.06500000017695129,0.08222500036936253,2536
loo,nn_window,20,14,0.0,29.116206546629392,33.17259622799953,48.62845480403396,0.27602523659305994,0.5520504731861199,100.0,0.085299998318078,0.11299999823677354,2536
loo,hmm_forward,20,14,0.0,15.985465046518723,18.31259168298963,48.24402948127344,24.960567823343847,39.47160883280757,94.16173570019724,0.21689999994123355,0.2673250010047923,2536
loo,dtw_online,20,4,0.0,29.51415113599425,27.9526257388441,46.24894600334767,1.4805414551607445,3.849407783417936,98.89970376639864,65.35495000025549,71.45153500296146,2364
loo,particle,20,14,0.0,2.4438422384119534,6.501634820663574,27.616045743101978,43.41482649842271,69.71608832807571,98.0276134122288,0.3219999998691492,0.47472500136791496,2536
loo,nn_greedy,20,15,0.0,16.179000719730652,18.12200251876909,47.52099636059906,20.69246435845214,31.24236252545825,95.55827220863897,0.06489999941550195,0.08259999958681874,2455
loo,nn_window,20,15,0.0,31.20687634830647,31.768571081281216,51.091229103578,2.6476578411405294,4.684317718940937,100.0,0.08489999891025946,0.11079999967478216,2455
loo,dtw_online,19,17,0.0,25.459230223454362,21.51049029138018,37.73431117856183,12.485768500948767,17.30550284629981,98.17767653758543,69.04790000044159,77.83001999996485,2635
loo,hmm_forward,20,15,0.0,13.21740506106793,16.641066485940765,46.49673668571971,31.038696537678206,44.11405295315682,94.9877750611247,0.21750000087195076,0.2645299999130657,2455
loo,nn_greedy,20,16,0.0,14.129091256991355,17.433795055543516,45.681517563593516,21.65152113789016,35.875148162781514,96.16600790513834,0.06520000169984996,0.07684999945922755,2531
loo,particle,20,15,0.0,2.3286093922649918,7.050728705811191,36.265363804557566,44.96945010183299,72.70875763747455,98.73675631621842,0.3221000006305985,0.4995800012693506,2455
loo,nn_window,20,16,0.0,28.056885936790945,25.381668676390422,39.0439322188474,0.1580403002765705,3.437376531015409,100.0,0.08520000119460747,0.10769999971671496,2531
loo,hmm_forward,20,16,0.0,4.380597969538982,12.413326578595575,45.1623524350951,33.030422757803244,51.91623864085342,93.04347826086956,0.21630000264849514,0.2523000002838671,2531
loo,dtw_online,19,18,0.0,27.29190660978104,23.969037169737447,43.43814176333555,10.543004359889022,19.738406658739596,98.77081681205394,71.36659999741823,78.36897000088356,2523
loo,nn_greedy,20,17,0.0,12.65096726042896,16.968136418190607,46.758394194091665,26.52751423149905,39.92409867172675,96.24145785876993,0.06580000263056718,0.08013000151549929,2635
loo,nn_window,20,17,0.0,27.05007239665049,27.737680930486167,49.86348844802279,5.806451612903226,18.25426944971537,100.0,0.08600000001024455,0.10965999827021727,2635
loo,particle,20,16,0.0,2.1620434902912162,5.233399893899434,24.61888243804963,46.1477676807586,75.78032398261557,99.0909090909091,0.32310000096913427,0.42889999895123765,2531
loo,hmm_forward,20,17,0.0,2.56342703057163,10.496330371860399,39.71201887889414,41.32827324478178,64.78178368121442,95.82384206529993,0.2170999978261534,0.2713599998969584,2635
loo,particle,20,17,0.0,1.9512390985247574,3.3525748481832855,10.201338528043893,51.385199240986715,75.97722960151802,99.96203492786636,0.3214999996998813,0.41051999760384167,2635
loo,nn_greedy,20,18,0.0,14.974008355663196,17.219262549316163,45.22209922746889,28.0221957986524,38.049940546967896,95.91593973037273,0.06500000017695129,0.07929000021249523,2523
loo,dtw_online,20,2,0.0,9.65595110288858,15.129639859480177,35.486117243123005,18.904876099120706,40.72741806554756,98.72051179528188,67.56204999874171,74.98968499876355,2502
loo,nn_window,20,18,0.0,19.87407192272396,21.880188561088634,39.905650111461746,3.0519223147047168,11.930241775663893,100.0,0.08499999967170879,0.10259999908157624,2523
loo,hmm_forward,20,18,0.0,4.196688616736988,14.45837364911884,45.40486514093514,40.54696789536266,51.32778438367024,95.55908009516257,0.21669999841833487,0.2645999993546866,2523
loo,particle,20,18,0.0,1.6812739229593419,3.7809033551045457,15.849693451808223,54.41934205311137,79.74633372968688,99.2862807295797,0.3217999983462505,0.4284099999495085,2523
loo,nn_greedy,20,19,0.0,7.20665710683268,14.633043648612125,45.23491100974992,38.78880797240322,48.409352242238405,96.12730061349694,0.06479999865405262,0.07199999890872277,2609
loo,nn_window,20,19,0.0,31.5656632069329,31.613767544246112,48.29343040082728,1.8397853583748562,3.6029129934840936,100.0,0.08470000102533959,0.09512000033282673,2609
loo,dtw_online,20,3,0.0,24.679560312013855,21.288553378109004,35.989316980953035,7.624181748170966,16.59607239122064,98.26656394453005,67.76259999969625,74.7003999982553,2597
loo,hmm_forward,20,19,0.0,1.5614998764518178,9.096063095133657,38.87218855539699,57.799923342276735,69.3369106937524,96.47239263803681,0.2167999991797842,0.2952199996798299,2609
loo,particle,20,19,0.0,1.4639303678830853,3.3918570776392793,13.700308957383314,62.284400153315445,80.79724032196243,98.54294478527608,0.32310000096913427,0.5023999998229556,2609
loo,dtw_online,20,5,0.0,30.335326147146574,28.311147462930954,45.426203211393485,0.4480651731160896,1.7922606924643585,98.98125509372453,67.94629999785684,76.4834200010227,2455
loo,dtw_online,20,6,0.0,25.166652715894845,23.675392401607684,35.46555536793401,1.7394993635977938,2.800169707254985,98.68421052631578,67.69580000036513,76.23312000141587,2357
loo,dtw_online,20,8,0.0,26.54411525249437,25.268706753750283,47.12067683275371,2.160365600332364,3.9883672621520567,99.21030756442228,67.3891000005824,79.48924999946027,2407
loo,dtw_online,20,7,0.0,25.48617901648713,24.0256546963954,44.036891614057325,7.258382642998027,13.530571992110454,98.89502762430939,67.3084000009112,73.2396699982928,2535
loo,dtw_online,20,10,0.0,17.51082211870489,20.39589420867948,42.66679800548931,9.995691512279189,16.760017233950883,98.53448275862068,61.99959999867133,68.44419999833917,2321
loo,dtw_online,20,11,0.0,24.44516830845656,22.665295245781824,37.553849917854215,0.7950530035335688,5.521201413427561,97.87892178524083,61.10054999953718,68.5327999999572,2264
loo,dtw_online,20,9,0.0,17.831956673434895,22.47542043814169,45.63278083332444,7.518796992481203,14.08785120696478,98.812351543943,61.508800001320196,69.12159000094105,2527
loo,dtw_online,20,13,0.0,26.824797431572804,25.375575759786813,48.58404966389573,0.4838709677419355,5.241935483870968,98.74949576442114,58.61384999843722,68.77123999984178,2480
loo,dtw_online,20,12,0.0,23.53783146202575,21.155810631507464,46.969985469325216,19.16030534351145,30.305343511450385,98.66361206567392,58.741699998790864,67.99860499995702,2620
loo,dtw_online,20,15,0.0,25.4580153359178,25.672687721906932,47.97501873104476,0.8961303462321792,4.84725050916497,98.53300733496333,55.879200001072604,66.85049000043364,2455
loo,dtw_online,20,14,0.0,25.810634515849394,24.55229737008729,46.50493910756538,1.4589905362776026,5.205047318611988,98.61932938856016,55.973699998503434,67.86319999991974,2536
loo,dtw_online,20,16,0.0,29.375969886630315,27.503495236875455,45.07768712154517,0.1185302252074279,1.6199130778348478,98.69565217391305,54.671699999744305,67.48849999894446,2531
loo,dtw_online,20,18,0.0,29.47627956099531,26.407473692718693,47.312716673925294,6.024573919936584,7.37217598097503,98.61221252973831,54.07510000077309,67.85183000138204,2523
loo,dtw_online,20,17,0.0,24.118152626845845,24.328055729716525,47.6357477646371,7.096774193548387,15.294117647058824,98.44343204252088,53.43680000078166,68.30068999806826,2635
loo,dtw_online,20,19,0.0,23.151827306972333,23.62303883755745,47.28785581535167,9.31391337677271,12.265235722499042,99.04141104294479,53.25549999906798,66.3615600009507,2609
