ref_source,ref_drone,flight_id,test_drone,drone_cond,lap_selection,n_laps,smooth_w,test_lap,n_frames,duration_s,median_err_m,p90_err_m,jump_rate
MT_ref,MadTrainer,2,MadTrainer,same_drone,fastest,1,1,3,2509,25.217001914978027,2.43633575019949,8.930583934296793,0.022319649262654444
MT_ref,MadTrainer,2,MadTrainer,same_drone,fastest,1,1,4,2597,26.059934854507446,1.8530158553149363,6.593112828648038,0.02117828263380824
MT_ref,MadTrainer,2,MadTrainer,same_drone,fastest,1,1,5,2477,24.85981011390686,2.8790494212818487,10.99764943966527,0.07912797739200646
MT_ref,MadTrainer,2,MadTrainer,same_drone,fastest,1,3,3,2509,25.217001914978027,2.5430346552629857,9.240330569051324,0.03587086488640893
MT_ref,MadTrainer,2,MadTrainer,same_drone,fastest,1,3,4,2597,26.059934854507446,1.98281181525482,6.417027248175339,0.016557566422795534
MT_ref,MadTrainer,2,MadTrainer,same_drone,fastest,1,3,5,2477,24.85981011390686,2.907288370994621,13.531070629896758,0.09245054501413
MT_ref,MadTrainer,2,MadTrainer,same_drone,fastest,1,5,3,2509,25.217001914978027,2.4821187965696367,9.032680791869465,0.02869669190912714
MT_ref,MadTrainer,2,MadTrainer,same_drone,fastest,1,5,4,2597,26.059934854507446,1.9546308364466825,6.823515835444549,0.016557566422795534
MT_ref,MadTrainer,2,MadTrainer,same_drone,fastest,1,5,5,2477,24.85981011390686,2.6996242228986347,12.575037947247578,0.09002825999192572
MT_ref,MadTrainer,2,MadTrainer,same_drone,fastest,1,9,3,2509,25.217001914978027,2.6220544174497036,8.513020911862986,0.010362694300518135
MT_ref,MadTrainer,2,MadTrainer,same_drone,fastest,1,9,4,2597,26.059934854507446,2.080695701023984,6.075750460315465,0.016557566422795534
MT_ref,MadTrainer,2,MadTrainer,same_drone,fastest,1,9,5,2477,24.85981011390686,2.9937339521831206,15.136765249970574,0.1005248284214776
MT_ref,MadTrainer,2,MadTrainer,same_drone,fastest,1,15,3,2509,25.217001914978027,2.873843920604166,8.672583579240191,0.01634117178158629
MT_ref,MadTrainer,2,MadTrainer,same_drone,fastest,1,15,4,2597,26.059934854507446,2.2547825343691414,6.887264840064819,0.016942626107046593
MT_ref,MadTrainer,2,MadTrainer,same_drone,fastest,1,15,5,2477,24.85981011390686,3.1333376207809494,12.420590295444951,0.08235769075494549
MT_ref,MadTrainer,2,MadTrainer,same_drone,fastest,3,1,3,2509,25.217001914978027,1.5544303710083323,8.596420684299451,0.02630530091669988
MT_ref,MadTrainer,2,MadTrainer,same_drone,fastest,3,1,4,2597,26.059934854507446,1.330680368065316,3.8783397663678816,0.010011551790527531
MT_ref,MadTrainer,2,MadTrainer,same_drone,fastest,3,1,5,2477,24.85981011390686,1.8363928311979336,6.546680441877119,0.004037141703673799
MT_ref,MadTrainer,2,MadTrainer,same_drone,fastest,3,3,3,2509,25.217001914978027,1.626118640832786,8.282901650770732,0.03029095257074532
MT_ref,MadTrainer,2,MadTrainer,same_drone,fastest,3,3,4,2597,26.059934854507446,1.3477385222331861,4.678946331946823,0.015017327685791297
MT_ref,MadTrainer,2,MadTrainer,same_drone,fastest,3,3,5,2477,24.85981011390686,1.815070711610744,6.442643933675549,0.012111425111021397
MT_ref,MadTrainer,2,MadTrainer,same_drone,fastest,3,5,3,2509,25.217001914978027,1.7680312681832646,7.473704706005791,0.0
MT_ref,MadTrainer,2,MadTrainer,same_drone,fastest,3,5,4,2597,26.059934854507446,1.3788196824450267,5.2915711630930105,0.016942626107046593
MT_ref,MadTrainer,2,MadTrainer,same_drone,fastest,3,5,5,2477,24.85981011390686,1.8616984702440647,6.95782632343276,0.0
MT_ref,MadTrainer,2,MadTrainer,same_drone,fastest,3,9,3,2509,25.217001914978027,1.6594909428788753,7.803091573502606,0.00438421681944998
MT_ref,MadTrainer,2,MadTrainer,same_drone,fastest,3,9,4,2597,26.059934854507446,1.5259076998573278,5.533075441712993,0.010011551790527531
MT_ref,MadTrainer,2,MadTrainer,same_drone,fastest,3,9,5,2477,24.85981011390686,1.9182742965915835,6.632158711834161,0.0
MT_ref,MadTrainer,2,MadTrainer,same_drone,fastest,3,15,3,2509,25.217001914978027,1.9596628536114054,8.614490939608013,0.013949780789159028
MT_ref,MadTrainer,2,MadTrainer,same_drone,fastest,3,15,4,2597,26.059934854507446,1.812156676988451,7.813743988574107,0.03850596842510589
MT_ref,MadTrainer,2,MadTrainer,same_drone,fastest,3,15,5,2477,24.85981011390686,1.9682768791051615,7.273582438588097,0.0036334275333064193
MT_ref,MadTrainer,2,MadTrainer,same_drone,fastest,5,1,3,2509,25.217001914978027,1.7200063466384847,7.276514484743388,0.026703866082104424
MT_ref,MadTrainer,2,MadTrainer,same_drone,fastest,5,1,4,2597,26.059934854507446,1.28960480288589,4.847622396189252,0.011551790527531768
MT_ref,MadTrainer,2,MadTrainer,same_drone,fastest,5,1,5,2477,24.85981011390686,1.5753112935644822,6.009589437044043,0.0
MT_ref,MadTrainer,2,MadTrainer,same_drone,fastest,5,3,3,2509,25.217001914978027,1.7574909143401953,7.212620280287576,0.013949780789159028
MT_ref,MadTrainer,2,MadTrainer,same_drone,fastest,5,3,4,2597,26.059934854507446,1.4063527392170272,5.056468651055491,0.011551790527531768
MT_ref,MadTrainer,2,MadTrainer,same_drone,fastest,5,3,5,2477,24.85981011390686,1.7726301379419453,6.210768542468615,0.0
MT_ref,MadTrainer,2,MadTrainer,same_drone,fastest,5,5,3,2509,25.217001914978027,1.518529627913324,7.925264220046034,0.037465125548027105
MT_ref,MadTrainer,2,MadTrainer,same_drone,fastest,5,5,4,2597,26.059934854507446,1.2628166855113392,5.222310300068135,0.011551790527531768
MT_ref,MadTrainer,2,MadTrainer,same_drone,fastest,5,5,5,2477,24.85981011390686,1.7724903120947992,6.390656995351782,0.0
MT_ref,MadTrainer,2,MadTrainer,same_drone,fastest,5,9,3,2509,25.217001914978027,1.7167759288896036,7.165220952644055,0.005978477481068154
MT_ref,MadTrainer,2,MadTrainer,same_drone,fastest,5,9,4,2597,26.059934854507446,1.4335426935618756,5.684738916539721,0.011551790527531768
MT_ref,MadTrainer,2,MadTrainer,same_drone,fastest,5,9,5,2477,24.85981011390686,1.8457266166632564,6.393354199944941,0.0
MT_ref,MadTrainer,2,MadTrainer,same_drone,fastest,5,15,3,2509,25.217001914978027,1.8690612666286768,7.875305697565416,0.027500996412913512
MT_ref,MadTrainer,2,MadTrainer,same_drone,fastest,5,15,4,2597,26.059934854507446,1.8440769110949589,6.607896337663804,0.02464381979206777
MT_ref,MadTrainer,2,MadTrainer,same_drone,fastest,5,15,5,2477,24.85981011390686,1.9148054654684117,6.80509846007567,0.0
MT_ref,MadTrainer,2,MadTrainer,same_drone,median_time,1,1,3,2509,25.217001914978027,1.5659234476676716,8.116964612079382,0.008369868473495417
MT_ref,MadTrainer,2,MadTrainer,same_drone,median_time,1,1,4,2597,26.059934854507446,1.6255857932788444,4.985830976496641,0.0
MT_ref,MadTrainer,2,MadTrainer,same_drone,median_time,1,1,5,2477,24.85981011390686,1.7243251394611434,6.542007819583148,0.014129995962858296
MT_ref,MadTrainer,2,MadTrainer,same_drone,median_time,1,3,3,2509,25.217001914978027,1.630492426335536,8.021505499969562,0.008369868473495417
MT_ref,MadTrainer,2,MadTrainer,same_drone,median_time,1,3,4,2597,26.059934854507446,1.7090575931701721,5.110693677339714,0.0
MT_ref,MadTrainer,2,MadTrainer,same_drone,median_time,1,3,5,2477,24.85981011390686,1.802927892400433,7.494600688321601,0.015341138473960436
MT_ref,MadTrainer,2,MadTrainer,same_drone,median_time,1,5,3,2509,25.217001914978027,1.7224697792601091,8.292693232482547,0.011956954962136309
MT_ref,MadTrainer,2,MadTrainer,same_drone,median_time,1,5,4,2597,26.059934854507446,1.6532894692080902,4.1779391938727475,0.0
MT_ref,MadTrainer,2,MadTrainer,same_drone,median_time,1,5,5,2477,24.85981011390686,1.600305065441205,7.259523489123672,0.014129995962858296
MT_ref,MadTrainer,2,MadTrainer,same_drone,median_time,1,9,3,2509,25.217001914978027,1.8905540239338592,8.129892664550843,0.0007971303308090873
MT_ref,MadTrainer,2,MadTrainer,same_drone,median_time,1,9,4,2597,26.059934854507446,1.7053514532996843,5.820032855275668,0.0
MT_ref,MadTrainer,2,MadTrainer,same_drone,median_time,1,9,5,2477,24.85981011390686,1.9290074020013606,8.012741299973717,0.025433992733144933
MT_ref,MadTrainer,2,MadTrainer,same_drone,median_time,1,15,3,2509,25.217001914978027,2.185274232053594,8.87234668893949,0.012355520127540853
MT_ref,MadTrainer,2,MadTrainer,same_drone,median_time,1,15,4,2597,26.059934854507446,1.90601831917607,5.919022088390455,0.0
MT_ref,MadTrainer,2,MadTrainer,same_drone,median_time,1,15,5,2477,24.85981011390686,2.189635169845303,7.825798014382758,0.010900282599919257
MT_ref,MadTrainer,2,MadTrainer,same_drone,median_time,3,1,3,2509,25.217001914978027,1.554430371008332,8.596420684299385,0.02630530091669988
MT_ref,MadTrainer,2,MadTrainer,same_drone,median_time,3,1,4,2597,26.059934854507446,1.330680368065039,3.8783397663679953,0.010011551790527531
MT_ref,MadTrainer,2,MadTrainer,same_drone,median_time,3,1,5,2477,24.85981011390686,1.8363928311974043,6.546680441876591,0.004037141703673799
MT_ref,MadTrainer,2,MadTrainer,same_drone,median_time,3,3,3,2509,25.217001914978027,1.6261186408328285,8.282901650770745,0.03029095257074532
MT_ref,MadTrainer,2,MadTrainer,same_drone,median_time,3,3,4,2597,26.059934854507446,1.3477385222330156,4.67894633194667,0.015017327685791297
MT_ref,MadTrainer,2,MadTrainer,same_drone,median_time,3,3,5,2477,24.85981011390686,1.815070711610403,6.4426439336751375,0.012111425111021397
MT_ref,MadTrainer,2,MadTrainer,same_drone,median_time,3,5,3,2509,25.217001914978027,1.768031268183151,7.473704706005791,0.0
MT_ref,MadTrainer,2,MadTrainer,same_drone,median_time,3,5,4,2597,26.059934854507446,1.3788196824452967,5.29157116309259,0.016942626107046593
MT_ref,MadTrainer,2,MadTrainer,same_drone,median_time,3,5,5,2477,24.85981011390686,1.8616984702445762,6.957826323432232,0.0
MT_ref,MadTrainer,2,MadTrainer,same_drone,median_time,3,9,3,2509,25.217001914978027,1.6594909428788753,7.803091573502601,0.00438421681944998
MT_ref,MadTrainer,2,MadTrainer,same_drone,median_time,3,9,4,2597,26.059934854507446,1.5259076998571004,5.533075441712685,0.010011551790527531
MT_ref,MadTrainer,2,MadTrainer,same_drone,median_time,3,9,5,2477,24.85981011390686,1.9182742965910933,6.632158711833626,0.0
MT_ref,MadTrainer,2,MadTrainer,same_drone,median_time,3,15,3,2509,25.217001914978027,1.9596628536112348,8.614490939608004,0.013949780789159028
MT_ref,MadTrainer,2,MadTrainer,same_drone,median_time,3,15,4,2597,26.059934854507446,1.8121566769881952,7.8137439885737825,0.03850596842510589
MT_ref,MadTrainer,2,MadTrainer,same_drone,median_time,3,15,5,2477,24.85981011390686,1.9682768791046996,7.273582438587642,0.0036334275333064193
MT_ref,MadTrainer,2,MadTrainer,same_drone,median_time,5,1,3,2509,25.217001914978027,1.7200063466382005,7.276514484743467,0.026703866082104424
MT_ref,MadTrainer,2,MadTrainer,same_drone,median_time,5,1,4,2597,26.059934854507446,1.28960480288535,4.847622396189556,0.011551790527531768
MT_ref,MadTrainer,2,MadTrainer,same_drone,median_time,5,1,5,2477,24.85981011390686,1.5753112935639138,6.009589437044571,0.0
MT_ref,MadTrainer,2,MadTrainer,same_drone,median_time,5,3,3,2509,25.217001914978027,1.7574909143404227,7.212620280287575,0.013949780789159028
MT_ref,MadTrainer,2,MadTrainer,same_drone,median_time,5,3,4,2597,26.059934854507446,1.406352739217425,5.056468651055877,0.011551790527531768
MT_ref,MadTrainer,2,MadTrainer,same_drone,median_time,5,3,5,2477,24.85981011390686,1.772630137941377,6.210768542469197,0.0
MT_ref,MadTrainer,2,MadTrainer,same_drone,median_time,5,5,3,2509,25.217001914978027,1.5185296279131535,7.925264220046221,0.037465125548027105
MT_ref,MadTrainer,2,MadTrainer,same_drone,median_time,5,5,4,2597,26.059934854507446,1.2628166855115524,5.222310300068367,0.011551790527531768
MT_ref,MadTrainer,2,MadTrainer,same_drone,median_time,5,5,5,2477,24.85981011390686,1.7724903120953073,6.3906569953524075,0.0
MT_ref,MadTrainer,2,MadTrainer,same_drone,median_time,5,9,3,2509,25.217001914978027,1.7167759288897173,7.165220952644124,0.005978477481068154
MT_ref,MadTrainer,2,MadTrainer,same_drone,median_time,5,9,4,2597,26.059934854507446,1.433542693562174,5.684738916540005,0.011551790527531768
MT_ref,MadTrainer,2,MadTrainer,same_drone,median_time,5,9,5,2477,24.85981011390686,1.845726616662688,6.393354199945555,0.0
MT_ref,MadTrainer,2,MadTrainer,same_drone,median_time,5,15,3,2509,25.217001914978027,1.8690612666289326,7.875305697565581,0.027500996412913512
MT_ref,MadTrainer,2,MadTrainer,same_drone,median_time,5,15,4,2597,26.059934854507446,1.8440769110952289,6.60789633766418,0.02464381979206777
MT_ref,MadTrainer,2,MadTrainer,same_drone,median_time,5,15,5,2477,24.85981011390686,1.9148054654689872,6.805098460076267,0.0
MT_ref,MadTrainer,2,MadTrainer,same_drone,manual_best,1,1,3,2509,25.217001914978027,2.43633575019949,8.930583934296793,0.022319649262654444
MT_ref,MadTrainer,2,MadTrainer,same_drone,manual_best,1,1,4,2597,26.059934854507446,1.8530158553149363,6.593112828648038,0.02117828263380824
MT_ref,MadTrainer,2,MadTrainer,same_drone,manual_best,1,1,5,2477,24.85981011390686,2.8790494212818487,10.99764943966527,0.07912797739200646
MT_ref,MadTrainer,2,MadTrainer,same_drone,manual_best,1,3,3,2509,25.217001914978027,2.5430346552629857,9.240330569051324,0.03587086488640893
MT_ref,MadTrainer,2,MadTrainer,same_drone,manual_best,1,3,4,2597,26.059934854507446,1.98281181525482,6.417027248175339,0.016557566422795534
MT_ref,MadTrainer,2,MadTrainer,same_drone,manual_best,1,3,5,2477,24.85981011390686,2.907288370994621,13.531070629896758,0.09245054501413
MT_ref,MadTrainer,2,MadTrainer,same_drone,manual_best,1,5,3,2509,25.217001914978027,2.4821187965696367,9.032680791869465,0.02869669190912714
MT_ref,MadTrainer,2,MadTrainer,same_drone,manual_best,1,5,4,2597,26.059934854507446,1.9546308364466825,6.823515835444549,0.016557566422795534
MT_ref,MadTrainer,2,MadTrainer,same_drone,manual_best,1,5,5,2477,24.85981011390686,2.6996242228986347,12.575037947247578,0.09002825999192572
MT_ref,MadTrainer,2,MadTrainer,same_drone,manual_best,1,9,3,2509,25.217001914978027,2.6220544174497036,8.513020911862986,0.010362694300518135
MT_ref,MadTrainer,2,MadTrainer,same_drone,manual_best,1,9,4,2597,26.059934854507446,2.080695701023984,6.075750460315465,0.016557566422795534
MT_ref,MadTrainer,2,MadTrainer,same_drone,manual_best,1,9,5,2477,24.85981011390686,2.9937339521831206,15.136765249970574,0.1005248284214776
MT_ref,MadTrainer,2,MadTrainer,same_drone,manual_best,1,15,3,2509,25.217001914978027,2.873843920604166,8.672583579240191,0.01634117178158629
MT_ref,MadTrainer,2,MadTrainer,same_drone,manual_best,1,15,4,2597,26.059934854507446,2.2547825343691414,6.887264840064819,0.016942626107046593
MT_ref,MadTrainer,2,MadTrainer,same_drone,manual_best,1,15,5,2477,24.85981011390686,3.1333376207809494,12.420590295444951,0.08235769075494549
MT_ref,MadTrainer,2,MadTrainer,same_drone,manual_best,3,1,3,2509,25.217001914978027,1.6684165738495267,7.157968045270559,0.0031885213232363493
MT_ref,MadTrainer,2,MadTrainer,same_drone,manual_best,3,1,4,2597,26.059934854507446,1.393303900435484,5.564292248771464,0.013092029264536002
MT_ref,MadTrainer,2,MadTrainer,same_drone,manual_best,3,1,5,2477,24.85981011390686,2.298917758369214,6.9136160374333,0.010092854259184497
MT_ref,MadTrainer,2,MadTrainer,same_drone,manual_best,3,3,3,2509,25.217001914978027,1.6710773321228487,7.094799063704005,0.0011956954962136308
MT_ref,MadTrainer,2,MadTrainer,same_drone,manual_best,3,3,4,2597,26.059934854507446,1.4725544958139665,5.377636464570294,0.013092029264536002
MT_ref,MadTrainer,2,MadTrainer,same_drone,manual_best,3,3,5,2477,24.85981011390686,2.287760992212114,6.939332654774569,0.014533710133225677
MT_ref,MadTrainer,2,MadTrainer,same_drone,manual_best,3,5,3,2509,25.217001914978027,1.8059985315881448,8.129861868526799,0.031486648066958944
MT_ref,MadTrainer,2,MadTrainer,same_drone,manual_best,3,5,4,2597,26.059934854507446,1.579465710803703,5.635364614257456,0.013092029264536002
MT_ref,MadTrainer,2,MadTrainer,same_drone,manual_best,3,5,5,2477,24.85981011390686,2.0674753855556673,7.152555579712313,0.008881711748082357
MT_ref,MadTrainer,2,MadTrainer,same_drone,manual_best,3,9,3,2509,25.217001914978027,1.78661588857139,7.2589411098529535,0.016739736946990835
MT_ref,MadTrainer,2,MadTrainer,same_drone,manual_best,3,9,4,2597,26.059934854507446,1.5906612954574086,6.67990569299798,0.029649595687331536
MT_ref,MadTrainer,2,MadTrainer,same_drone,manual_best,3,9,5,2477,24.85981011390686,2.325954992420833,7.309526852069125,0.006863140896245458
MT_ref,MadTrainer,2,MadTrainer,same_drone,manual_best,3,15,3,2509,25.217001914978027,2.0082795903787343,7.727415814085533,0.021123953766440814
MT_ref,MadTrainer,2,MadTrainer,same_drone,manual_best,3,15,4,2597,26.059934854507446,1.7778054005173942,6.8164461567126295,0.013092029264536002
MT_ref,MadTrainer,2,MadTrainer,same_drone,manual_best,3,15,5,2477,24.85981011390686,2.253736651287568,7.177935270885721,0.0
MT_ref,MadTrainer,2,MadTrainer,same_drone,manual_best,5,1,3,2509,25.217001914978027,1.7200063466380016,7.276514484743513,0.026703866082104424
MT_ref,MadTrainer,2,MadTrainer,same_drone,manual_best,5,1,4,2597,26.059934854507446,1.2896048028848952,4.847622396189816,0.011551790527531768
MT_ref,MadTrainer,2,MadTrainer,same_drone,manual_best,5,1,5,2477,24.85981011390686,1.57531129356326,6.009589437045054,0.0
MT_ref,MadTrainer,2,MadTrainer,same_drone,manual_best,5,3,3,2509,25.217001914978027,1.7574909143406217,7.212620280287573,0.013949780789159028
MT_ref,MadTrainer,2,MadTrainer,same_drone,manual_best,5,3,4,2597,26.059934854507446,1.4063527392177946,5.056468651056207,0.011551790527531768
MT_ref,MadTrainer,2,MadTrainer,same_drone,manual_best,5,3,5,2477,24.85981011390686,1.7726301379408653,6.210768542469717,0.0
MT_ref,MadTrainer,2,MadTrainer,same_drone,manual_best,5,5,3,2509,25.217001914978027,1.5185296279129261,7.925264220046445,0.037465125548027105
MT_ref,MadTrainer,2,MadTrainer,same_drone,manual_best,5,5,4,2597,26.059934854507446,1.2628166855117797,5.222310300068599,0.011551790527531768
MT_ref,MadTrainer,2,MadTrainer,same_drone,manual_best,5,5,5,2477,24.85981011390686,1.7724903120957016,6.390656995352971,0.0
MT_ref,MadTrainer,2,MadTrainer,same_drone,manual_best,5,9,3,2509,25.217001914978027,1.7167759288898878,7.165220952644191,0.005978477481068154
MT_ref,MadTrainer,2,MadTrainer,same_drone,manual_best,5,9,4,2597,26.059934854507446,1.433542693562373,5.684738916540153,0.011551790527531768
MT_ref,MadTrainer,2,MadTrainer,same_drone,manual_best,5,9,5,2477,24.85981011390686,1.8457266166620627,6.393354199946095,0.0
MT_ref,MadTrainer,2,MadTrainer,same_drone,manual_best,5,15,3,2509,25.217001914978027,1.869061266629103,7.875305697565809,0.027500996412913512
MT_ref,MadTrainer,2,MadTrainer,same_drone,manual_best,5,15,4,2597,26.059934854507446,1.844076911095442,6.6078963376644735,0.02464381979206777
MT_ref,MadTrainer,2,MadTrainer,same_drone,manual_best,5,15,5,2477,24.85981011390686,1.914805465469442,6.80509846007679,0.0
MT_ref,MadTrainer,3,LiftOff_200,cross_drone,fastest,1,1,4,2353,23.624861001968384,1.7877688724758087,10.690847706552455,0.017849553761155972
MT_ref,MadTrainer,3,LiftOff_200,cross_drone,fastest,1,1,5,2443,24.526942014694214,1.7662386165036743,6.450582455756024,0.0
MT_ref,MadTrainer,3,LiftOff_200,cross_drone,fastest,1,1,6,2345,23.54997706413269,2.0259988923975243,6.495328003023524,0.0
MT_ref,MadTrainer,3,LiftOff_200,cross_drone,fastest,1,3,4,2353,23.624861001968384,2.0318473542692175,10.750856347643946,0.02379940501487463
MT_ref,MadTrainer,3,LiftOff_200,cross_drone,fastest,1,3,5,2443,24.526942014694214,1.8126847994279842,6.951250324023768,0.0057306590257879654
MT_ref,MadTrainer,3,LiftOff_200,cross_drone,fastest,1,3,6,2345,23.54997706413269,2.2410668558146583,7.134775594033794,0.014072494669509595
MT_ref,MadTrainer,3,LiftOff_200,cross_drone,fastest,1,5,4,2353,23.624861001968384,2.038423308377702,10.497985032004024,0.02889927751806205
MT_ref,MadTrainer,3,LiftOff_200,cross_drone,fastest,1,5,5,2443,24.526942014694214,1.969600369726379,7.0205897752052175,0.020875972165370446
MT_ref,MadTrainer,3,LiftOff_200,cross_drone,fastest,1,5,6,2345,23.54997706413269,2.1915175810560186,6.853287024003645,0.0
MT_ref,MadTrainer,3,LiftOff_200,cross_drone,fastest,1,9,4,2353,23.624861001968384,2.019478322645938,9.326031852071623,0.01572460688482788
MT_ref,MadTrainer,3,LiftOff_200,cross_drone,fastest,1,9,5,2443,24.526942014694214,1.9933350036504862,7.214123167200639,0.0
MT_ref,MadTrainer,3,LiftOff_200,cross_drone,fastest,1,9,6,2345,23.54997706413269,2.382768198548405,7.5268050634353845,0.0
MT_ref,MadTrainer,3,LiftOff_200,cross_drone,fastest,1,15,4,2353,23.624861001968384,2.3189647116749654,10.14170047071143,0.010624734381640459
MT_ref,MadTrainer,3,LiftOff_200,cross_drone,fastest,1,15,5,2443,24.526942014694214,2.121752444502391,7.6430586741001445,0.0
MT_ref,MadTrainer,3,LiftOff_200,cross_drone,fastest,1,15,6,2345,23.54997706413269,2.4488645133500313,7.514748831151598,0.0
MT_ref,MadTrainer,3,LiftOff_200,cross_drone,fastest,3,1,4,2353,23.624861001968384,1.594504119074763,7.118893544988044,0.0
MT_ref,MadTrainer,3,LiftOff_200,cross_drone,fastest,3,1,5,2443,24.526942014694214,1.4208417306805927,5.522687643693665,0.00040933278755628325
MT_ref,MadTrainer,3,LiftOff_200,cross_drone,fastest,3,1,6,2345,23.54997706413269,1.7444300936573462,7.807327960922962,0.007249466950959489
MT_ref,MadTrainer,3,LiftOff_200,cross_drone,fastest,3,3,4,2353,23.624861001968384,1.6884734203139828,7.400287403035112,0.014874628134296642
MT_ref,MadTrainer,3,LiftOff_200,cross_drone,fastest,3,3,5,2443,24.526942014694214,1.6259678328765403,6.43193270929152,0.006958657388456815
MT_ref,MadTrainer,3,LiftOff_200,cross_drone,fastest,3,3,6,2345,23.54997706413269,1.7527405403647265,7.709981955024672,0.006823027718550106
MT_ref,MadTrainer,3,LiftOff_200,cross_drone,fastest,3,5,4,2353,23.624861001968384,1.7295951855845146,6.656643907997438,0.0
MT_ref,MadTrainer,3,LiftOff_200,cross_drone,fastest,3,5,5,2443,24.526942014694214,1.476020542411561,5.9763431148168715,0.008595988538681949
MT_ref,MadTrainer,3,LiftOff_200,cross_drone,fastest,3,5,6,2345,23.54997706413269,1.9385653600571118,12.730303262273402,0.06439232409381664
MT_ref,MadTrainer,3,LiftOff_200,cross_drone,fastest,3,9,4,2353,23.624861001968384,2.028411196311069,9.689697684548648,0.05227369315767106
MT_ref,MadTrainer,3,LiftOff_200,cross_drone,fastest,3,9,5,2443,24.526942014694214,1.5810153034563683,6.374545258420866,0.001637331150225133
MT_ref,MadTrainer,3,LiftOff_200,cross_drone,fastest,3,9,6,2345,23.54997706413269,1.9397019731042349,8.939333768803214,0.012366737739872069
MT_ref,MadTrainer,3,LiftOff_200,cross_drone,fastest,3,15,4,2353,23.624861001968384,2.119142862034195,7.311998682765424,0.0
MT_ref,MadTrainer,3,LiftOff_200,cross_drone,fastest,3,15,5,2443,24.526942014694214,1.6538199971504923,6.923407718055633,0.010642652476463364
MT_ref,MadTrainer,3,LiftOff_200,cross_drone,fastest,3,15,6,2345,23.54997706413269,2.2380625694284646,9.594134715116933,0.012366737739872069
MT_ref,MadTrainer,3,LiftOff_200,cross_drone,fastest,5,1,4,2353,23.624861001968384,1.8055686759423395,8.092842409417242,0.06587335316617085
MT_ref,MadTrainer,3,LiftOff_200,cross_drone,fastest,5,1,5,2443,24.526942014694214,1.4172280931128114,6.229869796860433,0.0
MT_ref,MadTrainer,3,LiftOff_200,cross_drone,fastest,5,1,6,2345,23.54997706413269,1.8647840602103898,11.12068476673359,0.058422174840085286
MT_ref,MadTrainer,3,LiftOff_200,cross_drone,fastest,5,3,4,2353,23.624861001968384,1.7902088000678447,8.128781497402947,0.06544836379090523
MT_ref,MadTrainer,3,LiftOff_200,cross_drone,fastest,5,3,5,2443,24.526942014694214,1.4006188176691694,6.138364013082592,0.0
MT_ref,MadTrainer,3,LiftOff_200,cross_drone,fastest,5,3,6,2345,23.54997706413269,1.8479371126029775,8.8615515709741,0.023454157782515993
MT_ref,MadTrainer,3,LiftOff_200,cross_drone,fastest,5,5,4,2353,23.624861001968384,1.7943787023448863,6.134313773942558,0.0
MT_ref,MadTrainer,3,LiftOff_200,cross_drone,fastest,5,5,5,2443,24.526942014694214,1.4963971848887354,6.786169700707498,0.0
MT_ref,MadTrainer,3,LiftOff_200,cross_drone,fastest,5,5,6,2345,23.54997706413269,1.7548092341975803,8.693998530638618,0.018763326226012792
MT_ref,MadTrainer,3,LiftOff_200,cross_drone,fastest,5,9,4,2353,23.624861001968384,1.9858429291728612,8.104024487450616,0.04547386315342117
MT_ref,MadTrainer,3,LiftOff_200,cross_drone,fastest,5,9,5,2443,24.526942014694214,1.5675310265430653,7.104357908776092,0.0
MT_ref,MadTrainer,3,LiftOff_200,cross_drone,fastest,5,9,6,2345,23.54997706413269,2.080989267861881,13.015916667520155,0.06055437100213219
MT_ref,MadTrainer,3,LiftOff_200,cross_drone,fastest,5,15,4,2353,23.624861001968384,2.260281116801764,9.543893599647802,0.06629834254143646
MT_ref,MadTrainer,3,LiftOff_200,cross_drone,fastest,5,15,5,2443,24.526942014694214,1.7524586297637939,7.083505274155005,0.0
MT_ref,MadTrainer,3,LiftOff_200,cross_drone,fastest,5,15,6,2345,23.54997706413269,2.7893371580957655,30.87680144778379,0.15394456289978678
MT_ref,MadTrainer,3,LiftOff_200,cross_drone,median_time,1,1,4,2353,23.624861001968384,1.384592584440007,8.38730430812132,0.00764980875478113
MT_ref,MadTrainer,3,LiftOff_200,cross_drone,median_time,1,1,5,2443,24.526942014694214,1.2990551697879495,5.50712510636954,0.0
MT_ref,MadTrainer,3,LiftOff_200,cross_drone,median_time,1,1,6,2345,23.54997706413269,1.9549253554330903,10.90230255500699,0.06140724946695096
MT_ref,MadTrainer,3,LiftOff_200,cross_drone,median_time,1,3,4,2353,23.624861001968384,1.6227673819058168,8.172050006073249,0.011049723756906077
MT_ref,MadTrainer,3,LiftOff_200,cross_drone,median_time,1,3,5,2443,24.526942014694214,1.265719425970076,5.746661232462283,0.0
MT_ref,MadTrainer,3,LiftOff_200,cross_drone,median_time,1,3,6,2345,23.54997706413269,1.8016122662652947,6.626638334965035,0.011087420042643924
MT_ref,MadTrainer,3,LiftOff_200,cross_drone,median_time,1,5,4,2353,23.624861001968384,1.4207639404973236,7.342712692845034,0.0
MT_ref,MadTrainer,3,LiftOff_200,cross_drone,median_time,1,5,5,2443,24.526942014694214,1.3163224076207314,6.262233032038758,0.0
MT_ref,MadTrainer,3,LiftOff_200,cross_drone,median_time,1,5,6,2345,23.54997706413269,2.0810215964655434,12.269246522327363,0.05373134328358209
MT_ref,MadTrainer,3,LiftOff_200,cross_drone,median_time,1,9,4,2353,23.624861001968384,1.5867480403101695,7.720618812475723,0.004249893752656183
MT_ref,MadTrainer,3,LiftOff_200,cross_drone,median_time,1,9,5,2443,24.526942014694214,1.425888636738776,6.175426262543526,0.0
MT_ref,MadTrainer,3,LiftOff_200,cross_drone,median_time,1,9,6,2345,23.54997706413269,1.9173859994781637,8.839011673238257,0.0042643923240938165
MT_ref,MadTrainer,3,LiftOff_200,cross_drone,median_time,1,15,4,2353,23.624861001968384,1.8787165830689787,8.090447517387798,0.0012749681257968552
MT_ref,MadTrainer,3,LiftOff_200,cross_drone,median_time,1,15,5,2443,24.526942014694214,1.424551289754774,6.713364760120011,0.0
MT_ref,MadTrainer,3,LiftOff_200,cross_drone,median_time,1,15,6,2345,23.54997706413269,2.1048253334045626,10.542454182861418,0.05031982942430704
MT_ref,MadTrainer,3,LiftOff_200,cross_drone,median_time,3,1,4,2353,23.624861001968384,1.5945041190747418,7.1188935449880155,0.0
MT_ref,MadTrainer,3,LiftOff_200,cross_drone,median_time,3,1,5,2443,24.526942014694214,1.4208417306810475,5.52268764369338,0.00040933278755628325
MT_ref,MadTrainer,3,LiftOff_200,cross_drone,median_time,3,1,6,2345,23.54997706413269,1.7444300936567814,7.80732796092236,0.007249466950959489
MT_ref,MadTrainer,3,LiftOff_200,cross_drone,median_time,3,3,4,2353,23.624861001968384,1.6884734203138692,7.400287403035111,0.014874628134296642
MT_ref,MadTrainer,3,LiftOff_200,cross_drone,median_time,3,3,5,2443,24.526942014694214,1.6259678328762277,6.431932709291208,0.006958657388456815
MT_ref,MadTrainer,3,LiftOff_200,cross_drone,median_time,3,3,6,2345,23.54997706413269,1.7527405403641865,7.709981955024067,0.006823027718550106
MT_ref,MadTrainer,3,LiftOff_200,cross_drone,median_time,3,5,4,2353,23.624861001968384,1.7295951855846852,6.656643907997438,0.0
MT_ref,MadTrainer,3,LiftOff_200,cross_drone,median_time,3,5,5,2443,24.526942014694214,1.4760205424118737,5.976343114816607,0.008595988538681949
MT_ref,MadTrainer,3,LiftOff_200,cross_drone,median_time,3,5,6,2345,23.54997706413269,1.9385653600566002,12.730303262273383,0.06439232409381664
MT_ref,MadTrainer,3,LiftOff_200,cross_drone,median_time,3,9,4,2353,23.624861001968384,2.028411196311083,9.689697684548625,0.05227369315767106
MT_ref,MadTrainer,3,LiftOff_200,cross_drone,median_time,3,9,5,2443,24.526942014694214,1.5810153034561125,6.3745452584205875,0.001637331150225133
MT_ref,MadTrainer,3,LiftOff_200,cross_drone,median_time,3,9,6,2345,23.54997706413269,1.9397019731048317,8.939333768802555,0.012366737739872069
MT_ref,MadTrainer,3,LiftOff_200,cross_drone,median_time,3,15,4,2353,23.624861001968384,2.119142862034188,7.311998682765418,0.0
MT_ref,MadTrainer,3,LiftOff_200,cross_drone,median_time,3,15,5,2443,24.526942014694214,1.6538199971501228,6.9234077180553495,0.010642652476463364
MT_ref,MadTrainer,3,LiftOff_200,cross_drone,median_time,3,15,6,2345,23.54997706413269,2.2380625694279033,9.59413471511608,0.012366737739872069
MT_ref,MadTrainer,3,LiftOff_200,cross_drone,median_time,5,1,4,2353,23.624861001968384,1.8055686759423537,8.092842409417305,0.06587335316617085
MT_ref,MadTrainer,3,LiftOff_200,cross_drone,median_time,5,1,5,2443,24.526942014694214,1.4172280931133798,6.22986979686085,0.0
MT_ref,MadTrainer,3,LiftOff_200,cross_drone,median_time,5,1,6,2345,23.54997706413269,1.8647840602098498,11.120684766734243,0.058422174840085286
MT_ref,MadTrainer,3,LiftOff_200,cross_drone,median_time,5,3,4,2353,23.624861001968384,1.7902088000678589,8.128781497403004,0.06544836379090523
MT_ref,MadTrainer,3,LiftOff_200,cross_drone,median_time,5,3,5,2443,24.526942014694214,1.4006188176687715,6.138364013082967,0.0
MT_ref,MadTrainer,3,LiftOff_200,cross_drone,median_time,5,3,6,2345,23.54997706413269,1.8479371126023239,8.861551570974793,0.023454157782515993
MT_ref,MadTrainer,3,LiftOff_200,cross_drone,median_time,5,5,4,2353,23.624861001968384,1.794378702344801,6.134313773942562,0.0
MT_ref,MadTrainer,3,LiftOff_200,cross_drone,median_time,5,5,5,2443,24.526942014694214,1.496397184888437,6.786169700707831,0.0
MT_ref,MadTrainer,3,LiftOff_200,cross_drone,median_time,5,5,6,2345,23.54997706413269,1.7548092341982624,8.6939985306393,0.018763326226012792
MT_ref,MadTrainer,3,LiftOff_200,cross_drone,median_time,5,9,4,2353,23.624861001968384,1.9858429291727475,8.104024487450687,0.04547386315342117
MT_ref,MadTrainer,3,LiftOff_200,cross_drone,median_time,5,9,5,2443,24.526942014694214,1.5675310265436053,7.104357908776383,0.0
MT_ref,MadTrainer,3,LiftOff_200,cross_drone,median_time,5,9,6,2345,23.54997706413269,2.0809892678625204,13.015916667520798,0.06055437100213219
MT_ref,MadTrainer,3,LiftOff_200,cross_drone,median_time,5,15,4,2353,23.624861001968384,2.260281116802048,9.543893599647847,0.06629834254143646
MT_ref,MadTrainer,3,LiftOff_200,cross_drone,median_time,5,15,5,2443,24.526942014694214,1.7524586297640639,7.083505274155368,0.0
MT_ref,MadTrainer,3,LiftOff_200,cross_drone,median_time,5,15,6,2345,23.54997706413269,2.7893371580962807,30.876801447783837,0.15394456289978678
MT_ref,MadTrainer,3,LiftOff_200,cross_drone,manual_best,1,1,4,2353,23.624861001968384,1.7877688724758087,10.690847706552455,0.017849553761155972
MT_ref,MadTrainer,3,LiftOff_200,cross_drone,manual_best,1,1,5,2443,24.526942014694214,1.7662386165036743,6.450582455756024,0.0
MT_ref,MadTrainer,3,LiftOff_200,cross_drone,manual_best,1,1,6,2345,23.54997706413269,2.0259988923975243,6.495328003023524,0.0
MT_ref,MadTrainer,3,LiftOff_200,cross_drone,manual_best,1,3,4,2353,23.624861001968384,2.0318473542692175,10.750856347643946,0.02379940501487463
MT_ref,MadTrainer,3,LiftOff_200,cross_drone,manual_best,1,3,5,2443,24.526942014694214,1.8126847994279842,6.951250324023768,0.0057306590257879654
MT_ref,MadTrainer,3,LiftOff_200,cross_drone,manual_best,1,3,6,2345,23.54997706413269,2.2410668558146583,7.134775594033794,0.014072494669509595
MT_ref,MadTrainer,3,LiftOff_200,cross_drone,manual_best,1,5,4,2353,23.624861001968384,2.038423308377702,10.497985032004024,0.02889927751806205
MT_ref,MadTrainer,3,LiftOff_200,cross_drone,manual_best,1,5,5,2443,24.526942014694214,1.969600369726379,7.0205897752052175,0.020875972165370446
MT_ref,MadTrainer,3,LiftOff_200,cross_drone,manual_best,1,5,6,2345,23.54997706413269,2.1915175810560186,6.853287024003645,0.0
MT_ref,MadTrainer,3,LiftOff_200,cross_drone,manual_best,1,9,4,2353,23.624861001968384,2.019478322645938,9.326031852071623,0.01572460688482788
MT_ref,MadTrainer,3,LiftOff_200,cross_drone,manual_best,1,9,5,2443,24.526942014694214,1.9933350036504862,7.214123167200639,0.0
MT_ref,MadTrainer,3,LiftOff_200,cross_drone,manual_best,1,9,6,2345,23.54997706413269,2.382768198548405,7.5268050634353845,0.0
MT_ref,MadTrainer,3,LiftOff_200,cross_drone,manual_best,1,15,4,2353,23.624861001968384,2.3189647116749654,10.14170047071143,0.010624734381640459
MT_ref,MadTrainer,3,LiftOff_200,cross_drone,manual_best,1,15,5,2443,24.526942014694214,2.121752444502391,7.6430586741001445,0.0
MT_ref,MadTrainer,3,LiftOff_200,cross_drone,manual_best,1,15,6,2345,23.54997706413269,2.4488645133500313,7.514748831151598,0.0
MT_ref,MadTrainer,3,LiftOff_200,cross_drone,manual_best,3,1,4,2353,23.624861001968384,2.0642283460211814,9.560882538706968,0.09137271568210795
MT_ref,MadTrainer,3,LiftOff_200,cross_drone,manual_best,3,1,5,2443,24.526942014694214,1.62240562715823,6.462127097394593,0.0
MT_ref,MadTrainer,3,LiftOff_200,cross_drone,manual_best,3,1,6,2345,23.54997706413269,2.091811385488775,10.349940938642286,0.034968017057569294
MT_ref,MadTrainer,3,LiftOff_200,cross_drone,manual_best,3,3,4,2353,23.624861001968384,2.0189414996611674,8.22138216679042,0.06289842753931152
MT_ref,MadTrainer,3,LiftOff_200,cross_drone,manual_best,3,3,5,2443,24.526942014694214,1.668665496323257,6.5976977093374005,0.0
MT_ref,MadTrainer,3,LiftOff_200,cross_drone,manual_best,3,3,6,2345,23.54997706413269,1.7977576227179668,7.534966025269249,0.0029850746268656717
MT_ref,MadTrainer,3,LiftOff_200,cross_drone,manual_best,3,5,4,2353,23.624861001968384,1.9679640322509897,8.317377189135739,0.07054823629409265
MT_ref,MadTrainer,3,LiftOff_200,cross_drone,manual_best,3,5,5,2443,24.526942014694214,1.7551499343715378,6.734295344334869,0.0
MT_ref,MadTrainer,3,LiftOff_200,cross_drone,manual_best,3,5,6,2345,23.54997706413269,1.984801517705506,9.203664657354583,0.04051172707889126
MT_ref,MadTrainer,3,LiftOff_200,cross_drone,manual_best,3,9,4,2353,23.624861001968384,2.522303455215365,10.772539049476146,0.09519762005949851
MT_ref,MadTrainer,3,LiftOff_200,cross_drone,manual_best,3,9,5,2443,24.526942014694214,1.826527479671995,6.90901665721994,0.0
MT_ref,MadTrainer,3,LiftOff_200,cross_drone,manual_best,3,9,6,2345,23.54997706413269,2.0397124260840087,9.69276902765249,0.044349680170575695
MT_ref,MadTrainer,3,LiftOff_200,cross_drone,manual_best,3,15,4,2353,23.624861001968384,2.4388040562495803,10.007753070851546,0.08882277943051424
MT_ref,MadTrainer,3,LiftOff_200,cross_drone,manual_best,3,15,5,2443,24.526942014694214,2.1078664246119985,6.992190753855101,0.0
MT_ref,MadTrainer,3,LiftOff_200,cross_drone,manual_best,3,15,6,2345,23.54997706413269,2.2702538339018687,11.673659822840534,0.06695095948827293
MT_ref,MadTrainer,3,LiftOff_200,cross_drone,manual_best,5,1,4,2353,23.624861001968384,1.805568675942439,8.092842409417441,0.06587335316617085
MT_ref,MadTrainer,3,LiftOff_200,cross_drone,manual_best,5,1,5,2443,24.526942014694214,1.4172280931137493,6.229869796861203,0.0
MT_ref,MadTrainer,3,LiftOff_200,cross_drone,manual_best,5,1,6,2345,23.54997706413269,1.8647840602094092,11.120684766734742,0.058422174840085286
MT_ref,MadTrainer,3,LiftOff_200,cross_drone,manual_best,5,3,4,2353,23.624861001968384,1.790208800067873,8.128781497403146,0.06544836379090523
MT_ref,MadTrainer,3,LiftOff_200,cross_drone,manual_best,5,3,5,2443,24.526942014694214,1.4006188176684304,6.138364013083393,0.0
MT_ref,MadTrainer,3,LiftOff_200,cross_drone,manual_best,5,3,6,2345,23.54997706413269,1.847937112601727,8.861551570975351,0.023454157782515993
MT_ref,MadTrainer,3,LiftOff_200,cross_drone,manual_best,5,5,4,2353,23.624861001968384,1.794378702344602,6.134313773942551,0.0
MT_ref,MadTrainer,3,LiftOff_200,cross_drone,manual_best,5,5,5,2443,24.526942014694214,1.4963971848881954,6.786169700708184,0.0
MT_ref,MadTrainer,3,LiftOff_200,cross_drone,manual_best,5,5,6,2345,23.54997706413269,1.7548092341988308,8.693998530639869,0.018763326226012792
MT_ref,MadTrainer,3,LiftOff_200,cross_drone,manual_best,5,9,4,2353,23.624861001968384,1.9858429291725486,8.10402448745082,0.04547386315342117
MT_ref,MadTrainer,3,LiftOff_200,cross_drone,manual_best,5,9,5,2443,24.526942014694214,1.56753102654406,7.104357908776636,0.0
MT_ref,MadTrainer,3,LiftOff_200,cross_drone,manual_best,5,9,6,2345,23.54997706413269,2.080989267862961,13.015916667521326,0.06055437100213219
MT_ref,MadTrainer,3,LiftOff_200,cross_drone,manual_best,5,15,4,2353,23.624861001968384,2.2602811168021617,9.543893599648007,0.06629834254143646
MT_ref,MadTrainer,3,LiftOff_200,cross_drone,manual_best,5,15,5,2443,24.526942014694214,1.752458629764206,7.083505274155681,0.0
MT_ref,MadTrainer,3,LiftOff_200,cross_drone,manual_best,5,15,6,2345,23.54997706413269,2.789337158096629,30.87680144778395,0.15394456289978678
MT_ref,MadTrainer,4,LiftOff_200,cross_drone,fastest,1,1,3,2514,25.249022006988525,2.2531665681544837,6.908259163128679,0.02545743834526651
MT_ref,MadTrainer,4,LiftOff_200,cross_drone,fastest,1,1,4,2314,23.20598602294922,1.7944079994986275,8.072788998363754,0.00648228176318064
MT_ref,MadTrainer,4,LiftOff_200,cross_drone,fastest,1,1,5,2252,22.615839958190918,1.7605602293392195,7.004537209600827,0.003108348134991119
MT_ref,MadTrainer,4,LiftOff_200,cross_drone,fastest,1,3,3,2514,25.249022006988525,2.1200548568263002,7.240827861536585,0.018297533810660304
MT_ref,MadTrainer,4,LiftOff_200,cross_drone,fastest,1,3,4,2314,23.20598602294922,1.7466465322072082,8.384587454130301,0.00648228176318064
MT_ref,MadTrainer,4,LiftOff_200,cross_drone,fastest,1,3,5,2252,22.615839958190918,1.7980838934099665,7.28950153303643,0.007104795737122558
MT_ref,MadTrainer,4,LiftOff_200,cross_drone,fastest,1,5,3,2514,25.249022006988525,2.193545107477032,7.209704466172855,0.01392203659506762
MT_ref,MadTrainer,4,LiftOff_200,cross_drone,fastest,1,5,4,2314,23.20598602294922,1.9378494829607966,7.891904491504597,0.006914433880726016
MT_ref,MadTrainer,4,LiftOff_200,cross_drone,fastest,1,5,5,2252,22.615839958190918,1.8862103354387187,7.480854465712813,0.003552397868561279
MT_ref,MadTrainer,4,LiftOff_200,cross_drone,fastest,1,9,3,2514,25.249022006988525,2.4435814054984775,7.830069200834246,0.04375497215592681
MT_ref,MadTrainer,4,LiftOff_200,cross_drone,fastest,1,9,4,2314,23.20598602294922,2.2145263240557647,8.009724515767196,0.006914433880726016
MT_ref,MadTrainer,4,LiftOff_200,cross_drone,fastest,1,9,5,2252,22.615839958190918,1.9943783572440452,7.406557075000637,0.004884547069271759
MT_ref,MadTrainer,4,LiftOff_200,cross_drone,fastest,1,15,3,2514,25.249022006988525,2.6310428305675515,7.9265700368220555,0.014319809069212411
MT_ref,MadTrainer,4,LiftOff_200,cross_drone,fastest,1,15,4,2314,23.20598602294922,2.2372900246790977,8.41524024300237,0.006914433880726016
MT_ref,MadTrainer,4,LiftOff_200,cross_drone,fastest,1,15,5,2252,22.615839958190918,2.3467039329473565,7.466177106203557,0.0053285968028419185
MT_ref,MadTrainer,4,LiftOff_200,cross_drone,fastest,3,1,3,2514,25.249022006988525,2.1263397221263745,10.682091175434588,0.05290373906125696
MT_ref,MadTrainer,4,LiftOff_200,cross_drone,fastest,3,1,4,2314,23.20598602294922,1.7285165966626224,8.761360093330403,0.012100259291270527
MT_ref,MadTrainer,4,LiftOff_200,cross_drone,fastest,3,1,5,2252,22.615839958190918,1.7531872034727272,6.6611830308484405,0.0017761989342806395
MT_ref,MadTrainer,4,LiftOff_200,cross_drone,fastest,3,3,3,2514,25.249022006988525,2.001536759423395,10.581383367074148,0.04455051710421639
MT_ref,MadTrainer,4,LiftOff_200,cross_drone,fastest,3,3,4,2314,23.20598602294922,1.5895516563373633,7.848542055429038,0.004753673292999135
MT_ref,MadTrainer,4,LiftOff_200,cross_drone,fastest,3,3,5,2252,22.615839958190918,1.736377313972298,7.577912738815006,0.004884547069271759
MT_ref,MadTrainer,4,LiftOff_200,cross_drone,fastest,3,5,3,2514,25.249022006988525,1.9165251370217007,7.6524245083067814,0.03818615751789976
MT_ref,MadTrainer,4,LiftOff_200,cross_drone,fastest,3,5,4,2314,23.20598602294922,1.3981212860743568,6.820795958754467,0.004753673292999135
MT_ref,MadTrainer,4,LiftOff_200,cross_drone,fastest,3,5,5,2252,22.615839958190918,1.6612066578612428,7.341005267932157,0.013765541740674956
MT_ref,MadTrainer,4,LiftOff_200,cross_drone,fastest,3,9,3,2514,25.249022006988525,1.9471020821524974,6.868290693954564,0.004375497215592681
MT_ref,MadTrainer,4,LiftOff_200,cross_drone,fastest,3,9,4,2314,23.20598602294922,1.5164848657154195,7.831388568709629,0.014693171996542784
MT_ref,MadTrainer,4,LiftOff_200,cross_drone,fastest,3,9,5,2252,22.615839958190918,1.7983187200401325,7.120050392912946,0.007104795737122558
MT_ref,MadTrainer,4,LiftOff_200,cross_drone,fastest,3,15,3,2514,25.249022006988525,2.088226611762096,7.503430322861822,0.009148766905330152
MT_ref,MadTrainer,4,LiftOff_200,cross_drone,fastest,3,15,4,2314,23.20598602294922,1.8874628459477094,9.21243144579809,0.018150388936905792
MT_ref,MadTrainer,4,LiftOff_200,cross_drone,fastest,3,15,5,2252,22.615839958190918,1.9947559513965913,9.2920691225229,0.03374777975133215
MT_ref,MadTrainer,4,LiftOff_200,cross_drone,fastest,5,1,3,2514,25.249022006988525,1.769655888139468,5.71647469725311,0.0
MT_ref,MadTrainer,4,LiftOff_200,cross_drone,fastest,5,1,4,2314,23.20598602294922,1.5548931884652575,6.420316677674327,0.006050129645635264
MT_ref,MadTrainer,4,LiftOff_200,cross_drone,fastest,5,1,5,2252,22.615839958190918,1.7541385852934255,8.008542786720483,0.02264653641207815
MT_ref,MadTrainer,4,LiftOff_200,cross_drone,fastest,5,3,3,2514,25.249022006988525,1.87721642373198,6.043473140719052,0.0031821797931583136
MT_ref,MadTrainer,4,LiftOff_200,cross_drone,fastest,5,3,4,2314,23.20598602294922,1.5180694702062212,6.2200560170403145,0.006050129645635264
MT_ref,MadTrainer,4,LiftOff_200,cross_drone,fastest,5,3,5,2252,22.615839958190918,1.8062231353517788,7.914399935680035,0.015985790408525755
MT_ref,MadTrainer,4,LiftOff_200,cross_drone,fastest,5,5,3,2514,25.249022006988525,2.04705521645802,7.206851382354337,0.03420843277645187
MT_ref,MadTrainer,4,LiftOff_200,cross_drone,fastest,5,5,4,2314,23.20598602294922,1.7560130969115093,6.130381313610494,0.006050129645635264
MT_ref,MadTrainer,4,LiftOff_200,cross_drone,fastest,5,5,5,2252,22.615839958190918,1.8554773551692705,7.098232647114962,0.008880994671403197
MT_ref,MadTrainer,4,LiftOff_200,cross_drone,fastest,5,9,3,2514,25.249022006988525,2.041157942479444,6.584944243574147,0.0
MT_ref,MadTrainer,4,LiftOff_200,cross_drone,fastest,5,9,4,2314,23.20598602294922,1.7340357614323523,6.121309795890273,0.006050129645635264
MT_ref,MadTrainer,4,LiftOff_200,cross_drone,fastest,5,9,5,2252,22.615839958190918,1.5744735479111203,7.203672488940286,0.0008880994671403197
MT_ref,MadTrainer,4,LiftOff_200,cross_drone,fastest,5,15,3,2514,25.249022006988525,2.3947661273665943,7.476000085785427,0.034606205250596656
MT_ref,MadTrainer,4,LiftOff_200,cross_drone,fastest,5,15,4,2314,23.20598602294922,2.019368186081657,6.704579224602021,0.006050129645635264
MT_ref,MadTrainer,4,LiftOff_200,cross_drone,fastest,5,15,5,2252,22.615839958190918,2.0595491192725532,8.749877003726532,0.023090586145648313
MT_ref,MadTrainer,4,LiftOff_200,cross_drone,median_time,1,1,3,2514,25.249022006988525,1.658592376026462,8.037055748668122,0.006762132060461416
MT_ref,MadTrainer,4,LiftOff_200,cross_drone,median_time,1,1,4,2314,23.20598602294922,1.7338674618018715,15.866042594678255,0.10674157303370786
MT_ref,MadTrainer,4,LiftOff_200,cross_drone,median_time,1,1,5,2252,22.615839958190918,1.8938942210885088,5.8336172161079904,0.003996447602131439
MT_ref,MadTrainer,4,LiftOff_200,cross_drone,median_time,1,3,3,2514,25.249022006988525,1.5617775398311409,7.820210270452599,0.006762132060461416
MT_ref,MadTrainer,4,LiftOff_200,cross_drone,median_time,1,3,4,2314,23.20598602294922,1.8726696818070536,49.18428170272307,0.23120138288677614
MT_ref,MadTrainer,4,LiftOff_200,cross_drone,median_time,1,3,5,2252,22.615839958190918,1.6926365176600946,5.957928903726687,0.004884547069271759
MT_ref,MadTrainer,4,LiftOff_200,cross_drone,median_time,1,5,3,2514,25.249022006988525,1.4649097504659068,6.694618781250506,0.0011933174224343676
MT_ref,MadTrainer,4,LiftOff_200,cross_drone,median_time,1,5,4,2314,23.20598602294922,1.9071150195648774,24.071446939991876,0.18668971477960242
MT_ref,MadTrainer,4,LiftOff_200,cross_drone,median_time,1,5,5,2252,22.615839958190918,1.567086477702743,5.911753347109737,0.004884547069271759
MT_ref,MadTrainer,4,LiftOff_200,cross_drone,median_time,1,9,3,2514,25.249022006988525,1.6252895723723526,7.151992815575373,0.006762132060461416
MT_ref,MadTrainer,4,LiftOff_200,cross_drone,median_time,1,9,4,2314,23.20598602294922,1.5849354544318643,10.318280276604652,0.058772687986171135
MT_ref,MadTrainer,4,LiftOff_200,cross_drone,median_time,1,9,5,2252,22.615839958190918,1.9692956038207257,6.673849313213167,0.0053285968028419185
MT_ref,MadTrainer,4,LiftOff_200,cross_drone,median_time,1,15,3,2514,25.249022006988525,1.8887404231426785,8.175960087474994,0.003579952267303103
MT_ref,MadTrainer,4,LiftOff_200,cross_drone,median_time,1,15,4,2314,23.20598602294922,1.9706096536260276,28.66982093571887,0.168971477960242
MT_ref,MadTrainer,4,LiftOff_200,cross_drone,median_time,1,15,5,2252,22.615839958190918,2.1125767849966763,7.030184175678754,0.0066607460035523975
MT_ref,MadTrainer,4,LiftOff_200,cross_drone,median_time,3,1,3,2514,25.249022006988525,2.1263397221263887,10.682091175434614,0.05290373906125696
MT_ref,MadTrainer,4,LiftOff_200,cross_drone,median_time,3,1,4,2314,23.20598602294922,1.7285165966626153,8.76136009333006,0.012100259291270527
MT_ref,MadTrainer,4,LiftOff_200,cross_drone,median_time,3,1,5,2252,22.615839958190918,1.7531872034726845,6.661183030847872,0.0017761989342806395
MT_ref,MadTrainer,4,LiftOff_200,cross_drone,median_time,3,3,3,2514,25.249022006988525,2.0015367594233737,10.581383367074158,0.04455051710421639
MT_ref,MadTrainer,4,LiftOff_200,cross_drone,median_time,3,3,4,2314,23.20598602294922,1.5895516563375622,7.84854205542886,0.004753673292999135
MT_ref,MadTrainer,4,LiftOff_200,cross_drone,median_time,3,3,5,2252,22.615839958190918,1.7363773139723548,7.577912738814597,0.004884547069271759
MT_ref,MadTrainer,4,LiftOff_200,cross_drone,median_time,3,5,3,2514,25.249022006988525,1.9165251370216936,7.652424508306773,0.03818615751789976
MT_ref,MadTrainer,4,LiftOff_200,cross_drone,median_time,3,5,4,2314,23.20598602294922,1.3981212860742716,6.820795958754333,0.004753673292999135
MT_ref,MadTrainer,4,LiftOff_200,cross_drone,median_time,3,5,5,2252,22.615839958190918,1.661206657860749,7.341005267931753,0.013765541740674956
MT_ref,MadTrainer,4,LiftOff_200,cross_drone,median_time,3,9,3,2514,25.249022006988525,1.947102082152476,6.868290693954547,0.004375497215592681
MT_ref,MadTrainer,4,LiftOff_200,cross_drone,median_time,3,9,4,2314,23.20598602294922,1.5164848657154408,7.831388568709391,0.014693171996542784
MT_ref,MadTrainer,4,LiftOff_200,cross_drone,median_time,3,9,5,2252,22.615839958190918,1.7983187200397026,7.120050392912492,0.007104795737122558
MT_ref,MadTrainer,4,LiftOff_200,cross_drone,median_time,3,15,3,2514,25.249022006988525,2.088226611762142,7.503430322861828,0.009148766905330152
MT_ref,MadTrainer,4,LiftOff_200,cross_drone,median_time,3,15,4,2314,23.20598602294922,1.8874628459473968,9.21243144579782,0.018150388936905792
MT_ref,MadTrainer,4,LiftOff_200,cross_drone,median_time,3,15,5,2252,22.615839958190918,1.9947559513960265,9.292069122522332,0.03374777975133215
MT_ref,MadTrainer,4,LiftOff_200,cross_drone,median_time,5,1,3,2514,25.249022006988525,1.7696558881395674,5.7164746972531955,0.0
MT_ref,MadTrainer,4,LiftOff_200,cross_drone,median_time,5,1,4,2314,23.20598602294922,1.5548931884657051,6.4203166776746645,0.006050129645635264
MT_ref,MadTrainer,4,LiftOff_200,cross_drone,median_time,5,1,5,2252,22.615839958190918,1.754138585293397,8.00854278672106,0.02264653641207815
MT_ref,MadTrainer,4,LiftOff_200,cross_drone,median_time,5,3,3,2514,25.249022006988525,1.8772164237318805,6.043473140719053,0.0031821797931583136
MT_ref,MadTrainer,4,LiftOff_200,cross_drone,median_time,5,3,4,2314,23.20598602294922,1.5180694702062247,6.220056017040463,0.006050129645635264
MT_ref,MadTrainer,4,LiftOff_200,cross_drone,median_time,5,3,5,2252,22.615839958190918,1.806223135351864,7.914399935680914,0.015985790408525755
MT_ref,MadTrainer,4,LiftOff_200,cross_drone,median_time,5,5,3,2514,25.249022006988525,2.0470552164582614,7.2068513823543965,0.03420843277645187
MT_ref,MadTrainer,4,LiftOff_200,cross_drone,median_time,5,5,4,2314,23.20598602294922,1.756013096911964,6.130381313610835,0.006050129645635264
MT_ref,MadTrainer,4,LiftOff_200,cross_drone,median_time,5,5,5,2252,22.615839958190918,1.8554773551692065,7.098232647115541,0.008880994671403197
MT_ref,MadTrainer,4,LiftOff_200,cross_drone,median_time,5,9,3,2514,25.249022006988525,2.041157942479586,6.584944243574163,0.0
MT_ref,MadTrainer,4,LiftOff_200,cross_drone,median_time,5,9,4,2314,23.20598602294922,1.7340357614320112,6.121309795890117,0.006050129645635264
MT_ref,MadTrainer,4,LiftOff_200,cross_drone,median_time,5,9,5,2252,22.615839958190918,1.574473547911646,7.2036724889407955,0.0008880994671403197
MT_ref,MadTrainer,4,LiftOff_200,cross_drone,median_time,5,15,3,2514,25.249022006988525,2.3947661273666796,7.476000085785454,0.034606205250596656
MT_ref,MadTrainer,4,LiftOff_200,cross_drone,median_time,5,15,4,2314,23.20598602294922,2.019368186082062,6.7045792246025036,0.006050129645635264
MT_ref,MadTrainer,4,LiftOff_200,cross_drone,median_time,5,15,5,2252,22.615839958190918,2.0595491192724538,8.749877003727187,0.023090586145648313
MT_ref,MadTrainer,4,LiftOff_200,cross_drone,manual_best,1,1,3,2514,25.249022006988525,2.2531665681544837,6.908259163128679,0.02545743834526651
MT_ref,MadTrainer,4,LiftOff_200,cross_drone,manual_best,1,1,4,2314,23.20598602294922,1.7944079994986275,8.072788998363754,0.00648228176318064
MT_ref,MadTrainer,4,LiftOff_200,cross_drone,manual_best,1,1,5,2252,22.615839958190918,1.7605602293392195,7.004537209600827,0.003108348134991119
MT_ref,MadTrainer,4,LiftOff_200,cross_drone,manual_best,1,3,3,2514,25.249022006988525,2.1200548568263002,7.240827861536585,0.018297533810660304
MT_ref,MadTrainer,4,LiftOff_200,cross_drone,manual_best,1,3,4,2314,23.20598602294922,1.7466465322072082,8.384587454130301,0.00648228176318064
MT_ref,MadTrainer,4,LiftOff_200,cross_drone,manual_best,1,3,5,2252,22.615839958190918,1.7980838934099665,7.28950153303643,0.007104795737122558
MT_ref,MadTrainer,4,LiftOff_200,cross_drone,manual_best,1,5,3,2514,25.249022006988525,2.193545107477032,7.209704466172855,0.01392203659506762
MT_ref,MadTrainer,4,LiftOff_200,cross_drone,manual_best,1,5,4,2314,23.20598602294922,1.9378494829607966,7.891904491504597,0.006914433880726016
MT_ref,MadTrainer,4,LiftOff_200,cross_drone,manual_best,1,5,5,2252,22.615839958190918,1.8862103354387187,7.480854465712813,0.003552397868561279
MT_ref,MadTrainer,4,LiftOff_200,cross_drone,manual_best,1,9,3,2514,25.249022006988525,2.4435814054984775,7.830069200834246,0.04375497215592681
MT_ref,MadTrainer,4,LiftOff_200,cross_drone,manual_best,1,9,4,2314,23.20598602294922,2.2145263240557647,8.009724515767196,0.006914433880726016
MT_ref,MadTrainer,4,LiftOff_200,cross_drone,manual_best,1,9,5,2252,22.615839958190918,1.9943783572440452,7.406557075000637,0.004884547069271759
MT_ref,MadTrainer,4,LiftOff_200,cross_drone,manual_best,1,15,3,2514,25.249022006988525,2.6310428305675515,7.9265700368220555,0.014319809069212411
MT_ref,MadTrainer,4,LiftOff_200,cross_drone,manual_best,1,15,4,2314,23.20598602294922,2.2372900246790977,8.41524024300237,0.006914433880726016
MT_ref,MadTrainer,4,LiftOff_200,cross_drone,manual_best,1,15,5,2252,22.615839958190918,2.3467039329473565,7.466177106203557,0.0053285968028419185
MT_ref,MadTrainer,4,LiftOff_200,cross_drone,manual_best,3,1,3,2514,25.249022006988525,1.901305055159348,6.103914687448013,0.006364359586316627
MT_ref,MadTrainer,4,LiftOff_200,cross_drone,manual_best,3,1,4,2314,23.20598602294922,1.6876234024804262,6.608486636680694,0.00648228176318064
MT_ref,MadTrainer,4,LiftOff_200,cross_drone,manual_best,3,1,5,2252,22.615839958190918,1.7575656663178734,7.586035818325565,0.008880994671403197
MT_ref,MadTrainer,4,LiftOff_200,cross_drone,manual_best,3,3,3,2514,25.249022006988525,1.8531104656777164,5.859803700560848,0.0
MT_ref,MadTrainer,4,LiftOff_200,cross_drone,manual_best,3,3,4,2314,23.20598602294922,1.6858240155147257,6.6419069051602015,0.00648228176318064
MT_ref,MadTrainer,4,LiftOff_200,cross_drone,manual_best,3,3,5,2252,22.615839958190918,1.8312231867160946,8.525064483860126,0.0541740674955595
MT_ref,MadTrainer,4,LiftOff_200,cross_drone,manual_best,3,5,3,2514,25.249022006988525,2.01811560071652,6.029174866121235,0.0
MT_ref,MadTrainer,4,LiftOff_200,cross_drone,manual_best,3,5,4,2314,23.20598602294922,1.7615304991469074,6.520621835494345,0.00648228176318064
MT_ref,MadTrainer,4,LiftOff_200,cross_drone,manual_best,3,5,5,2252,22.615839958190918,1.7682742581089173,8.817182391789597,0.05772646536412078
MT_ref,MadTrainer,4,LiftOff_200,cross_drone,manual_best,3,9,3,2514,25.249022006988525,2.1578608544253512,6.417429062150291,0.0027844073190135244
MT_ref,MadTrainer,4,LiftOff_200,cross_drone,manual_best,3,9,4,2314,23.20598602294922,1.791767109387152,6.768267863355612,0.00648228176318064
MT_ref,MadTrainer,4,LiftOff_200,cross_drone,manual_best,3,9,5,2252,22.615839958190918,1.8494877878590898,9.35258004749834,0.06438721136767318
MT_ref,MadTrainer,4,LiftOff_200,cross_drone,manual_best,3,15,3,2514,25.249022006988525,1.9028611064402199,6.191914460699188,0.0
MT_ref,MadTrainer,4,LiftOff_200,cross_drone,manual_best,3,15,4,2314,23.20598602294922,1.8935608034764542,6.720270593168,0.00648228176318064
MT_ref,MadTrainer,4,LiftOff_200,cross_drone,manual_best,3,15,5,2252,22.615839958190918,2.120040300030368,8.601979536050765,0.017317939609236235
MT_ref,MadTrainer,4,LiftOff_200,cross_drone,manual_best,5,1,3,2514,25.249022006988525,1.769655888139674,5.716474697253262,0.0
MT_ref,MadTrainer,4,LiftOff_200,cross_drone,manual_best,5,1,4,2314,23.20598602294922,1.5548931884660533,6.420316677674939,0.006050129645635264
MT_ref,MadTrainer,4,LiftOff_200,cross_drone,manual_best,5,1,5,2252,22.615839958190918,1.7541385852934113,8.008542786721575,0.02264653641207815
MT_ref,MadTrainer,4,LiftOff_200,cross_drone,manual_best,5,3,3,2514,25.249022006988525,1.8772164237319373,6.043473140719049,0.0031821797931583136
MT_ref,MadTrainer,4,LiftOff_200,cross_drone,manual_best,5,3,4,2314,23.20598602294922,1.5180694702061786,6.22005601704057,0.006050129645635264
MT_ref,MadTrainer,4,LiftOff_200,cross_drone,manual_best,5,3,5,2252,22.615839958190918,1.8062231353519493,7.91439993568153,0.015985790408525755
MT_ref,MadTrainer,4,LiftOff_200,cross_drone,manual_best,5,5,3,2514,25.249022006988525,2.0470552164584603,7.206851382354482,0.03420843277645187
MT_ref,MadTrainer,4,LiftOff_200,cross_drone,manual_best,5,5,4,2314,23.20598602294922,1.7560130969123406,6.130381313611176,0.006050129645635264
MT_ref,MadTrainer,4,LiftOff_200,cross_drone,manual_best,5,5,5,2252,22.615839958190918,1.8554773551691923,7.098232647116007,0.008880994671403197
MT_ref,MadTrainer,4,LiftOff_200,cross_drone,manual_best,5,9,3,2514,25.249022006988525,2.0411579424797033,6.584944243574152,0.0
MT_ref,MadTrainer,4,LiftOff_200,cross_drone,manual_best,5,9,4,2314,23.20598602294922,1.7340357614316417,6.121309795889921,0.006050129645635264
MT_ref,MadTrainer,4,LiftOff_200,cross_drone,manual_best,5,9,5,2252,22.615839958190918,1.5744735479120635,7.2036724889411925,0.0008880994671403197
MT_ref,MadTrainer,4,LiftOff_200,cross_drone,manual_best,5,15,3,2514,25.249022006988525,2.394766127366708,7.476000085785513,0.034606205250596656
MT_ref,MadTrainer,4,LiftOff_200,cross_drone,manual_best,5,15,4,2314,23.20598602294922,2.019368186082403,6.704579224602848,0.006050129645635264
MT_ref,MadTrainer,4,LiftOff_200,cross_drone,manual_best,5,15,5,2252,22.615839958190918,2.0595491192723827,8.749877003727779,0.023090586145648313
LO_ref,LiftOff_200,1,MadTrainer,cross_drone,fastest,1,1,2,2466,24.773011922836304,2.239030423658896,10.691904650590118,0.051094890510948905
LO_ref,LiftOff_200,1,MadTrainer,cross_drone,fastest,1,1,3,2524,25.354163885116577,2.6192470860636945,61.45055970886723,0.23335974643423138
LO_ref,LiftOff_200,1,MadTrainer,cross_drone,fastest,1,1,4,2443,24.53096318244934,2.486044911164072,59.70632902582974,0.2787556283258289
LO_ref,LiftOff_200,1,MadTrainer,cross_drone,fastest,1,3,2,2466,24.773011922836304,2.2870088672228235,15.525820637073835,0.10137875101378752
LO_ref,LiftOff_200,1,MadTrainer,cross_drone,fastest,1,3,3,2524,25.354163885116577,2.42543603266148,20.219885468240783,0.15293185419968305
LO_ref,LiftOff_200,1,MadTrainer,cross_drone,fastest,1,3,4,2443,24.53096318244934,1.7444657908934005,20.661634103739992,0.1322144903806795
LO_ref,LiftOff_200,1,MadTrainer,cross_drone,fastest,1,5,2,2466,24.773011922836304,2.2275443805354698,10.736579198541989,0.03852392538523925
LO_ref,LiftOff_200,1,MadTrainer,cross_drone,fastest,1,5,3,2524,25.354163885116577,2.4453691066207455,25.84291585971198,0.1687797147385103
LO_ref,LiftOff_200,1,MadTrainer,cross_drone,fastest,1,5,4,2443,24.53096318244934,2.124806805809115,55.88507175080567,0.21858370855505527
LO_ref,LiftOff_200,1,MadTrainer,cross_drone,fastest,1,9,2,2466,24.773011922836304,2.1581528910319463,9.345861023982906,0.00202757502027575
LO_ref,LiftOff_200,1,MadTrainer,cross_drone,fastest,1,9,3,2524,25.354163885116577,2.5896009628640257,43.46954788604563,0.2159270998415214
LO_ref,LiftOff_200,1,MadTrainer,cross_drone,fastest,1,9,4,2443,24.53096318244934,2.2983973515333105,15.219798187800519,0.10356119525173967
LO_ref,LiftOff_200,1,MadTrainer,cross_drone,fastest,1,15,2,2466,24.773011922836304,2.563942520526112,12.01855513405981,0.06366585563665855
LO_ref,LiftOff_200,1,MadTrainer,cross_drone,fastest,1,15,3,2524,25.354163885116577,2.750779026279673,17.4579370056566,0.12559429477020603
LO_ref,LiftOff_200,1,MadTrainer,cross_drone,fastest,1,15,4,2443,24.53096318244934,2.628377186023343,30.72848556862046,0.20057306590257878
LO_ref,LiftOff_200,1,MadTrainer,cross_drone,fastest,3,1,2,2466,24.773011922836304,1.743036932783518,5.6168805790903065,0.0
LO_ref,LiftOff_200,1,MadTrainer,cross_drone,fastest,3,1,3,2524,25.354163885116577,2.001260567429952,11.001803673087766,0.06695721077654516
LO_ref,LiftOff_200,1,MadTrainer,cross_drone,fastest,3,1,4,2443,24.53096318244934,1.4869336011611836,10.9653781260985,0.06958657388456815
LO_ref,LiftOff_200,1,MadTrainer,cross_drone,fastest,3,3,2,2466,24.773011922836304,1.5981087769041267,5.841067485547441,0.01013787510137875
LO_ref,LiftOff_200,1,MadTrainer,cross_drone,fastest,3,3,3,2524,25.354163885116577,2.188884936170865,11.406875095916051,0.08637083993660856
LO_ref,LiftOff_200,1,MadTrainer,cross_drone,fastest,3,3,4,2443,24.53096318244934,1.3652156900848382,9.072765673263023,0.05566925910765452
LO_ref,LiftOff_200,1,MadTrainer,cross_drone,fastest,3,5,2,2466,24.773011922836304,1.8221949940684325,5.28152139456661,0.0
LO_ref,LiftOff_200,1,MadTrainer,cross_drone,fastest,3,5,3,2524,25.354163885116577,2.430768662016753,11.341829137097985,0.08557844690966719
LO_ref,LiftOff_200,1,MadTrainer,cross_drone,fastest,3,5,4,2443,24.53096318244934,1.6159914597075442,11.873312244836352,0.08227589029881294
LO_ref,LiftOff_200,1,MadTrainer,cross_drone,fastest,3,9,2,2466,24.773011922836304,1.7412043699351614,6.027611261940621,0.0032441200324412004
LO_ref,LiftOff_200,1,MadTrainer,cross_drone,fastest,3,9,3,2524,25.354163885116577,2.475659274693399,15.873687998114246,0.1045958795562599
LO_ref,LiftOff_200,1,MadTrainer,cross_drone,fastest,3,9,4,2443,24.53096318244934,1.8850505385300096,21.286430096317932,0.11993450675399099
LO_ref,LiftOff_200,1,MadTrainer,cross_drone,fastest,3,15,2,2466,24.773011922836304,1.942341121469667,6.8725328835408055,0.015409570154095702
LO_ref,LiftOff_200,1,MadTrainer,cross_drone,fastest,3,15,3,2524,25.354163885116577,2.633391405107428,12.11192009277927,0.08795562599049128
LO_ref,LiftOff_200,1,MadTrainer,cross_drone,fastest,3,15,4,2443,24.53096318244934,2.033158305518981,18.639502637180488,0.11584117887842817
LO_ref,LiftOff_200,1,MadTrainer,cross_drone,fastest,5,1,2,2466,24.773011922836304,1.4769865962981044,5.11645500412428,0.0
LO_ref,LiftOff_200,1,MadTrainer,cross_drone,fastest,5,1,3,2524,25.354163885116577,1.7179384888284233,7.589901183382267,0.04041204437400951
LO_ref,LiftOff_200,1,MadTrainer,cross_drone,fastest,5,1,4,2443,24.53096318244934,1.1434861214688112,9.336653460926504,0.059762586983217354
LO_ref,LiftOff_200,1,MadTrainer,cross_drone,fastest,5,3,2,2466,24.773011922836304,1.3866771672922198,4.832366210170607,0.0
LO_ref,LiftOff_200,1,MadTrainer,cross_drone,fastest,5,3,3,2524,25.354163885116577,2.1863600520672293,19.573517586196235,0.10974643423137877
LO_ref,LiftOff_200,1,MadTrainer,cross_drone,fastest,5,3,4,2443,24.53096318244934,1.4463373155877264,20.701593390695958,0.12116250511665984
LO_ref,LiftOff_200,1,MadTrainer,cross_drone,fastest,5,5,2,2466,24.773011922836304,1.530837499594604,5.533736297711705,0.0
LO_ref,LiftOff_200,1,MadTrainer,cross_drone,fastest,5,5,3,2524,25.354163885116577,1.8951719643046303,9.434447173600853,0.06695721077654516
LO_ref,LiftOff_200,1,MadTrainer,cross_drone,fastest,5,5,4,2443,24.53096318244934,1.6220031643914723,23.091914386234787,0.12116250511665984
LO_ref,LiftOff_200,1,MadTrainer,cross_drone,fastest,5,9,2,2466,24.773011922836304,1.6746675080882132,5.956167482581678,0.0
LO_ref,LiftOff_200,1,MadTrainer,cross_drone,fastest,5,9,3,2524,25.354163885116577,1.8851287501743812,9.56978665868087,0.05784469096671949
LO_ref,LiftOff_200,1,MadTrainer,cross_drone,fastest,5,9,4,2443,24.53096318244934,1.9380834897188066,59.95893455234056,0.16700777732296357
LO_ref,LiftOff_200,1,MadTrainer,cross_drone,fastest,5,15,2,2466,24.773011922836304,1.8856055226477437,6.23713828662563,0.0
LO_ref,LiftOff_200,1,MadTrainer,cross_drone,fastest,5,15,3,2524,25.354163885116577,1.997124723523676,9.401784120951863,0.045166402535657686
LO_ref,LiftOff_200,1,MadTrainer,cross_drone,fastest,5,15,4,2443,24.53096318244934,1.6297232654426352,7.99600112635032,0.048301268931641425
LO_ref,LiftOff_200,1,MadTrainer,cross_drone,median_time,1,1,2,2466,24.773011922836304,2.2468689213532684,7.476799578835362,0.021086780210867802
LO_ref,LiftOff_200,1,MadTrainer,cross_drone,median_time,1,1,3,2524,25.354163885116577,2.078501395140453,8.934446515653427,0.022187004754358162
LO_ref,LiftOff_200,1,MadTrainer,cross_drone,median_time,1,1,4,2443,24.53096318244934,1.4179900348939327,12.76476640057657,0.09455587392550144
LO_ref,LiftOff_200,1,MadTrainer,cross_drone,median_time,1,3,2,2466,24.773011922836304,2.167682058829712,7.651517474991422,0.015004055150040552
LO_ref,LiftOff_200,1,MadTrainer,cross_drone,median_time,1,3,3,2524,25.354163885116577,2.1271166609844148,9.059628552816834,0.02496038034865293
LO_ref,LiftOff_200,1,MadTrainer,cross_drone,median_time,1,3,4,2443,24.53096318244934,1.5227003620221353,15.232801239510877,0.10069586573884569
LO_ref,LiftOff_200,1,MadTrainer,cross_drone,median_time,1,5,2,2466,24.773011922836304,2.425944410442021,8.202525447529322,0.02068126520681265
LO_ref,LiftOff_200,1,MadTrainer,cross_drone,median_time,1,5,3,2524,25.354163885116577,2.168580705955222,8.500675081951696,0.017432646592709985
LO_ref,LiftOff_200,1,MadTrainer,cross_drone,median_time,1,5,4,2443,24.53096318244934,1.6190969323233162,11.504831721101938,0.06385591485878019
LO_ref,LiftOff_200,1,MadTrainer,cross_drone,median_time,1,9,2,2466,24.773011922836304,2.2780755937027095,8.29875470624887,0.016220600162206
LO_ref,LiftOff_200,1,MadTrainer,cross_drone,median_time,1,9,3,2524,25.354163885116577,2.2399451868004228,9.044321459834698,0.02694136291600634
LO_ref,LiftOff_200,1,MadTrainer,cross_drone,median_time,1,9,4,2443,24.53096318244934,1.5245176243086433,11.06246814311495,0.06999590667212444
LO_ref,LiftOff_200,1,MadTrainer,cross_drone,median_time,1,15,2,2466,24.773011922836304,2.328448260657055,8.394755099972986,0.01662611516626115
LO_ref,LiftOff_200,1,MadTrainer,cross_drone,median_time,1,15,3,2524,25.354163885116577,2.4922657695151855,9.854747728140268,0.030903328050713153
LO_ref,LiftOff_200,1,MadTrainer,cross_drone,median_time,1,15,4,2443,24.53096318244934,1.926399227760669,11.563834758638139,0.08677855096193204
LO_ref,LiftOff_200,1,MadTrainer,cross_drone,median_time,3,1,2,2466,24.773011922836304,1.5102458054270187,5.611915201571875,0.00932684509326845
LO_ref,LiftOff_200,1,MadTrainer,cross_drone,median_time,3,1,3,2524,25.354163885116577,1.4075713325299972,9.411422637932768,0.041996830427892234
LO_ref,LiftOff_200,1,MadTrainer,cross_drone,median_time,3,1,4,2443,24.53096318244934,1.575695057284463,17.850730499139573,0.10356119525173967
LO_ref,LiftOff_200,1,MadTrainer,cross_drone,median_time,3,3,2,2466,24.773011922836304,1.5010817476526022,6.285041854918997,0.01013787510137875
LO_ref,LiftOff_200,1,MadTrainer,cross_drone,median_time,3,3,3,2524,25.354163885116577,1.4484172469844196,9.814585568898295,0.05229793977812995
LO_ref,LiftOff_200,1,MadTrainer,cross_drone,median_time,3,3,4,2443,24.53096318244934,1.6856744122560627,25.203396547921503,0.12771182971756037
LO_ref,LiftOff_200,1,MadTrainer,cross_drone,median_time,3,5,2,2466,24.773011922836304,1.4620246946537634,5.849278304099101,0.008921330089213302
LO_ref,LiftOff_200,1,MadTrainer,cross_drone,median_time,3,5,3,2524,25.354163885116577,1.4899191430196908,9.58257830349821,0.04120443740095087
LO_ref,LiftOff_200,1,MadTrainer,cross_drone,median_time,3,5,4,2443,24.53096318244934,1.458934343649247,12.989423187185167,0.09414654113794516
LO_ref,LiftOff_200,1,MadTrainer,cross_drone,median_time,3,9,2,2466,24.773011922836304,1.6001311693091935,5.9057857641782725,0.0
LO_ref,LiftOff_200,1,MadTrainer,cross_drone,median_time,3,9,3,2524,25.354163885116577,1.5447624245579306,9.324902126542783,0.030110935023771792
LO_ref,LiftOff_200,1,MadTrainer,cross_drone,median_time,3,9,4,2443,24.53096318244934,1.5663863710519195,10.078107911206907,0.07040523945968072
LO_ref,LiftOff_200,1,MadTrainer,cross_drone,median_time,3,15,2,2466,24.773011922836304,1.8825327294080836,5.876462298847599,0.0
LO_ref,LiftOff_200,1,MadTrainer,cross_drone,median_time,3,15,3,2524,25.354163885116577,1.9179636926609192,8.401701183512285,0.025752773375594295
LO_ref,LiftOff_200,1,MadTrainer,cross_drone,median_time,3,15,4,2443,24.53096318244934,1.912338976493686,15.720679453773503,0.10151453131395825
LO_ref,LiftOff_200,1,MadTrainer,cross_drone,median_time,5,1,2,2466,24.773011922836304,1.4417084428943951,5.228331207116884,0.0
LO_ref,LiftOff_200,1,MadTrainer,cross_drone,median_time,5,1,3,2524,25.354163885116577,2.2581325813650395,8.678585827762053,0.05903328050713154
LO_ref,LiftOff_200,1,MadTrainer,cross_drone,median_time,5,1,4,2443,24.53096318244934,1.3620260581788273,7.06965050943292,0.04502660663119116
LO_ref,LiftOff_200,1,MadTrainer,cross_drone,median_time,5,3,2,2466,24.773011922836304,1.4087233657374583,5.3295191137798525,0.0
LO_ref,LiftOff_200,1,MadTrainer,cross_drone,median_time,5,3,3,2524,25.354163885116577,2.381371036142344,9.123331509602206,0.04952456418383518
LO_ref,LiftOff_200,1,MadTrainer,cross_drone,median_time,5,3,4,2443,24.53096318244934,1.6285346617261212,11.183162515882701,0.07900122799836266
LO_ref,LiftOff_200,1,MadTrainer,cross_drone,median_time,5,5,2,2466,24.773011922836304,1.4113027564724447,5.414845211096619,0.0
LO_ref,LiftOff_200,1,MadTrainer,cross_drone,median_time,5,5,3,2524,25.354163885116577,2.239949344923417,7.915931986472648,0.041996830427892234
LO_ref,LiftOff_200,1,MadTrainer,cross_drone,median_time,5,5,4,2443,24.53096318244934,1.3636624324462048,7.678147966391565,0.05689725747032337
LO_ref,LiftOff_200,1,MadTrainer,cross_drone,median_time,5,9,2,2466,24.773011922836304,1.5420156734781187,5.4345387062848935,0.0
LO_ref,LiftOff_200,1,MadTrainer,cross_drone,median_time,5,9,3,2524,25.354163885116577,2.4142404514017173,8.9066475629371,0.039619651347068144
LO_ref,LiftOff_200,1,MadTrainer,cross_drone,median_time,5,9,4,2443,24.53096318244934,1.6720595989581568,8.313475770187514,0.04093327875562833
LO_ref,LiftOff_200,1,MadTrainer,cross_drone,median_time,5,15,2,2466,24.773011922836304,1.6570714059543796,5.816355164009419,0.0
LO_ref,LiftOff_200,1,MadTrainer,cross_drone,median_time,5,15,3,2524,25.354163885116577,3.0523550915256124,11.91295922067947,0.08280507131537243
LO_ref,LiftOff_200,1,MadTrainer,cross_drone,median_time,5,15,4,2443,24.53096318244934,1.8589172272018288,12.085915487794006,0.095374539500614
LO_ref,LiftOff_200,1,MadTrainer,cross_drone,manual_best,1,1,2,2466,24.773011922836304,2.1519969690519503,21.25136319458106,0.18004866180048662
LO_ref,LiftOff_200,1,MadTrainer,cross_drone,manual_best,1,1,3,2524,25.354163885116577,3.390941108821167,65.32776687925299,0.21354992076069731
LO_ref,LiftOff_200,1,MadTrainer,cross_drone,manual_best,1,1,4,2443,24.53096318244934,1.8848779536225493,19.848092738459854,0.12893982808022922
LO_ref,LiftOff_200,1,MadTrainer,cross_drone,manual_best,1,3,2,2466,24.773011922836304,2.6209100952756685,27.43820572637675,0.19140308191403083
LO_ref,LiftOff_200,1,MadTrainer,cross_drone,manual_best,1,3,3,2524,25.354163885116577,2.4757420907879464,14.57415430063402,0.0919175911251981
LO_ref,LiftOff_200,1,MadTrainer,cross_drone,manual_best,1,3,4,2443,24.53096318244934,2.1377246656690545,18.078297953748983,0.11215718379042161
LO_ref,LiftOff_200,1,MadTrainer,cross_drone,manual_best,1,5,2,2466,24.773011922836304,2.4264033960181735,25.236710363280253,0.18937550689375507
LO_ref,LiftOff_200,1,MadTrainer,cross_drone,manual_best,1,5,3,2524,25.354163885116577,2.8274887961071578,12.225015412967808,0.08478605388272584
LO_ref,LiftOff_200,1,MadTrainer,cross_drone,manual_best,1,5,4,2443,24.53096318244934,2.8399428670633142,25.871929754511804,0.15063446582071224
LO_ref,LiftOff_200,1,MadTrainer,cross_drone,manual_best,1,9,2,2466,24.773011922836304,2.5136681409071073,27.881986990894745,0.19180859691808597
LO_ref,LiftOff_200,1,MadTrainer,cross_drone,manual_best,1,9,3,2524,25.354163885116577,3.342846866738803,32.27792075713257,0.15134706814580032
LO_ref,LiftOff_200,1,MadTrainer,cross_drone,manual_best,1,9,4,2443,24.53096318244934,2.703215354526691,23.905168484864298,0.13426115431846092
LO_ref,LiftOff_200,1,MadTrainer,cross_drone,manual_best,1,15,2,2466,24.773011922836304,2.885910051925684,24.350785993706523,0.19059205190592052
LO_ref,LiftOff_200,1,MadTrainer,cross_drone,manual_best,1,15,3,2524,25.354163885116577,3.0467142445408086,17.880677236376766,0.1240095087163233
LO_ref,LiftOff_200,1,MadTrainer,cross_drone,manual_best,1,15,4,2443,24.53096318244934,2.897316336018662,18.732323487989767,0.11461318051575932
LO_ref,LiftOff_200,1,MadTrainer,cross_drone,manual_best,3,1,2,2466,24.773011922836304,1.608672918855376,6.522581950992492,0.014193025141930252
LO_ref,LiftOff_200,1,MadTrainer,cross_drone,manual_best,3,1,3,2524,25.354163885116577,2.674995763275497,14.486235371917418,0.09112519809825674
LO_ref,LiftOff_200,1,MadTrainer,cross_drone,manual_best,3,1,4,2443,24.53096318244934,2.1585448519298964,35.750094472473876,0.13344248874334835
LO_ref,LiftOff_200,1,MadTrainer,cross_drone,manual_best,3,3,2,2466,24.773011922836304,1.5791569520107487,6.869996136807624,0.00283860502838605
LO_ref,LiftOff_200,1,MadTrainer,cross_drone,manual_best,3,3,3,2524,25.354163885116577,2.7327226310213284,10.833225762543986,0.04833597464342314
LO_ref,LiftOff_200,1,MadTrainer,cross_drone,manual_best,3,3,4,2443,24.53096318244934,2.028305351658787,50.42500362812366,0.14121981170691772
LO_ref,LiftOff_200,1,MadTrainer,cross_drone,manual_best,3,5,2,2466,24.773011922836304,1.7068097672048168,6.851381077474483,0.01338199513381995
LO_ref,LiftOff_200,1,MadTrainer,cross_drone,manual_best,3,5,3,2524,25.354163885116577,2.8734789438295962,12.24821575890943,0.07131537242472266
LO_ref,LiftOff_200,1,MadTrainer,cross_drone,manual_best,3,5,4,2443,24.53096318244934,1.9345498572592987,11.620659007259478,0.0781825624232501
LO_ref,LiftOff_200,1,MadTrainer,cross_drone,manual_best,3,9,2,2466,24.773011922836304,1.8507733157852329,7.036310342955076,0.0
LO_ref,LiftOff_200,1,MadTrainer,cross_drone,manual_best,3,9,3,2524,25.354163885116577,2.5998629900521735,8.7971372636438,0.03407290015847861
LO_ref,LiftOff_200,1,MadTrainer,cross_drone,manual_best,3,9,4,2443,24.53096318244934,3.092087999710884,86.11320347457195,0.20466639377814164
LO_ref,LiftOff_200,1,MadTrainer,cross_drone,manual_best,3,15,2,2466,24.773011922836304,1.9124729528771383,7.198299546886329,0.0
LO_ref,LiftOff_200,1,MadTrainer,cross_drone,manual_best,3,15,3,2524,25.354163885116577,2.9915779972462246,14.380208339012032,0.09548335974643424
LO_ref,LiftOff_200,1,MadTrainer,cross_drone,manual_best,3,15,4,2443,24.53096318244934,2.304809727884475,11.154254230127727,0.07900122799836266
LO_ref,LiftOff_200,1,MadTrainer,cross_drone,manual_best,5,1,2,2466,24.773011922836304,1.441708442894381,5.228331207117012,0.0
LO_ref,LiftOff_200,1,MadTrainer,cross_drone,manual_best,5,1,3,2524,25.354163885116577,2.2581325813648476,8.678585827761951,0.05903328050713154
LO_ref,LiftOff_200,1,MadTrainer,cross_drone,manual_best,5,1,4,2443,24.53096318244934,1.3620260581788557,7.069650509432796,0.04502660663119116
LO_ref,LiftOff_200,1,MadTrainer,cross_drone,manual_best,5,3,2,2466,24.773011922836304,1.408723365737309,5.329519113779938,0.0
LO_ref,LiftOff_200,1,MadTrainer,cross_drone,manual_best,5,3,3,2524,25.354163885116577,2.381371036142351,9.123331509601751,0.04952456418383518
LO_ref,LiftOff_200,1,MadTrainer,cross_drone,manual_best,5,3,4,2443,24.53096318244934,1.628534661726178,11.183162515882145,0.07900122799836266
LO_ref,LiftOff_200,1,MadTrainer,cross_drone,manual_best,5,5,2,2466,24.773011922836304,1.4113027564725158,5.41484521109642,0.0
LO_ref,LiftOff_200,1,MadTrainer,cross_drone,manual_best,5,5,3,2524,25.354163885116577,2.2399493449233923,7.915931986472266,0.041996830427892234
LO_ref,LiftOff_200,1,MadTrainer,cross_drone,manual_best,5,5,4,2443,24.53096318244934,1.3636624324462332,7.678147966391399,0.05689725747032337
LO_ref,LiftOff_200,1,MadTrainer,cross_drone,manual_best,5,9,2,2466,24.773011922836304,1.5420156734782324,5.4345387062848385,0.0
LO_ref,LiftOff_200,1,MadTrainer,cross_drone,manual_best,5,9,3,2524,25.354163885116577,2.41424045140198,8.906647562936792,0.039619651347068144
LO_ref,LiftOff_200,1,MadTrainer,cross_drone,manual_best,5,9,4,2443,24.53096318244934,1.6720595989576452,8.313475770187093,0.04093327875562833
LO_ref,LiftOff_200,1,MadTrainer,cross_drone,manual_best,5,15,2,2466,24.773011922836304,1.6570714059542588,5.816355164009327,0.0
LO_ref,LiftOff_200,1,MadTrainer,cross_drone,manual_best,5,15,3,2524,25.354163885116577,3.052355091525314,11.912959220678882,0.08280507131537243
LO_ref,LiftOff_200,1,MadTrainer,cross_drone,manual_best,5,15,4,2443,24.53096318244934,1.8589172272012888,12.08591548779387,0.095374539500614
LO_ref,LiftOff_200,2,MadTrainer,cross_drone,fastest,1,1,3,2509,25.217001914978027,3.8221636910519408,21.71541686155333,0.1151853328019131
LO_ref,LiftOff_200,2,MadTrainer,cross_drone,fastest,1,1,4,2597,26.059934854507446,3.1183607322482203,24.442701196117422,0.1405467847516365
LO_ref,LiftOff_200,2,MadTrainer,cross_drone,fastest,1,1,5,2477,24.85981011390686,2.94397410483775,11.349117555919644,0.08195397658457812
LO_ref,LiftOff_200,2,MadTrainer,cross_drone,fastest,1,3,3,2509,25.217001914978027,3.3793611113081994,18.47562861369538,0.1434834595456357
LO_ref,LiftOff_200,2,MadTrainer,cross_drone,fastest,1,3,4,2597,26.059934854507446,2.3907661255096855,28.447277252737766,0.14863303812090875
LO_ref,LiftOff_200,2,MadTrainer,cross_drone,fastest,1,3,5,2477,24.85981011390686,3.3277343689600514,56.363044116706305,0.19943480016148568
LO_ref,LiftOff_200,2,MadTrainer,cross_drone,fastest,1,5,3,2509,25.217001914978027,4.111848925644011,16.21259382290712,0.1040255081705859
LO_ref,LiftOff_200,2,MadTrainer,cross_drone,fastest,1,5,4,2597,26.059934854507446,2.5713079716684675,13.142886841497837,0.07855217558721601
LO_ref,LiftOff_200,2,MadTrainer,cross_drone,fastest,1,5,5,2477,24.85981011390686,4.734538486659233,50.60096318555673,0.2204279370205894
LO_ref,LiftOff_200,2,MadTrainer,cross_drone,fastest,1,9,3,2509,25.217001914978027,3.064114660018163,13.701600081703505,0.09525707453168593
LO_ref,LiftOff_200,2,MadTrainer,cross_drone,fastest,1,9,4,2597,26.059934854507446,2.659811176919902,14.652672824530795,0.09549480169426261
LO_ref,LiftOff_200,2,MadTrainer,cross_drone,fastest,1,9,5,2477,24.85981011390686,3.565524515981224,55.069805667479386,0.21558336697618086
LO_ref,LiftOff_200,2,MadTrainer,cross_drone,fastest,1,15,3,2509,25.217001914978027,2.976900734727977,14.24984574208113,0.09087285771223595
LO_ref,LiftOff_200,2,MadTrainer,cross_drone,fastest,1,15,4,2597,26.059934854507446,2.323765923755431,31.156568822823637,0.16480554485945323
LO_ref,LiftOff_200,2,MadTrainer,cross_drone,fastest,1,15,5,2477,24.85981011390686,3.405523188599176,43.18942900810829,0.16229309648768672
LO_ref,LiftOff_200,2,MadTrainer,cross_drone,fastest,3,1,3,2509,25.217001914978027,2.593502698917405,28.604090269209955,0.13591072140294938
LO_ref,LiftOff_200,2,MadTrainer,cross_drone,fastest,3,1,4,2597,26.059934854507446,1.6516213159687112,4.690737625675439,0.027724297266076243
LO_ref,LiftOff_200,2,MadTrainer,cross_drone,fastest,3,1,5,2477,24.85981011390686,2.1418022992850574,6.902777678206224,0.020993136859103756
LO_ref,LiftOff_200,2,MadTrainer,cross_drone,fastest,3,3,3,2509,25.217001914978027,2.705597474854031,34.225943826124215,0.1662016739736947
LO_ref,LiftOff_200,2,MadTrainer,cross_drone,fastest,3,3,4,2597,26.059934854507446,1.6587119700884188,5.165609750883246,0.02040816326530612
LO_ref,LiftOff_200,2,MadTrainer,cross_drone,fastest,3,3,5,2477,24.85981011390686,2.669735323943115,8.873307024818084,0.04037141703673799
LO_ref,LiftOff_200,2,MadTrainer,cross_drone,fastest,3,5,3,2509,25.217001914978027,2.465055151553827,36.866830230764116,0.13909924272618573
LO_ref,LiftOff_200,2,MadTrainer,cross_drone,fastest,3,5,4,2597,26.059934854507446,1.5776791229555158,6.0759964989954485,0.02040816326530612
LO_ref,LiftOff_200,2,MadTrainer,cross_drone,fastest,3,5,5,2477,24.85981011390686,2.0264013096275626,6.116300646960494,0.0
LO_ref,LiftOff_200,2,MadTrainer,cross_drone,fastest,3,9,3,2509,25.217001914978027,2.7547363159248164,26.710114459132946,0.1470705460342766
LO_ref,LiftOff_200,2,MadTrainer,cross_drone,fastest,3,9,4,2597,26.059934854507446,1.6264461488451047,4.884420262310721,0.029264536003080478
LO_ref,LiftOff_200,2,MadTrainer,cross_drone,fastest,3,9,5,2477,24.85981011390686,2.2578116522229266,6.54248327958675,0.0
LO_ref,LiftOff_200,2,MadTrainer,cross_drone,fastest,3,15,3,2509,25.217001914978027,2.897860161437201,23.703408471161836,0.13232363491430849
LO_ref,LiftOff_200,2,MadTrainer,cross_drone,fastest,3,15,4,2597,26.059934854507446,1.9752309576935971,6.515925899141548,0.02040816326530612
LO_ref,LiftOff_200,2,MadTrainer,cross_drone,fastest,3,15,5,2477,24.85981011390686,3.042851746242306,9.686204133966788,0.03189341945902301
LO_ref,LiftOff_200,2,MadTrainer,cross_drone,fastest,5,1,3,2509,25.217001914978027,1.7331271875320056,8.115107025148685,0.036667995217218016
LO_ref,LiftOff_200,2,MadTrainer,cross_drone,fastest,5,1,4,2597,26.059934854507446,1.6286035457991659,4.992635919257469,0.019252984212552945
LO_ref,LiftOff_200,2,MadTrainer,cross_drone,fastest,5,1,5,2477,24.85981011390686,1.7340413447247514,7.028984831167464,0.012515139281388777
LO_ref,LiftOff_200,2,MadTrainer,cross_drone,fastest,5,3,3,2509,25.217001914978027,1.883805507477227,7.276781577590473,0.0346751693901953
LO_ref,LiftOff_200,2,MadTrainer,cross_drone,fastest,5,3,4,2597,26.059934854507446,1.5511334433568322,4.298299554629385,0.019252984212552945
LO_ref,LiftOff_200,2,MadTrainer,cross_drone,fastest,5,3,5,2477,24.85981011390686,2.3716381271407947,8.387624190895092,0.03310456197012515
LO_ref,LiftOff_200,2,MadTrainer,cross_drone,fastest,5,5,3,2509,25.217001914978027,1.8053751613494882,7.7133272948016955,0.036667995217218016
LO_ref,LiftOff_200,2,MadTrainer,cross_drone,fastest,5,5,4,2597,26.059934854507446,1.4898861340571443,4.574386716832301,0.019252984212552945
LO_ref,LiftOff_200,2,MadTrainer,cross_drone,fastest,5,5,5,2477,24.85981011390686,2.3692441462407317,7.594818728186107,0.013726281792490917
LO_ref,LiftOff_200,2,MadTrainer,cross_drone,fastest,5,9,3,2509,25.217001914978027,1.7037242868494502,6.507305599659495,0.02072538860103627
LO_ref,LiftOff_200,2,MadTrainer,cross_drone,fastest,5,9,4,2597,26.059934854507446,1.6269745070980406,5.3428909746051385,0.023103581055063535
LO_ref,LiftOff_200,2,MadTrainer,cross_drone,fastest,5,9,5,2477,24.85981011390686,2.139643107912093,7.1871659896757425,0.013726281792490917
LO_ref,LiftOff_200,2,MadTrainer,cross_drone,fastest,5,15,3,2509,25.217001914978027,2.5556247181916234,12.962310118542218,0.0940613790354723
LO_ref,LiftOff_200,2,MadTrainer,cross_drone,fastest,5,15,4,2597,26.059934854507446,2.0023301166421987,5.692155379034995,0.022718521370812476
LO_ref,LiftOff_200,2,MadTrainer,cross_drone,fastest,5,15,5,2477,24.85981011390686,1.8914634460696078,7.532784274562768,0.007670569236980218
LO_ref,LiftOff_200,2,MadTrainer,cross_drone,median_time,1,1,3,2509,25.217001914978027,2.8229896925011815,11.725447279184536,0.08210442407333599
LO_ref,LiftOff_200,2,MadTrainer,cross_drone,median_time,1,1,4,2597,26.059934854507446,2.2420439964652843,6.879684329000513,0.050442818636888716
LO_ref,LiftOff_200,2,MadTrainer,cross_drone,median_time,1,1,5,2477,24.85981011390686,2.538065640271043,9.634439463394921,0.06984255147355672
LO_ref,LiftOff_200,2,MadTrainer,cross_drone,median_time,1,3,3,2509,25.217001914978027,2.808619017317099,11.262145653513853,0.03945795137504982
LO_ref,LiftOff_200,2,MadTrainer,cross_drone,median_time,1,3,4,2597,26.059934854507446,2.4648705030810873,8.90159720069415,0.06507508663842895
LO_ref,LiftOff_200,2,MadTrainer,cross_drone,median_time,1,3,5,2477,24.85981011390686,2.968176639443513,10.515182281314777,0.07064997981429148
LO_ref,LiftOff_200,2,MadTrainer,cross_drone,median_time,1,5,3,2509,25.217001914978027,3.0650508688310936,12.291469550307308,0.0848943802311678
LO_ref,LiftOff_200,2,MadTrainer,cross_drone,median_time,1,5,4,2597,26.059934854507446,2.559143779411272,9.433569950049586,0.04620716211012707
LO_ref,LiftOff_200,2,MadTrainer,cross_drone,median_time,1,5,5,2477,24.85981011390686,2.7947796338243123,10.601111416235051,0.05773112636253532
LO_ref,LiftOff_200,2,MadTrainer,cross_drone,median_time,1,9,3,2509,25.217001914978027,3.08215103495489,10.597208345826278,0.03626943005181347
LO_ref,LiftOff_200,2,MadTrainer,cross_drone,median_time,1,9,4,2597,26.059934854507446,2.394459235659326,8.923337945272591,0.0431266846361186
LO_ref,LiftOff_200,2,MadTrainer,cross_drone,median_time,1,9,5,2477,24.85981011390686,3.1226351885294044,9.753437259154007,0.060960839725474364
LO_ref,LiftOff_200,2,MadTrainer,cross_drone,median_time,1,15,3,2509,25.217001914978027,2.8419368879579707,10.250104138110983,0.04424073335990435
LO_ref,LiftOff_200,2,MadTrainer,cross_drone,median_time,1,15,4,2597,26.059934854507446,2.805916161307497,11.280689972337326,0.08663842895648825
LO_ref,LiftOff_200,2,MadTrainer,cross_drone,median_time,1,15,5,2477,24.85981011390686,3.0783806831107086,9.743961391425172,0.060960839725474364
LO_ref,LiftOff_200,2,MadTrainer,cross_drone,median_time,3,1,3,2509,25.217001914978027,1.8487332790179778,8.038303252598169,0.04942208051016341
LO_ref,LiftOff_200,2,MadTrainer,cross_drone,median_time,3,1,4,2597,26.059934854507446,1.2900555424918423,5.563364678364406,0.019638043896804003
LO_ref,LiftOff_200,2,MadTrainer,cross_drone,median_time,3,1,5,2477,24.85981011390686,1.607534443305891,8.183147821534602,0.03794913201453371
LO_ref,LiftOff_200,2,MadTrainer,cross_drone,median_time,3,3,3,2509,25.217001914978027,1.5844075320104594,7.111932536160914,0.007174172977281785
LO_ref,LiftOff_200,2,MadTrainer,cross_drone,median_time,3,3,4,2597,26.059934854507446,1.4647302536598374,5.211607965083459,0.019638043896804003
LO_ref,LiftOff_200,2,MadTrainer,cross_drone,median_time,3,3,5,2477,24.85981011390686,1.6848764340268758,8.277795482866967,0.036334275333064193
LO_ref,LiftOff_200,2,MadTrainer,cross_drone,median_time,3,5,3,2509,25.217001914978027,1.4743211004997079,8.479416302745557,0.054204862495017936
LO_ref,LiftOff_200,2,MadTrainer,cross_drone,median_time,3,5,4,2597,26.059934854507446,1.456826143693263,6.1038311960379605,0.019638043896804003
LO_ref,LiftOff_200,2,MadTrainer,cross_drone,median_time,3,5,5,2477,24.85981011390686,1.862267351475623,8.221837032975941,0.03431570448122729
LO_ref,LiftOff_200,2,MadTrainer,cross_drone,median_time,3,9,3,2509,25.217001914978027,1.4538734124692922,8.378803978153845,0.05858907931446791
LO_ref,LiftOff_200,2,MadTrainer,cross_drone,median_time,3,9,4,2597,26.059934854507446,1.7233921445013038,5.484491862531139,0.019638043896804003
LO_ref,LiftOff_200,2,MadTrainer,cross_drone,median_time,3,9,5,2477,24.85981011390686,1.8098744127471207,8.315888020348797,0.03229713362939039
LO_ref,LiftOff_200,2,MadTrainer,cross_drone,median_time,3,15,3,2509,25.217001914978027,1.6404042343129674,7.806609225867007,0.07293742526903149
LO_ref,LiftOff_200,2,MadTrainer,cross_drone,median_time,3,15,4,2597,26.059934854507446,1.7316137015152435,5.481621704315564,0.019638043896804003
LO_ref,LiftOff_200,2,MadTrainer,cross_drone,median_time,3,15,5,2477,24.85981011390686,1.9260925239739777,8.310343881990367,0.03956398869600323
LO_ref,LiftOff_200,2,MadTrainer,cross_drone,median_time,5,1,3,2509,25.217001914978027,2.005279978831794,7.382496536955209,0.00039856516540454366
LO_ref,LiftOff_200,2,MadTrainer,cross_drone,median_time,5,1,4,2597,26.059934854507446,1.8680126229498057,7.234401841643805,0.020793222949557183
LO_ref,LiftOff_200,2,MadTrainer,cross_drone,median_time,5,1,5,2477,24.85981011390686,2.325165398610409,6.019861850134757,0.0
LO_ref,LiftOff_200,2,MadTrainer,cross_drone,median_time,5,3,3,2509,25.217001914978027,2.172048367967193,12.10795503978535,0.07612594659226783
LO_ref,LiftOff_200,2,MadTrainer,cross_drone,median_time,5,3,4,2597,26.059934854507446,2.0382252794057365,7.872900821858664,0.025798998844820946
LO_ref,LiftOff_200,2,MadTrainer,cross_drone,median_time,5,3,5,2477,24.85981011390686,2.1951365801359657,5.97918300632307,0.0
LO_ref,LiftOff_200,2,MadTrainer,cross_drone,median_time,5,5,3,2509,25.217001914978027,2.19338919341331,9.924729040059356,0.07014746911119968
LO_ref,LiftOff_200,2,MadTrainer,cross_drone,median_time,5,5,4,2597,26.059934854507446,1.9768103125349903,8.395729053336357,0.06430496726992684
LO_ref,LiftOff_200,2,MadTrainer,cross_drone,median_time,5,5,5,2477,24.85981011390686,2.184281631405213,5.672221528116296,0.0
LO_ref,LiftOff_200,2,MadTrainer,cross_drone,median_time,5,9,3,2509,25.217001914978027,1.851376770113177,7.099312472756521,0.015942606616181746
LO_ref,LiftOff_200,2,MadTrainer,cross_drone,median_time,5,9,4,2597,26.059934854507446,1.959342401834462,6.589860520812791,0.020793222949557183
LO_ref,LiftOff_200,2,MadTrainer,cross_drone,median_time,5,9,5,2477,24.85981011390686,2.515995825394782,7.291511192775324,0.028259991925716592
LO_ref,LiftOff_200,2,MadTrainer,cross_drone,median_time,5,15,3,2509,25.217001914978027,2.2924025035410978,7.61478143535426,0.029892387405340774
LO_ref,LiftOff_200,2,MadTrainer,cross_drone,median_time,5,15,4,2597,26.059934854507446,2.054024931305648,10.39522291687137,0.08740854832499037
LO_ref,LiftOff_200,2,MadTrainer,cross_drone,median_time,5,15,5,2477,24.85981011390686,2.6264271654705738,7.198607975173801,0.0024222850222042794
LO_ref,LiftOff_200,2,MadTrainer,cross_drone,manual_best,1,1,3,2509,25.217001914978027,2.089930428379148,12.721548309096388,0.09844559585492228
LO_ref,LiftOff_200,2,MadTrainer,cross_drone,manual_best,1,1,4,2597,26.059934854507446,2.431461639349436,16.930929801009615,0.11205236811705814
LO_ref,LiftOff_200,2,MadTrainer,cross_drone,manual_best,1,1,5,2477,24.85981011390686,4.013389254608029,75.74241895683878,0.2757367783609205
LO_ref,LiftOff_200,2,MadTrainer,cross_drone,manual_best,1,3,3,2509,25.217001914978027,2.3559665810048216,22.18895410502046,0.1470705460342766
LO_ref,LiftOff_200,2,MadTrainer,cross_drone,manual_best,1,3,4,2597,26.059934854507446,2.586019868457271,16.505618415034466,0.10935695032730074
LO_ref,LiftOff_200,2,MadTrainer,cross_drone,manual_best,1,3,5,2477,24.85981011390686,4.3113987914007055,26.501902571601438,0.2188130803391199
LO_ref,LiftOff_200,2,MadTrainer,cross_drone,manual_best,1,5,3,2509,25.217001914978027,3.283513811779187,87.48671208540004,0.20844958150657633
LO_ref,LiftOff_200,2,MadTrainer,cross_drone,manual_best,1,5,4,2597,26.059934854507446,2.597397487517526,29.944001491300117,0.12591451675009627
LO_ref,LiftOff_200,2,MadTrainer,cross_drone,manual_best,1,5,5,2477,24.85981011390686,4.054324078959269,50.19355027549788,0.2797739200645943
LO_ref,LiftOff_200,2,MadTrainer,cross_drone,manual_best,1,9,3,2509,25.217001914978027,2.508397716858042,13.899937730645417,0.09366281387006775
LO_ref,LiftOff_200,2,MadTrainer,cross_drone,manual_best,1,9,4,2597,26.059934854507446,2.871611666347576,17.39864635229112,0.11320754716981132
LO_ref,LiftOff_200,2,MadTrainer,cross_drone,manual_best,1,9,5,2477,24.85981011390686,4.2852297528597205,27.157954693486765,0.24788050060557126
LO_ref,LiftOff_200,2,MadTrainer,cross_drone,manual_best,1,15,3,2509,25.217001914978027,2.4350540457850514,16.124368283664527,0.10880829015544041
LO_ref,LiftOff_200,2,MadTrainer,cross_drone,manual_best,1,15,4,2597,26.059934854507446,2.9577977348912334,20.891823643850845,0.12167886022333461
LO_ref,LiftOff_200,2,MadTrainer,cross_drone,manual_best,1,15,5,2477,24.85981011390686,3.8965124409011196,40.404296980010876,0.2507064997981429
LO_ref,LiftOff_200,2,MadTrainer,cross_drone,manual_best,3,1,3,2509,25.217001914978027,2.4410876691981684,48.560668881056856,0.1590275009964129
LO_ref,LiftOff_200,2,MadTrainer,cross_drone,manual_best,3,1,4,2597,26.059934854507446,2.0098640900746005,18.3305097268176,0.10242587601078167
LO_ref,LiftOff_200,2,MadTrainer,cross_drone,manual_best,3,1,5,2477,24.85981011390686,2.407959305363022,6.120746675605889,0.0
LO_ref,LiftOff_200,2,MadTrainer,cross_drone,manual_best,3,3,3,2509,25.217001914978027,1.930065974232889,7.2034605755189824,0.01992825827022718
LO_ref,LiftOff_200,2,MadTrainer,cross_drone,manual_best,3,3,4,2597,26.059934854507446,2.054894947289455,25.73182156306282,0.11205236811705814
LO_ref,LiftOff_200,2,MadTrainer,cross_drone,manual_best,3,3,5,2477,24.85981011390686,2.3136721420462436,8.308328988116868,0.023415421881308032
LO_ref,LiftOff_200,2,MadTrainer,cross_drone,manual_best,3,5,3,2509,25.217001914978027,2.161950548663242,10.61177146971308,0.08449581506576326
LO_ref,LiftOff_200,2,MadTrainer,cross_drone,manual_best,3,5,4,2597,26.059934854507446,2.210017679795655,29.06914354158697,0.13361571043511744
LO_ref,LiftOff_200,2,MadTrainer,cross_drone,manual_best,3,5,5,2477,24.85981011390686,2.6272031769574937,8.674268836327682,0.010900282599919257
LO_ref,LiftOff_200,2,MadTrainer,cross_drone,manual_best,3,9,3,2509,25.217001914978027,2.5715785457404934,21.935635079667406,0.11638102829812674
LO_ref,LiftOff_200,2,MadTrainer,cross_drone,manual_best,3,9,4,2597,26.059934854507446,2.13518294554472,9.082284352010454,0.047747400847131305
LO_ref,LiftOff_200,2,MadTrainer,cross_drone,manual_best,3,9,5,2477,24.85981011390686,2.695913065779621,11.010179413350878,0.08114654824384336
LO_ref,LiftOff_200,2,MadTrainer,cross_drone,manual_best,3,15,3,2509,25.217001914978027,2.925282899955164,106.12287523496059,0.17975288959744917
LO_ref,LiftOff_200,2,MadTrainer,cross_drone,manual_best,3,15,4,2597,26.059934854507446,2.1357063378983696,6.772582576585616,0.018482864844050827
LO_ref,LiftOff_200,2,MadTrainer,cross_drone,manual_best,3,15,5,2477,24.85981011390686,2.941608735071,10.844464813756119,0.05409769882922891
LO_ref,LiftOff_200,2,MadTrainer,cross_drone,manual_best,5,1,3,2509,25.217001914978027,2.00527997883205,7.382496536955004,0.00039856516540454366
LO_ref,LiftOff_200,2,MadTrainer,cross_drone,manual_best,5,1,4,2597,26.059934854507446,1.8680126229503458,7.234401841643783,0.020793222949557183
LO_ref,LiftOff_200,2,MadTrainer,cross_drone,manual_best,5,1,5,2477,24.85981011390686,2.3251653986112615,6.019861850134242,0.0
LO_ref,LiftOff_200,2,MadTrainer,cross_drone,manual_best,5,3,3,2509,25.217001914978027,2.172048367966994,12.107955039785356,0.07612594659226783
LO_ref,LiftOff_200,2,MadTrainer,cross_drone,manual_best,5,3,4,2597,26.059934854507446,2.0382252794051112,7.872900821858252,0.025798998844820946
LO_ref,LiftOff_200,2,MadTrainer,cross_drone,manual_best,5,3,5,2477,24.85981011390686,2.1951365801354257,5.979183006322359,0.0
LO_ref,LiftOff_200,2,MadTrainer,cross_drone,manual_best,5,5,3,2509,25.217001914978027,2.19338919341331,9.924729040059304,0.07014746911119968
LO_ref,LiftOff_200,2,MadTrainer,cross_drone,manual_best,5,5,4,2597,26.059934854507446,1.9768103125347452,8.395729053336316,0.06430496726992684
LO_ref,LiftOff_200,2,MadTrainer,cross_drone,manual_best,5,5,5,2477,24.85981011390686,2.1842816314047298,5.672221528115702,0.0
LO_ref,LiftOff_200,2,MadTrainer,cross_drone,manual_best,5,9,3,2509,25.217001914978027,1.8513767701131485,7.099312472756299,0.015942606616181746
LO_ref,LiftOff_200,2,MadTrainer,cross_drone,manual_best,5,9,4,2597,26.059934854507446,1.9593424018347747,6.589860520812538,0.020793222949557183
LO_ref,LiftOff_200,2,MadTrainer,cross_drone,manual_best,5,9,5,2477,24.85981011390686,2.5159958253939863,7.291511192774493,0.028259991925716592
LO_ref,LiftOff_200,2,MadTrainer,cross_drone,manual_best,5,15,3,2509,25.217001914978027,2.292402503541055,7.614781435354053,0.029892387405340774
LO_ref,LiftOff_200,2,MadTrainer,cross_drone,manual_best,5,15,4,2597,26.059934854507446,2.054024931305406,10.395222916870734,0.08740854832499037
LO_ref,LiftOff_200,2,MadTrainer,cross_drone,manual_best,5,15,5,2477,24.85981011390686,2.6264271654698064,7.198607975173244,0.0024222850222042794
LO_ref,LiftOff_200,4,LiftOff_200,same_drone,fastest,1,1,3,2514,25.249022006988525,2.3620795902658926,11.957529327708796,0.08194112967382657
LO_ref,LiftOff_200,4,LiftOff_200,same_drone,fastest,1,1,4,2314,23.20598602294922,1.5236461817136586,12.565874218235173,0.08167675021607605
LO_ref,LiftOff_200,4,LiftOff_200,same_drone,fastest,1,1,5,2252,22.615839958190918,1.6187628258575728,9.361935236872323,0.03019538188277087
LO_ref,LiftOff_200,4,LiftOff_200,same_drone,fastest,1,3,3,2514,25.249022006988525,2.3804270050012812,8.677512417856732,0.060859188544152745
LO_ref,LiftOff_200,4,LiftOff_200,same_drone,fastest,1,3,4,2314,23.20598602294922,1.9467499120197829,16.73522785910762,0.10501296456352636
LO_ref,LiftOff_200,4,LiftOff_200,same_drone,fastest,1,3,5,2252,22.615839958190918,1.654179118684425,14.030053157451803,0.08925399644760214
LO_ref,LiftOff_200,4,LiftOff_200,same_drone,fastest,1,5,3,2514,25.249022006988525,2.4135940372588323,10.353507855634863,0.06483691328560064
LO_ref,LiftOff_200,4,LiftOff_200,same_drone,fastest,1,5,4,2314,23.20598602294922,2.557532339050276,22.88297070669026,0.1495246326707001
LO_ref,LiftOff_200,4,LiftOff_200,same_drone,fastest,1,5,5,2252,22.615839958190918,1.7244399567328728,9.221393367506945,0.04662522202486678
LO_ref,LiftOff_200,4,LiftOff_200,same_drone,fastest,1,9,3,2514,25.249022006988525,2.523037153040372,9.26022790860914,0.04295942720763723
LO_ref,LiftOff_200,4,LiftOff_200,same_drone,fastest,1,9,4,2314,23.20598602294922,2.8575080514603997,45.21903131036418,0.20829732065687123
LO_ref,LiftOff_200,4,LiftOff_200,same_drone,fastest,1,9,5,2252,22.615839958190918,1.8060956216685042,13.530962919876535,0.07548845470692718
LO_ref,LiftOff_200,4,LiftOff_200,same_drone,fastest,1,15,3,2514,25.249022006988525,2.555168208755344,7.974335285534823,0.042163882259347654
LO_ref,LiftOff_200,4,LiftOff_200,same_drone,fastest,1,15,4,2314,23.20598602294922,3.024759631922464,21.661768618892367,0.14347450302506481
LO_ref,LiftOff_200,4,LiftOff_200,same_drone,fastest,1,15,5,2252,22.615839958190918,1.757932506617962,13.818623418245648,0.08037300177619894
LO_ref,LiftOff_200,4,LiftOff_200,same_drone,fastest,3,1,3,2514,25.249022006988525,2.0907768095782657,6.609189368529602,0.0
LO_ref,LiftOff_200,4,LiftOff_200,same_drone,fastest,3,1,4,2314,23.20598602294922,1.274872126623194,6.103791631743874,0.01944684528954192
LO_ref,LiftOff_200,4,LiftOff_200,same_drone,fastest,3,1,5,2252,22.615839958190918,2.025767108202505,12.469802774916056,0.0905861456483126
LO_ref,LiftOff_200,4,LiftOff_200,same_drone,fastest,3,3,3,2514,25.249022006988525,1.7996429373601757,5.822628398806615,0.0
LO_ref,LiftOff_200,4,LiftOff_200,same_drone,fastest,3,3,4,2314,23.20598602294922,1.5292470345881597,7.401120300603245,0.04019014693171997
LO_ref,LiftOff_200,4,LiftOff_200,same_drone,fastest,3,3,5,2252,22.615839958190918,1.6459828087329242,5.950150170703614,0.02975133214920071
LO_ref,LiftOff_200,4,LiftOff_200,same_drone,fastest,3,5,3,2514,25.249022006988525,1.9553955636427602,6.798047163180074,0.03778838504375497
LO_ref,LiftOff_200,4,LiftOff_200,same_drone,fastest,3,5,4,2314,23.20598602294922,1.5493143608023558,9.331438836308362,0.060933448573898014
LO_ref,LiftOff_200,4,LiftOff_200,same_drone,fastest,3,5,5,2252,22.615839958190918,1.567886798062844,6.340899603761594,0.015985790408525755
LO_ref,LiftOff_200,4,LiftOff_200,same_drone,fastest,3,9,3,2514,25.249022006988525,2.093122097275298,6.060697268351048,0.0003977724741447892
LO_ref,LiftOff_200,4,LiftOff_200,same_drone,fastest,3,9,4,2314,23.20598602294922,1.8682873555182198,7.2775160161527515,0.047968885047536734
LO_ref,LiftOff_200,4,LiftOff_200,same_drone,fastest,3,9,5,2252,22.615839958190918,1.7747197019492233,7.351070071675778,0.03197158081705151
LO_ref,LiftOff_200,4,LiftOff_200,same_drone,fastest,3,15,3,2514,25.249022006988525,2.508076424848923,8.278484991960505,0.0003977724741447892
LO_ref,LiftOff_200,4,LiftOff_200,same_drone,fastest,3,15,4,2314,23.20598602294922,1.8092523170166572,6.9225526678130125,0.02549697493517718
LO_ref,LiftOff_200,4,LiftOff_200,same_drone,fastest,3,15,5,2252,22.615839958190918,1.9550247951100062,7.726089124860525,0.03463587921847247
LO_ref,LiftOff_200,4,LiftOff_200,same_drone,fastest,5,1,3,2514,25.249022006988525,1.6395741476054653,5.301985031139088,0.0
LO_ref,LiftOff_200,4,LiftOff_200,same_drone,fastest,5,1,4,2314,23.20598602294922,1.54422687364017,6.508907976960498,0.04624027657735523
LO_ref,LiftOff_200,4,LiftOff_200,same_drone,fastest,5,1,5,2252,22.615839958190918,1.5200010952235559,5.432054876120316,0.008880994671403197
LO_ref,LiftOff_200,4,LiftOff_200,same_drone,fastest,5,3,3,2514,25.249022006988525,1.7112119833203394,5.978179050543901,0.002386634844868735
LO_ref,LiftOff_200,4,LiftOff_200,same_drone,fastest,5,3,4,2314,23.20598602294922,1.514435085245708,8.47252982143351,0.09204840103716508
LO_ref,LiftOff_200,4,LiftOff_200,same_drone,fastest,5,3,5,2252,22.615839958190918,1.503852176618956,5.149593883092727,0.007548845470692718
LO_ref,LiftOff_200,4,LiftOff_200,same_drone,fastest,5,5,3,2514,25.249022006988525,1.6048471179615262,4.82192506095837,0.0
LO_ref,LiftOff_200,4,LiftOff_200,same_drone,fastest,5,5,4,2314,23.20598602294922,1.5665016798361506,9.15868914815115,0.0898876404494382
LO_ref,LiftOff_200,4,LiftOff_200,same_drone,fastest,5,5,5,2252,22.615839958190918,1.5241674978791266,5.039474826521084,0.0066607460035523975
LO_ref,LiftOff_200,4,LiftOff_200,same_drone,fastest,5,9,3,2514,25.249022006988525,1.7352030257424005,5.982343659593231,0.0
LO_ref,LiftOff_200,4,LiftOff_200,same_drone,fastest,5,9,4,2314,23.20598602294922,1.679042215028229,10.06102656099897,0.0881590319792567
LO_ref,LiftOff_200,4,LiftOff_200,same_drone,fastest,5,9,5,2252,22.615839958190918,1.5906158968753203,5.4453168248731005,0.011545293072824156
LO_ref,LiftOff_200,4,LiftOff_200,same_drone,fastest,5,15,3,2514,25.249022006988525,2.089926738330931,5.98078631117821,0.0
LO_ref,LiftOff_200,4,LiftOff_200,same_drone,fastest,5,15,4,2314,23.20598602294922,1.9152339888738652,9.656113096690627,0.07821953327571306
LO_ref,LiftOff_200,4,LiftOff_200,same_drone,fastest,5,15,5,2252,22.615839958190918,1.6399416310862307,5.590266417804373,0.0066607460035523975
LO_ref,LiftOff_200,4,LiftOff_200,same_drone,median_time,1,1,3,2514,25.249022006988525,2.1700811102848263,7.939339202368069,0.028241845664280032
LO_ref,LiftOff_200,4,LiftOff_200,same_drone,median_time,1,1,4,2314,23.20598602294922,2.0650968407975867,18.81269196994587,0.12186689714779603
LO_ref,LiftOff_200,4,LiftOff_200,same_drone,median_time,1,1,5,2252,22.615839958190918,1.8202220281957011,7.307197321573318,0.038632326820603906
LO_ref,LiftOff_200,4,LiftOff_200,same_drone,median_time,1,3,3,2514,25.249022006988525,1.8285753125962714,7.849817470501166,0.02386634844868735
LO_ref,LiftOff_200,4,LiftOff_200,same_drone,median_time,1,3,4,2314,23.20598602294922,2.2109899780285067,23.046821811189716,0.15168539325842698
LO_ref,LiftOff_200,4,LiftOff_200,same_drone,median_time,1,3,5,2252,22.615839958190918,1.8858420246666725,6.98078710324349,0.02264653641207815
LO_ref,LiftOff_200,4,LiftOff_200,same_drone,median_time,1,5,3,2514,25.249022006988525,1.8035187594203448,8.03056696472383,0.026650755767700877
LO_ref,LiftOff_200,4,LiftOff_200,same_drone,median_time,1,5,4,2314,23.20598602294922,1.982981809166347,11.842219545851163,0.058772687986171135
LO_ref,LiftOff_200,4,LiftOff_200,same_drone,median_time,1,5,5,2252,22.615839958190918,1.7217809168891733,7.81875518148878,0.034191829484902306
LO_ref,LiftOff_200,4,LiftOff_200,same_drone,median_time,1,9,3,2514,25.249022006988525,2.155490958170404,7.640450200650935,0.005171042163882259
LO_ref,LiftOff_200,4,LiftOff_200,same_drone,median_time,1,9,4,2314,23.20598602294922,2.223690223526205,17.999576074047017,0.12532411408815902
LO_ref,LiftOff_200,4,LiftOff_200,same_drone,median_time,1,9,5,2252,22.615839958190918,1.782581882229108,7.750148104686231,0.03063943161634103
LO_ref,LiftOff_200,4,LiftOff_200,same_drone,median_time,1,15,3,2514,25.249022006988525,2.3409959839317764,8.331481086587212,0.017104216388225936
LO_ref,LiftOff_200,4,LiftOff_200,same_drone,median_time,1,15,4,2314,23.20598602294922,2.6589835808752085,14.65695036646878,0.09377700950734659
LO_ref,LiftOff_200,4,LiftOff_200,same_drone,median_time,1,15,5,2252,22.615839958190918,1.8405901842512549,8.586878387330316,0.03108348134991119
LO_ref,LiftOff_200,4,LiftOff_200,same_drone,median_time,3,1,3,2514,25.249022006988525,1.6519093782437437,6.085457357077505,0.008750994431185362
LO_ref,LiftOff_200,4,LiftOff_200,same_drone,median_time,3,1,4,2314,23.20598602294922,1.605969448232571,9.668465110008066,0.07173725151253241
LO_ref,LiftOff_200,4,LiftOff_200,same_drone,median_time,3,1,5,2252,22.615839958190918,1.38239053946522,5.377281447772782,0.009325044404973356
LO_ref,LiftOff_200,4,LiftOff_200,same_drone,median_time,3,3,3,2514,25.249022006988525,1.7623261482616641,5.90704190439764,0.0
LO_ref,LiftOff_200,4,LiftOff_200,same_drone,median_time,3,3,4,2314,23.20598602294922,1.5626530666447564,11.372165287146395,0.09420916162489196
LO_ref,LiftOff_200,4,LiftOff_200,same_drone,median_time,3,3,5,2252,22.615839958190918,1.3821612707413067,5.521017501935861,0.003108348134991119
LO_ref,LiftOff_200,4,LiftOff_200,same_drone,median_time,3,5,3,2514,25.249022006988525,1.779569801008563,6.444811847598524,0.022673031026252982
LO_ref,LiftOff_200,4,LiftOff_200,same_drone,median_time,3,5,4,2314,23.20598602294922,1.4408936522277287,9.389914688714484,0.036300777873811585
LO_ref,LiftOff_200,4,LiftOff_200,same_drone,median_time,3,5,5,2252,22.615839958190918,1.3197312138400008,5.347084627775557,0.003108348134991119
LO_ref,LiftOff_200,4,LiftOff_200,same_drone,median_time,3,9,3,2514,25.249022006988525,1.8106970125361954,7.23390500908587,0.0027844073190135244
LO_ref,LiftOff_200,4,LiftOff_200,same_drone,median_time,3,9,4,2314,23.20598602294922,1.6609654776442824,8.059711856360238,0.04624027657735523
LO_ref,LiftOff_200,4,LiftOff_200,same_drone,median_time,3,9,5,2252,22.615839958190918,1.471198081791858,6.131993311025685,0.011101243339253997
LO_ref,LiftOff_200,4,LiftOff_200,same_drone,median_time,3,15,3,2514,25.249022006988525,1.7844353644577176,5.820560431795921,0.016706443914081145
LO_ref,LiftOff_200,4,LiftOff_200,same_drone,median_time,3,15,4,2314,23.20598602294922,1.9410343902514526,7.2243510847702,0.02895419187554019
LO_ref,LiftOff_200,4,LiftOff_200,same_drone,median_time,3,15,5,2252,22.615839958190918,1.6446640645404003,6.255546101331462,0.007104795737122558
LO_ref,LiftOff_200,4,LiftOff_200,same_drone,median_time,5,1,3,2514,25.249022006988525,1.9725238446500768,6.552807025344958,0.005171042163882259
LO_ref,LiftOff_200,4,LiftOff_200,same_drone,median_time,5,1,4,2314,23.20598602294922,1.8367991484491313,32.6768515868293,0.1222990492653414
LO_ref,LiftOff_200,4,LiftOff_200,same_drone,median_time,5,1,5,2252,22.615839958190918,1.9887023059198299,51.71003521026545,0.15053285968028418
LO_ref,LiftOff_200,4,LiftOff_200,same_drone,median_time,5,3,3,2514,25.249022006988525,2.1588665501657616,8.131671011655055,0.07040572792362769
LO_ref,LiftOff_200,4,LiftOff_200,same_drone,median_time,5,3,4,2314,23.20598602294922,1.6370419742051894,30.73651454579492,0.11884183232497839
LO_ref,LiftOff_200,4,LiftOff_200,same_drone,median_time,5,3,5,2252,22.615839958190918,1.691671112569395,6.577226959002011,0.0
LO_ref,LiftOff_200,4,LiftOff_200,same_drone,median_time,5,5,3,2514,25.249022006988525,2.1369447268056376,8.402031201614625,0.06801909307875895
LO_ref,LiftOff_200,4,LiftOff_200,same_drone,median_time,5,5,4,2314,23.20598602294922,1.7492354050531986,25.47768805555765,0.11624891961970614
LO_ref,LiftOff_200,4,LiftOff_200,same_drone,median_time,5,5,5,2252,22.615839958190918,1.9472872155690624,22.069138415173004,0.10968028419182949
LO_ref,LiftOff_200,4,LiftOff_200,same_drone,median_time,5,9,3,2514,25.249022006988525,2.211773035851742,8.0396240782449,0.060461416070007955
LO_ref,LiftOff_200,4,LiftOff_200,same_drone,median_time,5,9,4,2314,23.20598602294922,2.470246337351739,67.91066797198455,0.2104580812445981
LO_ref,LiftOff_200,4,LiftOff_200,same_drone,median_time,5,9,5,2252,22.615839958190918,2.0972219680980047,89.58090671799108,0.15896980461811722
LO_ref,LiftOff_200,4,LiftOff_200,same_drone,median_time,5,15,3,2514,25.249022006988525,2.4633608780318923,8.322695257599054,0.061654733492442326
LO_ref,LiftOff_200,4,LiftOff_200,same_drone,median_time,5,15,4,2314,23.20598602294922,1.957889043860476,26.77489218459256,0.11668107173725151
LO_ref,LiftOff_200,4,LiftOff_200,same_drone,median_time,5,15,5,2252,22.615839958190918,1.9521381400444753,8.504137251728572,0.06349911190053285
LO_ref,LiftOff_200,4,LiftOff_200,same_drone,manual_best,1,1,3,2514,25.249022006988525,2.4263624162465334,9.984517790076127,0.08750994431185362
LO_ref,LiftOff_200,4,LiftOff_200,same_drone,manual_best,1,1,4,2314,23.20598602294922,3.843343424792872,72.28373208645543,0.391961970613656
LO_ref,LiftOff_200,4,LiftOff_200,same_drone,manual_best,1,1,5,2252,22.615839958190918,1.7445661865415758,7.97345899584259,0.08481349911190053
LO_ref,LiftOff_200,4,LiftOff_200,same_drone,manual_best,1,3,3,2514,25.249022006988525,2.041574874308111,8.832352026166129,0.07159904534606205
LO_ref,LiftOff_200,4,LiftOff_200,same_drone,manual_best,1,3,4,2314,23.20598602294922,2.3571612989734803,29.096679437401555,0.22731201382886776
LO_ref,LiftOff_200,4,LiftOff_200,same_drone,manual_best,1,3,5,2252,22.615839958190918,1.6977157855612859,8.116285622594562,0.07904085257548846
LO_ref,LiftOff_200,4,LiftOff_200,same_drone,manual_best,1,5,3,2514,25.249022006988525,2.910942766561462,24.03173058380693,0.1435958631662689
LO_ref,LiftOff_200,4,LiftOff_200,same_drone,manual_best,1,5,4,2314,23.20598602294922,2.3447854292711128,35.497909825123415,0.2139152981849611
LO_ref,LiftOff_200,4,LiftOff_200,same_drone,manual_best,1,5,5,2252,22.615839958190918,1.7702324049275973,8.181714050994959,0.06927175843694494
LO_ref,LiftOff_200,4,LiftOff_200,same_drone,manual_best,1,9,3,2514,25.249022006988525,2.587796624210263,9.158274948392508,0.07438345266507558
LO_ref,LiftOff_200,4,LiftOff_200,same_drone,manual_best,1,9,4,2314,23.20598602294922,2.440969536598793,21.04446830168391,0.13526361279170268
LO_ref,LiftOff_200,4,LiftOff_200,same_drone,manual_best,1,9,5,2252,22.615839958190918,1.7361675958676983,8.895805945202833,0.08792184724689166
LO_ref,LiftOff_200,4,LiftOff_200,same_drone,manual_best,1,15,3,2514,25.249022006988525,2.500314114317476,9.62117925227106,0.07557677008750995
LO_ref,LiftOff_200,4,LiftOff_200,same_drone,manual_best,1,15,4,2314,23.20598602294922,2.6748899080468362,24.79218679172475,0.1456352636127917
LO_ref,LiftOff_200,4,LiftOff_200,same_drone,manual_best,1,15,5,2252,22.615839958190918,2.4878509777683284,15.008378491821547,0.10035523978685613
LO_ref,LiftOff_200,4,LiftOff_200,same_drone,manual_best,3,1,3,2514,25.249022006988525,2.1032908200835863,15.069264989548907,0.10143198090692124
LO_ref,LiftOff_200,4,LiftOff_200,same_drone,manual_best,3,1,4,2314,23.20598602294922,1.8271701853724558,28.504319592155223,0.11279170267934313
LO_ref,LiftOff_200,4,LiftOff_200,same_drone,manual_best,3,1,5,2252,22.615839958190918,2.2582596558834815,90.98257420348683,0.16119005328596803
LO_ref,LiftOff_200,4,LiftOff_200,same_drone,manual_best,3,3,3,2514,25.249022006988525,2.14553190820034,7.279307893367499,0.02903739061256961
LO_ref,LiftOff_200,4,LiftOff_200,same_drone,manual_best,3,3,4,2314,23.20598602294922,1.866580826906386,18.0240409885762,0.10803802938634399
LO_ref,LiftOff_200,4,LiftOff_200,same_drone,manual_best,3,3,5,2252,22.615839958190918,2.1693943788598986,75.94844215389892,0.16119005328596803
LO_ref,LiftOff_200,4,LiftOff_200,same_drone,manual_best,3,5,3,2514,25.249022006988525,2.4548863383737682,10.260009465149865,0.04295942720763723
LO_ref,LiftOff_200,4,LiftOff_200,same_drone,manual_best,3,5,4,2314,23.20598602294922,1.770866357293631,25.079725032101965,0.11797752808988764
LO_ref,LiftOff_200,4,LiftOff_200,same_drone,manual_best,3,5,5,2252,22.615839958190918,2.7871631716377294,56.76569512782958,0.2211367673179396
LO_ref,LiftOff_200,4,LiftOff_200,same_drone,manual_best,3,9,3,2514,25.249022006988525,2.7546590787031633,14.745154804656899,0.09904534606205251
LO_ref,LiftOff_200,4,LiftOff_200,same_drone,manual_best,3,9,4,2314,23.20598602294922,1.913434302899347,27.01517346725299,0.11106309420916162
LO_ref,LiftOff_200,4,LiftOff_200,same_drone,manual_best,3,9,5,2252,22.615839958190918,2.0325514907246003,10.139353376330387,0.07504440497335702
LO_ref,LiftOff_200,4,LiftOff_200,same_drone,manual_best,3,15,3,2514,25.249022006988525,3.068267810640137,90.49598166761655,0.12927605409705648
LO_ref,LiftOff_200,4,LiftOff_200,same_drone,manual_best,3,15,4,2314,23.20598602294922,2.159068002266217,40.59734643244211,0.11927398444252377
LO_ref,LiftOff_200,4,LiftOff_200,same_drone,manual_best,3,15,5,2252,22.615839958190918,3.092888115833695,70.72803516979612,0.2433392539964476
LO_ref,LiftOff_200,4,LiftOff_200,same_drone,manual_best,5,1,3,2514,25.249022006988525,1.9725238446500697,6.552807025344768,0.005171042163882259
LO_ref,LiftOff_200,4,LiftOff_200,same_drone,manual_best,5,1,4,2314,23.20598602294922,1.836799148449245,32.676851586828775,0.1222990492653414
LO_ref,LiftOff_200,4,LiftOff_200,same_drone,manual_best,5,1,5,2252,22.615839958190918,1.9887023059198796,51.71003521026551,0.15053285968028418
LO_ref,LiftOff_200,4,LiftOff_200,same_drone,manual_best,5,3,3,2514,25.249022006988525,2.1588665501657403,8.131671011655062,0.07040572792362769
LO_ref,LiftOff_200,4,LiftOff_200,same_drone,manual_best,5,3,4,2314,23.20598602294922,1.6370419742051112,30.736514545794556,0.11884183232497839
LO_ref,LiftOff_200,4,LiftOff_200,same_drone,manual_best,5,3,5,2252,22.615839958190918,1.6916711125690682,6.577226959001861,0.0
LO_ref,LiftOff_200,4,LiftOff_200,same_drone,manual_best,5,5,3,2514,25.249022006988525,2.136944726805453,8.402031201614568,0.06801909307875895
LO_ref,LiftOff_200,4,LiftOff_200,same_drone,manual_best,5,5,4,2314,23.20598602294922,1.749235405052886,25.477688055557042,0.11624891961970614
LO_ref,LiftOff_200,4,LiftOff_200,same_drone,manual_best,5,5,5,2252,22.615839958190918,1.947287215569304,22.069138415173086,0.10968028419182949
LO_ref,LiftOff_200,4,LiftOff_200,same_drone,manual_best,5,9,3,2514,25.249022006988525,2.2117730358516354,8.039624078244834,0.060461416070007955
LO_ref,LiftOff_200,4,LiftOff_200,same_drone,manual_best,5,9,4,2314,23.20598602294922,2.4702463373514867,67.91066797198445,0.2104580812445981
LO_ref,LiftOff_200,4,LiftOff_200,same_drone,manual_best,5,9,5,2252,22.615839958190918,2.097221968098033,89.58090671799106,0.15896980461811722
LO_ref,LiftOff_200,4,LiftOff_200,same_drone,manual_best,5,15,3,2514,25.249022006988525,2.4633608780317644,8.322695257598884,0.061654733492442326
LO_ref,LiftOff_200,4,LiftOff_200,same_drone,manual_best,5,15,4,2314,23.20598602294922,1.9578890438603906,26.774892184592094,0.11668107173725151
LO_ref,LiftOff_200,4,LiftOff_200,same_drone,manual_best,5,15,5,2252,22.615839958190918,1.9521381400442053,8.504137251728327,0.06349911190053285
