flight_id,drone,rate,drone_cond,preset,obs_sigma,process_noise_v,lap_index,n_frames,duration_s,median_err_m,p90_err_m,jump_rate
1,MadTrainer,Gromozeka_rate,same_drone,baseline,0.5,1.0,2,2466,24.773011922836304,2.2908048574486415,54.96526079475155,0.18126520681265207
1,MadTrainer,Gromozeka_rate,same_drone,baseline,0.5,1.0,3,2524,25.354163885116577,3.138194674204641,91.8151895530853,0.33914421553090335
1,MadTrainer,Gromozeka_rate,same_drone,baseline,0.5,1.0,4,2443,24.53096318244934,0.45246653338084286,4.105804533422743,0.05566925910765452
2,MadTrainer,RedSheep_rate,same_drone,baseline,0.5,1.0,3,2509,25.217001914978027,17.78595735667244,113.79275838699633,0.507373455559984
2,MadTrainer,RedSheep_rate,same_drone,baseline,0.5,1.0,4,2597,26.059934854507446,22.02794332473048,116.88516862429876,0.5132845591066615
2,MadTrainer,RedSheep_rate,same_drone,baseline,0.5,1.0,5,2477,24.85981011390686,14.28582489187474,85.31429197517345,0.49091643116673395
3,LiftOff_200,Gromozeka_rate,cross_drone,baseline,0.5,1.0,4,2353,23.624861001968384,2.703473437379415,93.7262401194751,0.30386740331491713
3,LiftOff_200,Gromozeka_rate,cross_drone,baseline,0.5,1.0,5,2443,24.526942014694214,4.385110730375732,119.14716502093435,0.3823168235775686
3,LiftOff_200,Gromozeka_rate,cross_drone,baseline,0.5,1.0,6,2345,23.54997706413269,8.690389962097981,112.76039093963773,0.4230277185501066
4,LiftOff_200,RedSheep_rate,cross_drone,baseline,0.5,1.0,3,2514,25.249022006988525,47.381036193027924,132.55124417103048,0.6941129673826572
4,LiftOff_200,RedSheep_rate,cross_drone,baseline,0.5,1.0,4,2314,23.20598602294922,22.754617674919743,115.94169775335983,0.5233362143474503
4,LiftOff_200,RedSheep_rate,cross_drone,baseline,0.5,1.0,5,2252,22.615839958190918,28.123367840311154,121.7889966013403,0.5421847246891652
1,MadTrainer,Gromozeka_rate,same_drone,baseline,0.5,2.0,2,2466,24.773011922836304,3.3601466101258097,115.33572311939179,0.22424979724249797
1,MadTrainer,Gromozeka_rate,same_drone,baseline,0.5,2.0,3,2524,25.354163885116577,2.0635531910652585,93.20544134425339,0.26584786053882725
1,MadTrainer,Gromozeka_rate,same_drone,baseline,0.5,2.0,4,2443,24.53096318244934,0.3779994333640957,2.052183352546482,0.011870650839132215
2,MadTrainer,RedSheep_rate,same_drone,baseline,0.5,2.0,3,2509,25.217001914978027,7.524128715248992,112.79143999097205,0.46353128736548427
2,MadTrainer,RedSheep_rate,same_drone,baseline,0.5,2.0,4,2597,26.059934854507446,6.199701284789967,108.87438070940787,0.37427801309202924
2,MadTrainer,RedSheep_rate,same_drone,baseline,0.5,2.0,5,2477,24.85981011390686,40.088790804825265,114.6868872350527,0.6346386758175212
3,LiftOff_200,Gromozeka_rate,cross_drone,baseline,0.5,2.0,4,2353,23.624861001968384,3.941256865720689,116.06932245099324,0.34594135146621335
3,LiftOff_200,Gromozeka_rate,cross_drone,baseline,0.5,2.0,5,2443,24.526942014694214,6.480033186762455,108.91161070765162,0.3835448219402374
3,LiftOff_200,Gromozeka_rate,cross_drone,baseline,0.5,2.0,6,2345,23.54997706413269,7.34536372415559,114.84656951284944,0.43837953091684434
4,LiftOff_200,RedSheep_rate,cross_drone,baseline,0.5,2.0,3,2514,25.249022006988525,23.017675880215876,111.11128387282848,0.5592680986475735
4,LiftOff_200,RedSheep_rate,cross_drone,baseline,0.5,2.0,4,2314,23.20598602294922,32.879948994750606,116.59507934090185,0.5605012964563526
4,LiftOff_200,RedSheep_rate,cross_drone,baseline,0.5,2.0,5,2252,22.615839958190918,15.017586297900124,114.42475169066704,0.5004440497335702
1,MadTrainer,Gromozeka_rate,same_drone,baseline,0.5,3.0,2,2466,24.773011922836304,4.139812047821589,101.1298867837863,0.3548256285482563
1,MadTrainer,Gromozeka_rate,same_drone,baseline,0.5,3.0,3,2524,25.354163885116577,2.58443016643254,107.18396320917341,0.2805071315372425
1,MadTrainer,Gromozeka_rate,same_drone,baseline,0.5,3.0,4,2443,24.53096318244934,0.38377891277157516,1.8649699930856207,0.0
2,MadTrainer,RedSheep_rate,same_drone,baseline,0.5,3.0,3,2509,25.217001914978027,12.909430389619189,111.33679406941441,0.479473893981666
2,MadTrainer,RedSheep_rate,same_drone,baseline,0.5,3.0,4,2597,26.059934854507446,11.878806140487143,89.19503933426378,0.45899114362726223
2,MadTrainer,RedSheep_rate,same_drone,baseline,0.5,3.0,5,2477,24.85981011390686,27.025699212874173,101.42594434685557,0.5417844166330238
3,LiftOff_200,Gromozeka_rate,cross_drone,baseline,0.5,3.0,4,2353,23.624861001968384,2.960243823968419,116.49405848215011,0.3149171270718232
3,LiftOff_200,Gromozeka_rate,cross_drone,baseline,0.5,3.0,5,2443,24.526942014694214,7.4781744098873055,105.55217869281032,0.43962341383544823
3,LiftOff_200,Gromozeka_rate,cross_drone,baseline,0.5,3.0,6,2345,23.54997706413269,8.291240104656765,112.57966459166123,0.43837953091684434
4,LiftOff_200,RedSheep_rate,cross_drone,baseline,0.5,3.0,3,2514,25.249022006988525,54.98591567096446,140.69974281775214,0.6587112171837709
4,LiftOff_200,RedSheep_rate,cross_drone,baseline,0.5,3.0,4,2314,23.20598602294922,48.40328832920997,134.05085548501202,0.5972342264477096
4,LiftOff_200,RedSheep_rate,cross_drone,baseline,0.5,3.0,5,2252,22.615839958190918,12.106147496201295,139.20025785876382,0.4826820603907638
1,MadTrainer,Gromozeka_rate,same_drone,baseline,0.5,5.0,2,2466,24.773011922836304,2.6751260583293686,91.2269338257189,0.23398215733982158
1,MadTrainer,Gromozeka_rate,same_drone,baseline,0.5,5.0,3,2524,25.354163885116577,1.9392143443066203,96.08428620326163,0.2603011093502377
1,MadTrainer,Gromozeka_rate,same_drone,baseline,0.5,5.0,4,2443,24.53096318244934,0.35178044084725,1.3712655615663196,0.0
2,MadTrainer,RedSheep_rate,same_drone,baseline,0.5,5.0,3,2509,25.217001914978027,7.783703780252905,117.77531245882913,0.469908330011957
2,MadTrainer,RedSheep_rate,same_drone,baseline,0.5,5.0,4,2597,26.059934854507446,17.436467814767937,109.18669260481555,0.5171351559491721
2,MadTrainer,RedSheep_rate,same_drone,baseline,0.5,5.0,5,2477,24.85981011390686,44.25261953982806,117.73674241715253,0.6649172385950747
3,LiftOff_200,Gromozeka_rate,cross_drone,baseline,0.5,5.0,4,2353,23.624861001968384,2.6869329601305907,104.55972544159552,0.2681682957926052
3,LiftOff_200,Gromozeka_rate,cross_drone,baseline,0.5,5.0,5,2443,24.526942014694214,3.825938499550972,87.51146243553178,0.33565288579615227
3,LiftOff_200,Gromozeka_rate,cross_drone,baseline,0.5,5.0,6,2345,23.54997706413269,6.933377308663818,113.7290845243152,0.4051172707889126
4,LiftOff_200,RedSheep_rate,cross_drone,baseline,0.5,5.0,3,2514,25.249022006988525,58.242980536923696,145.14721994747177,0.6368337311058074
4,LiftOff_200,RedSheep_rate,cross_drone,baseline,0.5,5.0,4,2314,23.20598602294922,29.324318882207507,123.13946752117381,0.5713050993949871
4,LiftOff_200,RedSheep_rate,cross_drone,baseline,0.5,5.0,5,2252,22.615839958190918,8.461165724588273,119.42108823028607,0.4351687388987567
1,MadTrainer,Gromozeka_rate,same_drone,baseline,0.5,8.0,2,2466,24.773011922836304,1.716757508099846,16.141480609457957,0.10178426601784266
1,MadTrainer,Gromozeka_rate,same_drone,baseline,0.5,8.0,3,2524,25.354163885116577,2.0351679723431744,59.21987891641496,0.19809825673534073
1,MadTrainer,Gromozeka_rate,same_drone,baseline,0.5,8.0,4,2443,24.53096318244934,0.3438584572152905,1.1331918757125528,0.0
2,MadTrainer,RedSheep_rate,same_drone,baseline,0.5,8.0,3,2509,25.217001914978027,7.257476985301935,116.09873972131184,0.4679155041849342
2,MadTrainer,RedSheep_rate,same_drone,baseline,0.5,8.0,4,2597,26.059934854507446,11.053441752399351,90.85620436368475,0.46707739699653444
2,MadTrainer,RedSheep_rate,same_drone,baseline,0.5,8.0,5,2477,24.85981011390686,20.01102358725646,112.7252218547851,0.5248284214775939
3,LiftOff_200,Gromozeka_rate,cross_drone,baseline,0.5,8.0,4,2353,23.624861001968384,3.131123231733028,101.43735832330326,0.29961750956226096
3,LiftOff_200,Gromozeka_rate,cross_drone,baseline,0.5,8.0,5,2443,24.526942014694214,5.130675587901742,95.77138619923781,0.372902169463774
3,LiftOff_200,Gromozeka_rate,cross_drone,baseline,0.5,8.0,6,2345,23.54997706413269,5.507613718977165,111.58158490332491,0.3957356076759062
4,LiftOff_200,RedSheep_rate,cross_drone,baseline,0.5,8.0,3,2514,25.249022006988525,30.622786547267626,120.20531618943518,0.6229116945107399
4,LiftOff_200,RedSheep_rate,cross_drone,baseline,0.5,8.0,4,2314,23.20598602294922,13.639592529290073,113.21593517721236,0.49006050129645634
4,LiftOff_200,RedSheep_rate,cross_drone,baseline,0.5,8.0,5,2252,22.615839958190918,5.179177719498696,108.0462123629711,0.37788632326820604
1,MadTrainer,Gromozeka_rate,same_drone,baseline,1.0,1.0,2,2466,24.773011922836304,1.738410758201347,10.649852764145948,0.0665044606650446
1,MadTrainer,Gromozeka_rate,same_drone,baseline,1.0,1.0,3,2524,25.354163885116577,1.9604551454276162,41.22489989680828,0.18541996830427893
1,MadTrainer,Gromozeka_rate,same_drone,baseline,1.0,1.0,4,2443,24.53096318244934,0.59821496595589,7.712576699073047,0.05935325419566107
2,MadTrainer,RedSheep_rate,same_drone,baseline,1.0,1.0,3,2509,25.217001914978027,6.994842441962447,108.81031516569847,0.43443603029095257
2,MadTrainer,RedSheep_rate,same_drone,baseline,1.0,1.0,4,2597,26.059934854507446,3.902933390570098,46.81234910356121,0.2868694647670389
2,MadTrainer,RedSheep_rate,same_drone,baseline,1.0,1.0,5,2477,24.85981011390686,31.905771279962536,87.96599255196841,0.610012111425111
3,LiftOff_200,Gromozeka_rate,cross_drone,baseline,1.0,1.0,4,2353,23.624861001968384,2.7330053304314887,101.77270413577597,0.18912027199320017
3,LiftOff_200,Gromozeka_rate,cross_drone,baseline,1.0,1.0,5,2443,24.526942014694214,2.6010841743932076,37.19431781263352,0.18010642652476463
3,LiftOff_200,Gromozeka_rate,cross_drone,baseline,1.0,1.0,6,2345,23.54997706413269,5.106195155243981,97.37402396776892,0.33304904051172707
4,LiftOff_200,RedSheep_rate,cross_drone,baseline,1.0,1.0,3,2514,25.249022006988525,12.9277444237973,103.75163641849714,0.4781225139220366
4,LiftOff_200,RedSheep_rate,cross_drone,baseline,1.0,1.0,4,2314,23.20598602294922,29.117471976325575,102.66947672188537,0.6158167675021607
4,LiftOff_200,RedSheep_rate,cross_drone,baseline,1.0,1.0,5,2252,22.615839958190918,6.296567782106727,114.46205011686084,0.4067495559502664
1,MadTrainer,Gromozeka_rate,same_drone,baseline,1.0,2.0,2,2466,24.773011922836304,3.546569417005145,43.216911586453975,0.28345498783454987
1,MadTrainer,Gromozeka_rate,same_drone,baseline,1.0,2.0,3,2524,25.354163885116577,2.5792793455161203,48.59262312761477,0.21354992076069731
1,MadTrainer,Gromozeka_rate,same_drone,baseline,1.0,2.0,4,2443,24.53096318244934,0.5927318115628282,3.7668825738078344,0.009823986901350798
2,MadTrainer,RedSheep_rate,same_drone,baseline,1.0,2.0,3,2509,25.217001914978027,9.677316525040823,109.96502381158405,0.43842168194499803
2,MadTrainer,RedSheep_rate,same_drone,baseline,1.0,2.0,4,2597,26.059934854507446,3.781461824967309,91.82033620002868,0.22949557181363112
2,MadTrainer,RedSheep_rate,same_drone,baseline,1.0,2.0,5,2477,24.85981011390686,5.027540230811837,95.71114136066667,0.3136859103754542
3,LiftOff_200,Gromozeka_rate,cross_drone,baseline,1.0,2.0,4,2353,23.624861001968384,1.7944651359500767,50.91230407718643,0.11432214194645134
3,LiftOff_200,Gromozeka_rate,cross_drone,baseline,1.0,2.0,5,2443,24.526942014694214,1.59421347172605,35.331971245992854,0.15677445763405648
3,LiftOff_200,Gromozeka_rate,cross_drone,baseline,1.0,2.0,6,2345,23.54997706413269,2.7612220542117747,112.66620502256326,0.30831556503198293
4,LiftOff_200,RedSheep_rate,cross_drone,baseline,1.0,2.0,3,2514,25.249022006988525,19.32426777167862,94.90652616485824,0.5290373906125696
4,LiftOff_200,RedSheep_rate,cross_drone,baseline,1.0,2.0,4,2314,23.20598602294922,3.6617690903043894,46.087878248763616,0.27009507346586
4,LiftOff_200,RedSheep_rate,cross_drone,baseline,1.0,2.0,5,2252,22.615839958190918,2.147918833085221,100.50098443727147,0.2455595026642984
1,MadTrainer,Gromozeka_rate,same_drone,baseline,1.0,3.0,2,2466,24.773011922836304,1.6738411645663902,18.757394135116527,0.1305758313057583
1,MadTrainer,Gromozeka_rate,same_drone,baseline,1.0,3.0,3,2524,25.354163885116577,2.3049377345134943,46.37482775315795,0.18264659270998415
1,MadTrainer,Gromozeka_rate,same_drone,baseline,1.0,3.0,4,2443,24.53096318244934,0.49818622434003146,2.8320464978692366,0.008595988538681949
2,MadTrainer,RedSheep_rate,same_drone,baseline,1.0,3.0,3,2509,25.217001914978027,7.031080335006578,110.49951887819763,0.3626943005181347
2,MadTrainer,RedSheep_rate,same_drone,baseline,1.0,3.0,4,2597,26.059934854507446,3.0659140715034283,53.69528219502042,0.19753561802079322
2,MadTrainer,RedSheep_rate,same_drone,baseline,1.0,3.0,5,2477,24.85981011390686,4.80160937247274,60.78205409484243,0.2850222042793702
3,LiftOff_200,Gromozeka_rate,cross_drone,baseline,1.0,3.0,4,2353,23.624861001968384,1.82159728030598,50.007755633590236,0.14194645133871653
3,LiftOff_200,Gromozeka_rate,cross_drone,baseline,1.0,3.0,5,2443,24.526942014694214,1.481766707811687,25.075643507001377,0.13999181334424887
3,LiftOff_200,Gromozeka_rate,cross_drone,baseline,1.0,3.0,6,2345,23.54997706413269,2.2647822113419522,58.359644560607386,0.25970149253731345
4,LiftOff_200,RedSheep_rate,cross_drone,baseline,1.0,3.0,3,2514,25.249022006988525,22.22989976448231,120.45818088789648,0.5437549721559268
4,LiftOff_200,RedSheep_rate,cross_drone,baseline,1.0,3.0,4,2314,23.20598602294922,30.6742799055682,139.63120961989813,0.6067415730337079
4,LiftOff_200,RedSheep_rate,cross_drone,baseline,1.0,3.0,5,2252,22.615839958190918,2.3538942423914158,107.7098378753188,0.272202486678508
1,MadTrainer,Gromozeka_rate,same_drone,baseline,1.0,5.0,2,2466,24.773011922836304,1.8726673325438947,10.4148902957768,0.040145985401459854
1,MadTrainer,Gromozeka_rate,same_drone,baseline,1.0,5.0,3,2524,25.354163885116577,2.245340723331555,51.6763914007796,0.20324881141045958
1,MadTrainer,Gromozeka_rate,same_drone,baseline,1.0,5.0,4,2443,24.53096318244934,0.45013674994029884,2.3066860593212035,0.0
2,MadTrainer,RedSheep_rate,same_drone,baseline,1.0,5.0,3,2509,25.217001914978027,12.304563653499088,140.87973475898215,0.4854523714627342
2,MadTrainer,RedSheep_rate,same_drone,baseline,1.0,5.0,4,2597,26.059934854507446,3.0386858148942224,34.42379335296496,0.17558721601848287
2,MadTrainer,RedSheep_rate,same_drone,baseline,1.0,5.0,5,2477,24.85981011390686,3.819906616632963,42.31963153443033,0.23052079127977393
3,LiftOff_200,Gromozeka_rate,cross_drone,baseline,1.0,5.0,4,2353,23.624861001968384,2.0146367091284674,106.63389813691421,0.2154696132596685
3,LiftOff_200,Gromozeka_rate,cross_drone,baseline,1.0,5.0,5,2443,24.526942014694214,1.5558756441043613,37.88887877702084,0.16782644289807613
3,LiftOff_200,Gromozeka_rate,cross_drone,baseline,1.0,5.0,6,2345,23.54997706413269,2.7620036202411598,109.18360436201058,0.24136460554371003
4,LiftOff_200,RedSheep_rate,cross_drone,baseline,1.0,5.0,3,2514,25.249022006988525,15.907796589643453,113.05545934663158,0.5202863961813843
4,LiftOff_200,RedSheep_rate,cross_drone,baseline,1.0,5.0,4,2314,23.20598602294922,4.424918932579828,88.95298486279884,0.27095937770095074
4,LiftOff_200,RedSheep_rate,cross_drone,baseline,1.0,5.0,5,2252,22.615839958190918,2.8495756585462324,113.76662314508798,0.32460035523978686
1,MadTrainer,Gromozeka_rate,same_drone,baseline,1.0,8.0,2,2466,24.773011922836304,1.7643084802790412,9.619400186985743,0.07137064071370641
1,MadTrainer,Gromozeka_rate,same_drone,baseline,1.0,8.0,3,2524,25.354163885116577,1.8026845159707605,36.04304963332394,0.16125198098256735
1,MadTrainer,Gromozeka_rate,same_drone,baseline,1.0,8.0,4,2443,24.53096318244934,0.4434908473662347,1.9255260873388762,0.0
2,MadTrainer,RedSheep_rate,same_drone,baseline,1.0,8.0,3,2509,25.217001914978027,6.203159821746553,96.8670907249579,0.40414507772020725
2,MadTrainer,RedSheep_rate,same_drone,baseline,1.0,8.0,4,2597,26.059934854507446,2.728236072256209,45.920542446519775,0.1621101270696958
2,MadTrainer,RedSheep_rate,same_drone,baseline,1.0,8.0,5,2477,24.85981011390686,3.6237158505686864,59.44295405329073,0.24788050060557126
3,LiftOff_200,Gromozeka_rate,cross_drone,baseline,1.0,8.0,4,2353,23.624861001968384,1.6172191173606336,7.2618371317683925,0.050998725031874206
3,LiftOff_200,Gromozeka_rate,cross_drone,baseline,1.0,8.0,5,2443,24.526942014694214,1.4143916572334945,14.722633289563262,0.09742120343839542
3,LiftOff_200,Gromozeka_rate,cross_drone,baseline,1.0,8.0,6,2345,23.54997706413269,2.0875679635909705,72.3344167322512,0.20298507462686566
4,LiftOff_200,RedSheep_rate,cross_drone,baseline,1.0,8.0,3,2514,25.249022006988525,7.599715001236348,122.12278612218783,0.43715194908512334
4,LiftOff_200,RedSheep_rate,cross_drone,baseline,1.0,8.0,4,2314,23.20598602294922,2.1593595967160226,14.845314902784366,0.09766637856525497
4,LiftOff_200,RedSheep_rate,cross_drone,baseline,1.0,8.0,5,2252,22.615839958190918,2.7133337910386075,116.69190552249742,0.2935168738898757
1,MadTrainer,Gromozeka_rate,same_drone,baseline,1.5,1.0,2,2466,24.773011922836304,1.8303116860993782,12.771501781793319,0.08840227088402271
1,MadTrainer,Gromozeka_rate,same_drone,baseline,1.5,1.0,3,2524,25.354163885116577,2.3172946029398247,38.88850630487964,0.2222662440570523
1,MadTrainer,Gromozeka_rate,same_drone,baseline,1.5,1.0,4,2443,24.53096318244934,1.047858107824652,13.438334981829021,0.0830945558739255
2,MadTrainer,RedSheep_rate,same_drone,baseline,1.5,1.0,3,2509,25.217001914978027,4.767882380078362,96.63394671584011,0.3459545635711439
2,MadTrainer,RedSheep_rate,same_drone,baseline,1.5,1.0,4,2597,26.059934854507446,4.613835028037954,125.78824917503368,0.3288409703504043
2,MadTrainer,RedSheep_rate,same_drone,baseline,1.5,1.0,5,2477,24.85981011390686,3.1615118384119114,34.745239539312784,0.23375050464271296
3,LiftOff_200,Gromozeka_rate,cross_drone,baseline,1.5,1.0,4,2353,23.624861001968384,3.2565205562232507,104.03607540919619,0.20994475138121546
3,LiftOff_200,Gromozeka_rate,cross_drone,baseline,1.5,1.0,5,2443,24.526942014694214,4.099592781067198,111.03763609171632,0.30167826442898077
3,LiftOff_200,Gromozeka_rate,cross_drone,baseline,1.5,1.0,6,2345,23.54997706413269,7.120916194750237,111.48773189680792,0.3624733475479744
4,LiftOff_200,RedSheep_rate,cross_drone,baseline,1.5,1.0,3,2514,25.249022006988525,5.207473904659587,80.92196139418256,0.2903739061256961
4,LiftOff_200,RedSheep_rate,cross_drone,baseline,1.5,1.0,4,2314,23.20598602294922,13.953033296774528,65.65500756827363,0.49222126188418325
4,LiftOff_200,RedSheep_rate,cross_drone,baseline,1.5,1.0,5,2252,22.615839958190918,3.4426023300437656,107.14362571493741,0.22957371225577264
1,MadTrainer,Gromozeka_rate,same_drone,baseline,1.5,2.0,2,2466,24.773011922836304,1.5869111803574256,10.305269249401675,0.046228710462287104
1,MadTrainer,Gromozeka_rate,same_drone,baseline,1.5,2.0,3,2524,25.354163885116577,2.226598436440682,29.968322983566363,0.17155309033280508
1,MadTrainer,Gromozeka_rate,same_drone,baseline,1.5,2.0,4,2443,24.53096318244934,0.8142636132854761,8.668576553784515,0.022922636103151862
2,MadTrainer,RedSheep_rate,same_drone,baseline,1.5,2.0,3,2509,25.217001914978027,4.842795916631928,99.35052932392755,0.26863292148266243
2,MadTrainer,RedSheep_rate,same_drone,baseline,1.5,2.0,4,2597,26.059934854507446,2.0811060157002856,12.153255058856109,0.07393145937620331
2,MadTrainer,RedSheep_rate,same_drone,baseline,1.5,2.0,5,2477,24.85981011390686,2.835610649183849,14.2790656965888,0.09123940250302785
3,LiftOff_200,Gromozeka_rate,cross_drone,baseline,1.5,2.0,4,2353,23.624861001968384,2.294720681320598,74.03141938276822,0.18827029324266895
3,LiftOff_200,Gromozeka_rate,cross_drone,baseline,1.5,2.0,5,2443,24.526942014694214,1.7919016614046797,44.7927267967395,0.2075317232910356
3,LiftOff_200,Gromozeka_rate,cross_drone,baseline,1.5,2.0,6,2345,23.54997706413269,2.324121969674934,99.03483333835437,0.31002132196162047
4,LiftOff_200,RedSheep_rate,cross_drone,baseline,1.5,2.0,3,2514,25.249022006988525,3.2862086942106856,43.40701962067977,0.2243436754176611
4,LiftOff_200,RedSheep_rate,cross_drone,baseline,1.5,2.0,4,2314,23.20598602294922,2.538754500889464,37.329877805024275,0.21866897147796024
4,LiftOff_200,RedSheep_rate,cross_drone,baseline,1.5,2.0,5,2252,22.615839958190918,1.678577648457086,63.81619100946325,0.1460923623445826
1,MadTrainer,Gromozeka_rate,same_drone,baseline,1.5,3.0,2,2466,24.773011922836304,1.6003598376726629,9.120083245588503,0.05596107055961071
1,MadTrainer,Gromozeka_rate,same_drone,baseline,1.5,3.0,3,2524,25.354163885116577,1.9951131088455725,16.58717301709429,0.11727416798732171
1,MadTrainer,Gromozeka_rate,same_drone,baseline,1.5,3.0,4,2443,24.53096318244934,0.7190770208008104,5.019999605285284,0.007367990176013099
2,MadTrainer,RedSheep_rate,same_drone,baseline,1.5,3.0,3,2509,25.217001914978027,2.9053618773061487,52.34648334290126,0.17297728178557195
2,MadTrainer,RedSheep_rate,same_drone,baseline,1.5,3.0,4,2597,26.059934854507446,2.164571906350943,16.329883547837362,0.10319599537928378
2,MadTrainer,RedSheep_rate,same_drone,baseline,1.5,3.0,5,2477,24.85981011390686,3.8174275957841814,26.38776378223182,0.1610819539765846
3,LiftOff_200,Gromozeka_rate,cross_drone,baseline,1.5,3.0,4,2353,23.624861001968384,1.6015554369334097,9.66113101076733,0.06842328941776456
3,LiftOff_200,Gromozeka_rate,cross_drone,baseline,1.5,3.0,5,2443,24.526942014694214,1.5360887165762733,42.31027356273434,0.18215309046254605
3,LiftOff_200,Gromozeka_rate,cross_drone,baseline,1.5,3.0,6,2345,23.54997706413269,2.5515624508867383,113.19284493041519,0.30149253731343284
4,LiftOff_200,RedSheep_rate,cross_drone,baseline,1.5,3.0,3,2514,25.249022006988525,4.221417183728342,117.51724984697711,0.2951471758154336
4,LiftOff_200,RedSheep_rate,cross_drone,baseline,1.5,3.0,4,2314,23.20598602294922,2.45904898330015,27.11719545887837,0.1508210890233362
4,LiftOff_200,RedSheep_rate,cross_drone,baseline,1.5,3.0,5,2252,22.615839958190918,2.0541350516649928,51.55947465216348,0.1372113676731794
1,MadTrainer,Gromozeka_rate,same_drone,baseline,1.5,5.0,2,2466,24.773011922836304,1.4856260858410764,7.243345232813326,0.012976480129764802
1,MadTrainer,Gromozeka_rate,same_drone,baseline,1.5,5.0,3,2524,25.354163885116577,2.010310969894718,12.850590033571667,0.06893819334389857
1,MadTrainer,Gromozeka_rate,same_drone,baseline,1.5,5.0,4,2443,24.53096318244934,0.5659671677294966,3.0468899809963177,0.0
2,MadTrainer,RedSheep_rate,same_drone,baseline,1.5,5.0,3,2509,25.217001914978027,2.1167686413924596,23.613426194486056,0.12475089677162216
2,MadTrainer,RedSheep_rate,same_drone,baseline,1.5,5.0,4,2597,26.059934854507446,1.8187155074111558,7.966004891093968,0.05968425105891413
2,MadTrainer,RedSheep_rate,same_drone,baseline,1.5,5.0,5,2477,24.85981011390686,3.274258775076248,13.20798342821548,0.08195397658457812
3,LiftOff_200,Gromozeka_rate,cross_drone,baseline,1.5,5.0,4,2353,23.624861001968384,1.760746199042785,12.683412781030198,0.08372290692732681
3,LiftOff_200,Gromozeka_rate,cross_drone,baseline,1.5,5.0,5,2443,24.526942014694214,1.3650509987103874,24.38215577183046,0.12812116250511665
3,LiftOff_200,Gromozeka_rate,cross_drone,baseline,1.5,5.0,6,2345,23.54997706413269,1.9030682393580918,54.137997856419794,0.21364605543710022
4,LiftOff_200,RedSheep_rate,cross_drone,baseline,1.5,5.0,3,2514,25.249022006988525,3.7210667439095317,52.79288009794599,0.22275258552108193
4,LiftOff_200,RedSheep_rate,cross_drone,baseline,1.5,5.0,4,2314,23.20598602294922,2.5780601913043313,26.58951325105347,0.1616248919619706
4,LiftOff_200,RedSheep_rate,cross_drone,baseline,1.5,5.0,5,2252,22.615839958190918,2.0214119128365553,44.38016738945557,0.16651865008880995
1,MadTrainer,Gromozeka_rate,same_drone,baseline,1.5,8.0,2,2466,24.773011922836304,1.6201443064674663,6.719557064970096,0.004866180048661801
1,MadTrainer,Gromozeka_rate,same_drone,baseline,1.5,8.0,3,2524,25.354163885116577,1.754609256308612,10.650914030266506,0.04675118858954041
1,MadTrainer,Gromozeka_rate,same_drone,baseline,1.5,8.0,4,2443,24.53096318244934,0.555708938061116,2.5653843073995124,0.0
2,MadTrainer,RedSheep_rate,same_drone,baseline,1.5,8.0,3,2509,25.217001914978027,2.244875342049795,30.202103055483594,0.15583897967317656
2,MadTrainer,RedSheep_rate,same_drone,baseline,1.5,8.0,4,2597,26.059934854507446,2.164242787578729,10.633686599605486,0.05775895263765884
2,MadTrainer,RedSheep_rate,same_drone,baseline,1.5,8.0,5,2477,24.85981011390686,3.7391658023016703,27.258537862898784,0.2010496568429552
3,LiftOff_200,Gromozeka_rate,cross_drone,baseline,1.5,8.0,4,2353,23.624861001968384,1.8822049510390286,8.819004040455884,0.0671483212919677
3,LiftOff_200,Gromozeka_rate,cross_drone,baseline,1.5,8.0,5,2443,24.526942014694214,1.304545013616746,12.611632648025312,0.08636921817437576
3,LiftOff_200,Gromozeka_rate,cross_drone,baseline,1.5,8.0,6,2345,23.54997706413269,1.706721637874523,8.88745347873501,0.042643923240938165
4,LiftOff_200,RedSheep_rate,cross_drone,baseline,1.5,8.0,3,2514,25.249022006988525,4.180796747201196,62.23632160269055,0.22792362768496421
4,LiftOff_200,RedSheep_rate,cross_drone,baseline,1.5,8.0,4,2314,23.20598602294922,2.438909508214806,20.178827518557497,0.13915298184961106
4,LiftOff_200,RedSheep_rate,cross_drone,baseline,1.5,8.0,5,2252,22.615839958190918,1.861772479518173,36.502921355183915,0.15319715808170514
1,MadTrainer,Gromozeka_rate,same_drone,baseline,2.0,1.0,2,2466,24.773011922836304,1.6441797211798743,10.321491498073783,0.0681265206812652
1,MadTrainer,Gromozeka_rate,same_drone,baseline,2.0,1.0,3,2524,25.354163885116577,4.135768199184284,149.02873777498124,0.35657686212361334
1,MadTrainer,Gromozeka_rate,same_drone,baseline,2.0,1.0,4,2443,24.53096318244934,1.143535710490056,20.70234644324704,0.12075317232910356
2,MadTrainer,RedSheep_rate,same_drone,baseline,2.0,1.0,3,2509,25.217001914978027,3.8175831955055344,35.60003372455863,0.1937026703866082
2,MadTrainer,RedSheep_rate,same_drone,baseline,2.0,1.0,4,2597,26.059934854507446,2.63057074113064,31.507751564277072,0.16442048517520216
2,MadTrainer,RedSheep_rate,same_drone,baseline,2.0,1.0,5,2477,24.85981011390686,2.530363901196779,36.87778044176075,0.13362939039160274
3,LiftOff_200,Gromozeka_rate,cross_drone,baseline,2.0,1.0,4,2353,23.624861001968384,2.796412655538745,33.89617988552159,0.175945601359966
3,LiftOff_200,Gromozeka_rate,cross_drone,baseline,2.0,1.0,5,2443,24.526942014694214,1.843361453658929,29.343343066631412,0.12279983626688498
3,LiftOff_200,Gromozeka_rate,cross_drone,baseline,2.0,1.0,6,2345,23.54997706413269,3.0740069363400124,68.93917467287089,0.28912579957356077
4,LiftOff_200,RedSheep_rate,cross_drone,baseline,2.0,1.0,3,2514,25.249022006988525,2.745326235312305,44.10722542619552,0.2203659506762132
4,LiftOff_200,RedSheep_rate,cross_drone,baseline,2.0,1.0,4,2314,23.20598602294922,2.7851444698759984,42.18348730711141,0.20138288677614521
4,LiftOff_200,RedSheep_rate,cross_drone,baseline,2.0,1.0,5,2252,22.615839958190918,2.1988282237945356,11.349917520332724,0.07371225577264653
1,MadTrainer,Gromozeka_rate,same_drone,baseline,2.0,2.0,2,2466,24.773011922836304,1.8617961892107466,24.614508806533294,0.13463098134630982
1,MadTrainer,Gromozeka_rate,same_drone,baseline,2.0,2.0,3,2524,25.354163885116577,2.2558367668366763,23.79170026569027,0.1541204437400951
1,MadTrainer,Gromozeka_rate,same_drone,baseline,2.0,2.0,4,2443,24.53096318244934,0.9598670727406216,19.322409883264818,0.11952517396643471
2,MadTrainer,RedSheep_rate,same_drone,baseline,2.0,2.0,3,2509,25.217001914978027,2.654625357364381,18.05961326870853,0.118772419290554
2,MadTrainer,RedSheep_rate,same_drone,baseline,2.0,2.0,4,2597,26.059934854507446,2.095943752628415,12.701876910279715,0.08240277242972661
2,MadTrainer,RedSheep_rate,same_drone,baseline,2.0,2.0,5,2477,24.85981011390686,1.6523771192061218,13.503256878013998,0.08800968914008882
3,LiftOff_200,Gromozeka_rate,cross_drone,baseline,2.0,2.0,4,2353,23.624861001968384,3.3865061685289106,142.71398792712864,0.2898427539311517
3,LiftOff_200,Gromozeka_rate,cross_drone,baseline,2.0,2.0,5,2443,24.526942014694214,1.9561260032014047,44.49052566861689,0.20671305771592305
3,LiftOff_200,Gromozeka_rate,cross_drone,baseline,2.0,2.0,6,2345,23.54997706413269,2.1194247111473885,117.75633100319402,0.23539445628997868
4,LiftOff_200,RedSheep_rate,cross_drone,baseline,2.0,2.0,3,2514,25.249022006988525,2.8151047882166935,36.915680955118624,0.21917263325377884
4,LiftOff_200,RedSheep_rate,cross_drone,baseline,2.0,2.0,4,2314,23.20598602294922,1.4179969743810403,21.395161758745157,0.1132238547968885
4,LiftOff_200,RedSheep_rate,cross_drone,baseline,2.0,2.0,5,2252,22.615839958190918,1.470459171806585,23.630607201207887,0.12655417406749556
1,MadTrainer,Gromozeka_rate,same_drone,baseline,2.0,3.0,2,2466,24.773011922836304,1.4366205456683048,11.245559626458999,0.0770478507704785
1,MadTrainer,Gromozeka_rate,same_drone,baseline,2.0,3.0,3,2524,25.354163885116577,1.9902632547191388,16.128266545649325,0.12123613312202852
1,MadTrainer,Gromozeka_rate,same_drone,baseline,2.0,3.0,4,2443,24.53096318244934,0.958238270923573,10.621277365297345,0.026197298403602128
2,MadTrainer,RedSheep_rate,same_drone,baseline,2.0,3.0,3,2509,25.217001914978027,2.8385700765540562,21.086321090842617,0.16062176165803108
2,MadTrainer,RedSheep_rate,same_drone,baseline,2.0,3.0,4,2597,26.059934854507446,1.9274879454161322,10.579609780471195,0.04081632653061224
2,MadTrainer,RedSheep_rate,same_drone,baseline,2.0,3.0,5,2477,24.85981011390686,2.2392221682678723,13.436092994448552,0.08599111828825191
3,LiftOff_200,Gromozeka_rate,cross_drone,baseline,2.0,3.0,4,2353,23.624861001968384,1.8161040668795607,36.51218999028877,0.1738206544836379
3,LiftOff_200,Gromozeka_rate,cross_drone,baseline,2.0,3.0,5,2443,24.526942014694214,1.6931453682188007,33.325334474360275,0.16823577568563242
3,LiftOff_200,Gromozeka_rate,cross_drone,baseline,2.0,3.0,6,2345,23.54997706413269,2.0394996295031547,35.86352631649134,0.19829424307036247
4,LiftOff_200,RedSheep_rate,cross_drone,baseline,2.0,3.0,3,2514,25.249022006988525,2.019545606251093,31.181745321579484,0.16785998408910102
4,LiftOff_200,RedSheep_rate,cross_drone,baseline,2.0,3.0,4,2314,23.20598602294922,1.3108630112751172,16.59316162645593,0.10371650821089023
4,LiftOff_200,RedSheep_rate,cross_drone,baseline,2.0,3.0,5,2252,22.615839958190918,1.5096693598400748,8.81667887224482,0.02930728241563055
1,MadTrainer,Gromozeka_rate,same_drone,baseline,2.0,5.0,2,2466,24.773011922836304,1.5250606380711673,8.933457131318022,0.017437145174371452
1,MadTrainer,Gromozeka_rate,same_drone,baseline,2.0,5.0,3,2524,25.354163885116577,2.058773616180275,13.059412860479366,0.05229793977812995
1,MadTrainer,Gromozeka_rate,same_drone,baseline,2.0,5.0,4,2443,24.53096318244934,0.842376172232008,5.665240667675097,0.0
2,MadTrainer,RedSheep_rate,same_drone,baseline,2.0,5.0,3,2509,25.217001914978027,2.0110549634951838,8.098899359848174,0.018333997608609008
2,MadTrainer,RedSheep_rate,same_drone,baseline,2.0,5.0,4,2597,26.059934854507446,1.9707759416491513,7.701908532537941,0.016557566422795534
2,MadTrainer,RedSheep_rate,same_drone,baseline,2.0,5.0,5,2477,24.85981011390686,2.256219540601137,9.508671158324958,0.03512313282196205
3,LiftOff_200,Gromozeka_rate,cross_drone,baseline,2.0,5.0,4,2353,23.624861001968384,1.8327096339665303,14.076568696816288,0.09392265193370165
3,LiftOff_200,Gromozeka_rate,cross_drone,baseline,2.0,5.0,5,2443,24.526942014694214,1.370169636666155,20.93994061474087,0.12157183790421613
3,LiftOff_200,Gromozeka_rate,cross_drone,baseline,2.0,5.0,6,2345,23.54997706413269,1.9433748797056012,21.265668126001987,0.1646055437100213
4,LiftOff_200,RedSheep_rate,cross_drone,baseline,2.0,5.0,3,2514,25.249022006988525,2.2505068935314014,14.709679370907654,0.09864757358790771
4,LiftOff_200,RedSheep_rate,cross_drone,baseline,2.0,5.0,4,2314,23.20598602294922,1.520990191554489,17.317244949808444,0.11927398444252377
4,LiftOff_200,RedSheep_rate,cross_drone,baseline,2.0,5.0,5,2252,22.615839958190918,1.6374899821312887,10.920172299072018,0.0497335701598579
1,MadTrainer,Gromozeka_rate,same_drone,baseline,2.0,8.0,2,2466,24.773011922836304,1.6903661002161066,6.6023252744837,0.0
1,MadTrainer,Gromozeka_rate,same_drone,baseline,2.0,8.0,3,2524,25.354163885116577,1.9047697830967891,7.143418921295523,0.006735340729001585
1,MadTrainer,Gromozeka_rate,same_drone,baseline,2.0,8.0,4,2443,24.53096318244934,0.7585173680291746,3.725864189331719,0.0
2,MadTrainer,RedSheep_rate,same_drone,baseline,2.0,8.0,3,2509,25.217001914978027,2.100024462412698,8.092985277853257,0.05699481865284974
2,MadTrainer,RedSheep_rate,same_drone,baseline,2.0,8.0,4,2597,26.059934854507446,1.9265914609920287,6.637817177416332,0.02040816326530612
2,MadTrainer,RedSheep_rate,same_drone,baseline,2.0,8.0,5,2477,24.85981011390686,2.5731152417923795,9.269956973679697,0.03431570448122729
3,LiftOff_200,Gromozeka_rate,cross_drone,baseline,2.0,8.0,4,2353,23.624861001968384,1.8648000234052517,8.838695650232657,0.03484912877178071
3,LiftOff_200,Gromozeka_rate,cross_drone,baseline,2.0,8.0,5,2443,24.526942014694214,1.4399249081568044,12.75656427180766,0.09209987720016373
3,LiftOff_200,Gromozeka_rate,cross_drone,baseline,2.0,8.0,6,2345,23.54997706413269,1.9556376788072214,13.85624488506097,0.09125799573560768
4,LiftOff_200,RedSheep_rate,cross_drone,baseline,2.0,8.0,3,2514,25.249022006988525,2.8329142293007408,15.804610211337526,0.10859188544152745
4,LiftOff_200,RedSheep_rate,cross_drone,baseline,2.0,8.0,4,2314,23.20598602294922,1.9692319971300378,15.015249320160569,0.10025929127052723
4,LiftOff_200,RedSheep_rate,cross_drone,baseline,2.0,8.0,5,2252,22.615839958190918,1.6006241174447915,9.999470066887259,0.05328596802841918
1,MadTrainer,Gromozeka_rate,same_drone,baseline,2.5,1.0,2,2466,24.773011922836304,1.8921426504374708,9.392367426465952,0.00932684509326845
1,MadTrainer,Gromozeka_rate,same_drone,baseline,2.5,1.0,3,2524,25.354163885116577,2.9472455063149283,19.760344745845174,0.1576862123613312
1,MadTrainer,Gromozeka_rate,same_drone,baseline,2.5,1.0,4,2443,24.53096318244934,2.515122706569713,20.153977802581547,0.13385182153090464
2,MadTrainer,RedSheep_rate,same_drone,baseline,2.5,1.0,3,2509,25.217001914978027,3.7512843641886207,36.70023181776257,0.15145476285372658
2,MadTrainer,RedSheep_rate,same_drone,baseline,2.5,1.0,4,2597,26.059934854507446,2.057783934323382,17.436237887178393,0.13438582980361957
2,MadTrainer,RedSheep_rate,same_drone,baseline,2.5,1.0,5,2477,24.85981011390686,2.6791453640178133,13.525742720432838,0.09164311667339524
3,LiftOff_200,Gromozeka_rate,cross_drone,baseline,2.5,1.0,4,2353,23.624861001968384,2.802566220462211,7.787230019581277,0.011899702507437314
3,LiftOff_200,Gromozeka_rate,cross_drone,baseline,2.5,1.0,5,2443,24.526942014694214,2.819666679947318,38.70916689375792,0.17724109701187066
3,LiftOff_200,Gromozeka_rate,cross_drone,baseline,2.5,1.0,6,2345,23.54997706413269,2.4503177510405294,18.29454087241106,0.1253731343283582
4,LiftOff_200,RedSheep_rate,cross_drone,baseline,2.5,1.0,3,2514,25.249022006988525,3.192195791962959,114.20700419806882,0.24224343675417662
4,LiftOff_200,RedSheep_rate,cross_drone,baseline,2.5,1.0,4,2314,23.20598602294922,2.0000853146495956,11.789391066145482,0.033707865168539325
4,LiftOff_200,RedSheep_rate,cross_drone,baseline,2.5,1.0,5,2252,22.615839958190918,2.1561320266299617,14.628614904779552,0.08836589698046181
1,MadTrainer,Gromozeka_rate,same_drone,baseline,2.5,2.0,2,2466,24.773011922836304,2.168743213245051,15.188594873049212,0.10178426601784266
1,MadTrainer,Gromozeka_rate,same_drone,baseline,2.5,2.0,3,2524,25.354163885116577,2.2498925601497746,21.51631003323239,0.16600633914421553
1,MadTrainer,Gromozeka_rate,same_drone,baseline,2.5,2.0,4,2443,24.53096318244934,1.2630232683397935,14.954366799120702,0.09987720016373311
2,MadTrainer,RedSheep_rate,same_drone,baseline,2.5,2.0,3,2509,25.217001914978027,2.1424037876103625,12.477533170236837,0.07572738142686329
2,MadTrainer,RedSheep_rate,same_drone,baseline,2.5,2.0,4,2597,26.059934854507446,1.9613741277422179,14.69846684292361,0.09742010011551791
2,MadTrainer,RedSheep_rate,same_drone,baseline,2.5,2.0,5,2477,24.85981011390686,1.8564473722173602,14.36267512981692,0.09568025837706903
3,LiftOff_200,Gromozeka_rate,cross_drone,baseline,2.5,2.0,4,2353,23.624861001968384,2.5115181342825394,28.65882264764495,0.16404589885252868
3,LiftOff_200,Gromozeka_rate,cross_drone,baseline,2.5,2.0,5,2443,24.526942014694214,1.7923798326642313,22.020630788100767,0.12116250511665984
3,LiftOff_200,Gromozeka_rate,cross_drone,baseline,2.5,2.0,6,2345,23.54997706413269,1.7603216469858722,30.489298019815596,0.15650319829424306
4,LiftOff_200,RedSheep_rate,cross_drone,baseline,2.5,2.0,3,2514,25.249022006988525,2.375675097165754,43.902681001309816,0.2016706443914081
4,LiftOff_200,RedSheep_rate,cross_drone,baseline,2.5,2.0,4,2314,23.20598602294922,1.4890043207609551,19.418420059154805,0.11063094209161625
4,LiftOff_200,RedSheep_rate,cross_drone,baseline,2.5,2.0,5,2252,22.615839958190918,1.6563247022110517,16.994710534881232,0.11012433392539965
1,MadTrainer,Gromozeka_rate,same_drone,baseline,2.5,3.0,2,2466,24.773011922836304,1.342727525838086,10.61289927749053,0.07542579075425791
1,MadTrainer,Gromozeka_rate,same_drone,baseline,2.5,3.0,3,2524,25.354163885116577,2.02825491057137,17.78760760291343,0.12638668779714737
1,MadTrainer,Gromozeka_rate,same_drone,baseline,2.5,3.0,4,2443,24.53096318244934,1.024447978178955,13.359773611039067,0.08677855096193204
2,MadTrainer,RedSheep_rate,same_drone,baseline,2.5,3.0,3,2509,25.217001914978027,2.028460140641556,10.543692186892267,0.026703866082104424
2,MadTrainer,RedSheep_rate,same_drone,baseline,2.5,3.0,4,2597,26.059934854507446,1.8001190156037126,13.488181360436391,0.09318444358875626
2,MadTrainer,RedSheep_rate,same_drone,baseline,2.5,3.0,5,2477,24.85981011390686,1.9341021097700661,14.053934874867847,0.09608397254743642
3,LiftOff_200,Gromozeka_rate,cross_drone,baseline,2.5,3.0,4,2353,23.624861001968384,1.5556262239902878,14.265241202607449,0.09647258818529537
3,LiftOff_200,Gromozeka_rate,cross_drone,baseline,2.5,3.0,5,2443,24.526942014694214,1.695956433443257,21.29967466125856,0.11829717560376586
3,LiftOff_200,Gromozeka_rate,cross_drone,baseline,2.5,3.0,6,2345,23.54997706413269,1.4970066064909702,15.836949642707564,0.10746268656716418
4,LiftOff_200,RedSheep_rate,cross_drone,baseline,2.5,3.0,3,2514,25.249022006988525,1.926351062260153,17.58966119300727,0.1105807478122514
4,LiftOff_200,RedSheep_rate,cross_drone,baseline,2.5,3.0,4,2314,23.20598602294922,1.473329261947896,17.039475576556598,0.10544511668107173
4,LiftOff_200,RedSheep_rate,cross_drone,baseline,2.5,3.0,5,2252,22.615839958190918,1.527652445167874,11.656573667659439,0.07460035523978685
1,MadTrainer,Gromozeka_rate,same_drone,baseline,2.5,5.0,2,2466,24.773011922836304,1.8139337092970464,10.12023851711352,0.06447688564476886
1,MadTrainer,Gromozeka_rate,same_drone,baseline,2.5,5.0,3,2524,25.354163885116577,1.843307401030458,13.753466491224028,0.07646592709984153
1,MadTrainer,Gromozeka_rate,same_drone,baseline,2.5,5.0,4,2443,24.53096318244934,0.9589816515000962,9.37005278124244,0.02005730659025788
2,MadTrainer,RedSheep_rate,same_drone,baseline,2.5,5.0,3,2509,25.217001914978027,2.3566658260776023,8.191021758373283,0.00757273814268633
2,MadTrainer,RedSheep_rate,same_drone,baseline,2.5,5.0,4,2597,26.059934854507446,2.1546331972838004,11.061193605496431,0.03850596842510589
2,MadTrainer,RedSheep_rate,same_drone,baseline,2.5,5.0,5,2477,24.85981011390686,2.072888718101183,11.357131363662338,0.041178845377472746
3,LiftOff_200,Gromozeka_rate,cross_drone,baseline,2.5,5.0,4,2353,23.624861001968384,1.9296801272406015,14.427688593847364,0.08924776880577985
3,LiftOff_200,Gromozeka_rate,cross_drone,baseline,2.5,5.0,5,2443,24.526942014694214,1.5176142200111613,18.04291490942268,0.10970118706508392
3,LiftOff_200,Gromozeka_rate,cross_drone,baseline,2.5,5.0,6,2345,23.54997706413269,1.5953268909441363,15.096367512282962,0.10063965884861407
4,LiftOff_200,RedSheep_rate,cross_drone,baseline,2.5,5.0,3,2514,25.249022006988525,2.3684265399960083,14.630296700205783,0.09824980111376293
4,LiftOff_200,RedSheep_rate,cross_drone,baseline,2.5,5.0,4,2314,23.20598602294922,1.697474632699489,13.817996363250293,0.09550561797752809
4,LiftOff_200,RedSheep_rate,cross_drone,baseline,2.5,5.0,5,2252,22.615839958190918,1.8093755821437156,11.795156390371124,0.06705150976909414
1,MadTrainer,Gromozeka_rate,same_drone,baseline,2.5,8.0,2,2466,24.773011922836304,1.815475745136112,8.23570467748186,0.0170316301703163
1,MadTrainer,Gromozeka_rate,same_drone,baseline,2.5,8.0,3,2524,25.354163885116577,1.9074947640392779,11.520376238641514,0.02416798732171157
1,MadTrainer,Gromozeka_rate,same_drone,baseline,2.5,8.0,4,2443,24.53096318244934,0.8340096014922551,6.159143123667094,0.0
2,MadTrainer,RedSheep_rate,same_drone,baseline,2.5,8.0,3,2509,25.217001914978027,2.298209769741959,6.901548480431278,0.011159824631327222
2,MadTrainer,RedSheep_rate,same_drone,baseline,2.5,8.0,4,2597,26.059934854507446,2.1148119974517954,9.585039296887409,0.02117828263380824
2,MadTrainer,RedSheep_rate,same_drone,baseline,2.5,8.0,5,2477,24.85981011390686,2.581024746715741,10.61120726888866,0.03229713362939039
3,LiftOff_200,Gromozeka_rate,cross_drone,baseline,2.5,8.0,4,2353,23.624861001968384,1.987806635381503,8.382865103484612,0.04122396940076498
3,LiftOff_200,Gromozeka_rate,cross_drone,baseline,2.5,8.0,5,2443,24.526942014694214,1.5735667444904564,13.956084861295878,0.09701187065083913
3,LiftOff_200,Gromozeka_rate,cross_drone,baseline,2.5,8.0,6,2345,23.54997706413269,1.8041847865444822,12.185776864769286,0.04818763326226013
4,LiftOff_200,RedSheep_rate,cross_drone,baseline,2.5,8.0,3,2514,25.249022006988525,2.528012953341996,14.181515959446251,0.0954653937947494
4,LiftOff_200,RedSheep_rate,cross_drone,baseline,2.5,8.0,4,2314,23.20598602294922,2.1805857586587436,14.296104087223316,0.09118409680207433
4,LiftOff_200,RedSheep_rate,cross_drone,baseline,2.5,8.0,5,2252,22.615839958190918,2.0450358704001985,11.345227901600303,0.052397868561278864
1,MadTrainer,Gromozeka_rate,same_drone,baseline,3.0,1.0,2,2466,24.773011922836304,2.1800816612067138,12.850957932362551,0.09042984590429846
1,MadTrainer,Gromozeka_rate,same_drone,baseline,3.0,1.0,3,2524,25.354163885116577,2.834822574968328,22.313090240671954,0.1624405705229794
1,MadTrainer,Gromozeka_rate,same_drone,baseline,3.0,1.0,4,2443,24.53096318244934,2.7084549726271803,17.57851804598971,0.1829717560376586
2,MadTrainer,RedSheep_rate,same_drone,baseline,3.0,1.0,3,2509,25.217001914978027,4.317481025569066,18.535184854327436,0.11837385412514946
2,MadTrainer,RedSheep_rate,same_drone,baseline,3.0,1.0,4,2597,26.059934854507446,2.838020024039679,18.879017063569915,0.16249518675394686
2,MadTrainer,RedSheep_rate,same_drone,baseline,3.0,1.0,5,2477,24.85981011390686,4.404362784767287,33.63104684898352,0.21760193782801776
3,LiftOff_200,Gromozeka_rate,cross_drone,baseline,3.0,1.0,4,2353,23.624861001968384,2.4916944056415815,10.738779898264257,0.03994900127496812
3,LiftOff_200,Gromozeka_rate,cross_drone,baseline,3.0,1.0,5,2443,24.526942014694214,2.4733710374117237,13.70939080084804,0.07941056078591895
3,LiftOff_200,Gromozeka_rate,cross_drone,baseline,3.0,1.0,6,2345,23.54997706413269,2.0283028827088856,10.272768198510828,0.06098081023454158
4,LiftOff_200,RedSheep_rate,cross_drone,baseline,3.0,1.0,3,2514,25.249022006988525,2.679428807898482,15.102415464342533,0.10063643595863166
4,LiftOff_200,RedSheep_rate,cross_drone,baseline,3.0,1.0,4,2314,23.20598602294922,2.0527810640787436,15.782573476481788,0.1024200518582541
4,LiftOff_200,RedSheep_rate,cross_drone,baseline,3.0,1.0,5,2252,22.615839958190918,2.0547927067879357,12.781611366908143,0.055062166962699825
1,MadTrainer,Gromozeka_rate,same_drone,baseline,3.0,2.0,2,2466,24.773011922836304,1.828243217462063,12.503251579979647,0.0786699107866991
1,MadTrainer,Gromozeka_rate,same_drone,baseline,3.0,2.0,3,2524,25.354163885116577,2.2882067402506614,20.73407222105306,0.16045958795562598
1,MadTrainer,Gromozeka_rate,same_drone,baseline,3.0,2.0,4,2443,24.53096318244934,1.461893534443277,14.200535296058545,0.09332787556283258
2,MadTrainer,RedSheep_rate,same_drone,baseline,3.0,2.0,3,2509,25.217001914978027,2.802753449058912,15.817249195221486,0.10601833399760861
2,MadTrainer,RedSheep_rate,same_drone,baseline,3.0,2.0,4,2597,26.059934854507446,1.9739327199742434,15.735503729454258,0.10550635348479014
2,MadTrainer,RedSheep_rate,same_drone,baseline,3.0,2.0,5,2477,24.85981011390686,1.7769275310421904,15.608570178547788,0.10375454178441663
3,LiftOff_200,Gromozeka_rate,cross_drone,baseline,3.0,2.0,4,2353,23.624861001968384,2.8348498187107225,34.47622052272354,0.16957076073098173
3,LiftOff_200,Gromozeka_rate,cross_drone,baseline,3.0,2.0,5,2443,24.526942014694214,1.7921974253814312,21.016381541588913,0.11584117887842817
3,LiftOff_200,Gromozeka_rate,cross_drone,baseline,3.0,2.0,6,2345,23.54997706413269,1.741112105283392,19.757486468810356,0.13219616204690832
4,LiftOff_200,RedSheep_rate,cross_drone,baseline,3.0,2.0,3,2514,25.249022006988525,2.0842043656933456,20.516399016097946,0.12688941925218775
4,LiftOff_200,RedSheep_rate,cross_drone,baseline,3.0,2.0,4,2314,23.20598602294922,1.6010320081129947,16.022326548223678,0.10285220397579949
4,LiftOff_200,RedSheep_rate,cross_drone,baseline,3.0,2.0,5,2252,22.615839958190918,1.7264162817372863,16.753551494527517,0.11012433392539965
1,MadTrainer,Gromozeka_rate,same_drone,baseline,3.0,3.0,2,2466,24.773011922836304,1.5731538436972556,11.566087359421001,0.07502027575020276
1,MadTrainer,Gromozeka_rate,same_drone,baseline,3.0,3.0,3,2524,25.354163885116577,1.8825806928619073,16.087468211895132,0.11925515055467512
1,MadTrainer,Gromozeka_rate,same_drone,baseline,3.0,3.0,4,2443,24.53096318244934,1.3264988097903085,13.454637212220424,0.08473188702415063
2,MadTrainer,RedSheep_rate,same_drone,baseline,3.0,3.0,3,2509,25.217001914978027,1.8127949956837597,11.808254081387739,0.06536468712634516
2,MadTrainer,RedSheep_rate,same_drone,baseline,3.0,3.0,4,2597,26.059934854507446,1.874982844545812,14.119560653665003,0.0908740854832499
2,MadTrainer,RedSheep_rate,same_drone,baseline,3.0,3.0,5,2477,24.85981011390686,2.1066515231581207,12.697860770854444,0.09083568833266048
3,LiftOff_200,Gromozeka_rate,cross_drone,baseline,3.0,3.0,4,2353,23.624861001968384,2.168526150383201,17.73085005162762,0.11474713132171696
3,LiftOff_200,Gromozeka_rate,cross_drone,baseline,3.0,3.0,5,2443,24.526942014694214,1.5447017127400215,19.438466860127033,0.11174785100286533
3,LiftOff_200,Gromozeka_rate,cross_drone,baseline,3.0,3.0,6,2345,23.54997706413269,1.6161215182450661,19.38567906707413,0.1279317697228145
4,LiftOff_200,RedSheep_rate,cross_drone,baseline,3.0,3.0,3,2514,25.249022006988525,1.6812124696465958,17.332126464899808,0.1105807478122514
4,LiftOff_200,RedSheep_rate,cross_drone,baseline,3.0,3.0,4,2314,23.20598602294922,1.5472434492675653,16.541614480436913,0.10544511668107173
4,LiftOff_200,RedSheep_rate,cross_drone,baseline,3.0,3.0,5,2252,22.615839958190918,1.5252515698806768,14.28538175439661,0.09502664298401421
1,MadTrainer,Gromozeka_rate,same_drone,baseline,3.0,5.0,2,2466,24.773011922836304,1.6489506912326135,10.466330941147946,0.06690997566909976
1,MadTrainer,Gromozeka_rate,same_drone,baseline,3.0,5.0,3,2524,25.354163885116577,2.0249651317626594,14.33913350208396,0.0919175911251981
1,MadTrainer,Gromozeka_rate,same_drone,baseline,3.0,5.0,4,2443,24.53096318244934,1.0571584412475517,10.745422991607459,0.04707327056897258
2,MadTrainer,RedSheep_rate,same_drone,baseline,3.0,5.0,3,2509,25.217001914978027,2.8891507338978784,9.554303068598502,0.02431247508967716
2,MadTrainer,RedSheep_rate,same_drone,baseline,3.0,5.0,4,2597,26.059934854507446,2.2034151366037236,13.832711666276408,0.08509819021948402
2,MadTrainer,RedSheep_rate,same_drone,baseline,3.0,5.0,5,2477,24.85981011390686,2.432768147787101,11.686610030264971,0.07912797739200646
3,LiftOff_200,Gromozeka_rate,cross_drone,baseline,3.0,5.0,4,2353,23.624861001968384,1.6887995985809,16.450914254004037,0.11007224819379516
3,LiftOff_200,Gromozeka_rate,cross_drone,baseline,3.0,5.0,5,2443,24.526942014694214,1.7997938140699006,14.925488030086084,0.09987720016373311
3,LiftOff_200,Gromozeka_rate,cross_drone,baseline,3.0,5.0,6,2345,23.54997706413269,1.98256728724769,14.507598298317609,0.09424307036247334
4,LiftOff_200,RedSheep_rate,cross_drone,baseline,3.0,5.0,3,2514,25.249022006988525,2.500672614757086,15.762001309991415,0.10501193317422435
4,LiftOff_200,RedSheep_rate,cross_drone,baseline,3.0,5.0,4,2314,23.20598602294922,1.7023378791017265,13.41695693840117,0.09334485738980121
4,LiftOff_200,RedSheep_rate,cross_drone,baseline,3.0,5.0,5,2252,22.615839958190918,1.86078015133441,14.172822926664201,0.09547069271758436
1,MadTrainer,Gromozeka_rate,same_drone,baseline,3.0,8.0,2,2466,24.773011922836304,1.8366446027592787,9.261038592363729,0.023519870235198703
1,MadTrainer,Gromozeka_rate,same_drone,baseline,3.0,8.0,3,2524,25.354163885116577,2.0183229555398015,11.808988247819926,0.0705229793977813
1,MadTrainer,Gromozeka_rate,same_drone,baseline,3.0,8.0,4,2443,24.53096318244934,0.9365256462864409,8.181435519294643,0.022103970528039297
2,MadTrainer,RedSheep_rate,same_drone,baseline,3.0,8.0,3,2509,25.217001914978027,2.804450695384581,8.085444375136634,0.0
2,MadTrainer,RedSheep_rate,same_drone,baseline,3.0,8.0,4,2597,26.059934854507446,2.4493073836154338,10.384808124067797,0.03889102810935695
2,MadTrainer,RedSheep_rate,same_drone,baseline,3.0,8.0,5,2477,24.85981011390686,2.89409348018944,11.217622447759549,0.041178845377472746
3,LiftOff_200,Gromozeka_rate,cross_drone,baseline,3.0,8.0,4,2353,23.624861001968384,2.230042281903664,12.768197007219634,0.07564810879728007
3,LiftOff_200,Gromozeka_rate,cross_drone,baseline,3.0,8.0,5,2443,24.526942014694214,1.8847393904480612,13.128941736951557,0.09414654113794516
3,LiftOff_200,Gromozeka_rate,cross_drone,baseline,3.0,8.0,6,2345,23.54997706413269,1.7427820842187316,11.720106255495464,0.064818763326226
4,LiftOff_200,RedSheep_rate,cross_drone,baseline,3.0,8.0,3,2514,25.249022006988525,2.9420552962105475,14.142822492049412,0.09506762132060462
4,LiftOff_200,RedSheep_rate,cross_drone,baseline,3.0,8.0,4,2314,23.20598602294922,2.334440480577065,13.582907328895352,0.08599827139152982
4,LiftOff_200,RedSheep_rate,cross_drone,baseline,3.0,8.0,5,2252,22.615839958190918,2.200522590802919,12.032657533028049,0.07548845470692718
1,MadTrainer,Gromozeka_rate,same_drone,angular_scaled,0.5,1.0,2,2466,24.773011922836304,5.15248471492986,68.38218779572605,0.2984590429845904
1,MadTrainer,Gromozeka_rate,same_drone,angular_scaled,0.5,1.0,3,2524,25.354163885116577,4.029119045735101,106.45409613523776,0.29397781299524567
1,MadTrainer,Gromozeka_rate,same_drone,angular_scaled,0.5,1.0,4,2443,24.53096318244934,0.600776396918377,6.936970755601641,0.062218583708555056
2,MadTrainer,RedSheep_rate,same_drone,angular_scaled,0.5,1.0,3,2509,25.217001914978027,6.28791479671338,99.74213302674445,0.38660821044240734
2,MadTrainer,RedSheep_rate,same_drone,angular_scaled,0.5,1.0,4,2597,26.059934854507446,5.128934950526897,75.27287263308044,0.32460531382364266
2,MadTrainer,RedSheep_rate,same_drone,angular_scaled,0.5,1.0,5,2477,24.85981011390686,4.010567644765601,102.09312099842771,0.312474767864352
3,LiftOff_200,Gromozeka_rate,cross_drone,angular_scaled,0.5,1.0,4,2353,23.624861001968384,3.4587221385112517,113.2309315951496,0.23799405014874628
3,LiftOff_200,Gromozeka_rate,cross_drone,angular_scaled,0.5,1.0,5,2443,24.526942014694214,1.9262865267089353,46.78765996783085,0.14121981170691772
3,LiftOff_200,Gromozeka_rate,cross_drone,angular_scaled,0.5,1.0,6,2345,23.54997706413269,3.0983444070933928,89.95773914899083,0.26311300639658847
4,LiftOff_200,RedSheep_rate,cross_drone,angular_scaled,0.5,1.0,3,2514,25.249022006988525,4.984212281067784,119.19903489882111,0.360381861575179
4,LiftOff_200,RedSheep_rate,cross_drone,angular_scaled,0.5,1.0,4,2314,23.20598602294922,1.776057720305026,67.6766298599159,0.14822817631806395
4,LiftOff_200,RedSheep_rate,cross_drone,angular_scaled,0.5,1.0,5,2252,22.615839958190918,4.4954522457055575,112.48808986504159,0.33747779751332146
1,MadTrainer,Gromozeka_rate,same_drone,angular_scaled,0.5,2.0,2,2466,24.773011922836304,2.0746543557395256,37.421785001767574,0.1873479318734793
1,MadTrainer,Gromozeka_rate,same_drone,angular_scaled,0.5,2.0,3,2524,25.354163885116577,3.381923555421256,86.75631918582646,0.29754358161648176
1,MadTrainer,Gromozeka_rate,same_drone,angular_scaled,0.5,2.0,4,2443,24.53096318244934,0.5777417817433275,3.5680853095939895,0.0024559967253376994
2,MadTrainer,RedSheep_rate,same_drone,angular_scaled,0.5,2.0,3,2509,25.217001914978027,6.877721219845341,99.75503768070175,0.3965723395775209
2,MadTrainer,RedSheep_rate,same_drone,angular_scaled,0.5,2.0,4,2597,26.059934854507446,2.927340387002914,69.36009931032696,0.2857142857142857
2,MadTrainer,RedSheep_rate,same_drone,angular_scaled,0.5,2.0,5,2477,24.85981011390686,11.614362825881244,108.06655495011317,0.4493338716188938
3,LiftOff_200,Gromozeka_rate,cross_drone,angular_scaled,0.5,2.0,4,2353,23.624861001968384,2.7877696697801504,52.76845458640807,0.20994475138121546
3,LiftOff_200,Gromozeka_rate,cross_drone,angular_scaled,0.5,2.0,5,2443,24.526942014694214,1.4284387640052287,39.68460207370598,0.16209578387228818
3,LiftOff_200,Gromozeka_rate,cross_drone,angular_scaled,0.5,2.0,6,2345,23.54997706413269,2.4750673701852364,109.39674500272753,0.26652452025586354
4,LiftOff_200,RedSheep_rate,cross_drone,angular_scaled,0.5,2.0,3,2514,25.249022006988525,3.81180293254252,85.35733232048847,0.2732696897374702
4,LiftOff_200,RedSheep_rate,cross_drone,angular_scaled,0.5,2.0,4,2314,23.20598602294922,2.6421092325172424,94.3709824959207,0.24891961970613655
4,LiftOff_200,RedSheep_rate,cross_drone,angular_scaled,0.5,2.0,5,2252,22.615839958190918,6.760454582507366,130.88444137881373,0.433392539964476
1,MadTrainer,Gromozeka_rate,same_drone,angular_scaled,0.5,3.0,2,2466,24.773011922836304,2.3927262130786424,32.92602567603315,0.19951338199513383
1,MadTrainer,Gromozeka_rate,same_drone,angular_scaled,0.5,3.0,3,2524,25.354163885116577,3.2321414080050435,94.738471660472,0.3082408874801902
1,MadTrainer,Gromozeka_rate,same_drone,angular_scaled,0.5,3.0,4,2443,24.53096318244934,0.48607276753944006,2.7255017777306563,0.001637331150225133
2,MadTrainer,RedSheep_rate,same_drone,angular_scaled,0.5,3.0,3,2509,25.217001914978027,4.871038165184181,116.21419395085474,0.35870864886408926
2,MadTrainer,RedSheep_rate,same_drone,angular_scaled,0.5,3.0,4,2597,26.059934854507446,10.57545703421981,85.08610100525034,0.4328070850981902
2,MadTrainer,RedSheep_rate,same_drone,angular_scaled,0.5,3.0,5,2477,24.85981011390686,7.3147586787641785,103.70406198063388,0.36859103754541783
3,LiftOff_200,Gromozeka_rate,cross_drone,angular_scaled,0.5,3.0,4,2353,23.624861001968384,2.422588870655306,95.81409329855367,0.1619209519762006
3,LiftOff_200,Gromozeka_rate,cross_drone,angular_scaled,0.5,3.0,5,2443,24.526942014694214,2.035998159591635,97.91016290393704,0.21899304134261155
3,LiftOff_200,Gromozeka_rate,cross_drone,angular_scaled,0.5,3.0,6,2345,23.54997706413269,2.478012602959609,112.99809773638451,0.21918976545842217
4,LiftOff_200,RedSheep_rate,cross_drone,angular_scaled,0.5,3.0,3,2514,25.249022006988525,7.327590794217841,103.34325768112038,0.4228321400159109
4,LiftOff_200,RedSheep_rate,cross_drone,angular_scaled,0.5,3.0,4,2314,23.20598602294922,2.797366318967559,36.457123772748375,0.17458945548833188
4,LiftOff_200,RedSheep_rate,cross_drone,angular_scaled,0.5,3.0,5,2252,22.615839958190918,3.256003865853117,107.40474793785909,0.2984014209591474
1,MadTrainer,Gromozeka_rate,same_drone,angular_scaled,0.5,5.0,2,2466,24.773011922836304,2.7724364590824955,34.82649660248032,0.22871046228710462
1,MadTrainer,Gromozeka_rate,same_drone,angular_scaled,0.5,5.0,3,2524,25.354163885116577,2.5663820574311913,88.32686155039775,0.2539619651347068
1,MadTrainer,Gromozeka_rate,same_drone,angular_scaled,0.5,5.0,4,2443,24.53096318244934,0.44514002983072487,1.9817495678183787,0.0
2,MadTrainer,RedSheep_rate,same_drone,angular_scaled,0.5,5.0,3,2509,25.217001914978027,6.295791250384525,120.02373313745649,0.43045037863690716
2,MadTrainer,RedSheep_rate,same_drone,angular_scaled,0.5,5.0,4,2597,26.059934854507446,3.07848403813756,55.497769992877714,0.23450134770889489
2,MadTrainer,RedSheep_rate,same_drone,angular_scaled,0.5,5.0,5,2477,24.85981011390686,7.033338762112834,101.57962742734438,0.3831247476786435
3,LiftOff_200,Gromozeka_rate,cross_drone,angular_scaled,0.5,5.0,4,2353,23.624861001968384,2.5978501698242695,101.92318731748054,0.20654483637909052
3,LiftOff_200,Gromozeka_rate,cross_drone,angular_scaled,0.5,5.0,5,2443,24.526942014694214,1.4823130845190633,10.114909552142153,0.06672124437167418
3,LiftOff_200,Gromozeka_rate,cross_drone,angular_scaled,0.5,5.0,6,2345,23.54997706413269,2.5325612336128387,93.36445866592247,0.18464818763326227
4,LiftOff_200,RedSheep_rate,cross_drone,angular_scaled,0.5,5.0,3,2514,25.249022006988525,3.879231431726282,92.26256471939065,0.294351630867144
4,LiftOff_200,RedSheep_rate,cross_drone,angular_scaled,0.5,5.0,4,2314,23.20598602294922,2.141889628978447,94.19635020611709,0.26707000864304237
4,LiftOff_200,RedSheep_rate,cross_drone,angular_scaled,0.5,5.0,5,2252,22.615839958190918,3.969024220512371,104.61189832217036,0.36190053285968027
1,MadTrainer,Gromozeka_rate,same_drone,angular_scaled,0.5,8.0,2,2466,24.773011922836304,3.318332427836694,79.32290259851933,0.24533657745336576
1,MadTrainer,Gromozeka_rate,same_drone,angular_scaled,0.5,8.0,3,2524,25.354163885116577,2.6795279447340956,77.15511538228651,0.2650554675118859
1,MadTrainer,Gromozeka_rate,same_drone,angular_scaled,0.5,8.0,4,2443,24.53096318244934,0.43001588227004106,1.5617168647503603,0.0
2,MadTrainer,RedSheep_rate,same_drone,angular_scaled,0.5,8.0,3,2509,25.217001914978027,5.111191591397386,117.94416600749743,0.3798326026305301
2,MadTrainer,RedSheep_rate,same_drone,angular_scaled,0.5,8.0,4,2597,26.059934854507446,5.241376440379028,99.84029864098282,0.34462841740469774
2,MadTrainer,RedSheep_rate,same_drone,angular_scaled,0.5,8.0,5,2477,24.85981011390686,7.036923720282658,83.99178557438341,0.3609204683084376
3,LiftOff_200,Gromozeka_rate,cross_drone,angular_scaled,0.5,8.0,4,2353,23.624861001968384,2.1990229980460185,30.481207143888206,0.11474713132171696
3,LiftOff_200,Gromozeka_rate,cross_drone,angular_scaled,0.5,8.0,5,2443,24.526942014694214,1.4926611108423629,18.877216936345125,0.11788784281620958
3,LiftOff_200,Gromozeka_rate,cross_drone,angular_scaled,0.5,8.0,6,2345,23.54997706413269,2.572162574957069,111.88310743817908,0.23923240938166312
4,LiftOff_200,RedSheep_rate,cross_drone,angular_scaled,0.5,8.0,3,2514,25.249022006988525,4.146116472388245,115.72660729126707,0.30071599045346065
4,LiftOff_200,RedSheep_rate,cross_drone,angular_scaled,0.5,8.0,4,2314,23.20598602294922,2.2590497577741786,93.47434438294498,0.1888504753673293
4,LiftOff_200,RedSheep_rate,cross_drone,angular_scaled,0.5,8.0,5,2252,22.615839958190918,3.741211243905256,106.37964622577694,0.35879218472468916
1,MadTrainer,Gromozeka_rate,same_drone,angular_scaled,1.0,1.0,2,2466,24.773011922836304,2.2401979960795444,42.35713748894801,0.20235198702351986
1,MadTrainer,Gromozeka_rate,same_drone,angular_scaled,1.0,1.0,3,2524,25.354163885116577,5.853287647815755,75.73599290797868,0.3102218700475436
1,MadTrainer,Gromozeka_rate,same_drone,angular_scaled,1.0,1.0,4,2443,24.53096318244934,1.0416164083536472,5.030162054758618,0.017191977077363897
2,MadTrainer,RedSheep_rate,same_drone,angular_scaled,1.0,1.0,3,2509,25.217001914978027,5.5182544923250845,34.17649922742081,0.23595057791948984
2,MadTrainer,RedSheep_rate,same_drone,angular_scaled,1.0,1.0,4,2597,26.059934854507446,6.523511725952247,38.16751100976459,0.3292260300346554
2,MadTrainer,RedSheep_rate,same_drone,angular_scaled,1.0,1.0,5,2477,24.85981011390686,2.9455649442206777,15.601016304248754,0.10900282599919257
3,LiftOff_200,Gromozeka_rate,cross_drone,angular_scaled,1.0,1.0,4,2353,23.624861001968384,3.897318902543074,100.35137260607758,0.1967700807479813
3,LiftOff_200,Gromozeka_rate,cross_drone,angular_scaled,1.0,1.0,5,2443,24.526942014694214,2.3831164475869286,21.322627766864613,0.1395824805566926
3,LiftOff_200,Gromozeka_rate,cross_drone,angular_scaled,1.0,1.0,6,2345,23.54997706413269,3.4584780062373,39.74341991363291,0.20554371002132196
4,LiftOff_200,RedSheep_rate,cross_drone,angular_scaled,1.0,1.0,3,2514,25.249022006988525,3.0520188082706277,20.075685957522122,0.12529832935560858
4,LiftOff_200,RedSheep_rate,cross_drone,angular_scaled,1.0,1.0,4,2314,23.20598602294922,2.043525597397128,25.69209222859557,0.14131374243733794
4,LiftOff_200,RedSheep_rate,cross_drone,angular_scaled,1.0,1.0,5,2252,22.615839958190918,2.0267766110940215,66.88941905258308,0.17584369449378331
1,MadTrainer,Gromozeka_rate,same_drone,angular_scaled,1.0,2.0,2,2466,24.773011922836304,2.3322035484164196,43.0866330609083,0.22830494728304948
1,MadTrainer,Gromozeka_rate,same_drone,angular_scaled,1.0,2.0,3,2524,25.354163885116577,2.2742402304646028,25.147158614910083,0.1537242472266244
1,MadTrainer,Gromozeka_rate,same_drone,angular_scaled,1.0,2.0,4,2443,24.53096318244934,0.820569482907672,5.888969139199133,0.011870650839132215
2,MadTrainer,RedSheep_rate,same_drone,angular_scaled,1.0,2.0,3,2509,25.217001914978027,3.719796621098652,43.377446403057434,0.2080510163411718
2,MadTrainer,RedSheep_rate,same_drone,angular_scaled,1.0,2.0,4,2597,26.059934854507446,2.1080175744580316,11.813161731994605,0.06969580284944166
2,MadTrainer,RedSheep_rate,same_drone,angular_scaled,1.0,2.0,5,2477,24.85981011390686,2.556003420806036,38.135512286603465,0.16431166733952363
3,LiftOff_200,Gromozeka_rate,cross_drone,angular_scaled,1.0,2.0,4,2353,23.624861001968384,2.56468887461682,39.85810271173614,0.16277093072673182
3,LiftOff_200,Gromozeka_rate,cross_drone,angular_scaled,1.0,2.0,5,2443,24.526942014694214,1.1978189406960453,19.949727696689706,0.11215718379042161
3,LiftOff_200,Gromozeka_rate,cross_drone,angular_scaled,1.0,2.0,6,2345,23.54997706413269,2.4898498235053808,116.54994189739523,0.22473347547974415
4,LiftOff_200,RedSheep_rate,cross_drone,angular_scaled,1.0,2.0,3,2514,25.249022006988525,2.3362055510583986,8.534258785226168,0.045743834526650755
4,LiftOff_200,RedSheep_rate,cross_drone,angular_scaled,1.0,2.0,4,2314,23.20598602294922,1.7252185491786634,25.34275366761156,0.15211754537597233
4,LiftOff_200,RedSheep_rate,cross_drone,angular_scaled,1.0,2.0,5,2252,22.615839958190918,2.14075119232891,37.94021491561964,0.13188277087033748
1,MadTrainer,Gromozeka_rate,same_drone,angular_scaled,1.0,3.0,2,2466,24.773011922836304,2.0839922842764196,33.77025205993108,0.1759935117599351
1,MadTrainer,Gromozeka_rate,same_drone,angular_scaled,1.0,3.0,3,2524,25.354163885116577,2.542391093617077,26.575621181430648,0.17393026941362916
1,MadTrainer,Gromozeka_rate,same_drone,angular_scaled,1.0,3.0,4,2443,24.53096318244934,0.787867095008437,4.346895958008135,0.0045026606631191155
2,MadTrainer,RedSheep_rate,same_drone,angular_scaled,1.0,3.0,3,2509,25.217001914978027,4.912206099237839,96.39455104176275,0.3025109605420486
2,MadTrainer,RedSheep_rate,same_drone,angular_scaled,1.0,3.0,4,2597,26.059934854507446,1.8303516601293524,12.642864746585747,0.08355795148247978
2,MadTrainer,RedSheep_rate,same_drone,angular_scaled,1.0,3.0,5,2477,24.85981011390686,3.4127616571374233,36.46962244689487,0.17723052079127977
3,LiftOff_200,Gromozeka_rate,cross_drone,angular_scaled,1.0,3.0,4,2353,23.624861001968384,2.4406096906590022,29.309553258475102,0.15384615384615385
3,LiftOff_200,Gromozeka_rate,cross_drone,angular_scaled,1.0,3.0,5,2443,24.526942014694214,1.2389239254969198,8.564157814276774,0.07613589848546869
3,LiftOff_200,Gromozeka_rate,cross_drone,angular_scaled,1.0,3.0,6,2345,23.54997706413269,2.766768073817566,50.54812454695872,0.15522388059701492
4,LiftOff_200,RedSheep_rate,cross_drone,angular_scaled,1.0,3.0,3,2514,25.249022006988525,2.1338877425571567,7.764090365005025,0.04335719968178202
4,LiftOff_200,RedSheep_rate,cross_drone,angular_scaled,1.0,3.0,4,2314,23.20598602294922,2.0900960417639833,19.348930059517674,0.12834917891097666
4,LiftOff_200,RedSheep_rate,cross_drone,angular_scaled,1.0,3.0,5,2252,22.615839958190918,2.3137407866372257,67.9791045265653,0.13099467140319715
1,MadTrainer,Gromozeka_rate,same_drone,angular_scaled,1.0,5.0,2,2466,24.773011922836304,2.1116331979932426,16.544414069396154,0.10624493106244931
1,MadTrainer,Gromozeka_rate,same_drone,angular_scaled,1.0,5.0,3,2524,25.354163885116577,2.6381264957104094,16.456399838932086,0.12440570522979398
1,MadTrainer,Gromozeka_rate,same_drone,angular_scaled,1.0,5.0,4,2443,24.53096318244934,0.6968809229584849,3.0616244498586664,0.0
2,MadTrainer,RedSheep_rate,same_drone,angular_scaled,1.0,5.0,3,2509,25.217001914978027,2.7679689948464645,16.974054599930174,0.11717815862893582
2,MadTrainer,RedSheep_rate,same_drone,angular_scaled,1.0,5.0,4,2597,26.059934854507446,1.524479702816322,11.445631840547277,0.07470157874470543
2,MadTrainer,RedSheep_rate,same_drone,angular_scaled,1.0,5.0,5,2477,24.85981011390686,3.14646882063586,36.84446850989433,0.17723052079127977
3,LiftOff_200,Gromozeka_rate,cross_drone,angular_scaled,1.0,5.0,4,2353,23.624861001968384,2.226789841863777,11.131890453057048,0.035699107522311944
3,LiftOff_200,Gromozeka_rate,cross_drone,angular_scaled,1.0,5.0,5,2443,24.526942014694214,1.49223534659248,9.052970302408278,0.015963978714695046
3,LiftOff_200,Gromozeka_rate,cross_drone,angular_scaled,1.0,5.0,6,2345,23.54997706413269,2.354833862231075,39.79199517031996,0.20298507462686566
4,LiftOff_200,RedSheep_rate,cross_drone,angular_scaled,1.0,5.0,3,2514,25.249022006988525,2.1995831636627656,8.927489186326437,0.05369928400954654
4,LiftOff_200,RedSheep_rate,cross_drone,angular_scaled,1.0,5.0,4,2314,23.20598602294922,1.619624478814515,12.323757233402542,0.08859118409680207
4,LiftOff_200,RedSheep_rate,cross_drone,angular_scaled,1.0,5.0,5,2252,22.615839958190918,1.9964698486131667,9.273664166417376,0.049289520426287745
1,MadTrainer,Gromozeka_rate,same_drone,angular_scaled,1.0,8.0,2,2466,24.773011922836304,1.9743432932787868,12.423017864071156,0.062449310624493104
1,MadTrainer,Gromozeka_rate,same_drone,angular_scaled,1.0,8.0,3,2524,25.354163885116577,2.4948054568676206,11.797460340432373,0.07488114104595879
1,MadTrainer,Gromozeka_rate,same_drone,angular_scaled,1.0,8.0,4,2443,24.53096318244934,0.6353440045749039,2.801086193732977,0.0
2,MadTrainer,RedSheep_rate,same_drone,angular_scaled,1.0,8.0,3,2509,25.217001914978027,2.681471797547431,27.152544793268792,0.16301315265045835
2,MadTrainer,RedSheep_rate,same_drone,angular_scaled,1.0,8.0,4,2597,26.059934854507446,1.553023830110618,8.510225448690518,0.044666923373122835
2,MadTrainer,RedSheep_rate,same_drone,angular_scaled,1.0,8.0,5,2477,24.85981011390686,3.288278555127434,22.66757159013466,0.13766653209527654
3,LiftOff_200,Gromozeka_rate,cross_drone,angular_scaled,1.0,8.0,4,2353,23.624861001968384,2.01418734440594,9.064377433849979,0.02592435189120272
3,LiftOff_200,Gromozeka_rate,cross_drone,angular_scaled,1.0,8.0,5,2443,24.526942014694214,1.3541599923687286,5.401319735079219,0.0036839950880065493
3,LiftOff_200,Gromozeka_rate,cross_drone,angular_scaled,1.0,8.0,6,2345,23.54997706413269,2.0625623468533547,29.512909662837554,0.13304904051172708
4,LiftOff_200,RedSheep_rate,cross_drone,angular_scaled,1.0,8.0,3,2514,25.249022006988525,1.9431088663755673,8.849478678477357,0.0477326968973747
4,LiftOff_200,RedSheep_rate,cross_drone,angular_scaled,1.0,8.0,4,2314,23.20598602294922,2.006169443158498,17.830870778805252,0.11063094209161625
4,LiftOff_200,RedSheep_rate,cross_drone,angular_scaled,1.0,8.0,5,2252,22.615839958190918,2.34621455366414,13.256186844984981,0.0905861456483126
1,MadTrainer,Gromozeka_rate,same_drone,angular_scaled,1.5,1.0,2,2466,24.773011922836304,1.9241586705565936,19.589715164918275,0.1321978913219789
1,MadTrainer,Gromozeka_rate,same_drone,angular_scaled,1.5,1.0,3,2524,25.354163885116577,2.865023665999459,17.874888727380497,0.12995245641838352
1,MadTrainer,Gromozeka_rate,same_drone,angular_scaled,1.5,1.0,4,2443,24.53096318244934,1.1667186562439298,16.065564157345083,0.11297584936553418
2,MadTrainer,RedSheep_rate,same_drone,angular_scaled,1.5,1.0,3,2509,25.217001914978027,3.731969047367187,19.919210177438313,0.1335193304105221
2,MadTrainer,RedSheep_rate,same_drone,angular_scaled,1.5,1.0,4,2597,26.059934854507446,2.1842470429878915,16.838071150336344,0.10820177127454755
2,MadTrainer,RedSheep_rate,same_drone,angular_scaled,1.5,1.0,5,2477,24.85981011390686,2.8945683430801523,29.76664154382791,0.12151796528058134
3,LiftOff_200,Gromozeka_rate,cross_drone,angular_scaled,1.5,1.0,4,2353,23.624861001968384,2.859307116859071,17.00108567907099,0.12112197195070123
3,LiftOff_200,Gromozeka_rate,cross_drone,angular_scaled,1.5,1.0,5,2443,24.526942014694214,1.2653703552707896,11.438444700669752,0.04871060171919771
3,LiftOff_200,Gromozeka_rate,cross_drone,angular_scaled,1.5,1.0,6,2345,23.54997706413269,2.0886537381032895,25.6518226627763,0.1607675906183369
4,LiftOff_200,RedSheep_rate,cross_drone,angular_scaled,1.5,1.0,3,2514,25.249022006988525,2.1515778771592693,14.25072140443565,0.0954653937947494
4,LiftOff_200,RedSheep_rate,cross_drone,angular_scaled,1.5,1.0,4,2314,23.20598602294922,1.5966987705474196,10.942781622468642,0.02247191011235955
4,LiftOff_200,RedSheep_rate,cross_drone,angular_scaled,1.5,1.0,5,2252,22.615839958190918,2.3084014546074876,12.221422638059808,0.0763765541740675
1,MadTrainer,Gromozeka_rate,same_drone,angular_scaled,1.5,2.0,2,2466,24.773011922836304,1.90843908076013,37.06047385886873,0.19464720194647203
1,MadTrainer,Gromozeka_rate,same_drone,angular_scaled,1.5,2.0,3,2524,25.354163885116577,2.150034596562559,33.84716140326965,0.15927099841521394
1,MadTrainer,Gromozeka_rate,same_drone,angular_scaled,1.5,2.0,4,2443,24.53096318244934,1.186516599754988,16.374446540591517,0.10806385591485879
2,MadTrainer,RedSheep_rate,same_drone,angular_scaled,1.5,2.0,3,2509,25.217001914978027,4.71203983949556,45.924279936609786,0.2610601833399761
2,MadTrainer,RedSheep_rate,same_drone,angular_scaled,1.5,2.0,4,2597,26.059934854507446,1.6822418153464582,11.361560266714337,0.06391990758567578
2,MadTrainer,RedSheep_rate,same_drone,angular_scaled,1.5,2.0,5,2477,24.85981011390686,2.0296745006136234,28.517102480921704,0.1404925312878482
3,LiftOff_200,Gromozeka_rate,cross_drone,angular_scaled,1.5,2.0,4,2353,23.624861001968384,2.629822406612732,76.48618265661086,0.20739481512962177
3,LiftOff_200,Gromozeka_rate,cross_drone,angular_scaled,1.5,2.0,5,2443,24.526942014694214,1.3182274492424995,12.980028718378604,0.0929185427752763
3,LiftOff_200,Gromozeka_rate,cross_drone,angular_scaled,1.5,2.0,6,2345,23.54997706413269,1.9928076624540978,37.86508711211717,0.18976545842217485
4,LiftOff_200,RedSheep_rate,cross_drone,angular_scaled,1.5,2.0,3,2514,25.249022006988525,1.9551271608892762,12.082778551690216,0.07995226730310262
4,LiftOff_200,RedSheep_rate,cross_drone,angular_scaled,1.5,2.0,4,2314,23.20598602294922,1.5728756757468467,20.999630524769785,0.1240276577355229
4,LiftOff_200,RedSheep_rate,cross_drone,angular_scaled,1.5,2.0,5,2252,22.615839958190918,2.0866097616543016,8.881319613375561,0.03241563055062167
1,MadTrainer,Gromozeka_rate,same_drone,angular_scaled,1.5,3.0,2,2466,24.773011922836304,1.4646981810352884,13.584161005454149,0.09651257096512571
1,MadTrainer,Gromozeka_rate,same_drone,angular_scaled,1.5,3.0,3,2524,25.354163885116577,2.1543025073213897,19.69378185446491,0.12123613312202852
1,MadTrainer,Gromozeka_rate,same_drone,angular_scaled,1.5,3.0,4,2443,24.53096318244934,1.0140085012204452,11.692405741976968,0.062218583708555056
2,MadTrainer,RedSheep_rate,same_drone,angular_scaled,1.5,3.0,3,2509,25.217001914978027,2.0752169343319906,10.430562268835997,0.04503786369071343
2,MadTrainer,RedSheep_rate,same_drone,angular_scaled,1.5,3.0,4,2597,26.059934854507446,1.519034980723518,7.648697501782768,0.016557566422795534
2,MadTrainer,RedSheep_rate,same_drone,angular_scaled,1.5,3.0,5,2477,24.85981011390686,2.236776566863057,18.75211189444175,0.12394025030278563
3,LiftOff_200,Gromozeka_rate,cross_drone,angular_scaled,1.5,3.0,4,2353,23.624861001968384,1.9107276097090278,38.00692747183784,0.19124521886952825
3,LiftOff_200,Gromozeka_rate,cross_drone,angular_scaled,1.5,3.0,5,2443,24.526942014694214,1.3903089337713084,11.944031187827605,0.0880065493246009
3,LiftOff_200,Gromozeka_rate,cross_drone,angular_scaled,1.5,3.0,6,2345,23.54997706413269,2.1050587819746482,10.99247823581939,0.053304904051172705
4,LiftOff_200,RedSheep_rate,cross_drone,angular_scaled,1.5,3.0,3,2514,25.249022006988525,1.9259056498972527,7.378803564136048,0.00954653937947494
4,LiftOff_200,RedSheep_rate,cross_drone,angular_scaled,1.5,3.0,4,2314,23.20598602294922,1.665095803323311,21.288846194469066,0.12618841832324978
4,LiftOff_200,RedSheep_rate,cross_drone,angular_scaled,1.5,3.0,5,2252,22.615839958190918,1.6068011348699471,7.4571694246982325,0.007992895204262877
1,MadTrainer,Gromozeka_rate,same_drone,angular_scaled,1.5,5.0,2,2466,24.773011922836304,1.6733530482533752,12.814840058386608,0.09164639091646391
1,MadTrainer,Gromozeka_rate,same_drone,angular_scaled,1.5,5.0,3,2524,25.354163885116577,2.3247389994223298,17.633437991767003,0.12717908082408874
1,MadTrainer,Gromozeka_rate,same_drone,angular_scaled,1.5,5.0,4,2443,24.53096318244934,1.032014774459924,5.429352434643232,0.0
2,MadTrainer,RedSheep_rate,same_drone,angular_scaled,1.5,5.0,3,2509,25.217001914978027,2.5934220685763307,10.368283213406734,0.04982064567556795
2,MadTrainer,RedSheep_rate,same_drone,angular_scaled,1.5,5.0,4,2597,26.059934854507446,1.7769187683547418,6.7861911069793575,0.016557566422795534
2,MadTrainer,RedSheep_rate,same_drone,angular_scaled,1.5,5.0,5,2477,24.85981011390686,2.720052723280247,13.356021882198673,0.09204683084376261
3,LiftOff_200,Gromozeka_rate,cross_drone,angular_scaled,1.5,5.0,4,2353,23.624861001968384,1.9071473708029316,11.78985683190482,0.06587335316617085
3,LiftOff_200,Gromozeka_rate,cross_drone,angular_scaled,1.5,5.0,5,2443,24.526942014694214,1.335137669757188,11.178120876167574,0.05894392140810479
3,LiftOff_200,Gromozeka_rate,cross_drone,angular_scaled,1.5,5.0,6,2345,23.54997706413269,2.0823916910246254,7.748827280024306,0.0
4,LiftOff_200,RedSheep_rate,cross_drone,angular_scaled,1.5,5.0,3,2514,25.249022006988525,2.1078015690933825,6.63364293040667,0.009148766905330152
4,LiftOff_200,RedSheep_rate,cross_drone,angular_scaled,1.5,5.0,4,2314,23.20598602294922,1.9860731622798014,13.076087894328385,0.08729472774416594
4,LiftOff_200,RedSheep_rate,cross_drone,angular_scaled,1.5,5.0,5,2252,22.615839958190918,1.8167685208008137,6.88927626787741,0.012433392539964476
1,MadTrainer,Gromozeka_rate,same_drone,angular_scaled,1.5,8.0,2,2466,24.773011922836304,1.6282438663470629,9.704966285690116,0.044201135442011354
1,MadTrainer,Gromozeka_rate,same_drone,angular_scaled,1.5,8.0,3,2524,25.354163885116577,2.3878589345321757,12.798567988956867,0.05586370839936609
1,MadTrainer,Gromozeka_rate,same_drone,angular_scaled,1.5,8.0,4,2443,24.53096318244934,0.9504442066107401,3.6299763187946903,0.0
2,MadTrainer,RedSheep_rate,same_drone,angular_scaled,1.5,8.0,3,2509,25.217001914978027,2.398973160996377,12.425584948972439,0.07333599043443603
2,MadTrainer,RedSheep_rate,same_drone,angular_scaled,1.5,8.0,4,2597,26.059934854507446,1.644253852895588,6.915296887886695,0.027339237581825184
2,MadTrainer,RedSheep_rate,same_drone,angular_scaled,1.5,8.0,5,2477,24.85981011390686,2.8347736416604974,11.368100898145435,0.08155026241421073
3,LiftOff_200,Gromozeka_rate,cross_drone,angular_scaled,1.5,8.0,4,2353,23.624861001968384,1.9142375321639662,9.975558260643949,0.019124521886952826
3,LiftOff_200,Gromozeka_rate,cross_drone,angular_scaled,1.5,8.0,5,2443,24.526942014694214,1.5720440157547841,7.617806503089719,0.0
3,LiftOff_200,Gromozeka_rate,cross_drone,angular_scaled,1.5,8.0,6,2345,23.54997706413269,2.1507680487624583,7.199597830214304,0.004690831556503198
4,LiftOff_200,RedSheep_rate,cross_drone,angular_scaled,1.5,8.0,3,2514,25.249022006988525,1.9916235838028555,6.8564012266371215,0.007955449482895784
4,LiftOff_200,RedSheep_rate,cross_drone,angular_scaled,1.5,8.0,4,2314,23.20598602294922,2.095512471980566,10.901046990137727,0.04235090751944685
4,LiftOff_200,RedSheep_rate,cross_drone,angular_scaled,1.5,8.0,5,2252,22.615839958190918,1.8899379765345365,6.966154625480591,0.0026642984014209592
1,MadTrainer,Gromozeka_rate,same_drone,angular_scaled,2.0,1.0,2,2466,24.773011922836304,2.5904388904099847,10.809726919967119,0.07137064071370641
1,MadTrainer,Gromozeka_rate,same_drone,angular_scaled,2.0,1.0,3,2524,25.354163885116577,2.9345391693375866,28.612685346232563,0.19730586370839936
1,MadTrainer,Gromozeka_rate,same_drone,angular_scaled,2.0,1.0,4,2443,24.53096318244934,1.9984428650126063,17.408505591815207,0.12648383135489152
2,MadTrainer,RedSheep_rate,same_drone,angular_scaled,2.0,1.0,3,2509,25.217001914978027,3.3469651829158806,16.882483484157184,0.10561976883220406
2,MadTrainer,RedSheep_rate,same_drone,angular_scaled,2.0,1.0,4,2597,26.059934854507446,2.291787859918486,14.090854064408363,0.09472468232576049
2,MadTrainer,RedSheep_rate,same_drone,angular_scaled,2.0,1.0,5,2477,24.85981011390686,2.65879891710415,18.185754078971303,0.11303996770286637
3,LiftOff_200,Gromozeka_rate,cross_drone,angular_scaled,2.0,1.0,4,2353,23.624861001968384,2.71524757093745,9.296635828373343,0.05907352316192095
3,LiftOff_200,Gromozeka_rate,cross_drone,angular_scaled,2.0,1.0,5,2443,24.526942014694214,2.176133209269935,12.427467910110963,0.048301268931641425
3,LiftOff_200,Gromozeka_rate,cross_drone,angular_scaled,2.0,1.0,6,2345,23.54997706413269,3.4059809038810016,34.53217969860179,0.20426439232409382
4,LiftOff_200,RedSheep_rate,cross_drone,angular_scaled,2.0,1.0,3,2514,25.249022006988525,2.426989163408294,11.996472779161465,0.08273667462211615
4,LiftOff_200,RedSheep_rate,cross_drone,angular_scaled,2.0,1.0,4,2314,23.20598602294922,1.74875455380338,10.608278327697626,0.006050129645635264
4,LiftOff_200,RedSheep_rate,cross_drone,angular_scaled,2.0,1.0,5,2252,22.615839958190918,2.114705459955509,10.927364696417058,0.014209591474245116
1,MadTrainer,Gromozeka_rate,same_drone,angular_scaled,2.0,2.0,2,2466,24.773011922836304,2.283956727460634,13.369423715224727,0.09407948094079481
1,MadTrainer,Gromozeka_rate,same_drone,angular_scaled,2.0,2.0,3,2524,25.354163885116577,2.2840591869166182,22.287979505490135,0.13153724247226625
1,MadTrainer,Gromozeka_rate,same_drone,angular_scaled,2.0,2.0,4,2443,24.53096318244934,1.483214417319516,16.3408664439072,0.11092918542775276
2,MadTrainer,RedSheep_rate,same_drone,angular_scaled,2.0,2.0,3,2509,25.217001914978027,2.783250491413426,33.412002160313534,0.1590275009964129
2,MadTrainer,RedSheep_rate,same_drone,angular_scaled,2.0,2.0,4,2597,26.059934854507446,1.5507401930769333,11.76287400799918,0.0646900269541779
2,MadTrainer,RedSheep_rate,same_drone,angular_scaled,2.0,2.0,5,2477,24.85981011390686,1.934197556795084,17.344243596505528,0.10738796931772306
3,LiftOff_200,Gromozeka_rate,cross_drone,angular_scaled,2.0,2.0,4,2353,23.624861001968384,2.6041308875428513,18.421601593755938,0.12197195070123247
3,LiftOff_200,Gromozeka_rate,cross_drone,angular_scaled,2.0,2.0,5,2443,24.526942014694214,1.509586328943044,14.147371223183422,0.09660253786328285
3,LiftOff_200,Gromozeka_rate,cross_drone,angular_scaled,2.0,2.0,6,2345,23.54997706413269,2.0557177978246557,35.86427854502783,0.18678038379530917
4,LiftOff_200,RedSheep_rate,cross_drone,angular_scaled,2.0,2.0,3,2514,25.249022006988525,1.9265445150589358,13.57776879830479,0.09148766905330151
4,LiftOff_200,RedSheep_rate,cross_drone,angular_scaled,2.0,2.0,4,2314,23.20598602294922,1.6675705836053965,20.79638726892066,0.12445980985306827
4,LiftOff_200,RedSheep_rate,cross_drone,angular_scaled,2.0,2.0,5,2252,22.615839958190918,1.7676933986493921,8.751546777070834,0.010213143872113677
1,MadTrainer,Gromozeka_rate,same_drone,angular_scaled,2.0,3.0,2,2466,24.773011922836304,1.3945206465810145,12.873522479864445,0.09245742092457421
1,MadTrainer,Gromozeka_rate,same_drone,angular_scaled,2.0,3.0,3,2524,25.354163885116577,2.1374326807247854,17.939732758959472,0.11568938193343899
1,MadTrainer,Gromozeka_rate,same_drone,angular_scaled,2.0,3.0,4,2443,24.53096318244934,1.2560317996461094,13.968744575360443,0.09005321326238232
2,MadTrainer,RedSheep_rate,same_drone,angular_scaled,2.0,3.0,3,2509,25.217001914978027,2.097380462683077,12.39194260422555,0.053806297329613395
2,MadTrainer,RedSheep_rate,same_drone,angular_scaled,2.0,3.0,4,2597,26.059934854507446,1.7116119259670768,11.356743439630684,0.055448594532152486
2,MadTrainer,RedSheep_rate,same_drone,angular_scaled,2.0,3.0,5,2477,24.85981011390686,2.0505780748944744,15.689192738443287,0.10254339927331449
3,LiftOff_200,Gromozeka_rate,cross_drone,angular_scaled,2.0,3.0,4,2353,23.624861001968384,2.007549718170509,14.08204565776146,0.09307267318317042
3,LiftOff_200,Gromozeka_rate,cross_drone,angular_scaled,2.0,3.0,5,2443,24.526942014694214,1.4666849284184877,11.737078627870043,0.07531723291035612
3,LiftOff_200,Gromozeka_rate,cross_drone,angular_scaled,2.0,3.0,6,2345,23.54997706413269,1.5454897772459475,12.398178663761094,0.06993603411513859
4,LiftOff_200,RedSheep_rate,cross_drone,angular_scaled,2.0,3.0,3,2514,25.249022006988525,1.980070030430909,10.367761835168936,0.010739856801909307
4,LiftOff_200,RedSheep_rate,cross_drone,angular_scaled,2.0,3.0,4,2314,23.20598602294922,1.6169511195040087,18.79485725147956,0.1205704407951599
4,LiftOff_200,RedSheep_rate,cross_drone,angular_scaled,2.0,3.0,5,2252,22.615839958190918,1.860644021679434,7.6316113032299,0.008436944937833037
1,MadTrainer,Gromozeka_rate,same_drone,angular_scaled,2.0,5.0,2,2466,24.773011922836304,1.4517117943420494,10.910416486925246,0.07096512570965126
1,MadTrainer,Gromozeka_rate,same_drone,angular_scaled,2.0,5.0,3,2524,25.354163885116577,1.7659847348411137,15.170306994090918,0.10301109350237718
1,MadTrainer,Gromozeka_rate,same_drone,angular_scaled,2.0,5.0,4,2443,24.53096318244934,1.1713211427082229,10.154560455771035,0.0
2,MadTrainer,RedSheep_rate,same_drone,angular_scaled,2.0,5.0,3,2509,25.217001914978027,2.302258693199306,10.217771099778119,0.028298126743722597
2,MadTrainer,RedSheep_rate,same_drone,angular_scaled,2.0,5.0,4,2597,26.059934854507446,1.8841571347143713,8.618066596957535,0.016557566422795534
2,MadTrainer,RedSheep_rate,same_drone,angular_scaled,2.0,5.0,5,2477,24.85981011390686,2.1656814330905263,11.921020323542352,0.08235769075494549
3,LiftOff_200,Gromozeka_rate,cross_drone,angular_scaled,2.0,5.0,4,2353,23.624861001968384,1.782589092286969,11.443704560264882,0.06969825754356142
3,LiftOff_200,Gromozeka_rate,cross_drone,angular_scaled,2.0,5.0,5,2443,24.526942014694214,1.537439101754373,10.342480088717402,0.052394596807204256
3,LiftOff_200,Gromozeka_rate,cross_drone,angular_scaled,2.0,5.0,6,2345,23.54997706413269,1.928589776136448,10.130258858845039,0.0255863539445629
4,LiftOff_200,RedSheep_rate,cross_drone,angular_scaled,2.0,5.0,3,2514,25.249022006988525,2.269715979998722,8.14277184369187,0.011137629276054098
4,LiftOff_200,RedSheep_rate,cross_drone,angular_scaled,2.0,5.0,4,2314,23.20598602294922,1.8841218735758147,16.112186242327322,0.10933448573898012
4,LiftOff_200,RedSheep_rate,cross_drone,angular_scaled,2.0,5.0,5,2252,22.615839958190918,1.9195064404716788,6.8519862242023155,0.008436944937833037
1,MadTrainer,Gromozeka_rate,same_drone,angular_scaled,2.0,8.0,2,2466,24.773011922836304,1.5700689968386676,8.94456645806126,0.05596107055961071
1,MadTrainer,Gromozeka_rate,same_drone,angular_scaled,2.0,8.0,3,2524,25.354163885116577,2.0725791545632575,12.053021577155699,0.07448494453248812
1,MadTrainer,Gromozeka_rate,same_drone,angular_scaled,2.0,8.0,4,2443,24.53096318244934,1.21609551344892,7.602513135775756,0.0
2,MadTrainer,RedSheep_rate,same_drone,angular_scaled,2.0,8.0,3,2509,25.217001914978027,2.4955155690851143,8.30238949562295,0.02630530091669988
2,MadTrainer,RedSheep_rate,same_drone,angular_scaled,2.0,8.0,4,2597,26.059934854507446,2.1607341011852697,8.071768953827961,0.016557566422795534
2,MadTrainer,RedSheep_rate,same_drone,angular_scaled,2.0,8.0,5,2477,24.85981011390686,2.6242587707179155,10.32505123130759,0.06338312474767864
3,LiftOff_200,Gromozeka_rate,cross_drone,angular_scaled,2.0,8.0,4,2353,23.624861001968384,1.7768055383198487,8.60990671976242,0.020399490012749683
3,LiftOff_200,Gromozeka_rate,cross_drone,angular_scaled,2.0,8.0,5,2443,24.526942014694214,1.8244777453055363,8.22021001694621,0.025787965616045846
3,LiftOff_200,Gromozeka_rate,cross_drone,angular_scaled,2.0,8.0,6,2345,23.54997706413269,2.1311150653205466,7.621279465416682,0.0
4,LiftOff_200,RedSheep_rate,cross_drone,angular_scaled,2.0,8.0,3,2514,25.249022006988525,2.5332930898080974,7.883032819069172,0.011535401750198886
4,LiftOff_200,RedSheep_rate,cross_drone,angular_scaled,2.0,8.0,4,2314,23.20598602294922,2.0771109992476227,11.700503661082625,0.07216940363007779
4,LiftOff_200,RedSheep_rate,cross_drone,angular_scaled,2.0,8.0,5,2252,22.615839958190918,2.0218130403176104,6.695280508996805,0.003996447602131439
1,MadTrainer,Gromozeka_rate,same_drone,angular_scaled,2.5,1.0,2,2466,24.773011922836304,2.100661528484835,12.485874612081474,0.08799675587996755
1,MadTrainer,Gromozeka_rate,same_drone,angular_scaled,2.5,1.0,3,2524,25.354163885116577,2.823060822894412,15.499518376601122,0.11410459587955626
1,MadTrainer,Gromozeka_rate,same_drone,angular_scaled,2.5,1.0,4,2443,24.53096318244934,1.945522770005681,20.079477413990798,0.18215309046254605
2,MadTrainer,RedSheep_rate,same_drone,angular_scaled,2.5,1.0,3,2509,25.217001914978027,3.1394155730161515,14.666300903686901,0.09924272618573136
2,MadTrainer,RedSheep_rate,same_drone,angular_scaled,2.5,1.0,4,2597,26.059934854507446,2.5625832330819662,14.886550365769244,0.0993453985367732
2,MadTrainer,RedSheep_rate,same_drone,angular_scaled,2.5,1.0,5,2477,24.85981011390686,2.310764187790113,14.056179476018666,0.09204683084376261
3,LiftOff_200,Gromozeka_rate,cross_drone,angular_scaled,2.5,1.0,4,2353,23.624861001968384,2.6509409553712118,13.745354121698956,0.07267318317042074
3,LiftOff_200,Gromozeka_rate,cross_drone,angular_scaled,2.5,1.0,5,2443,24.526942014694214,2.641478297755043,11.924262224184044,0.032337290216946375
3,LiftOff_200,Gromozeka_rate,cross_drone,angular_scaled,2.5,1.0,6,2345,23.54997706413269,2.759917371959517,19.092721380505694,0.17057569296375266
4,LiftOff_200,RedSheep_rate,cross_drone,angular_scaled,2.5,1.0,3,2514,25.249022006988525,2.476275118119389,12.23372783371142,0.03778838504375497
4,LiftOff_200,RedSheep_rate,cross_drone,angular_scaled,2.5,1.0,4,2314,23.20598602294922,1.9675056639430721,11.843834503045201,0.010803802938634399
4,LiftOff_200,RedSheep_rate,cross_drone,angular_scaled,2.5,1.0,5,2252,22.615839958190918,2.1637986623341945,12.50371515004906,0.05461811722912966
1,MadTrainer,Gromozeka_rate,same_drone,angular_scaled,2.5,2.0,2,2466,24.773011922836304,1.67794329033795,12.906059365538695,0.09164639091646391
1,MadTrainer,Gromozeka_rate,same_drone,angular_scaled,2.5,2.0,3,2524,25.354163885116577,2.216620858161331,17.78425576879504,0.1133122028526149
1,MadTrainer,Gromozeka_rate,same_drone,angular_scaled,2.5,2.0,4,2443,24.53096318244934,1.5665233445880062,15.464313876955359,0.1051985264019648
2,MadTrainer,RedSheep_rate,same_drone,angular_scaled,2.5,2.0,3,2509,25.217001914978027,2.226708179174601,16.828006402598767,0.10761259465922679
2,MadTrainer,RedSheep_rate,same_drone,angular_scaled,2.5,2.0,4,2597,26.059934854507446,1.96318366135786,15.074503309791899,0.10088563727377743
2,MadTrainer,RedSheep_rate,same_drone,angular_scaled,2.5,2.0,5,2477,24.85981011390686,2.0416667167328626,17.660462098239822,0.10738796931772306
3,LiftOff_200,Gromozeka_rate,cross_drone,angular_scaled,2.5,2.0,4,2353,23.624861001968384,3.1280751670583413,27.128394176307406,0.16107097322566935
3,LiftOff_200,Gromozeka_rate,cross_drone,angular_scaled,2.5,2.0,5,2443,24.526942014694214,1.6355761005938803,17.176445409348073,0.10888252148997135
3,LiftOff_200,Gromozeka_rate,cross_drone,angular_scaled,2.5,2.0,6,2345,23.54997706413269,1.9361100165835978,19.986927001776635,0.11982942430703625
4,LiftOff_200,RedSheep_rate,cross_drone,angular_scaled,2.5,2.0,3,2514,25.249022006988525,2.1304345406827707,16.105480415086856,0.10700079554494829
4,LiftOff_200,RedSheep_rate,cross_drone,angular_scaled,2.5,2.0,4,2314,23.20598602294922,2.040794562443157,18.559391040663133,0.11711322385479689
4,LiftOff_200,RedSheep_rate,cross_drone,angular_scaled,2.5,2.0,5,2252,22.615839958190918,1.7263329562630645,10.845894913276398,0.019538188277087035
1,MadTrainer,Gromozeka_rate,same_drone,angular_scaled,2.5,3.0,2,2466,24.773011922836304,1.6159669827065741,11.416478916633068,0.08069748580697486
1,MadTrainer,Gromozeka_rate,same_drone,angular_scaled,2.5,3.0,3,2524,25.354163885116577,1.9771653214574307,15.387613319505109,0.10618066561014262
1,MadTrainer,Gromozeka_rate,same_drone,angular_scaled,2.5,3.0,4,2443,24.53096318244934,1.4284426710090088,13.033507594077767,0.08350388866148178
2,MadTrainer,RedSheep_rate,same_drone,angular_scaled,2.5,3.0,3,2509,25.217001914978027,1.9575534250050453,12.39182253989669,0.07931446791550419
2,MadTrainer,RedSheep_rate,same_drone,angular_scaled,2.5,3.0,4,2597,26.059934854507446,1.678623271151011,14.210585289431743,0.09395456295725838
2,MadTrainer,RedSheep_rate,same_drone,angular_scaled,2.5,3.0,5,2477,24.85981011390686,1.6610717483114854,14.934651404421682,0.09971740008074284
3,LiftOff_200,Gromozeka_rate,cross_drone,angular_scaled,2.5,3.0,4,2353,23.624861001968384,2.188595269888367,14.939707825205126,0.09987250318742032
3,LiftOff_200,Gromozeka_rate,cross_drone,angular_scaled,2.5,3.0,5,2443,24.526942014694214,1.6009079303406253,13.00108027990986,0.08718788374948834
3,LiftOff_200,Gromozeka_rate,cross_drone,angular_scaled,2.5,3.0,6,2345,23.54997706413269,1.7902552228761692,13.399746380979593,0.08486140724946695
4,LiftOff_200,RedSheep_rate,cross_drone,angular_scaled,2.5,3.0,3,2514,25.249022006988525,2.078154572600198,13.598427519942742,0.09108989657915673
4,LiftOff_200,RedSheep_rate,cross_drone,angular_scaled,2.5,3.0,4,2314,23.20598602294922,1.787551186571136,17.5542116826668,0.1132238547968885
4,LiftOff_200,RedSheep_rate,cross_drone,angular_scaled,2.5,3.0,5,2252,22.615839958190918,1.9314915630404528,8.846492696678485,0.011989342806394316
1,MadTrainer,Gromozeka_rate,same_drone,angular_scaled,2.5,5.0,2,2466,24.773011922836304,1.564524757373647,10.273387206616313,0.0689375506893755
1,MadTrainer,Gromozeka_rate,same_drone,angular_scaled,2.5,5.0,3,2524,25.354163885116577,2.1849300743372133,14.562348103899394,0.09429477020602219
1,MadTrainer,Gromozeka_rate,same_drone,angular_scaled,2.5,5.0,4,2443,24.53096318244934,1.2493682256307608,10.971672811061868,0.06672124437167418
2,MadTrainer,RedSheep_rate,same_drone,angular_scaled,2.5,5.0,3,2509,25.217001914978027,2.5099374847543174,10.622973402321513,0.015942606616181746
2,MadTrainer,RedSheep_rate,same_drone,angular_scaled,2.5,5.0,4,2597,26.059934854507446,2.024086177233471,13.117759499587155,0.06777050442818637
2,MadTrainer,RedSheep_rate,same_drone,angular_scaled,2.5,5.0,5,2477,24.85981011390686,2.471648969647731,12.431616575458227,0.08800968914008882
3,LiftOff_200,Gromozeka_rate,cross_drone,angular_scaled,2.5,5.0,4,2353,23.624861001968384,2.1054928696603383,13.034570920975192,0.08627284317892053
3,LiftOff_200,Gromozeka_rate,cross_drone,angular_scaled,2.5,5.0,5,2443,24.526942014694214,1.5504153206834417,10.497264411414099,0.0634465820712239
3,LiftOff_200,Gromozeka_rate,cross_drone,angular_scaled,2.5,5.0,6,2345,23.54997706413269,1.8599187600699025,11.032885250341382,0.055863539445628996
4,LiftOff_200,RedSheep_rate,cross_drone,angular_scaled,2.5,5.0,3,2514,25.249022006988525,2.3773223690408685,10.826117549333537,0.011933174224343675
4,LiftOff_200,RedSheep_rate,cross_drone,angular_scaled,2.5,5.0,4,2314,23.20598602294922,1.875412162209642,15.646759180720258,0.1024200518582541
4,LiftOff_200,RedSheep_rate,cross_drone,angular_scaled,2.5,5.0,5,2252,22.615839958190918,1.8780210312095171,7.516286821859398,0.010213143872113677
1,MadTrainer,Gromozeka_rate,same_drone,angular_scaled,2.5,8.0,2,2466,24.773011922836304,2.0732873042482325,9.248809802803589,0.055150040551500405
1,MadTrainer,Gromozeka_rate,same_drone,angular_scaled,2.5,8.0,3,2524,25.354163885116577,2.1691602365157934,12.64915631337407,0.07963549920760697
1,MadTrainer,Gromozeka_rate,same_drone,angular_scaled,2.5,8.0,4,2443,24.53096318244934,1.239226968984383,9.104009588415902,0.024969300040933277
2,MadTrainer,RedSheep_rate,same_drone,angular_scaled,2.5,8.0,3,2509,25.217001914978027,2.89744619136917,9.475667456130003,0.009565563969709047
2,MadTrainer,RedSheep_rate,same_drone,angular_scaled,2.5,8.0,4,2597,26.059934854507446,2.4459858019484493,10.356655913754128,0.016557566422795534
2,MadTrainer,RedSheep_rate,same_drone,angular_scaled,2.5,8.0,5,2477,24.85981011390686,2.5892659241989975,11.473181246770778,0.0783205490512717
3,LiftOff_200,Gromozeka_rate,cross_drone,angular_scaled,2.5,8.0,4,2353,23.624861001968384,2.1400165043985737,10.122127156082467,0.06672333191670209
3,LiftOff_200,Gromozeka_rate,cross_drone,angular_scaled,2.5,8.0,5,2443,24.526942014694214,1.8581694977688699,8.542482938523776,0.045845272206303724
3,LiftOff_200,Gromozeka_rate,cross_drone,angular_scaled,2.5,8.0,6,2345,23.54997706413269,2.0782300062513173,9.179967639784762,0.01577825159914712
4,LiftOff_200,RedSheep_rate,cross_drone,angular_scaled,2.5,8.0,3,2514,25.249022006988525,2.8327436515574007,10.264952339819926,0.024661893396976928
4,LiftOff_200,RedSheep_rate,cross_drone,angular_scaled,2.5,8.0,4,2314,23.20598602294922,2.28663000538333,12.374292169229538,0.0756266205704408
4,LiftOff_200,RedSheep_rate,cross_drone,angular_scaled,2.5,8.0,5,2252,22.615839958190918,2.122095343598872,7.159782269349141,0.011101243339253997
1,MadTrainer,Gromozeka_rate,same_drone,angular_scaled,3.0,1.0,2,2466,24.773011922836304,2.9319815665943345,7.494951064124544,0.00283860502838605
1,MadTrainer,Gromozeka_rate,same_drone,angular_scaled,3.0,1.0,3,2524,25.354163885116577,2.9152277227450156,18.711240191113134,0.14817749603803487
1,MadTrainer,Gromozeka_rate,same_drone,angular_scaled,3.0,1.0,4,2443,24.53096318244934,3.162723653371856,21.01003568442875,0.20630372492836677
2,MadTrainer,RedSheep_rate,same_drone,angular_scaled,3.0,1.0,3,2509,25.217001914978027,3.313107491938382,12.004002640376376,0.06416899163013152
2,MadTrainer,RedSheep_rate,same_drone,angular_scaled,3.0,1.0,4,2597,26.059934854507446,2.6534986098353954,15.289265060640371,0.11282248748556026
2,MadTrainer,RedSheep_rate,same_drone,angular_scaled,3.0,1.0,5,2477,24.85981011390686,2.478996876773209,14.711996131088632,0.08962454582155834
3,LiftOff_200,Gromozeka_rate,cross_drone,angular_scaled,3.0,1.0,4,2353,23.624861001968384,3.8857716286999846,27.963274873786524,0.19124521886952825
3,LiftOff_200,Gromozeka_rate,cross_drone,angular_scaled,3.0,1.0,5,2443,24.526942014694214,2.5525501694133936,12.557022956123678,0.04379860826852231
3,LiftOff_200,Gromozeka_rate,cross_drone,angular_scaled,3.0,1.0,6,2345,23.54997706413269,2.8532205028745636,12.857685463493077,0.064818763326226
4,LiftOff_200,RedSheep_rate,cross_drone,angular_scaled,3.0,1.0,3,2514,25.249022006988525,3.0209811584211224,17.302307359809397,0.11376292760540971
4,LiftOff_200,RedSheep_rate,cross_drone,angular_scaled,3.0,1.0,4,2314,23.20598602294922,2.422976588243543,15.891106196501312,0.11970613656006915
4,LiftOff_200,RedSheep_rate,cross_drone,angular_scaled,3.0,1.0,5,2252,22.615839958190918,2.247509629448004,11.855998896883836,0.058170515097690945
1,MadTrainer,Gromozeka_rate,same_drone,angular_scaled,3.0,2.0,2,2466,24.773011922836304,2.466720046287371,14.331744589866403,0.09286293592862936
1,MadTrainer,Gromozeka_rate,same_drone,angular_scaled,3.0,2.0,3,2524,25.354163885116577,2.2954727925262404,17.411361445232004,0.1109350237717908
1,MadTrainer,Gromozeka_rate,same_drone,angular_scaled,3.0,2.0,4,2443,24.53096318244934,2.1984630824948397,15.352986342765501,0.10724519033974621
2,MadTrainer,RedSheep_rate,same_drone,angular_scaled,3.0,2.0,3,2509,25.217001914978027,2.3100286650268345,18.60936157068554,0.11319250697489039
2,MadTrainer,RedSheep_rate,same_drone,angular_scaled,3.0,2.0,4,2597,26.059934854507446,2.1822116622733176,16.56067406280705,0.11089718906430497
2,MadTrainer,RedSheep_rate,same_drone,angular_scaled,3.0,2.0,5,2477,24.85981011390686,1.9909939017520841,17.133060976272922,0.10859911182882519
3,LiftOff_200,Gromozeka_rate,cross_drone,angular_scaled,3.0,2.0,4,2353,23.624861001968384,3.0599858109825675,19.55340424390912,0.12579685507862304
3,LiftOff_200,Gromozeka_rate,cross_drone,angular_scaled,3.0,2.0,5,2443,24.526942014694214,2.0228274655557783,17.22654100322721,0.1101105198526402
3,LiftOff_200,Gromozeka_rate,cross_drone,angular_scaled,3.0,2.0,6,2345,23.54997706413269,1.9336784686751116,19.327891769641294,0.1253731343283582
4,LiftOff_200,RedSheep_rate,cross_drone,angular_scaled,3.0,2.0,3,2514,25.249022006988525,2.3192879834907245,17.69601867019753,0.11614956245027844
4,LiftOff_200,RedSheep_rate,cross_drone,angular_scaled,3.0,2.0,4,2314,23.20598602294922,2.093751883627519,20.52510133351858,0.11970613656006915
4,LiftOff_200,RedSheep_rate,cross_drone,angular_scaled,3.0,2.0,5,2252,22.615839958190918,2.1534046098070974,13.6166737798829,0.05950266429840142
1,MadTrainer,Gromozeka_rate,same_drone,angular_scaled,3.0,3.0,2,2466,24.773011922836304,1.9891192541429916,12.263859934160152,0.08637469586374696
1,MadTrainer,Gromozeka_rate,same_drone,angular_scaled,3.0,3.0,3,2524,25.354163885116577,1.816862373491265,15.017367960445489,0.1002377179080824
1,MadTrainer,Gromozeka_rate,same_drone,angular_scaled,3.0,3.0,4,2443,24.53096318244934,1.6230433404190308,13.595186367708523,0.08677855096193204
2,MadTrainer,RedSheep_rate,same_drone,angular_scaled,3.0,3.0,3,2509,25.217001914978027,2.3255322657176123,14.036678961282098,0.09645277002789956
2,MadTrainer,RedSheep_rate,same_drone,angular_scaled,3.0,3.0,4,2597,26.059934854507446,1.9401755602907258,15.148844767573445,0.10165575664227955
2,MadTrainer,RedSheep_rate,same_drone,angular_scaled,3.0,3.0,5,2477,24.85981011390686,2.0427917596647873,15.667741960813558,0.10254339927331449
3,LiftOff_200,Gromozeka_rate,cross_drone,angular_scaled,3.0,3.0,4,2353,23.624861001968384,3.074780538713526,18.589853391161675,0.12367190820229494
3,LiftOff_200,Gromozeka_rate,cross_drone,angular_scaled,3.0,3.0,5,2443,24.526942014694214,1.6046837796126852,14.390081609199488,0.09619320507572657
3,LiftOff_200,Gromozeka_rate,cross_drone,angular_scaled,3.0,3.0,6,2345,23.54997706413269,1.8630702566127013,15.104100493480715,0.10063965884861407
4,LiftOff_200,RedSheep_rate,cross_drone,angular_scaled,3.0,3.0,3,2514,25.249022006988525,2.1242585714824997,15.257791842786673,0.10182975338106603
4,LiftOff_200,RedSheep_rate,cross_drone,angular_scaled,3.0,3.0,4,2314,23.20598602294922,2.2249995759711823,17.145195552306536,0.10933448573898012
4,LiftOff_200,RedSheep_rate,cross_drone,angular_scaled,3.0,3.0,5,2252,22.615839958190918,1.861252820028085,10.388523709322715,0.018206039076376555
1,MadTrainer,Gromozeka_rate,same_drone,angular_scaled,3.0,5.0,2,2466,24.773011922836304,2.134882588951811,11.007864427680241,0.0665044606650446
1,MadTrainer,Gromozeka_rate,same_drone,angular_scaled,3.0,5.0,3,2524,25.354163885116577,2.0111376612633762,14.458745095263678,0.09350237717908082
1,MadTrainer,Gromozeka_rate,same_drone,angular_scaled,3.0,5.0,4,2443,24.53096318244934,1.5354590469888194,11.740333727397832,0.07286123618501841
2,MadTrainer,RedSheep_rate,same_drone,angular_scaled,3.0,5.0,3,2509,25.217001914978027,2.3817598412943966,11.197218772600388,0.05579912315663611
2,MadTrainer,RedSheep_rate,same_drone,angular_scaled,3.0,5.0,4,2597,26.059934854507446,2.4193135196963453,13.307382585033535,0.0889487870619946
2,MadTrainer,RedSheep_rate,same_drone,angular_scaled,3.0,5.0,5,2477,24.85981011390686,2.5051137476572833,12.44283414393511,0.0884134033104562
3,LiftOff_200,Gromozeka_rate,cross_drone,angular_scaled,3.0,5.0,4,2353,23.624861001968384,2.6936627090049683,13.07592898579205,0.08032299192520187
3,LiftOff_200,Gromozeka_rate,cross_drone,angular_scaled,3.0,5.0,5,2443,24.526942014694214,1.8413377904468575,11.309235188029634,0.07204257060990585
3,LiftOff_200,Gromozeka_rate,cross_drone,angular_scaled,3.0,5.0,6,2345,23.54997706413269,1.9268966621405639,11.568131228879611,0.06695095948827293
4,LiftOff_200,RedSheep_rate,cross_drone,angular_scaled,3.0,5.0,3,2514,25.249022006988525,2.734730127671021,12.41641610095937,0.07915672235481305
4,LiftOff_200,RedSheep_rate,cross_drone,angular_scaled,3.0,5.0,4,2314,23.20598602294922,2.1612251069398027,15.054885126218041,0.10025929127052723
4,LiftOff_200,RedSheep_rate,cross_drone,angular_scaled,3.0,5.0,5,2252,22.615839958190918,1.699417810641478,8.263487131878678,0.012433392539964476
1,MadTrainer,Gromozeka_rate,same_drone,angular_scaled,3.0,8.0,2,2466,24.773011922836304,2.0054927095282977,9.64734863418708,0.054339010543390104
1,MadTrainer,Gromozeka_rate,same_drone,angular_scaled,3.0,8.0,3,2524,25.354163885116577,2.5315118669147942,11.945313294752355,0.07765451664025357
1,MadTrainer,Gromozeka_rate,same_drone,angular_scaled,3.0,8.0,4,2443,24.53096318244934,1.536632582788485,9.558017856581376,0.044617273843634876
2,MadTrainer,RedSheep_rate,same_drone,angular_scaled,3.0,8.0,3,2509,25.217001914978027,3.1327403573519916,10.383464712523327,0.018333997608609008
2,MadTrainer,RedSheep_rate,same_drone,angular_scaled,3.0,8.0,4,2597,26.059934854507446,2.945270969359399,12.14043346808799,0.04543704274162495
2,MadTrainer,RedSheep_rate,same_drone,angular_scaled,3.0,8.0,5,2477,24.85981011390686,3.150064993741868,10.691731045421239,0.07751312071053694
3,LiftOff_200,Gromozeka_rate,cross_drone,angular_scaled,3.0,8.0,4,2353,23.624861001968384,2.4535436203801595,10.457767594137728,0.04929876753081173
3,LiftOff_200,Gromozeka_rate,cross_drone,angular_scaled,3.0,8.0,5,2443,24.526942014694214,2.2038266104927686,9.714099610967116,0.054441260744985676
3,LiftOff_200,Gromozeka_rate,cross_drone,angular_scaled,3.0,8.0,6,2345,23.54997706413269,2.522924883117355,9.479092193709112,0.04136460554371002
4,LiftOff_200,RedSheep_rate,cross_drone,angular_scaled,3.0,8.0,3,2514,25.249022006988525,3.1743558805728473,11.209480282649627,0.030230708035003977
4,LiftOff_200,RedSheep_rate,cross_drone,angular_scaled,3.0,8.0,4,2314,23.20598602294922,2.5975789461967267,12.481600293760915,0.08945548833189283
4,LiftOff_200,RedSheep_rate,cross_drone,angular_scaled,3.0,8.0,5,2252,22.615839958190918,2.150521056326255,7.766123635446956,0.013321492007104795
1,MadTrainer,Gromozeka_rate,same_drone,soft_thr,0.5,1.0,2,2466,24.773011922836304,3.0224286357695602,110.89884340219687,0.22830494728304948
1,MadTrainer,Gromozeka_rate,same_drone,soft_thr,0.5,1.0,3,2524,25.354163885116577,2.9505701747079307,74.97255087035822,0.2480190174326466
1,MadTrainer,Gromozeka_rate,same_drone,soft_thr,0.5,1.0,4,2443,24.53096318244934,0.4755573335604879,3.121346400741792,0.012279983626688497
2,MadTrainer,RedSheep_rate,same_drone,soft_thr,0.5,1.0,3,2509,25.217001914978027,8.77682408030907,124.39270935129048,0.4519728975687525
2,MadTrainer,RedSheep_rate,same_drone,soft_thr,0.5,1.0,4,2597,26.059934854507446,10.264923154402112,84.34758396504613,0.4412783981517135
2,MadTrainer,RedSheep_rate,same_drone,soft_thr,0.5,1.0,5,2477,24.85981011390686,10.820504966664572,96.83551813994887,0.4590230117077109
3,LiftOff_200,Gromozeka_rate,cross_drone,soft_thr,0.5,1.0,4,2353,23.624861001968384,1.953954355000576,104.51582117624213,0.18189545261368467
3,LiftOff_200,Gromozeka_rate,cross_drone,soft_thr,0.5,1.0,5,2443,24.526942014694214,1.2275557839120097,22.012303948001612,0.1293491608677855
3,LiftOff_200,Gromozeka_rate,cross_drone,soft_thr,0.5,1.0,6,2345,23.54997706413269,3.5097724142191282,107.91756851954787,0.2682302771855011
4,LiftOff_200,RedSheep_rate,cross_drone,soft_thr,0.5,1.0,3,2514,25.249022006988525,6.417876276073201,120.18926454567776,0.4116945107398568
4,LiftOff_200,RedSheep_rate,cross_drone,soft_thr,0.5,1.0,4,2314,23.20598602294922,3.7724777883574347,92.9698345672067,0.27960242005185826
4,LiftOff_200,RedSheep_rate,cross_drone,soft_thr,0.5,1.0,5,2252,22.615839958190918,3.806631543573573,113.46370149522467,0.37788632326820604
1,MadTrainer,Gromozeka_rate,same_drone,soft_thr,0.5,2.0,2,2466,24.773011922836304,2.480945231610873,36.94317237108858,0.18896999188969993
1,MadTrainer,Gromozeka_rate,same_drone,soft_thr,0.5,2.0,3,2524,25.354163885116577,3.1441884004586207,61.659020811924904,0.2979397781299525
1,MadTrainer,Gromozeka_rate,same_drone,soft_thr,0.5,2.0,4,2443,24.53096318244934,0.45153997572921867,2.5370775788853908,0.0
2,MadTrainer,RedSheep_rate,same_drone,soft_thr,0.5,2.0,3,2509,25.217001914978027,25.14083892224302,110.87056565270818,0.5324830609804703
2,MadTrainer,RedSheep_rate,same_drone,soft_thr,0.5,2.0,4,2597,26.059934854507446,6.103756605945653,93.32156891283874,0.3981517135155949
2,MadTrainer,RedSheep_rate,same_drone,soft_thr,0.5,2.0,5,2477,24.85981011390686,34.83689463106971,113.53897932338174,0.5708518368994752
3,LiftOff_200,Gromozeka_rate,cross_drone,soft_thr,0.5,2.0,4,2353,23.624861001968384,2.203959003191329,106.38887686997667,0.15554611134721633
3,LiftOff_200,Gromozeka_rate,cross_drone,soft_thr,0.5,2.0,5,2443,24.526942014694214,2.6974536552077524,62.34965551574379,0.23905034793286942
3,LiftOff_200,Gromozeka_rate,cross_drone,soft_thr,0.5,2.0,6,2345,23.54997706413269,3.4624968591199803,101.27009765186386,0.32665245202558635
4,LiftOff_200,RedSheep_rate,cross_drone,soft_thr,0.5,2.0,3,2514,25.249022006988525,19.75958072227671,132.90851514973596,0.5270485282418457
4,LiftOff_200,RedSheep_rate,cross_drone,soft_thr,0.5,2.0,4,2314,23.20598602294922,2.5311552783961417,111.74886604539577,0.2571305099394987
4,LiftOff_200,RedSheep_rate,cross_drone,soft_thr,0.5,2.0,5,2252,22.615839958190918,4.201870135019643,105.49629415424467,0.3734458259325044
1,MadTrainer,Gromozeka_rate,same_drone,soft_thr,0.5,3.0,2,2466,24.773011922836304,1.7854541490045648,64.22771671748576,0.15774533657745338
1,MadTrainer,Gromozeka_rate,same_drone,soft_thr,0.5,3.0,3,2524,25.354163885116577,2.231463302273795,110.39728240848612,0.2634706814580032
1,MadTrainer,Gromozeka_rate,same_drone,soft_thr,0.5,3.0,4,2443,24.53096318244934,0.3954779950153693,2.006505197954827,0.0
2,MadTrainer,RedSheep_rate,same_drone,soft_thr,0.5,3.0,3,2509,25.217001914978027,3.418927625592545,94.21552845513729,0.32044639298525307
2,MadTrainer,RedSheep_rate,same_drone,soft_thr,0.5,3.0,4,2597,26.059934854507446,4.859613276960715,96.66902318875863,0.35271467077396995
2,MadTrainer,RedSheep_rate,same_drone,soft_thr,0.5,3.0,5,2477,24.85981011390686,43.165235956204015,118.28006922011082,0.6544206701655229
3,LiftOff_200,Gromozeka_rate,cross_drone,soft_thr,0.5,3.0,4,2353,23.624861001968384,2.041907927138709,42.55371608690722,0.17977050573735656
3,LiftOff_200,Gromozeka_rate,cross_drone,soft_thr,0.5,3.0,5,2443,24.526942014694214,1.1832246161648925,59.00841627684858,0.15595579205894392
3,LiftOff_200,Gromozeka_rate,cross_drone,soft_thr,0.5,3.0,6,2345,23.54997706413269,2.163190911677276,101.922048678094,0.29381663113006395
4,LiftOff_200,RedSheep_rate,cross_drone,soft_thr,0.5,3.0,3,2514,25.249022006988525,13.948669452725824,135.93609152655722,0.4904534606205251
4,LiftOff_200,RedSheep_rate,cross_drone,soft_thr,0.5,3.0,4,2314,23.20598602294922,3.5138291674142934,93.87552911588365,0.2964563526361279
4,LiftOff_200,RedSheep_rate,cross_drone,soft_thr,0.5,3.0,5,2252,22.615839958190918,4.485392838553693,100.50785965082164,0.3432504440497336
1,MadTrainer,Gromozeka_rate,same_drone,soft_thr,0.5,5.0,2,2466,24.773011922836304,1.806490292395523,35.44192041008651,0.20235198702351986
1,MadTrainer,Gromozeka_rate,same_drone,soft_thr,0.5,5.0,3,2524,25.354163885116577,2.8826035103896004,107.51071335094635,0.31101426307448493
1,MadTrainer,Gromozeka_rate,same_drone,soft_thr,0.5,5.0,4,2443,24.53096318244934,0.3692090774105665,1.5296560703175546,0.0
2,MadTrainer,RedSheep_rate,same_drone,soft_thr,0.5,5.0,3,2509,25.217001914978027,8.908293050398072,116.71376800957682,0.4583499402152252
2,MadTrainer,RedSheep_rate,same_drone,soft_thr,0.5,5.0,4,2597,26.059934854507446,9.152371189981807,109.3156718498398,0.43742780130920295
2,MadTrainer,RedSheep_rate,same_drone,soft_thr,0.5,5.0,5,2477,24.85981011390686,4.310388821935618,72.90650368514737,0.29067420266451355
3,LiftOff_200,Gromozeka_rate,cross_drone,soft_thr,0.5,5.0,4,2353,23.624861001968384,1.9394701994853563,53.663063196681634,0.13132171695707606
3,LiftOff_200,Gromozeka_rate,cross_drone,soft_thr,0.5,5.0,5,2443,24.526942014694214,1.6577032055063086,41.333109162702456,0.12771182971756037
3,LiftOff_200,Gromozeka_rate,cross_drone,soft_thr,0.5,5.0,6,2345,23.54997706413269,2.910940099121433,99.77880356655753,0.326226012793177
4,LiftOff_200,RedSheep_rate,cross_drone,soft_thr,0.5,5.0,3,2514,25.249022006988525,7.621927020897978,138.88749920286733,0.4343675417661098
4,LiftOff_200,RedSheep_rate,cross_drone,soft_thr,0.5,5.0,4,2314,23.20598602294922,2.5027486743489433,89.49808680676048,0.30121002592912705
4,LiftOff_200,RedSheep_rate,cross_drone,soft_thr,0.5,5.0,5,2252,22.615839958190918,3.4711875755945414,107.11244985606417,0.369449378330373
1,MadTrainer,Gromozeka_rate,same_drone,soft_thr,0.5,8.0,2,2466,24.773011922836304,2.4639963169558854,105.57840768098092,0.2708840227088402
1,MadTrainer,Gromozeka_rate,same_drone,soft_thr,0.5,8.0,3,2524,25.354163885116577,2.591399140365411,75.81423072963592,0.3062599049128368
1,MadTrainer,Gromozeka_rate,same_drone,soft_thr,0.5,8.0,4,2443,24.53096318244934,0.3592149014324377,1.2427949317107845,0.0
2,MadTrainer,RedSheep_rate,same_drone,soft_thr,0.5,8.0,3,2509,25.217001914978027,11.993322918261327,122.64129243405836,0.47668393782383417
2,MadTrainer,RedSheep_rate,same_drone,soft_thr,0.5,8.0,4,2597,26.059934854507446,11.467264176766179,101.88886875761949,0.470542934154794
2,MadTrainer,RedSheep_rate,same_drone,soft_thr,0.5,8.0,5,2477,24.85981011390686,6.156520429747587,89.4736600343635,0.364553895841744
3,LiftOff_200,Gromozeka_rate,cross_drone,soft_thr,0.5,8.0,4,2353,23.624861001968384,2.320678843339948,93.72466465206318,0.19974500637484063
3,LiftOff_200,Gromozeka_rate,cross_drone,soft_thr,0.5,8.0,5,2443,24.526942014694214,1.4809362880723143,17.35056878351881,0.10888252148997135
3,LiftOff_200,Gromozeka_rate,cross_drone,soft_thr,0.5,8.0,6,2345,23.54997706413269,7.037568662234008,108.93426123502113,0.42643923240938164
4,LiftOff_200,RedSheep_rate,cross_drone,soft_thr,0.5,8.0,3,2514,25.249022006988525,3.851129713165733,132.69767089390174,0.32100238663484487
4,LiftOff_200,RedSheep_rate,cross_drone,soft_thr,0.5,8.0,4,2314,23.20598602294922,3.3250398705934003,99.29679186906796,0.2783059636992221
4,LiftOff_200,RedSheep_rate,cross_drone,soft_thr,0.5,8.0,5,2252,22.615839958190918,3.166659677069461,101.76318951455767,0.34058614564831263
1,MadTrainer,Gromozeka_rate,same_drone,soft_thr,1.0,1.0,2,2466,24.773011922836304,2.0151889501727815,40.64909099486269,0.19505271695052717
1,MadTrainer,Gromozeka_rate,same_drone,soft_thr,1.0,1.0,3,2524,25.354163885116577,3.503305785230637,36.48446448060171,0.2179080824088748
1,MadTrainer,Gromozeka_rate,same_drone,soft_thr,1.0,1.0,4,2443,24.53096318244934,0.8510395663734656,4.723541150286014,0.014326647564469915
2,MadTrainer,RedSheep_rate,same_drone,soft_thr,1.0,1.0,3,2509,25.217001914978027,3.286086221213708,70.39516533057402,0.21084097249900358
2,MadTrainer,RedSheep_rate,same_drone,soft_thr,1.0,1.0,4,2597,26.059934854507446,2.0165535844024305,12.423118586386737,0.08394301116673085
2,MadTrainer,RedSheep_rate,same_drone,soft_thr,1.0,1.0,5,2477,24.85981011390686,2.3513701463033527,12.408299857502707,0.08962454582155834
3,LiftOff_200,Gromozeka_rate,cross_drone,soft_thr,1.0,1.0,4,2353,23.624861001968384,2.1014281926754563,23.88073410310853,0.14194645133871653
3,LiftOff_200,Gromozeka_rate,cross_drone,soft_thr,1.0,1.0,5,2443,24.526942014694214,1.7229776577335656,26.65937830106767,0.14449447400736798
3,LiftOff_200,Gromozeka_rate,cross_drone,soft_thr,1.0,1.0,6,2345,23.54997706413269,2.1369931190075704,14.496963744398842,0.09466950959488273
4,LiftOff_200,RedSheep_rate,cross_drone,soft_thr,1.0,1.0,3,2514,25.249022006988525,2.0230178619364807,8.294366660351129,0.024661893396976928
4,LiftOff_200,RedSheep_rate,cross_drone,soft_thr,1.0,1.0,4,2314,23.20598602294922,1.6985113120757163,25.577371928516985,0.13439930855661192
4,LiftOff_200,RedSheep_rate,cross_drone,soft_thr,1.0,1.0,5,2252,22.615839958190918,2.074359185585436,54.2695412230369,0.17184724689165187
1,MadTrainer,Gromozeka_rate,same_drone,soft_thr,1.0,2.0,2,2466,24.773011922836304,2.7789138195886096,79.95878394987315,0.24128142741281428
1,MadTrainer,Gromozeka_rate,same_drone,soft_thr,1.0,2.0,3,2524,25.354163885116577,2.093153992760609,27.16591570594418,0.16521394611727416
1,MadTrainer,Gromozeka_rate,same_drone,soft_thr,1.0,2.0,4,2443,24.53096318244934,0.664246890576635,3.972629902594975,0.0
2,MadTrainer,RedSheep_rate,same_drone,soft_thr,1.0,2.0,3,2509,25.217001914978027,3.0922669481123535,38.906491501342096,0.19609406137903548
2,MadTrainer,RedSheep_rate,same_drone,soft_thr,1.0,2.0,4,2597,26.059934854507446,1.3416216606973705,11.716580905140704,0.06546014632268002
2,MadTrainer,RedSheep_rate,same_drone,soft_thr,1.0,2.0,5,2477,24.85981011390686,2.25762529517462,16.004906394004703,0.11384739604360113
3,LiftOff_200,Gromozeka_rate,cross_drone,soft_thr,1.0,2.0,4,2353,23.624861001968384,2.2039122238125515,42.72995135836967,0.1738206544836379
3,LiftOff_200,Gromozeka_rate,cross_drone,soft_thr,1.0,2.0,5,2443,24.526942014694214,1.2194666272224737,28.296095521422654,0.14531313958248054
3,LiftOff_200,Gromozeka_rate,cross_drone,soft_thr,1.0,2.0,6,2345,23.54997706413269,1.5078194401657186,13.49699578080328,0.07206823027718551
4,LiftOff_200,RedSheep_rate,cross_drone,soft_thr,1.0,2.0,3,2514,25.249022006988525,2.6999107164435046,24.569876157234635,0.15632458233890215
4,LiftOff_200,RedSheep_rate,cross_drone,soft_thr,1.0,2.0,4,2314,23.20598602294922,1.3809682910368828,24.486386019916864,0.13612791702679344
4,LiftOff_200,RedSheep_rate,cross_drone,soft_thr,1.0,2.0,5,2252,22.615839958190918,1.732603952629539,105.27809071425042,0.2233570159857904
1,MadTrainer,Gromozeka_rate,same_drone,soft_thr,1.0,3.0,2,2466,24.773011922836304,1.484533067164353,7.727352700962456,0.06731549067315491
1,MadTrainer,Gromozeka_rate,same_drone,soft_thr,1.0,3.0,3,2524,25.354163885116577,2.8673512000976658,59.17677127674116,0.25871632329635497
1,MadTrainer,Gromozeka_rate,same_drone,soft_thr,1.0,3.0,4,2443,24.53096318244934,0.6260339369003987,3.5008699874177935,0.0036839950880065493
2,MadTrainer,RedSheep_rate,same_drone,soft_thr,1.0,3.0,3,2509,25.217001914978027,4.693586129604327,59.58972493245708,0.3076923076923077
2,MadTrainer,RedSheep_rate,same_drone,soft_thr,1.0,3.0,4,2597,26.059934854507446,1.4996101216064517,12.734040320094488,0.08586830958798614
2,MadTrainer,RedSheep_rate,same_drone,soft_thr,1.0,3.0,5,2477,24.85981011390686,2.70782344604973,14.939149241749073,0.09810254339927331
3,LiftOff_200,Gromozeka_rate,cross_drone,soft_thr,1.0,3.0,4,2353,23.624861001968384,1.9793060697344345,31.238089927920665,0.13344666383340417
3,LiftOff_200,Gromozeka_rate,cross_drone,soft_thr,1.0,3.0,5,2443,24.526942014694214,0.9010685693275633,14.795590611957824,0.09987720016373311
3,LiftOff_200,Gromozeka_rate,cross_drone,soft_thr,1.0,3.0,6,2345,23.54997706413269,1.5052962765051348,12.931877374704197,0.07974413646055437
4,LiftOff_200,RedSheep_rate,cross_drone,soft_thr,1.0,3.0,3,2514,25.249022006988525,1.8100937968498556,9.214887631318163,0.03619729514717582
4,LiftOff_200,RedSheep_rate,cross_drone,soft_thr,1.0,3.0,4,2314,23.20598602294922,1.545140157260576,40.00558758136013,0.22255834053586862
4,LiftOff_200,RedSheep_rate,cross_drone,soft_thr,1.0,3.0,5,2252,22.615839958190918,1.8930568728952721,45.15764541789965,0.18072824156305506
1,MadTrainer,Gromozeka_rate,same_drone,soft_thr,1.0,5.0,2,2466,24.773011922836304,1.6260043251597835,24.546540482437862,0.13746958637469586
1,MadTrainer,Gromozeka_rate,same_drone,soft_thr,1.0,5.0,3,2524,25.354163885116577,2.7597626481586115,43.57122876451833,0.19611727416798733
1,MadTrainer,Gromozeka_rate,same_drone,soft_thr,1.0,5.0,4,2443,24.53096318244934,0.5484313484539385,2.783929256337499,0.0
2,MadTrainer,RedSheep_rate,same_drone,soft_thr,1.0,5.0,3,2509,25.217001914978027,2.261088329216051,81.14261663024917,0.20406536468712635
2,MadTrainer,RedSheep_rate,same_drone,soft_thr,1.0,5.0,4,2597,26.059934854507446,1.3709352565029178,11.255348210039285,0.07470157874470543
2,MadTrainer,RedSheep_rate,same_drone,soft_thr,1.0,5.0,5,2477,24.85981011390686,2.804847953812313,12.61095851707279,0.08356883326604764
3,LiftOff_200,Gromozeka_rate,cross_drone,soft_thr,1.0,5.0,4,2353,23.624861001968384,1.871344509925052,9.4803880015065,0.05609859753506162
3,LiftOff_200,Gromozeka_rate,cross_drone,soft_thr,1.0,5.0,5,2443,24.526942014694214,1.097428618645651,15.848011648630075,0.10233319688907082
3,LiftOff_200,Gromozeka_rate,cross_drone,soft_thr,1.0,5.0,6,2345,23.54997706413269,1.8106517782785332,70.35302484880295,0.2375266524520256
4,LiftOff_200,RedSheep_rate,cross_drone,soft_thr,1.0,5.0,3,2514,25.249022006988525,2.312136964371618,13.644893168214365,0.0883054892601432
4,LiftOff_200,RedSheep_rate,cross_drone,soft_thr,1.0,5.0,4,2314,23.20598602294922,1.657433677837691,53.581820792433255,0.23163353500432152
4,LiftOff_200,RedSheep_rate,cross_drone,soft_thr,1.0,5.0,5,2252,22.615839958190918,1.9385709367698851,44.82118373995391,0.17095914742451154
1,MadTrainer,Gromozeka_rate,same_drone,soft_thr,1.0,8.0,2,2466,24.773011922836304,1.8115899383417506,17.235250907661353,0.12854825628548255
1,MadTrainer,Gromozeka_rate,same_drone,soft_thr,1.0,8.0,3,2524,25.354163885116577,2.1596559485073215,23.58145897152923,0.12321711568938193
1,MadTrainer,Gromozeka_rate,same_drone,soft_thr,1.0,8.0,4,2443,24.53096318244934,0.5068568669863396,2.340712113128524,0.0
2,MadTrainer,RedSheep_rate,same_drone,soft_thr,1.0,8.0,3,2509,25.217001914978027,2.270434774107901,46.74191076942239,0.1681944998007174
2,MadTrainer,RedSheep_rate,same_drone,soft_thr,1.0,8.0,4,2597,26.059934854507446,1.632358038041076,9.660679314880623,0.0627647285329226
2,MadTrainer,RedSheep_rate,same_drone,soft_thr,1.0,8.0,5,2477,24.85981011390686,2.7110493826153004,10.153051890306438,0.05773112636253532
3,LiftOff_200,Gromozeka_rate,cross_drone,soft_thr,1.0,8.0,4,2353,23.624861001968384,1.9339769355513852,8.330830600135178,0.0369740756481088
3,LiftOff_200,Gromozeka_rate,cross_drone,soft_thr,1.0,8.0,5,2443,24.526942014694214,1.1947972200585042,8.921442060740908,0.025787965616045846
3,LiftOff_200,Gromozeka_rate,cross_drone,soft_thr,1.0,8.0,6,2345,23.54997706413269,1.7375134455049732,17.991614852310057,0.10959488272921108
4,LiftOff_200,RedSheep_rate,cross_drone,soft_thr,1.0,8.0,3,2514,25.249022006988525,2.041011251316732,10.005031824888848,0.06801909307875895
4,LiftOff_200,RedSheep_rate,cross_drone,soft_thr,1.0,8.0,4,2314,23.20598602294922,1.6559588895510586,29.905799561454586,0.14520311149524634
4,LiftOff_200,RedSheep_rate,cross_drone,soft_thr,1.0,8.0,5,2252,22.615839958190918,1.9785150106025,85.55989536926003,0.20603907637655416
1,MadTrainer,Gromozeka_rate,same_drone,soft_thr,1.5,1.0,2,2466,24.773011922836304,1.6485413022238617,15.499631049730908,0.1030008110300081
1,MadTrainer,Gromozeka_rate,same_drone,soft_thr,1.5,1.0,3,2524,25.354163885116577,2.791112756056876,36.46097030873642,0.18304278922345482
1,MadTrainer,Gromozeka_rate,same_drone,soft_thr,1.5,1.0,4,2443,24.53096318244934,1.1978014059409077,12.701178704939842,0.07327056897257471
2,MadTrainer,RedSheep_rate,same_drone,soft_thr,1.5,1.0,3,2509,25.217001914978027,3.815284938624089,73.62540619535346,0.2303706656038262
2,MadTrainer,RedSheep_rate,same_drone,soft_thr,1.5,1.0,4,2597,26.059934854507446,1.8564554677297167,14.901519751607687,0.09973045822102426
2,MadTrainer,RedSheep_rate,same_drone,soft_thr,1.5,1.0,5,2477,24.85981011390686,3.5027234696423477,60.69862855737664,0.24343964473153007
3,LiftOff_200,Gromozeka_rate,cross_drone,soft_thr,1.5,1.0,4,2353,23.624861001968384,2.514528156573988,102.28347730615025,0.1874203144921377
3,LiftOff_200,Gromozeka_rate,cross_drone,soft_thr,1.5,1.0,5,2443,24.526942014694214,3.225343112145879,28.609403217457917,0.1489971346704871
3,LiftOff_200,Gromozeka_rate,cross_drone,soft_thr,1.5,1.0,6,2345,23.54997706413269,4.866401474735895,47.280899998772895,0.3138592750533049
4,LiftOff_200,RedSheep_rate,cross_drone,soft_thr,1.5,1.0,3,2514,25.249022006988525,3.4318461711644375,42.83220436083439,0.20843277645186953
4,LiftOff_200,RedSheep_rate,cross_drone,soft_thr,1.5,1.0,4,2314,23.20598602294922,2.76621681046246,39.001506271193726,0.2156439066551426
4,LiftOff_200,RedSheep_rate,cross_drone,soft_thr,1.5,1.0,5,2252,22.615839958190918,2.0866167447760233,24.50043643135729,0.11856127886323269
1,MadTrainer,Gromozeka_rate,same_drone,soft_thr,1.5,2.0,2,2466,24.773011922836304,1.7758563281379125,32.85016157556316,0.1516626115166261
1,MadTrainer,Gromozeka_rate,same_drone,soft_thr,1.5,2.0,3,2524,25.354163885116577,2.040734040965404,23.137955111671015,0.12876386687797148
1,MadTrainer,Gromozeka_rate,same_drone,soft_thr,1.5,2.0,4,2443,24.53096318244934,0.9788979322761975,14.164659282792885,0.09209987720016373
2,MadTrainer,RedSheep_rate,same_drone,soft_thr,1.5,2.0,3,2509,25.217001914978027,2.4641599907738794,14.928068580035717,0.09884416102032682
2,MadTrainer,RedSheep_rate,same_drone,soft_thr,1.5,2.0,4,2597,26.059934854507446,1.317032219388608,7.569055624933572,0.020023103581055062
2,MadTrainer,RedSheep_rate,same_drone,soft_thr,1.5,2.0,5,2477,24.85981011390686,1.8732785844327395,14.203046962874987,0.08760597496972143
3,LiftOff_200,Gromozeka_rate,cross_drone,soft_thr,1.5,2.0,4,2353,23.624861001968384,2.0387159102156573,42.54503362264037,0.19464513387165322
3,LiftOff_200,Gromozeka_rate,cross_drone,soft_thr,1.5,2.0,5,2443,24.526942014694214,1.2943268704730428,17.15059408901791,0.1076545231273025
3,LiftOff_200,Gromozeka_rate,cross_drone,soft_thr,1.5,2.0,6,2345,23.54997706413269,1.370738713613548,12.887222516980732,0.08059701492537313
4,LiftOff_200,RedSheep_rate,cross_drone,soft_thr,1.5,2.0,3,2514,25.249022006988525,1.9151464920644266,13.315304230056405,0.09268098647573587
4,LiftOff_200,RedSheep_rate,cross_drone,soft_thr,1.5,2.0,4,2314,23.20598602294922,1.7549877692654263,37.99050090141084,0.16508210890233363
4,LiftOff_200,RedSheep_rate,cross_drone,soft_thr,1.5,2.0,5,2252,22.615839958190918,1.5183059718915572,31.63455823656175,0.12477797513321492
1,MadTrainer,Gromozeka_rate,same_drone,soft_thr,1.5,3.0,2,2466,24.773011922836304,1.6544612585658385,20.802338221593757,0.12692619626926196
1,MadTrainer,Gromozeka_rate,same_drone,soft_thr,1.5,3.0,3,2524,25.354163885116577,2.20403132043581,25.261872164054516,0.16600633914421553
1,MadTrainer,Gromozeka_rate,same_drone,soft_thr,1.5,3.0,4,2443,24.53096318244934,0.8584105280012011,8.258905153272876,0.010642652476463364
2,MadTrainer,RedSheep_rate,same_drone,soft_thr,1.5,3.0,3,2509,25.217001914978027,2.4832140541753205,12.762216258227975,0.07373455559984057
2,MadTrainer,RedSheep_rate,same_drone,soft_thr,1.5,3.0,4,2597,26.059934854507446,1.4531743196460525,6.003842517273911,0.016557566422795534
2,MadTrainer,RedSheep_rate,same_drone,soft_thr,1.5,3.0,5,2477,24.85981011390686,1.7563354053980333,13.596457347149396,0.07387969317723052
3,LiftOff_200,Gromozeka_rate,cross_drone,soft_thr,1.5,3.0,4,2353,23.624861001968384,1.7774306523673715,10.887782381009838,0.07224819379515512
3,LiftOff_200,Gromozeka_rate,cross_drone,soft_thr,1.5,3.0,5,2443,24.526942014694214,1.1958931480944273,18.031238651118095,0.11133851821530905
3,LiftOff_200,Gromozeka_rate,cross_drone,soft_thr,1.5,3.0,6,2345,23.54997706413269,1.4602467947852915,26.37035167340021,0.11940298507462686
4,LiftOff_200,RedSheep_rate,cross_drone,soft_thr,1.5,3.0,3,2514,25.249022006988525,1.786435668909121,8.481196858946404,0.01869530628480509
4,LiftOff_200,RedSheep_rate,cross_drone,soft_thr,1.5,3.0,4,2314,23.20598602294922,1.6617460773446453,39.94379062144717,0.19706136560069146
4,LiftOff_200,RedSheep_rate,cross_drone,soft_thr,1.5,3.0,5,2252,22.615839958190918,1.5931400520421874,14.102044801463892,0.09280639431616342
1,MadTrainer,Gromozeka_rate,same_drone,soft_thr,1.5,5.0,2,2466,24.773011922836304,1.5339677695770035,13.319361034296548,0.09570154095701541
1,MadTrainer,Gromozeka_rate,same_drone,soft_thr,1.5,5.0,3,2524,25.354163885116577,2.15227473877475,16.761555437648312,0.12559429477020603
1,MadTrainer,Gromozeka_rate,same_drone,soft_thr,1.5,5.0,4,2443,24.53096318244934,0.7280918004352657,3.5539306137534474,0.0
2,MadTrainer,RedSheep_rate,same_drone,soft_thr,1.5,5.0,3,2509,25.217001914978027,1.6497501666570002,8.389185293784752,0.020326823435631726
2,MadTrainer,RedSheep_rate,same_drone,soft_thr,1.5,5.0,4,2597,26.059934854507446,1.2502973980568868,5.310098087155987,0.02117828263380824
2,MadTrainer,RedSheep_rate,same_drone,soft_thr,1.5,5.0,5,2477,24.85981011390686,2.13883921217014,10.3911767012493,0.03310456197012515
3,LiftOff_200,Gromozeka_rate,cross_drone,soft_thr,1.5,5.0,4,2353,23.624861001968384,1.6691416265928751,10.801366434712314,0.0577985550361241
3,LiftOff_200,Gromozeka_rate,cross_drone,soft_thr,1.5,5.0,5,2443,24.526942014694214,0.9903834923857175,16.46991218940632,0.10642652476463364
3,LiftOff_200,Gromozeka_rate,cross_drone,soft_thr,1.5,5.0,6,2345,23.54997706413269,1.6181863038929976,6.337079492550191,0.00767590618336887
4,LiftOff_200,RedSheep_rate,cross_drone,soft_thr,1.5,5.0,3,2514,25.249022006988525,2.060992942322059,6.379770478474132,0.0003977724741447892
4,LiftOff_200,RedSheep_rate,cross_drone,soft_thr,1.5,5.0,4,2314,23.20598602294922,1.5833632356503529,39.53572299262194,0.20138288677614521
4,LiftOff_200,RedSheep_rate,cross_drone,soft_thr,1.5,5.0,5,2252,22.615839958190918,1.6340896766889337,32.02976774821353,0.11367673179396093
1,MadTrainer,Gromozeka_rate,same_drone,soft_thr,1.5,8.0,2,2466,24.773011922836304,1.580933979353329,11.28870773585166,0.0535279805352798
1,MadTrainer,Gromozeka_rate,same_drone,soft_thr,1.5,8.0,3,2524,25.354163885116577,1.9951726554165106,9.205787933332264,0.012678288431061807
1,MadTrainer,Gromozeka_rate,same_drone,soft_thr,1.5,8.0,4,2443,24.53096318244934,0.6805985633346268,3.0629870608084433,0.0
2,MadTrainer,RedSheep_rate,same_drone,soft_thr,1.5,8.0,3,2509,25.217001914978027,2.0091903405622764,8.916620233171338,0.06018333997608609
2,MadTrainer,RedSheep_rate,same_drone,soft_thr,1.5,8.0,4,2597,26.059934854507446,1.3062753825874012,5.779682563947339,0.016557566422795534
2,MadTrainer,RedSheep_rate,same_drone,soft_thr,1.5,8.0,5,2477,24.85981011390686,2.345137246525667,7.805277751759467,0.019781994348001614
3,LiftOff_200,Gromozeka_rate,cross_drone,soft_thr,1.5,8.0,4,2353,23.624861001968384,1.8238062166809357,8.267223818680616,0.03867403314917127
3,LiftOff_200,Gromozeka_rate,cross_drone,soft_thr,1.5,8.0,5,2443,24.526942014694214,1.0790898320935867,9.808304285186045,0.04257060990585346
3,LiftOff_200,Gromozeka_rate,cross_drone,soft_thr,1.5,8.0,6,2345,23.54997706413269,1.5564499526381042,5.230071651300776,0.0
4,LiftOff_200,RedSheep_rate,cross_drone,soft_thr,1.5,8.0,3,2514,25.249022006988525,2.1771008434489616,6.011647498395103,0.002386634844868735
4,LiftOff_200,RedSheep_rate,cross_drone,soft_thr,1.5,8.0,4,2314,23.20598602294922,1.7086665179845397,20.939969031037574,0.13353500432152118
4,LiftOff_200,RedSheep_rate,cross_drone,soft_thr,1.5,8.0,5,2252,22.615839958190918,1.5913646984306098,7.675834431416712,0.04129662522202487
1,MadTrainer,Gromozeka_rate,same_drone,soft_thr,2.0,1.0,2,2466,24.773011922836304,1.9113567947428578,12.345134415156888,0.0770478507704785
1,MadTrainer,Gromozeka_rate,same_drone,soft_thr,2.0,1.0,3,2524,25.354163885116577,2.606847609267021,14.138574302248978,0.08280507131537243
1,MadTrainer,Gromozeka_rate,same_drone,soft_thr,2.0,1.0,4,2443,24.53096318244934,1.4856869401147037,16.953103516751593,0.13426115431846092
2,MadTrainer,RedSheep_rate,same_drone,soft_thr,2.0,1.0,3,2509,25.217001914978027,4.25643542886958,119.31013325274382,0.2483060980470307
2,MadTrainer,RedSheep_rate,same_drone,soft_thr,2.0,1.0,4,2597,26.059934854507446,2.466687097893171,14.879238599200164,0.0993453985367732
2,MadTrainer,RedSheep_rate,same_drone,soft_thr,2.0,1.0,5,2477,24.85981011390686,1.9728214393054628,14.777872418580776,0.09648768671780379
3,LiftOff_200,Gromozeka_rate,cross_drone,soft_thr,2.0,1.0,4,2353,23.624861001968384,2.4313278709812494,15.543046106093279,0.10327241818954526
3,LiftOff_200,Gromozeka_rate,cross_drone,soft_thr,2.0,1.0,5,2443,24.526942014694214,3.0125105368421288,99.15880714859395,0.21694637740483014
3,LiftOff_200,Gromozeka_rate,cross_drone,soft_thr,2.0,1.0,6,2345,23.54997706413269,6.651826922158946,116.73455988244658,0.38336886993603414
4,LiftOff_200,RedSheep_rate,cross_drone,soft_thr,2.0,1.0,3,2514,25.249022006988525,2.246823716582682,10.875364051627557,0.07716785998408911
4,LiftOff_200,RedSheep_rate,cross_drone,soft_thr,2.0,1.0,4,2314,23.20598602294922,1.7645176190335228,15.315397507594827,0.10328435609334485
4,LiftOff_200,RedSheep_rate,cross_drone,soft_thr,2.0,1.0,5,2252,22.615839958190918,2.237381763608667,11.274723218623755,0.05595026642984014
1,MadTrainer,Gromozeka_rate,same_drone,soft_thr,2.0,2.0,2,2466,24.773011922836304,1.4864519380669847,13.869688869856773,0.09691808596918086
1,MadTrainer,Gromozeka_rate,same_drone,soft_thr,2.0,2.0,3,2524,25.354163885116577,2.506308542981408,36.370985395310086,0.1683835182250396
1,MadTrainer,Gromozeka_rate,same_drone,soft_thr,2.0,2.0,4,2443,24.53096318244934,1.2704003579983052,17.85020726772698,0.11215718379042161
2,MadTrainer,RedSheep_rate,same_drone,soft_thr,2.0,2.0,3,2509,25.217001914978027,2.0455765024312456,14.637251559792757,0.09724990035870865
2,MadTrainer,RedSheep_rate,same_drone,soft_thr,2.0,2.0,4,2597,26.059934854507446,1.5687676208773382,12.210791195000388,0.07085098190219484
2,MadTrainer,RedSheep_rate,same_drone,soft_thr,2.0,2.0,5,2477,24.85981011390686,1.7693935309412723,16.35117329464946,0.10496568429551877
3,LiftOff_200,Gromozeka_rate,cross_drone,soft_thr,2.0,2.0,4,2353,23.624861001968384,2.23762205546403,19.756117082239534,0.13812154696132597
3,LiftOff_200,Gromozeka_rate,cross_drone,soft_thr,2.0,2.0,5,2443,24.526942014694214,1.487679202391348,16.266388765933904,0.1051985264019648
3,LiftOff_200,Gromozeka_rate,cross_drone,soft_thr,2.0,2.0,6,2345,23.54997706413269,1.695032985417356,15.23735769408579,0.10106609808102346
4,LiftOff_200,RedSheep_rate,cross_drone,soft_thr,2.0,2.0,3,2514,25.249022006988525,1.9390668815525096,15.058284323574489,0.10063643595863166
4,LiftOff_200,RedSheep_rate,cross_drone,soft_thr,2.0,2.0,4,2314,23.20598602294922,2.083250519442714,40.96305910978404,0.20138288677614521
4,LiftOff_200,RedSheep_rate,cross_drone,soft_thr,2.0,2.0,5,2252,22.615839958190918,1.596556413305855,10.154506957989312,0.03952042628774423
1,MadTrainer,Gromozeka_rate,same_drone,soft_thr,2.0,3.0,2,2466,24.773011922836304,1.4596035286825213,13.113433735303758,0.09448499594484996
1,MadTrainer,Gromozeka_rate,same_drone,soft_thr,2.0,3.0,3,2524,25.354163885116577,1.7776436905958626,19.53096412550022,0.12044374009508717
1,MadTrainer,Gromozeka_rate,same_drone,soft_thr,2.0,3.0,4,2443,24.53096318244934,1.1271966218439502,12.544351862531931,0.0757265656979124
2,MadTrainer,RedSheep_rate,same_drone,soft_thr,2.0,3.0,3,2509,25.217001914978027,1.8701568872781564,9.622132363688435,0.005978477481068154
2,MadTrainer,RedSheep_rate,same_drone,soft_thr,2.0,3.0,4,2597,26.059934854507446,1.7362248591870184,7.529324745523135,0.016557566422795534
2,MadTrainer,RedSheep_rate,same_drone,soft_thr,2.0,3.0,5,2477,24.85981011390686,1.505300985158442,12.912474451670057,0.07993540573274122
3,LiftOff_200,Gromozeka_rate,cross_drone,soft_thr,2.0,3.0,4,2353,23.624861001968384,1.7101444645650474,11.79960302948573,0.0832979175520612
3,LiftOff_200,Gromozeka_rate,cross_drone,soft_thr,2.0,3.0,5,2443,24.526942014694214,1.2825280466621223,16.865990474791644,0.10806385591485879
3,LiftOff_200,Gromozeka_rate,cross_drone,soft_thr,2.0,3.0,6,2345,23.54997706413269,1.5169705366961352,13.05020341793175,0.07547974413646055
4,LiftOff_200,RedSheep_rate,cross_drone,soft_thr,2.0,3.0,3,2514,25.249022006988525,1.874676214066092,12.706271418847615,0.08233890214797136
4,LiftOff_200,RedSheep_rate,cross_drone,soft_thr,2.0,3.0,4,2314,23.20598602294922,1.528602972742675,25.76299308488923,0.1313742437337943
4,LiftOff_200,RedSheep_rate,cross_drone,soft_thr,2.0,3.0,5,2252,22.615839958190918,1.415707540696559,6.951541860437534,0.008436944937833037
1,MadTrainer,Gromozeka_rate,same_drone,soft_thr,2.0,5.0,2,2466,24.773011922836304,1.5910260210089966,11.858714651372978,0.08029197080291971
1,MadTrainer,Gromozeka_rate,same_drone,soft_thr,2.0,5.0,3,2524,25.354163885116577,2.02505151425364,15.319608424955199,0.10301109350237718
1,MadTrainer,Gromozeka_rate,same_drone,soft_thr,2.0,5.0,4,2443,24.53096318244934,0.960621778723354,6.919617303597961,0.0
2,MadTrainer,RedSheep_rate,same_drone,soft_thr,2.0,5.0,3,2509,25.217001914978027,2.252482342560043,9.357463881204131,0.01514547628537266
2,MadTrainer,RedSheep_rate,same_drone,soft_thr,2.0,5.0,4,2597,26.059934854507446,1.5867043439531443,5.906776841719835,0.016557566422795534
2,MadTrainer,RedSheep_rate,same_drone,soft_thr,2.0,5.0,5,2477,24.85981011390686,1.9202563665692765,9.771920058092931,0.059749697214372226
3,LiftOff_200,Gromozeka_rate,cross_drone,soft_thr,2.0,5.0,4,2353,23.624861001968384,1.5152626552642232,11.17369074536234,0.07819804504887377
3,LiftOff_200,Gromozeka_rate,cross_drone,soft_thr,2.0,5.0,5,2443,24.526942014694214,1.2313447444872168,13.87737508097862,0.08718788374948834
3,LiftOff_200,Gromozeka_rate,cross_drone,soft_thr,2.0,5.0,6,2345,23.54997706413269,1.5531605784703402,10.013795561187548,0.02857142857142857
4,LiftOff_200,RedSheep_rate,cross_drone,soft_thr,2.0,5.0,3,2514,25.249022006988525,2.2477274694335847,7.960265030760244,0.009148766905330152
4,LiftOff_200,RedSheep_rate,cross_drone,soft_thr,2.0,5.0,4,2314,23.20598602294922,1.6525562445309276,23.554584514881974,0.1313742437337943
4,LiftOff_200,RedSheep_rate,cross_drone,soft_thr,2.0,5.0,5,2252,22.615839958190918,1.6926184292525903,6.796744669006969,0.021758436944937832
1,MadTrainer,Gromozeka_rate,same_drone,soft_thr,2.0,8.0,2,2466,24.773011922836304,1.376739805205042,8.561852725740806,0.02068126520681265
1,MadTrainer,Gromozeka_rate,same_drone,soft_thr,2.0,8.0,3,2524,25.354163885116577,1.825443202224438,10.069204273907287,0.023375594294770204
1,MadTrainer,Gromozeka_rate,same_drone,soft_thr,2.0,8.0,4,2443,24.53096318244934,0.9049784964441656,4.427919372117614,0.0
2,MadTrainer,RedSheep_rate,same_drone,soft_thr,2.0,8.0,3,2509,25.217001914978027,1.788120088188208,6.438849183259426,0.0027899561578318055
2,MadTrainer,RedSheep_rate,same_drone,soft_thr,2.0,8.0,4,2597,26.059934854507446,1.5341085517150361,6.362917042947518,0.022718521370812476
2,MadTrainer,RedSheep_rate,same_drone,soft_thr,2.0,8.0,5,2477,24.85981011390686,2.132822217604698,9.302942315843508,0.024626564392410174
3,LiftOff_200,Gromozeka_rate,cross_drone,soft_thr,2.0,8.0,4,2353,23.624861001968384,1.6869265535221984,8.673740947614725,0.030174245643858903
3,LiftOff_200,Gromozeka_rate,cross_drone,soft_thr,2.0,8.0,5,2443,24.526942014694214,1.2838137142584571,10.471642182259496,0.062218583708555056
3,LiftOff_200,Gromozeka_rate,cross_drone,soft_thr,2.0,8.0,6,2345,23.54997706413269,1.6075529650235936,7.246008494869062,0.0042643923240938165
4,LiftOff_200,RedSheep_rate,cross_drone,soft_thr,2.0,8.0,3,2514,25.249022006988525,2.245495111046072,7.4310635264846185,0.007955449482895784
4,LiftOff_200,RedSheep_rate,cross_drone,soft_thr,2.0,8.0,4,2314,23.20598602294922,2.0139635325660663,18.180838349865063,0.11797752808988764
4,LiftOff_200,RedSheep_rate,cross_drone,soft_thr,2.0,8.0,5,2252,22.615839958190918,1.6007493304945797,5.9607433369372504,0.0013321492007104796
1,MadTrainer,Gromozeka_rate,same_drone,soft_thr,2.5,1.0,2,2466,24.773011922836304,2.4181045381782127,14.278255687361394,0.09732360097323602
1,MadTrainer,Gromozeka_rate,same_drone,soft_thr,2.5,1.0,3,2524,25.354163885116577,3.1341710882049156,18.074764379333548,0.13074484944532488
1,MadTrainer,Gromozeka_rate,same_drone,soft_thr,2.5,1.0,4,2443,24.53096318244934,2.3755100959782,17.04024726704165,0.14285714285714285
2,MadTrainer,RedSheep_rate,same_drone,soft_thr,2.5,1.0,3,2509,25.217001914978027,2.925011800825075,17.09030066405213,0.11080111598246313
2,MadTrainer,RedSheep_rate,same_drone,soft_thr,2.5,1.0,4,2597,26.059934854507446,2.206652499203358,13.971992263880562,0.09433962264150944
2,MadTrainer,RedSheep_rate,same_drone,soft_thr,2.5,1.0,5,2477,24.85981011390686,2.001768446074294,13.600023375373329,0.08599111828825191
3,LiftOff_200,Gromozeka_rate,cross_drone,soft_thr,2.5,1.0,4,2353,23.624861001968384,2.7854312694530634,11.574268016162794,0.042923926901827454
3,LiftOff_200,Gromozeka_rate,cross_drone,soft_thr,2.5,1.0,5,2443,24.526942014694214,2.59153721910306,13.565869594978235,0.07613589848546869
3,LiftOff_200,Gromozeka_rate,cross_drone,soft_thr,2.5,1.0,6,2345,23.54997706413269,2.1121894766568587,12.747215688044852,0.053304904051172705
4,LiftOff_200,RedSheep_rate,cross_drone,soft_thr,2.5,1.0,3,2514,25.249022006988525,2.5436340434372653,16.40362156840069,0.10660302307080351
4,LiftOff_200,RedSheep_rate,cross_drone,soft_thr,2.5,1.0,4,2314,23.20598602294922,2.1436048991933987,12.487617182136605,0.07476231633535005
4,LiftOff_200,RedSheep_rate,cross_drone,soft_thr,2.5,1.0,5,2252,22.615839958190918,2.496079591863378,15.237674400203062,0.11145648312611012
1,MadTrainer,Gromozeka_rate,same_drone,soft_thr,2.5,2.0,2,2466,24.773011922836304,1.7544487668783688,12.711135755707218,0.0867802108678021
1,MadTrainer,Gromozeka_rate,same_drone,soft_thr,2.5,2.0,3,2524,25.354163885116577,2.0918198228231333,21.43252102454513,0.1347068145800317
1,MadTrainer,Gromozeka_rate,same_drone,soft_thr,2.5,2.0,4,2443,24.53096318244934,1.3853100586123688,14.006810142206136,0.09414654113794516
2,MadTrainer,RedSheep_rate,same_drone,soft_thr,2.5,2.0,3,2509,25.217001914978027,2.241621666854485,14.079508688467278,0.09804703068951774
2,MadTrainer,RedSheep_rate,same_drone,soft_thr,2.5,2.0,4,2597,26.059934854507446,1.838845542955582,13.837652213015957,0.09318444358875626
2,MadTrainer,RedSheep_rate,same_drone,soft_thr,2.5,2.0,5,2477,24.85981011390686,1.866764540099929,14.712506457174328,0.09971740008074284
3,LiftOff_200,Gromozeka_rate,cross_drone,soft_thr,2.5,2.0,4,2353,23.624861001968384,3.1846739956428536,28.492187298561472,0.14959626009349766
3,LiftOff_200,Gromozeka_rate,cross_drone,soft_thr,2.5,2.0,5,2443,24.526942014694214,1.5468575184901567,17.08240954154453,0.11174785100286533
3,LiftOff_200,Gromozeka_rate,cross_drone,soft_thr,2.5,2.0,6,2345,23.54997706413269,1.7079658669660276,16.508501079910356,0.10533049040511727
4,LiftOff_200,RedSheep_rate,cross_drone,soft_thr,2.5,2.0,3,2514,25.249022006988525,1.8839807056160822,17.06068320223118,0.1105807478122514
4,LiftOff_200,RedSheep_rate,cross_drone,soft_thr,2.5,2.0,4,2314,23.20598602294922,1.7286458979747863,24.59244879030108,0.1313742437337943
4,LiftOff_200,RedSheep_rate,cross_drone,soft_thr,2.5,2.0,5,2252,22.615839958190918,1.719038219850404,9.994756244274722,0.04884547069271759
1,MadTrainer,Gromozeka_rate,same_drone,soft_thr,2.5,3.0,2,2466,24.773011922836304,1.5480248896451627,12.097201617394646,0.08556366585563666
1,MadTrainer,Gromozeka_rate,same_drone,soft_thr,2.5,3.0,3,2524,25.354163885116577,1.84031428958005,17.607408076640954,0.1176703645007924
1,MadTrainer,Gromozeka_rate,same_drone,soft_thr,2.5,3.0,4,2443,24.53096318244934,1.3030965681027453,11.827591239004217,0.06467458043389275
2,MadTrainer,RedSheep_rate,same_drone,soft_thr,2.5,3.0,3,2509,25.217001914978027,2.0370105604549167,10.35394535111612,0.06098047030689518
2,MadTrainer,RedSheep_rate,same_drone,soft_thr,2.5,3.0,4,2597,26.059934854507446,1.5509482377928805,11.37193064661462,0.06507508663842895
2,MadTrainer,RedSheep_rate,same_drone,soft_thr,2.5,3.0,5,2477,24.85981011390686,1.8254288981275266,12.662745351596554,0.08720226079935406
3,LiftOff_200,Gromozeka_rate,cross_drone,soft_thr,2.5,3.0,4,2353,23.624861001968384,2.037193398676834,14.486564389808725,0.09689757756056099
3,LiftOff_200,Gromozeka_rate,cross_drone,soft_thr,2.5,3.0,5,2443,24.526942014694214,1.3449720166504733,13.322526157363269,0.08759721653704462
3,LiftOff_200,Gromozeka_rate,cross_drone,soft_thr,2.5,3.0,6,2345,23.54997706413269,1.5573489886162406,12.512189242391457,0.07718550106609808
4,LiftOff_200,RedSheep_rate,cross_drone,soft_thr,2.5,3.0,3,2514,25.249022006988525,1.9535300448007433,13.586504480406905,0.09268098647573587
4,LiftOff_200,RedSheep_rate,cross_drone,soft_thr,2.5,3.0,4,2314,23.20598602294922,1.7605344417426565,22.155104807734673,0.12834917891097666
4,LiftOff_200,RedSheep_rate,cross_drone,soft_thr,2.5,3.0,5,2252,22.615839958190918,1.554373027893714,7.934739296971785,0.009769094138543518
1,MadTrainer,Gromozeka_rate,same_drone,soft_thr,2.5,5.0,2,2466,24.773011922836304,1.5536371335324262,10.994434946308754,0.0746147607461476
1,MadTrainer,Gromozeka_rate,same_drone,soft_thr,2.5,5.0,3,2524,25.354163885116577,1.7336757769498945,15.72669450496603,0.10618066561014262
1,MadTrainer,Gromozeka_rate,same_drone,soft_thr,2.5,5.0,4,2443,24.53096318244934,1.1714450823812328,9.069787296824492,0.0
2,MadTrainer,RedSheep_rate,same_drone,soft_thr,2.5,5.0,3,2509,25.217001914978027,2.4043642434682084,9.459878514534166,0.0039856516540454365
2,MadTrainer,RedSheep_rate,same_drone,soft_thr,2.5,5.0,4,2597,26.059934854507446,1.850902994232797,9.163119393347671,0.016557566422795534
2,MadTrainer,RedSheep_rate,same_drone,soft_thr,2.5,5.0,5,2477,24.85981011390686,1.9942569223322266,9.876444586647159,0.0702462656439241
3,LiftOff_200,Gromozeka_rate,cross_drone,soft_thr,2.5,5.0,4,2353,23.624861001968384,1.866858654364023,11.070608161826902,0.0739481512962176
3,LiftOff_200,Gromozeka_rate,cross_drone,soft_thr,2.5,5.0,5,2443,24.526942014694214,1.3512413045513085,11.643120189368588,0.07531723291035612
3,LiftOff_200,Gromozeka_rate,cross_drone,soft_thr,2.5,5.0,6,2345,23.54997706413269,1.6904767940769787,11.668136432611679,0.06098081023454158
4,LiftOff_200,RedSheep_rate,cross_drone,soft_thr,2.5,5.0,3,2514,25.249022006988525,2.167874370469036,10.406837108158674,0.04494828957836118
4,LiftOff_200,RedSheep_rate,cross_drone,soft_thr,2.5,5.0,4,2314,23.20598602294922,1.801138811893523,20.541115890584635,0.1222990492653414
4,LiftOff_200,RedSheep_rate,cross_drone,soft_thr,2.5,5.0,5,2252,22.615839958190918,1.8169514973925338,6.774108296709529,0.008436944937833037
1,MadTrainer,Gromozeka_rate,same_drone,soft_thr,2.5,8.0,2,2466,24.773011922836304,1.5713112376925675,8.68220407501871,0.05393349553933496
1,MadTrainer,Gromozeka_rate,same_drone,soft_thr,2.5,8.0,3,2524,25.354163885116577,1.825804267723072,11.87986244364339,0.06893819334389857
1,MadTrainer,Gromozeka_rate,same_drone,soft_thr,2.5,8.0,4,2443,24.53096318244934,0.9745042342128585,6.489182894659449,0.0
2,MadTrainer,RedSheep_rate,same_drone,soft_thr,2.5,8.0,3,2509,25.217001914978027,2.4806723783023443,7.859184689795344,0.0027899561578318055
2,MadTrainer,RedSheep_rate,same_drone,soft_thr,2.5,8.0,4,2597,26.059934854507446,2.135122124436748,8.06177404477912,0.020023103581055062
2,MadTrainer,RedSheep_rate,same_drone,soft_thr,2.5,8.0,5,2477,24.85981011390686,2.074862687174374,9.877081349791238,0.03431570448122729
3,LiftOff_200,Gromozeka_rate,cross_drone,soft_thr,2.5,8.0,4,2353,23.624861001968384,1.9496281295597555,9.246066471606435,0.050148746281342964
3,LiftOff_200,Gromozeka_rate,cross_drone,soft_thr,2.5,8.0,5,2443,24.526942014694214,1.413816538778633,10.068250716690157,0.06303724928366762
3,LiftOff_200,Gromozeka_rate,cross_drone,soft_thr,2.5,8.0,6,2345,23.54997706413269,1.6268408257996612,8.69546084673294,0.022174840085287847
4,LiftOff_200,RedSheep_rate,cross_drone,soft_thr,2.5,8.0,3,2514,25.249022006988525,2.41666754344034,8.765481853481031,0.011137629276054098
4,LiftOff_200,RedSheep_rate,cross_drone,soft_thr,2.5,8.0,4,2314,23.20598602294922,2.0887290879125118,15.412461378990955,0.10414866032843562
4,LiftOff_200,RedSheep_rate,cross_drone,soft_thr,2.5,8.0,5,2252,22.615839958190918,1.8502728929025807,6.28914949188342,0.003552397868561279
1,MadTrainer,Gromozeka_rate,same_drone,soft_thr,3.0,1.0,2,2466,24.773011922836304,2.1753254932418002,10.317329254380823,0.00283860502838605
1,MadTrainer,Gromozeka_rate,same_drone,soft_thr,3.0,1.0,3,2524,25.354163885116577,2.902520868720977,23.234410007088037,0.1755150554675119
1,MadTrainer,Gromozeka_rate,same_drone,soft_thr,3.0,1.0,4,2443,24.53096318244934,2.2435022549302346,17.659685806870232,0.166189111747851
2,MadTrainer,RedSheep_rate,same_drone,soft_thr,3.0,1.0,3,2509,25.217001914978027,3.2637632503984264,16.59455489556199,0.10362694300518134
2,MadTrainer,RedSheep_rate,same_drone,soft_thr,3.0,1.0,4,2597,26.059934854507446,2.7201530556084776,17.84642135494209,0.12899499422410474
2,MadTrainer,RedSheep_rate,same_drone,soft_thr,3.0,1.0,5,2477,24.85981011390686,2.625613335116327,15.126647328439086,0.10294711344368188
3,LiftOff_200,Gromozeka_rate,cross_drone,soft_thr,3.0,1.0,4,2353,23.624861001968384,2.6682785025655846,11.774436660593325,0.055673608159796
3,LiftOff_200,Gromozeka_rate,cross_drone,soft_thr,3.0,1.0,5,2443,24.526942014694214,2.5897390345955955,10.952490073620037,0.013098649201801064
3,LiftOff_200,Gromozeka_rate,cross_drone,soft_thr,3.0,1.0,6,2345,23.54997706413269,2.2466122981912235,15.2243968080796,0.10405117270788912
4,LiftOff_200,RedSheep_rate,cross_drone,soft_thr,3.0,1.0,3,2514,25.249022006988525,2.5506100991907488,10.740380440399877,0.013126491646778043
4,LiftOff_200,RedSheep_rate,cross_drone,soft_thr,3.0,1.0,4,2314,23.20598602294922,2.359306505255468,15.851042990895397,0.10328435609334485
4,LiftOff_200,RedSheep_rate,cross_drone,soft_thr,3.0,1.0,5,2252,22.615839958190918,2.324888327209237,13.659060255012125,0.08436944937833037
1,MadTrainer,Gromozeka_rate,same_drone,soft_thr,3.0,2.0,2,2466,24.773011922836304,1.750354085414756,13.038354778669841,0.08840227088402271
1,MadTrainer,Gromozeka_rate,same_drone,soft_thr,3.0,2.0,3,2524,25.354163885116577,2.349428778130587,18.290561143497783,0.1152931854199683
1,MadTrainer,Gromozeka_rate,same_drone,soft_thr,3.0,2.0,4,2443,24.53096318244934,1.644404053901951,14.950142982106254,0.09987720016373311
2,MadTrainer,RedSheep_rate,same_drone,soft_thr,3.0,2.0,3,2509,25.217001914978027,2.367293820638764,16.812660863186387,0.10641689916301315
2,MadTrainer,RedSheep_rate,same_drone,soft_thr,3.0,2.0,4,2597,26.059934854507446,1.916923408634318,15.021395407892845,0.10011551790527531
2,MadTrainer,RedSheep_rate,same_drone,soft_thr,3.0,2.0,5,2477,24.85981011390686,1.936435961759173,15.123208606830472,0.10092854259184497
3,LiftOff_200,Gromozeka_rate,cross_drone,soft_thr,3.0,2.0,4,2353,23.624861001968384,3.3256596430793266,27.828156472247265,0.1504462388440289
3,LiftOff_200,Gromozeka_rate,cross_drone,soft_thr,3.0,2.0,5,2443,24.526942014694214,1.7762268061998014,16.657502245182776,0.1076545231273025
3,LiftOff_200,Gromozeka_rate,cross_drone,soft_thr,3.0,2.0,6,2345,23.54997706413269,1.8545675961153023,18.62757735787944,0.12622601279317697
4,LiftOff_200,RedSheep_rate,cross_drone,soft_thr,3.0,2.0,3,2514,25.249022006988525,2.5325796379183316,17.39677892266782,0.11256961018297534
4,LiftOff_200,RedSheep_rate,cross_drone,soft_thr,3.0,2.0,4,2314,23.20598602294922,2.047662950187746,21.66932488682706,0.12445980985306827
4,LiftOff_200,RedSheep_rate,cross_drone,soft_thr,3.0,2.0,5,2252,22.615839958190918,2.0333727367367764,12.358831485600835,0.03063943161634103
1,MadTrainer,Gromozeka_rate,same_drone,soft_thr,3.0,3.0,2,2466,24.773011922836304,1.4779044161515884,12.08952837015454,0.08150851581508516
1,MadTrainer,Gromozeka_rate,same_drone,soft_thr,3.0,3.0,3,2524,25.354163885116577,1.9302036254795496,15.433867190471826,0.10538827258320127
1,MadTrainer,Gromozeka_rate,same_drone,soft_thr,3.0,3.0,4,2443,24.53096318244934,1.351629573985349,12.578384689053637,0.07859189521080638
2,MadTrainer,RedSheep_rate,same_drone,soft_thr,3.0,3.0,3,2509,25.217001914978027,2.1693132263654036,10.951306243182433,0.05460342766042248
2,MadTrainer,RedSheep_rate,same_drone,soft_thr,3.0,3.0,4,2597,26.059934854507446,1.7169388380002601,14.242776076200677,0.09587986137851368
2,MadTrainer,RedSheep_rate,same_drone,soft_thr,3.0,3.0,5,2477,24.85981011390686,1.7341254369546846,13.380909412348643,0.09245054501413
3,LiftOff_200,Gromozeka_rate,cross_drone,soft_thr,3.0,3.0,4,2353,23.624861001968384,2.0516133017237053,16.08650124858579,0.10709732256693583
3,LiftOff_200,Gromozeka_rate,cross_drone,soft_thr,3.0,3.0,5,2443,24.526942014694214,1.7048692587287633,16.602435697995865,0.10724519033974621
3,LiftOff_200,Gromozeka_rate,cross_drone,soft_thr,3.0,3.0,6,2345,23.54997706413269,1.7058173458726031,14.361157256090351,0.09168443496801706
4,LiftOff_200,RedSheep_rate,cross_drone,soft_thr,3.0,3.0,3,2514,25.249022006988525,2.002825731581318,14.932380508023956,0.09984089101034209
4,LiftOff_200,RedSheep_rate,cross_drone,soft_thr,3.0,3.0,4,2314,23.20598602294922,1.9608030706504493,20.85993900262278,0.1240276577355229
4,LiftOff_200,RedSheep_rate,cross_drone,soft_thr,3.0,3.0,5,2252,22.615839958190918,1.6719063496322377,8.734180206754992,0.011989342806394316
1,MadTrainer,Gromozeka_rate,same_drone,soft_thr,3.0,5.0,2,2466,24.773011922836304,1.5149501060738828,10.339469354954524,0.06609894566098945
1,MadTrainer,Gromozeka_rate,same_drone,soft_thr,3.0,5.0,3,2524,25.354163885116577,1.73713562731524,14.64020027236296,0.09587955625990491
1,MadTrainer,Gromozeka_rate,same_drone,soft_thr,3.0,5.0,4,2443,24.53096318244934,1.2315701886667796,10.940114489803127,0.06794924273434302
2,MadTrainer,RedSheep_rate,same_drone,soft_thr,3.0,5.0,3,2509,25.217001914978027,2.8243542591534094,9.779831468885194,0.01514547628537266
2,MadTrainer,RedSheep_rate,same_drone,soft_thr,3.0,5.0,4,2597,26.059934854507446,1.9274392055918952,12.714336396664855,0.03889102810935695
2,MadTrainer,RedSheep_rate,same_drone,soft_thr,3.0,5.0,5,2477,24.85981011390686,2.0485227628687994,11.056484928216118,0.07509083568833266
3,LiftOff_200,Gromozeka_rate,cross_drone,soft_thr,3.0,5.0,4,2353,23.624861001968384,1.854297218633178,12.214721950445545,0.07819804504887377
3,LiftOff_200,Gromozeka_rate,cross_drone,soft_thr,3.0,5.0,5,2443,24.526942014694214,1.5828032256104052,11.148453737932229,0.07613589848546869
3,LiftOff_200,Gromozeka_rate,cross_drone,soft_thr,3.0,5.0,6,2345,23.54997706413269,1.7580718128390913,11.656565810049068,0.06524520255863539
4,LiftOff_200,RedSheep_rate,cross_drone,soft_thr,3.0,5.0,3,2514,25.249022006988525,2.3666174660979493,12.497851512057611,0.08353221957040573
4,LiftOff_200,RedSheep_rate,cross_drone,soft_thr,3.0,5.0,4,2314,23.20598602294922,2.181829702245338,17.673334849461792,0.1132238547968885
4,LiftOff_200,RedSheep_rate,cross_drone,soft_thr,3.0,5.0,5,2252,22.615839958190918,1.8933933896323083,7.7571526638614445,0.011101243339253997
1,MadTrainer,Gromozeka_rate,same_drone,soft_thr,3.0,8.0,2,2466,24.773011922836304,1.7063394031373917,9.281069105517041,0.059205190592051905
1,MadTrainer,Gromozeka_rate,same_drone,soft_thr,3.0,8.0,3,2524,25.354163885116577,1.933166111964173,11.026185528928536,0.06695721077654516
1,MadTrainer,Gromozeka_rate,same_drone,soft_thr,3.0,8.0,4,2443,24.53096318244934,1.2223419544551746,7.588027291262611,0.0
2,MadTrainer,RedSheep_rate,same_drone,soft_thr,3.0,8.0,3,2509,25.217001914978027,3.369438212231472,9.044664176363275,0.0027899561578318055
2,MadTrainer,RedSheep_rate,same_drone,soft_thr,3.0,8.0,4,2597,26.059934854507446,2.3438175940034114,8.243614714571647,0.023103581055063535
2,MadTrainer,RedSheep_rate,same_drone,soft_thr,3.0,8.0,5,2477,24.85981011390686,2.6509478056735247,9.834336631394503,0.03956398869600323
3,LiftOff_200,Gromozeka_rate,cross_drone,soft_thr,3.0,8.0,4,2353,23.624861001968384,2.0814068054171457,9.76689834946451,0.04929876753081173
3,LiftOff_200,Gromozeka_rate,cross_drone,soft_thr,3.0,8.0,5,2443,24.526942014694214,1.693617964259829,10.262120984898718,0.0659025787965616
3,LiftOff_200,Gromozeka_rate,cross_drone,soft_thr,3.0,8.0,6,2345,23.54997706413269,1.980447900455232,9.711024022536177,0.03667377398720682
4,LiftOff_200,RedSheep_rate,cross_drone,soft_thr,3.0,8.0,3,2514,25.249022006988525,2.6481849228573964,11.03037658015863,0.04733492442322991
4,LiftOff_200,RedSheep_rate,cross_drone,soft_thr,3.0,8.0,4,2314,23.20598602294922,2.471190634859667,15.005010308924554,0.10025929127052723
4,LiftOff_200,RedSheep_rate,cross_drone,soft_thr,3.0,8.0,5,2252,22.615839958190918,2.1330924930395057,7.286353948399148,0.011101243339253997
1,MadTrainer,Gromozeka_rate,same_drone,no_thr,0.5,1.0,2,2466,24.773011922836304,2.3560285131383125,55.30061643162946,0.20275750202757503
1,MadTrainer,Gromozeka_rate,same_drone,no_thr,0.5,1.0,3,2524,25.354163885116577,5.802629449614912,109.7392571969106,0.3787638668779715
1,MadTrainer,Gromozeka_rate,same_drone,no_thr,0.5,1.0,4,2443,24.53096318244934,0.5054787351277241,4.339886798452227,0.012689316414244782
2,MadTrainer,RedSheep_rate,same_drone,no_thr,0.5,1.0,3,2509,25.217001914978027,8.54510606411705,123.27345292656231,0.46113989637305697
2,MadTrainer,RedSheep_rate,same_drone,no_thr,0.5,1.0,4,2597,26.059934854507446,5.361704444648737,109.20183008261617,0.38582980361956104
2,MadTrainer,RedSheep_rate,same_drone,no_thr,0.5,1.0,5,2477,24.85981011390686,11.517806742165646,109.05138741596998,0.465482438433589
3,LiftOff_200,Gromozeka_rate,cross_drone,no_thr,0.5,1.0,4,2353,23.624861001968384,2.782849970517873,85.44937659369755,0.20739481512962177
3,LiftOff_200,Gromozeka_rate,cross_drone,no_thr,0.5,1.0,5,2443,24.526942014694214,4.411799431657386,100.65693509309389,0.3029062627916496
3,LiftOff_200,Gromozeka_rate,cross_drone,no_thr,0.5,1.0,6,2345,23.54997706413269,4.5003021458080354,111.28689382752921,0.302771855010661
4,LiftOff_200,RedSheep_rate,cross_drone,no_thr,0.5,1.0,3,2514,25.249022006988525,4.1223922017833985,87.04921807285078,0.3349244232299125
4,LiftOff_200,RedSheep_rate,cross_drone,no_thr,0.5,1.0,4,2314,23.20598602294922,4.937654991981683,115.20912777232567,0.3915298184961106
4,LiftOff_200,RedSheep_rate,cross_drone,no_thr,0.5,1.0,5,2252,22.615839958190918,7.024810087889918,129.4920059756361,0.42362344582593253
1,MadTrainer,Gromozeka_rate,same_drone,no_thr,0.5,2.0,2,2466,24.773011922836304,3.33765926608519,98.57244189077079,0.3146796431467964
1,MadTrainer,Gromozeka_rate,same_drone,no_thr,0.5,2.0,3,2524,25.354163885116577,2.783239004334021,103.57344927857001,0.2816957210776545
1,MadTrainer,Gromozeka_rate,same_drone,no_thr,0.5,2.0,4,2443,24.53096318244934,0.4986876728564198,2.9272752698399067,0.006549324600900532
2,MadTrainer,RedSheep_rate,same_drone,no_thr,0.5,2.0,3,2509,25.217001914978027,4.971889258307897,103.04775858145209,0.38461538461538464
2,MadTrainer,RedSheep_rate,same_drone,no_thr,0.5,2.0,4,2597,26.059934854507446,10.142847342320238,121.18079841995014,0.44435887562572196
2,MadTrainer,RedSheep_rate,same_drone,no_thr,0.5,2.0,5,2477,24.85981011390686,9.199890108425251,93.18397883259401,0.44448930157448524
3,LiftOff_200,Gromozeka_rate,cross_drone,no_thr,0.5,2.0,4,2353,23.624861001968384,2.9593140944121643,108.76401314068258,0.2681682957926052
3,LiftOff_200,Gromozeka_rate,cross_drone,no_thr,0.5,2.0,5,2443,24.526942014694214,2.7929206543428506,87.71583800795817,0.2762996316004912
3,LiftOff_200,Gromozeka_rate,cross_drone,no_thr,0.5,2.0,6,2345,23.54997706413269,3.6076945261612536,90.06972145235572,0.30149253731343284
4,LiftOff_200,RedSheep_rate,cross_drone,no_thr,0.5,2.0,3,2514,25.249022006988525,7.993522918547399,103.47432649217738,0.4399363564041368
4,LiftOff_200,RedSheep_rate,cross_drone,no_thr,0.5,2.0,4,2314,23.20598602294922,3.0962627744031153,95.88356272696747,0.26188418323249785
4,LiftOff_200,RedSheep_rate,cross_drone,no_thr,0.5,2.0,5,2252,22.615839958190918,9.903830229167085,109.56006178631483,0.43960923623445824
1,MadTrainer,Gromozeka_rate,same_drone,no_thr,0.5,3.0,2,2466,24.773011922836304,2.216389084295127,77.96879476443294,0.20316301703163017
1,MadTrainer,Gromozeka_rate,same_drone,no_thr,0.5,3.0,3,2524,25.354163885116577,3.392230876526288,109.59948215222101,0.29397781299524567
1,MadTrainer,Gromozeka_rate,same_drone,no_thr,0.5,3.0,4,2443,24.53096318244934,0.42854528082031607,2.297312492013299,0.0
2,MadTrainer,RedSheep_rate,same_drone,no_thr,0.5,3.0,3,2509,25.217001914978027,7.790177901841048,104.90386337299446,0.43324033479473895
2,MadTrainer,RedSheep_rate,same_drone,no_thr,0.5,3.0,4,2597,26.059934854507446,8.957013094002491,99.67877854700433,0.4066230265691182
2,MadTrainer,RedSheep_rate,same_drone,no_thr,0.5,3.0,5,2477,24.85981011390686,22.70286466595155,113.95671028710184,0.5490512716996366
3,LiftOff_200,Gromozeka_rate,cross_drone,no_thr,0.5,3.0,4,2353,23.624861001968384,2.6134928521157974,94.22585265870441,0.20739481512962177
3,LiftOff_200,Gromozeka_rate,cross_drone,no_thr,0.5,3.0,5,2443,24.526942014694214,2.6297731318987303,102.91307716258595,0.23986901350798198
3,LiftOff_200,Gromozeka_rate,cross_drone,no_thr,0.5,3.0,6,2345,23.54997706413269,3.2065865869180357,90.82951662206955,0.2823027718550107
4,LiftOff_200,RedSheep_rate,cross_drone,no_thr,0.5,3.0,3,2514,25.249022006988525,7.186821992734025,114.32354147097222,0.403739061256961
4,LiftOff_200,RedSheep_rate,cross_drone,no_thr,0.5,3.0,4,2314,23.20598602294922,3.9363160528375545,121.97106083177023,0.38504753673293
4,LiftOff_200,RedSheep_rate,cross_drone,no_thr,0.5,3.0,5,2252,22.615839958190918,6.688104344737894,114.40335593202937,0.44271758436944936
1,MadTrainer,Gromozeka_rate,same_drone,no_thr,0.5,5.0,2,2466,24.773011922836304,4.011450667872184,71.643490835049,0.32035685320356855
1,MadTrainer,Gromozeka_rate,same_drone,no_thr,0.5,5.0,3,2524,25.354163885116577,3.680579509761275,109.60448472194919,0.3161648177496038
1,MadTrainer,Gromozeka_rate,same_drone,no_thr,0.5,5.0,4,2443,24.53096318244934,0.4124318546311656,1.9029249193076698,0.0
2,MadTrainer,RedSheep_rate,same_drone,no_thr,0.5,5.0,3,2509,25.217001914978027,12.99388018032576,110.1601293658168,0.48266241530490234
2,MadTrainer,RedSheep_rate,same_drone,no_thr,0.5,5.0,4,2597,26.059934854507446,5.433518308491273,95.57975543081278,0.3700423565652676
2,MadTrainer,RedSheep_rate,same_drone,no_thr,0.5,5.0,5,2477,24.85981011390686,11.261784448992898,109.15779110507881,0.4557932983447719
3,LiftOff_200,Gromozeka_rate,cross_drone,no_thr,0.5,5.0,4,2353,23.624861001968384,2.5193063548752264,64.45246341197291,0.19889502762430938
3,LiftOff_200,Gromozeka_rate,cross_drone,no_thr,0.5,5.0,5,2443,24.526942014694214,2.155138130178237,43.515499060252445,0.17232910356119524
3,LiftOff_200,Gromozeka_rate,cross_drone,no_thr,0.5,5.0,6,2345,23.54997706413269,2.5332428773123183,81.29363477814714,0.20127931769722815
4,LiftOff_200,RedSheep_rate,cross_drone,no_thr,0.5,5.0,3,2514,25.249022006988525,6.637867330900522,119.93592536097549,0.3786793953858393
4,LiftOff_200,RedSheep_rate,cross_drone,no_thr,0.5,5.0,4,2314,23.20598602294922,2.4746225334135943,92.83962006214125,0.21996542783059636
4,LiftOff_200,RedSheep_rate,cross_drone,no_thr,0.5,5.0,5,2252,22.615839958190918,6.600679240465702,135.72951745618508,0.44893428063943164
1,MadTrainer,Gromozeka_rate,same_drone,no_thr,0.5,8.0,2,2466,24.773011922836304,2.8588934431002357,72.41245852876122,0.23438767234387672
1,MadTrainer,Gromozeka_rate,same_drone,no_thr,0.5,8.0,3,2524,25.354163885116577,4.0238776847974265,118.59185111523902,0.34270998415213944
1,MadTrainer,Gromozeka_rate,same_drone,no_thr,0.5,8.0,4,2443,24.53096318244934,0.4102356342506823,1.5390735877135977,0.0
2,MadTrainer,RedSheep_rate,same_drone,no_thr,0.5,8.0,3,2509,25.217001914978027,6.301878505949361,108.84802417017792,0.4172977281785572
2,MadTrainer,RedSheep_rate,same_drone,no_thr,0.5,8.0,4,2597,26.059934854507446,8.031775304685418,101.50665778867743,0.40623796688486713
2,MadTrainer,RedSheep_rate,same_drone,no_thr,0.5,8.0,5,2477,24.85981011390686,10.548002976058058,115.62434261132213,0.41945902301170773
3,LiftOff_200,Gromozeka_rate,cross_drone,no_thr,0.5,8.0,4,2353,23.624861001968384,2.1606182188477305,48.478790914204524,0.13982150446238845
3,LiftOff_200,Gromozeka_rate,cross_drone,no_thr,0.5,8.0,5,2443,24.526942014694214,2.2647600688796956,94.55532928694171,0.23659435120753172
3,LiftOff_200,Gromozeka_rate,cross_drone,no_thr,0.5,8.0,6,2345,23.54997706413269,3.7780851274912415,111.0685312653031,0.33091684434968016
4,LiftOff_200,RedSheep_rate,cross_drone,no_thr,0.5,8.0,3,2514,25.249022006988525,10.693196563430583,122.37290132453208,0.4383452665075577
4,LiftOff_200,RedSheep_rate,cross_drone,no_thr,0.5,8.0,4,2314,23.20598602294922,2.925946406358939,96.3794516812009,0.29213483146067415
4,LiftOff_200,RedSheep_rate,cross_drone,no_thr,0.5,8.0,5,2252,22.615839958190918,4.8109616738544645,109.58874971526963,0.3836589698046181
1,MadTrainer,Gromozeka_rate,same_drone,no_thr,1.0,1.0,2,2466,24.773011922836304,3.350590066813254,99.84606793314394,0.26277372262773724
1,MadTrainer,Gromozeka_rate,same_drone,no_thr,1.0,1.0,3,2524,25.354163885116577,2.584801811318961,51.92419310851557,0.15847860538827258
1,MadTrainer,Gromozeka_rate,same_drone,no_thr,1.0,1.0,4,2443,24.53096318244934,0.8296446247450149,6.712719776760254,0.014326647564469915
2,MadTrainer,RedSheep_rate,same_drone,no_thr,1.0,1.0,3,2509,25.217001914978027,5.53067854088124,110.55523073266453,0.29254683140693505
2,MadTrainer,RedSheep_rate,same_drone,no_thr,1.0,1.0,4,2597,26.059934854507446,2.6974007666047157,43.220668797852355,0.18213323065075088
2,MadTrainer,RedSheep_rate,same_drone,no_thr,1.0,1.0,5,2477,24.85981011390686,5.226743418710484,42.649330516152375,0.2947113443681873
3,LiftOff_200,Gromozeka_rate,cross_drone,no_thr,1.0,1.0,4,2353,23.624861001968384,2.5120281416094485,57.86113152718476,0.12197195070123247
3,LiftOff_200,Gromozeka_rate,cross_drone,no_thr,1.0,1.0,5,2443,24.526942014694214,1.7392695780996874,14.816486988606442,0.09946786737617683
3,LiftOff_200,Gromozeka_rate,cross_drone,no_thr,1.0,1.0,6,2345,23.54997706413269,3.739785604828654,89.58801160217949,0.25202558635394456
4,LiftOff_200,RedSheep_rate,cross_drone,no_thr,1.0,1.0,3,2514,25.249022006988525,3.27481603783675,21.658061776959837,0.1328560063643596
4,LiftOff_200,RedSheep_rate,cross_drone,no_thr,1.0,1.0,4,2314,23.20598602294922,2.28593464786762,32.72052296236741,0.18625756266205704
4,LiftOff_200,RedSheep_rate,cross_drone,no_thr,1.0,1.0,5,2252,22.615839958190918,4.777034190852234,57.61342923179322,0.23712255772646537
1,MadTrainer,Gromozeka_rate,same_drone,no_thr,1.0,2.0,2,2466,24.773011922836304,3.464014983830211,42.93759326438711,0.2818329278183293
1,MadTrainer,Gromozeka_rate,same_drone,no_thr,1.0,2.0,3,2524,25.354163885116577,4.001405751501991,61.414872277854634,0.27694136291600635
1,MadTrainer,Gromozeka_rate,same_drone,no_thr,1.0,2.0,4,2443,24.53096318244934,0.7263184630775186,4.705915562623261,0.011461318051575931
2,MadTrainer,RedSheep_rate,same_drone,no_thr,1.0,2.0,3,2509,25.217001914978027,4.839251272843768,90.68539818174895,0.27899561578318055
2,MadTrainer,RedSheep_rate,same_drone,no_thr,1.0,2.0,4,2597,26.059934854507446,2.58492071466803,51.38075597647329,0.17366191759722757
2,MadTrainer,RedSheep_rate,same_drone,no_thr,1.0,2.0,5,2477,24.85981011390686,5.663330415432597,60.583690591380176,0.2991522002422285
3,LiftOff_200,Gromozeka_rate,cross_drone,no_thr,1.0,2.0,4,2353,23.624861001968384,2.539780919307475,113.97747616230824,0.17169570760730982
3,LiftOff_200,Gromozeka_rate,cross_drone,no_thr,1.0,2.0,5,2443,24.526942014694214,1.576724756730961,10.853840997963898,0.06058125255832992
3,LiftOff_200,Gromozeka_rate,cross_drone,no_thr,1.0,2.0,6,2345,23.54997706413269,2.693978465143843,110.34601959385442,0.24776119402985075
4,LiftOff_200,RedSheep_rate,cross_drone,no_thr,1.0,2.0,3,2514,25.249022006988525,3.4696341077118262,62.242334254942605,0.15910898965791567
4,LiftOff_200,RedSheep_rate,cross_drone,no_thr,1.0,2.0,4,2314,23.20598602294922,1.5676337405412824,21.78700363671706,0.12662057044079517
4,LiftOff_200,RedSheep_rate,cross_drone,no_thr,1.0,2.0,5,2252,22.615839958190918,2.622644324211045,46.370637339225055,0.1447602131438721
1,MadTrainer,Gromozeka_rate,same_drone,no_thr,1.0,3.0,2,2466,24.773011922836304,2.6835486415716296,32.355784569802815,0.20965125709651258
1,MadTrainer,Gromozeka_rate,same_drone,no_thr,1.0,3.0,3,2524,25.354163885116577,3.113449084595903,25.07439144515904,0.1901743264659271
1,MadTrainer,Gromozeka_rate,same_drone,no_thr,1.0,3.0,4,2443,24.53096318244934,0.6686403757319326,3.8198822102173953,0.006958657388456815
2,MadTrainer,RedSheep_rate,same_drone,no_thr,1.0,3.0,3,2509,25.217001914978027,3.970068048743883,109.0600812387495,0.24352331606217617
2,MadTrainer,RedSheep_rate,same_drone,no_thr,1.0,3.0,4,2597,26.059934854507446,2.1112272928591267,30.532537987469482,0.1574894108586831
2,MadTrainer,RedSheep_rate,same_drone,no_thr,1.0,3.0,5,2477,24.85981011390686,4.116628497430611,39.27628699685031,0.21962050867985466
3,LiftOff_200,Gromozeka_rate,cross_drone,no_thr,1.0,3.0,4,2353,23.624861001968384,2.6566255317879666,29.43503693121216,0.1529961750956226
3,LiftOff_200,Gromozeka_rate,cross_drone,no_thr,1.0,3.0,5,2443,24.526942014694214,1.5558224765580562,10.688531817176097,0.058125255832992224
3,LiftOff_200,Gromozeka_rate,cross_drone,no_thr,1.0,3.0,6,2345,23.54997706413269,2.7358372979304306,61.91586826115823,0.20341151385927506
4,LiftOff_200,RedSheep_rate,cross_drone,no_thr,1.0,3.0,3,2514,25.249022006988525,2.2713910084491893,10.929536929957408,0.07279236276849642
4,LiftOff_200,RedSheep_rate,cross_drone,no_thr,1.0,3.0,4,2314,23.20598602294922,1.6739077068040586,11.115899502389883,0.056179775280898875
4,LiftOff_200,RedSheep_rate,cross_drone,no_thr,1.0,3.0,5,2252,22.615839958190918,2.941013663275754,67.15793242285365,0.1958259325044405
1,MadTrainer,Gromozeka_rate,same_drone,no_thr,1.0,5.0,2,2466,24.773011922836304,2.6068970626532764,34.684753358392584,0.24614760746147607
1,MadTrainer,Gromozeka_rate,same_drone,no_thr,1.0,5.0,3,2524,25.354163885116577,3.4068660138152964,44.52300942257908,0.17155309033280508
1,MadTrainer,Gromozeka_rate,same_drone,no_thr,1.0,5.0,4,2443,24.53096318244934,0.6331898841909549,2.7932459781505523,0.0
2,MadTrainer,RedSheep_rate,same_drone,no_thr,1.0,5.0,3,2509,25.217001914978027,6.557475807261618,110.85259875375971,0.4037465125548027
2,MadTrainer,RedSheep_rate,same_drone,no_thr,1.0,5.0,4,2597,26.059934854507446,2.2573533039652602,31.398899972404806,0.14978821717366192
2,MadTrainer,RedSheep_rate,same_drone,no_thr,1.0,5.0,5,2477,24.85981011390686,4.4715079678160095,40.24650744343759,0.21033508276140492
3,LiftOff_200,Gromozeka_rate,cross_drone,no_thr,1.0,5.0,4,2353,23.624861001968384,2.4965453273531466,10.484010681750334,0.07692307692307693
3,LiftOff_200,Gromozeka_rate,cross_drone,no_thr,1.0,5.0,5,2443,24.526942014694214,1.4445702657518424,6.296027964770811,0.02783462955382726
3,LiftOff_200,Gromozeka_rate,cross_drone,no_thr,1.0,5.0,6,2345,23.54997706413269,3.167928227045593,76.42137478409374,0.2025586353944563
4,LiftOff_200,RedSheep_rate,cross_drone,no_thr,1.0,5.0,3,2514,25.249022006988525,2.286781136254085,22.735700367777778,0.11933174224343675
4,LiftOff_200,RedSheep_rate,cross_drone,no_thr,1.0,5.0,4,2314,23.20598602294922,1.7870300912926496,14.245570365091048,0.09593777009507347
4,LiftOff_200,RedSheep_rate,cross_drone,no_thr,1.0,5.0,5,2252,22.615839958190918,2.460909632837051,39.64149516727214,0.13898756660746003
1,MadTrainer,Gromozeka_rate,same_drone,no_thr,1.0,8.0,2,2466,24.773011922836304,2.0339724583796723,16.988373287155703,0.10786699107866991
1,MadTrainer,Gromozeka_rate,same_drone,no_thr,1.0,8.0,3,2524,25.354163885116577,2.497249868913592,23.118321387161203,0.13985736925515055
1,MadTrainer,Gromozeka_rate,same_drone,no_thr,1.0,8.0,4,2443,24.53096318244934,0.575113247286879,2.485567946431751,0.0
2,MadTrainer,RedSheep_rate,same_drone,no_thr,1.0,8.0,3,2509,25.217001914978027,4.648553141524843,93.90147134190128,0.2897568752491032
2,MadTrainer,RedSheep_rate,same_drone,no_thr,1.0,8.0,4,2597,26.059934854507446,1.9823776466692635,80.26142845100685,0.18482864844050828
2,MadTrainer,RedSheep_rate,same_drone,no_thr,1.0,8.0,5,2477,24.85981011390686,5.026794950771645,33.32475900822966,0.19539765845781187
3,LiftOff_200,Gromozeka_rate,cross_drone,no_thr,1.0,8.0,4,2353,23.624861001968384,1.878217877433542,9.089372192842056,0.05482362940926477
3,LiftOff_200,Gromozeka_rate,cross_drone,no_thr,1.0,8.0,5,2443,24.526942014694214,1.41367105563657,5.741411389797864,0.024150634465820713
3,LiftOff_200,Gromozeka_rate,cross_drone,no_thr,1.0,8.0,6,2345,23.54997706413269,2.9922032893254453,97.82851384307695,0.2187633262260128
4,LiftOff_200,RedSheep_rate,cross_drone,no_thr,1.0,8.0,3,2514,25.249022006988525,2.2270230138171456,26.404090719115732,0.1284805091487669
4,LiftOff_200,RedSheep_rate,cross_drone,no_thr,1.0,8.0,4,2314,23.20598602294922,1.7887427462536607,13.370518277555474,0.06741573033707865
4,LiftOff_200,RedSheep_rate,cross_drone,no_thr,1.0,8.0,5,2252,22.615839958190918,2.375265434811851,40.136075535311946,0.14875666074600355
1,MadTrainer,Gromozeka_rate,same_drone,no_thr,1.5,1.0,2,2466,24.773011922836304,2.1695676264610313,104.3117489188072,0.19870235198702352
1,MadTrainer,Gromozeka_rate,same_drone,no_thr,1.5,1.0,3,2524,25.354163885116577,2.9977809319555178,16.917454929159252,0.10578446909667195
1,MadTrainer,Gromozeka_rate,same_drone,no_thr,1.5,1.0,4,2443,24.53096318244934,1.3486215707002032,11.000340789722825,0.04134261154318461
2,MadTrainer,RedSheep_rate,same_drone,no_thr,1.5,1.0,3,2509,25.217001914978027,5.275004305338086,43.39063992743097,0.282981267437226
2,MadTrainer,RedSheep_rate,same_drone,no_thr,1.5,1.0,4,2597,26.059934854507446,2.364903647538455,17.26084935324593,0.1274547554871005
2,MadTrainer,RedSheep_rate,same_drone,no_thr,1.5,1.0,5,2477,24.85981011390686,3.9624503143370475,117.80034372041635,0.24384335890189746
3,LiftOff_200,Gromozeka_rate,cross_drone,no_thr,1.5,1.0,4,2353,23.624861001968384,2.756577766852189,34.09856479059586,0.16872078198045048
3,LiftOff_200,Gromozeka_rate,cross_drone,no_thr,1.5,1.0,5,2443,24.526942014694214,1.743886825479727,8.787944054917592,0.0
3,LiftOff_200,Gromozeka_rate,cross_drone,no_thr,1.5,1.0,6,2345,23.54997706413269,5.83058620403375,109.13123476730442,0.2886993603411514
4,LiftOff_200,RedSheep_rate,cross_drone,no_thr,1.5,1.0,3,2514,25.249022006988525,2.8668779232493335,19.044460062298878,0.12251392203659507
4,LiftOff_200,RedSheep_rate,cross_drone,no_thr,1.5,1.0,4,2314,23.20598602294922,1.716053429486326,13.640072910923616,0.09464131374243734
4,LiftOff_200,RedSheep_rate,cross_drone,no_thr,1.5,1.0,5,2252,22.615839958190918,2.002918622308705,13.987699282551494,0.09547069271758436
1,MadTrainer,Gromozeka_rate,same_drone,no_thr,1.5,2.0,2,2466,24.773011922836304,1.9998138326996724,22.53574832790244,0.1281427412814274
1,MadTrainer,Gromozeka_rate,same_drone,no_thr,1.5,2.0,3,2524,25.354163885116577,2.4917830805472647,28.324057899374367,0.15134706814580032
1,MadTrainer,Gromozeka_rate,same_drone,no_thr,1.5,2.0,4,2443,24.53096318244934,1.059548717240034,11.0016900876062,0.032337290216946375
2,MadTrainer,RedSheep_rate,same_drone,no_thr,1.5,2.0,3,2509,25.217001914978027,4.093098506032732,36.31020689229113,0.21402949382223993
2,MadTrainer,RedSheep_rate,same_drone,no_thr,1.5,2.0,4,2597,26.059934854507446,2.3477425235905685,16.811941118055802,0.11782826338082403
2,MadTrainer,RedSheep_rate,same_drone,no_thr,1.5,2.0,5,2477,24.85981011390686,2.830378042096129,38.68359810440211,0.16794509487283005
3,LiftOff_200,Gromozeka_rate,cross_drone,no_thr,1.5,2.0,4,2353,23.624861001968384,3.603207295437066,63.772860222180704,0.20994475138121546
3,LiftOff_200,Gromozeka_rate,cross_drone,no_thr,1.5,2.0,5,2443,24.526942014694214,1.218043162077123,11.148051238774332,0.08063855914858781
3,LiftOff_200,Gromozeka_rate,cross_drone,no_thr,1.5,2.0,6,2345,23.54997706413269,2.6091841894565277,114.02212282511297,0.259275053304904
4,LiftOff_200,RedSheep_rate,cross_drone,no_thr,1.5,2.0,3,2514,25.249022006988525,2.316014067370517,8.952997426989693,0.016706443914081145
4,LiftOff_200,RedSheep_rate,cross_drone,no_thr,1.5,2.0,4,2314,23.20598602294922,1.6066983049791617,13.51134587551641,0.07519446845289542
4,LiftOff_200,RedSheep_rate,cross_drone,no_thr,1.5,2.0,5,2252,22.615839958190918,2.290005986135384,12.865011883877004,0.09014209591474245
1,MadTrainer,Gromozeka_rate,same_drone,no_thr,1.5,3.0,2,2466,24.773011922836304,2.217950242014499,34.445594711504214,0.19383617193836172
1,MadTrainer,Gromozeka_rate,same_drone,no_thr,1.5,3.0,3,2524,25.354163885116577,2.2894923788983625,21.553473238664584,0.13946117274167988
1,MadTrainer,Gromozeka_rate,same_drone,no_thr,1.5,3.0,4,2443,24.53096318244934,0.9616793357093627,7.897312246789279,0.003274662300450266
2,MadTrainer,RedSheep_rate,same_drone,no_thr,1.5,3.0,3,2509,25.217001914978027,3.392836447298265,31.37331113950482,0.20326823435631725
2,MadTrainer,RedSheep_rate,same_drone,no_thr,1.5,3.0,4,2597,26.059934854507446,2.269685620476878,10.492439814903914,0.05698883326915672
2,MadTrainer,RedSheep_rate,same_drone,no_thr,1.5,3.0,5,2477,24.85981011390686,3.2164710068909983,33.064601641155676,0.1606782398062172
3,LiftOff_200,Gromozeka_rate,cross_drone,no_thr,1.5,3.0,4,2353,23.624861001968384,2.014141918018751,16.654819022915802,0.11007224819379516
3,LiftOff_200,Gromozeka_rate,cross_drone,no_thr,1.5,3.0,5,2443,24.526942014694214,1.4034168441727388,12.969194046668267,0.09496520671305772
3,LiftOff_200,Gromozeka_rate,cross_drone,no_thr,1.5,3.0,6,2345,23.54997706413269,3.0327256540849135,67.30583588195114,0.2183368869936034
4,LiftOff_200,RedSheep_rate,cross_drone,no_thr,1.5,3.0,3,2514,25.249022006988525,2.4546585743022042,8.694491977380077,0.05489260143198091
4,LiftOff_200,RedSheep_rate,cross_drone,no_thr,1.5,3.0,4,2314,23.20598602294922,1.6148395878566788,9.718854919250576,0.033707865168539325
4,LiftOff_200,RedSheep_rate,cross_drone,no_thr,1.5,3.0,5,2252,22.615839958190918,1.9116996663946217,7.76933130105916,0.03907637655417407
1,MadTrainer,Gromozeka_rate,same_drone,no_thr,1.5,5.0,2,2466,24.773011922836304,1.8994664189782497,18.7384001078495,0.1151662611516626
1,MadTrainer,Gromozeka_rate,same_drone,no_thr,1.5,5.0,3,2524,25.354163885116577,2.614778910544878,12.58793587347992,0.061806656101426306
1,MadTrainer,Gromozeka_rate,same_drone,no_thr,1.5,5.0,4,2443,24.53096318244934,0.8054722051201963,4.207365114459839,0.0
2,MadTrainer,RedSheep_rate,same_drone,no_thr,1.5,5.0,3,2509,25.217001914978027,4.025472515241887,54.65798759390764,0.2291749701076126
2,MadTrainer,RedSheep_rate,same_drone,no_thr,1.5,5.0,4,2597,26.059934854507446,1.7995362166841424,7.145765411647261,0.02464381979206777
2,MadTrainer,RedSheep_rate,same_drone,no_thr,1.5,5.0,5,2477,24.85981011390686,2.8495472428422133,19.033159613563924,0.11546225272507064
3,LiftOff_200,Gromozeka_rate,cross_drone,no_thr,1.5,5.0,4,2353,23.624861001968384,2.028293549518935,10.581680166133536,0.016574585635359115
3,LiftOff_200,Gromozeka_rate,cross_drone,no_thr,1.5,5.0,5,2443,24.526942014694214,1.6411523703350213,8.823553909988851,0.044617273843634876
3,LiftOff_200,Gromozeka_rate,cross_drone,no_thr,1.5,5.0,6,2345,23.54997706413269,2.565771268174551,51.08795081330231,0.14456289978678039
4,LiftOff_200,RedSheep_rate,cross_drone,no_thr,1.5,5.0,3,2514,25.249022006988525,2.4061858582402635,9.21769756013635,0.05449482895783612
4,LiftOff_200,RedSheep_rate,cross_drone,no_thr,1.5,5.0,4,2314,23.20598602294922,1.686865669806707,8.333387859452936,0.021175453759723423
4,LiftOff_200,RedSheep_rate,cross_drone,no_thr,1.5,5.0,5,2252,22.615839958190918,1.8809100108787753,10.029594426707813,0.0652753108348135
1,MadTrainer,Gromozeka_rate,same_drone,no_thr,1.5,8.0,2,2466,24.773011922836304,2.1087991697543345,14.28087648621765,0.0948905109489051
1,MadTrainer,Gromozeka_rate,same_drone,no_thr,1.5,8.0,3,2524,25.354163885116577,2.760052413544628,7.9805918306178345,0.04397781299524564
1,MadTrainer,Gromozeka_rate,same_drone,no_thr,1.5,8.0,4,2443,24.53096318244934,0.7396056253255097,3.2765321429032257,0.0
2,MadTrainer,RedSheep_rate,same_drone,no_thr,1.5,8.0,3,2509,25.217001914978027,2.212751910239689,26.967508456559003,0.17218015145476284
2,MadTrainer,RedSheep_rate,same_drone,no_thr,1.5,8.0,4,2597,26.059934854507446,1.5015458814901734,8.007824980308378,0.04120138621486331
2,MadTrainer,RedSheep_rate,same_drone,no_thr,1.5,8.0,5,2477,24.85981011390686,3.335752386650455,18.651821566359263,0.12716996366572467
3,LiftOff_200,Gromozeka_rate,cross_drone,no_thr,1.5,8.0,4,2353,23.624861001968384,2.0416139570889413,9.04098707183733,0.026774330641733957
3,LiftOff_200,Gromozeka_rate,cross_drone,no_thr,1.5,8.0,5,2443,24.526942014694214,1.6136352885552583,5.596739284644867,0.0
3,LiftOff_200,Gromozeka_rate,cross_drone,no_thr,1.5,8.0,6,2345,23.54997706413269,2.3539849483759383,60.167952184743875,0.15437100213219615
4,LiftOff_200,RedSheep_rate,cross_drone,no_thr,1.5,8.0,3,2514,25.249022006988525,2.1910446526500422,7.543267064569737,0.060461416070007955
4,LiftOff_200,RedSheep_rate,cross_drone,no_thr,1.5,8.0,4,2314,23.20598602294922,1.7232301333651776,7.652146564387624,0.010371650821089023
4,LiftOff_200,RedSheep_rate,cross_drone,no_thr,1.5,8.0,5,2252,22.615839958190918,1.9105587168385725,8.305419976013518,0.02264653641207815
1,MadTrainer,Gromozeka_rate,same_drone,no_thr,2.0,1.0,2,2466,24.773011922836304,1.6141593715313292,7.744381547075742,0.0
1,MadTrainer,Gromozeka_rate,same_drone,no_thr,2.0,1.0,3,2524,25.354163885116577,2.438083653180911,39.4456968031774,0.19770206022187004
1,MadTrainer,Gromozeka_rate,same_drone,no_thr,2.0,1.0,4,2443,24.53096318244934,1.5232506634307583,17.213735688008498,0.11952517396643471
2,MadTrainer,RedSheep_rate,same_drone,no_thr,2.0,1.0,3,2509,25.217001914978027,3.406002771695171,22.332558928036043,0.13033080908728578
2,MadTrainer,RedSheep_rate,same_drone,no_thr,2.0,1.0,4,2597,26.059934854507446,2.725674363433299,20.588463229464146,0.14516750096264922
2,MadTrainer,RedSheep_rate,same_drone,no_thr,2.0,1.0,5,2477,24.85981011390686,2.999391806394385,23.081163749479167,0.12515139281388776
3,LiftOff_200,Gromozeka_rate,cross_drone,no_thr,2.0,1.0,4,2353,23.624861001968384,2.771285433931155,8.42683395648194,0.011899702507437314
3,LiftOff_200,Gromozeka_rate,cross_drone,no_thr,2.0,1.0,5,2443,24.526942014694214,2.3496618839060943,13.299070681009601,0.0659025787965616
3,LiftOff_200,Gromozeka_rate,cross_drone,no_thr,2.0,1.0,6,2345,23.54997706413269,1.5952389190260874,12.824839981474787,0.039232409381663114
4,LiftOff_200,RedSheep_rate,cross_drone,no_thr,2.0,1.0,3,2514,25.249022006988525,2.2435057988168836,11.535781544557272,0.08035003977724742
4,LiftOff_200,RedSheep_rate,cross_drone,no_thr,2.0,1.0,4,2314,23.20598602294922,1.6257188094121986,12.951143169725032,0.07433016421780467
4,LiftOff_200,RedSheep_rate,cross_drone,no_thr,2.0,1.0,5,2252,22.615839958190918,2.0297210755679487,11.80545851027715,0.052397868561278864
1,MadTrainer,Gromozeka_rate,same_drone,no_thr,2.0,2.0,2,2466,24.773011922836304,1.465387358181573,12.669671321662562,0.09367396593673966
1,MadTrainer,Gromozeka_rate,same_drone,no_thr,2.0,2.0,3,2524,25.354163885116577,2.4105305152751555,26.481189560269623,0.15015847860538828
1,MadTrainer,Gromozeka_rate,same_drone,no_thr,2.0,2.0,4,2443,24.53096318244934,1.2483548206528354,18.872302581182126,0.11911584117887843
2,MadTrainer,RedSheep_rate,same_drone,no_thr,2.0,2.0,3,2509,25.217001914978027,2.690427607462084,18.83271886988203,0.12754085292945397
2,MadTrainer,RedSheep_rate,same_drone,no_thr,2.0,2.0,4,2597,26.059934854507446,2.085007660294707,13.37890827707607,0.08047747400847131
2,MadTrainer,RedSheep_rate,same_drone,no_thr,2.0,2.0,5,2477,24.85981011390686,2.351599729137405,34.536059142366625,0.14735567218409365
3,LiftOff_200,Gromozeka_rate,cross_drone,no_thr,2.0,2.0,4,2353,23.624861001968384,2.6290176640655005,35.451301048282055,0.1963450913727157
3,LiftOff_200,Gromozeka_rate,cross_drone,no_thr,2.0,2.0,5,2443,24.526942014694214,1.6440560368761936,13.130651110781011,0.09250920998772001
3,LiftOff_200,Gromozeka_rate,cross_drone,no_thr,2.0,2.0,6,2345,23.54997706413269,1.950854172611514,14.123661024667458,0.08656716417910448
4,LiftOff_200,RedSheep_rate,cross_drone,no_thr,2.0,2.0,3,2514,25.249022006988525,1.9140968732659331,12.454438637246483,0.08392999204455051
4,LiftOff_200,RedSheep_rate,cross_drone,no_thr,2.0,2.0,4,2314,23.20598602294922,1.706196897381524,15.199150042287615,0.10198789974070872
4,LiftOff_200,RedSheep_rate,cross_drone,no_thr,2.0,2.0,5,2252,22.615839958190918,1.9291594482365753,9.027823189450931,0.027531083481349913
1,MadTrainer,Gromozeka_rate,same_drone,no_thr,2.0,3.0,2,2466,24.773011922836304,1.3859174019432459,12.379703382548428,0.09205190592051905
1,MadTrainer,Gromozeka_rate,same_drone,no_thr,2.0,3.0,3,2524,25.354163885116577,2.2572165531143042,19.406305076729854,0.12836767036450078
1,MadTrainer,Gromozeka_rate,same_drone,no_thr,2.0,3.0,4,2443,24.53096318244934,1.1225673080025445,12.002502728077626,0.051985264019647974
2,MadTrainer,RedSheep_rate,same_drone,no_thr,2.0,3.0,3,2509,25.217001914978027,6.788930562339061,30.043007706169472,0.23435631725787165
2,MadTrainer,RedSheep_rate,same_drone,no_thr,2.0,3.0,4,2597,26.059934854507446,1.9002589156539926,11.778374309005567,0.06199460916442048
2,MadTrainer,RedSheep_rate,same_drone,no_thr,2.0,3.0,5,2477,24.85981011390686,2.1513397935716085,18.046840776891877,0.11182882519176424
3,LiftOff_200,Gromozeka_rate,cross_drone,no_thr,2.0,3.0,4,2353,23.624861001968384,2.014336906690687,15.17273127153453,0.10157246068848279
3,LiftOff_200,Gromozeka_rate,cross_drone,no_thr,2.0,3.0,5,2443,24.526942014694214,1.503446601365141,12.464161346676336,0.08391322144903807
3,LiftOff_200,Gromozeka_rate,cross_drone,no_thr,2.0,3.0,6,2345,23.54997706413269,1.8160114283633533,9.627561542489495,0.003411513859275053
4,LiftOff_200,RedSheep_rate,cross_drone,no_thr,2.0,3.0,3,2514,25.249022006988525,1.8173335395892352,9.395824336194725,0.012330946698488464
4,LiftOff_200,RedSheep_rate,cross_drone,no_thr,2.0,3.0,4,2314,23.20598602294922,1.7541362576671133,10.256730535795716,0.049265341400172864
4,LiftOff_200,RedSheep_rate,cross_drone,no_thr,2.0,3.0,5,2252,22.615839958190918,1.9496129450016184,7.259980772261064,0.007548845470692718
1,MadTrainer,Gromozeka_rate,same_drone,no_thr,2.0,5.0,2,2466,24.773011922836304,1.750512467769962,10.393563170879077,0.07177615571776155
1,MadTrainer,Gromozeka_rate,same_drone,no_thr,2.0,5.0,3,2524,25.354163885116577,2.078297170754662,14.71126844294475,0.0938985736925515
1,MadTrainer,Gromozeka_rate,same_drone,no_thr,2.0,5.0,4,2443,24.53096318244934,1.1541475501737466,7.6550354637838725,0.0
2,MadTrainer,RedSheep_rate,same_drone,no_thr,2.0,5.0,3,2509,25.217001914978027,2.3461770802546766,8.709858444210077,0.022319649262654444
2,MadTrainer,RedSheep_rate,same_drone,no_thr,2.0,5.0,4,2597,26.059934854507446,1.959141468918986,8.84468845150247,0.016557566422795534
2,MadTrainer,RedSheep_rate,same_drone,no_thr,2.0,5.0,5,2477,24.85981011390686,2.583807213961677,16.89082215942943,0.10981025433992733
3,LiftOff_200,Gromozeka_rate,cross_drone,no_thr,2.0,5.0,4,2353,23.624861001968384,1.6699856782906295,11.143586021969693,0.06969825754356142
3,LiftOff_200,Gromozeka_rate,cross_drone,no_thr,2.0,5.0,5,2443,24.526942014694214,1.9593347586076106,10.361810074711233,0.053622595169873104
3,LiftOff_200,Gromozeka_rate,cross_drone,no_thr,2.0,5.0,6,2345,23.54997706413269,2.5316683812540504,9.042571943565706,0.014498933901918977
4,LiftOff_200,RedSheep_rate,cross_drone,no_thr,2.0,5.0,3,2514,25.249022006988525,2.0529232394712373,6.497719896503781,0.010739856801909307
4,LiftOff_200,RedSheep_rate,cross_drone,no_thr,2.0,5.0,4,2314,23.20598602294922,1.6703762714993502,8.016245551862045,0.006914433880726016
4,LiftOff_200,RedSheep_rate,cross_drone,no_thr,2.0,5.0,5,2252,22.615839958190918,1.9132932391491977,7.165192963297347,0.0053285968028419185
1,MadTrainer,Gromozeka_rate,same_drone,no_thr,2.0,8.0,2,2466,24.773011922836304,1.8950992313320683,8.52252495157909,0.049878345498783457
1,MadTrainer,Gromozeka_rate,same_drone,no_thr,2.0,8.0,3,2524,25.354163885116577,2.2724697146624173,10.426697388038141,0.00832012678288431
1,MadTrainer,Gromozeka_rate,same_drone,no_thr,2.0,8.0,4,2443,24.53096318244934,0.9805703846734559,5.326541201586083,0.0
2,MadTrainer,RedSheep_rate,same_drone,no_thr,2.0,8.0,3,2509,25.217001914978027,2.4821187965696367,9.032680791869465,0.02869669190912714
2,MadTrainer,RedSheep_rate,same_drone,no_thr,2.0,8.0,4,2597,26.059934854507446,1.9546308364466825,6.823515835444549,0.016557566422795534
2,MadTrainer,RedSheep_rate,same_drone,no_thr,2.0,8.0,5,2477,24.85981011390686,2.6996242228986347,12.575037947247578,0.09002825999192572
3,LiftOff_200,Gromozeka_rate,cross_drone,no_thr,2.0,8.0,4,2353,23.624861001968384,2.038423308377702,10.497985032004024,0.02889927751806205
3,LiftOff_200,Gromozeka_rate,cross_drone,no_thr,2.0,8.0,5,2443,24.526942014694214,1.969600369726379,7.0205897752052175,0.020875972165370446
3,LiftOff_200,Gromozeka_rate,cross_drone,no_thr,2.0,8.0,6,2345,23.54997706413269,2.1915175810560186,6.853287024003645,0.0
4,LiftOff_200,RedSheep_rate,cross_drone,no_thr,2.0,8.0,3,2514,25.249022006988525,2.193545107477032,7.209704466172855,0.01392203659506762
4,LiftOff_200,RedSheep_rate,cross_drone,no_thr,2.0,8.0,4,2314,23.20598602294922,1.9378494829607966,7.891904491504597,0.006914433880726016
4,LiftOff_200,RedSheep_rate,cross_drone,no_thr,2.0,8.0,5,2252,22.615839958190918,1.8862103354387187,7.480854465712813,0.003552397868561279
1,MadTrainer,Gromozeka_rate,same_drone,no_thr,2.5,1.0,2,2466,24.773011922836304,1.9187947143568422,9.242160788711718,0.023519870235198703
1,MadTrainer,Gromozeka_rate,same_drone,no_thr,2.5,1.0,3,2524,25.354163885116577,2.96838398635046,17.424836232886985,0.15015847860538828
1,MadTrainer,Gromozeka_rate,same_drone,no_thr,2.5,1.0,4,2443,24.53096318244934,1.4482984406086246,17.98098468328719,0.13835448219402374
2,MadTrainer,RedSheep_rate,same_drone,no_thr,2.5,1.0,3,2509,25.217001914978027,3.087702735120052,23.901294888755675,0.13591072140294938
2,MadTrainer,RedSheep_rate,same_drone,no_thr,2.5,1.0,4,2597,26.059934854507446,2.9462550988303633,18.93416696030818,0.11590296495956873
2,MadTrainer,RedSheep_rate,same_drone,no_thr,2.5,1.0,5,2477,24.85981011390686,3.9867672272827654,38.25386663996744,0.1723859507468712
3,LiftOff_200,Gromozeka_rate,cross_drone,no_thr,2.5,1.0,4,2353,23.624861001968384,2.6655362959454294,9.491935431528042,0.011899702507437314
3,LiftOff_200,Gromozeka_rate,cross_drone,no_thr,2.5,1.0,5,2443,24.526942014694214,2.1622730438688933,14.809168092269763,0.09742120343839542
3,LiftOff_200,Gromozeka_rate,cross_drone,no_thr,2.5,1.0,6,2345,23.54997706413269,1.7415950029003966,12.91656045019173,0.05543710021321962
4,LiftOff_200,RedSheep_rate,cross_drone,no_thr,2.5,1.0,3,2514,25.249022006988525,2.6060559308260096,11.486641522212633,0.05847255369928401
4,LiftOff_200,RedSheep_rate,cross_drone,no_thr,2.5,1.0,4,2314,23.20598602294922,2.310930725112655,14.270473990144673,0.08297320656871218
4,LiftOff_200,RedSheep_rate,cross_drone,no_thr,2.5,1.0,5,2252,22.615839958190918,2.185270643064925,13.12129904308764,0.058170515097690945
1,MadTrainer,Gromozeka_rate,same_drone,no_thr,2.5,2.0,2,2466,24.773011922836304,1.4529610748792692,12.551844422049555,0.08596918085969181
1,MadTrainer,Gromozeka_rate,same_drone,no_thr,2.5,2.0,3,2524,25.354163885116577,2.35694632859898,25.9298424594027,0.14778129952456417
1,MadTrainer,Gromozeka_rate,same_drone,no_thr,2.5,2.0,4,2443,24.53096318244934,1.6073485352378896,16.709898119035486,0.1223905034793287
2,MadTrainer,RedSheep_rate,same_drone,no_thr,2.5,2.0,3,2509,25.217001914978027,2.440148136161014,16.33727792728988,0.10761259465922679
2,MadTrainer,RedSheep_rate,same_drone,no_thr,2.5,2.0,4,2597,26.059934854507446,1.755586618736345,15.245615603669782,0.10165575664227955
2,MadTrainer,RedSheep_rate,same_drone,no_thr,2.5,2.0,5,2477,24.85981011390686,2.3676834166039384,21.47465135477382,0.12716996366572467
3,LiftOff_200,Gromozeka_rate,cross_drone,no_thr,2.5,2.0,4,2353,23.624861001968384,2.532483451989961,19.95622522610732,0.1342966425839354
3,LiftOff_200,Gromozeka_rate,cross_drone,no_thr,2.5,2.0,5,2443,24.526942014694214,1.7941652032701896,14.535149210070886,0.095374539500614
3,LiftOff_200,Gromozeka_rate,cross_drone,no_thr,2.5,2.0,6,2345,23.54997706413269,1.4899704343355893,14.691284867534298,0.09466950959488273
4,LiftOff_200,RedSheep_rate,cross_drone,no_thr,2.5,2.0,3,2514,25.249022006988525,1.8999867177594751,15.0217410344957,0.10023866348448687
4,LiftOff_200,RedSheep_rate,cross_drone,no_thr,2.5,2.0,4,2314,23.20598602294922,1.725937765170812,15.474880816354329,0.10328435609334485
4,LiftOff_200,RedSheep_rate,cross_drone,no_thr,2.5,2.0,5,2252,22.615839958190918,1.6476420054798524,9.75226842539482,0.011545293072824156
1,MadTrainer,Gromozeka_rate,same_drone,no_thr,2.5,3.0,2,2466,24.773011922836304,1.4239034840772824,11.738510778717277,0.08556366585563666
1,MadTrainer,Gromozeka_rate,same_drone,no_thr,2.5,3.0,3,2524,25.354163885116577,2.0828070860972616,19.371664500605803,0.1240095087163233
1,MadTrainer,Gromozeka_rate,same_drone,no_thr,2.5,3.0,4,2443,24.53096318244934,1.2443270753828273,12.944133217223381,0.07981989357347523
2,MadTrainer,RedSheep_rate,same_drone,no_thr,2.5,3.0,3,2509,25.217001914978027,2.4694081021682734,11.890681339084267,0.06217616580310881
2,MadTrainer,RedSheep_rate,same_drone,no_thr,2.5,3.0,4,2597,26.059934854507446,1.6260874875068296,14.701328743777273,0.09587986137851368
2,MadTrainer,RedSheep_rate,same_drone,no_thr,2.5,3.0,5,2477,24.85981011390686,1.9461673299649362,17.514974979041984,0.10859911182882519
3,LiftOff_200,Gromozeka_rate,cross_drone,no_thr,2.5,3.0,4,2353,23.624861001968384,2.375047533754582,24.832546421234838,0.16744581385465362
3,LiftOff_200,Gromozeka_rate,cross_drone,no_thr,2.5,3.0,5,2443,24.526942014694214,1.62512234154471,12.208231122588181,0.08350388866148178
3,LiftOff_200,Gromozeka_rate,cross_drone,no_thr,2.5,3.0,6,2345,23.54997706413269,1.544940365979997,13.132730415392839,0.07761194029850746
4,LiftOff_200,RedSheep_rate,cross_drone,no_thr,2.5,3.0,3,2514,25.249022006988525,2.1442777771409283,12.226958032007353,0.05926809864757359
4,LiftOff_200,RedSheep_rate,cross_drone,no_thr,2.5,3.0,4,2314,23.20598602294922,1.646762848105901,12.780453897538528,0.06871218668971478
4,LiftOff_200,RedSheep_rate,cross_drone,no_thr,2.5,3.0,5,2252,22.615839958190918,1.7802855083980376,8.094878885425597,0.010213143872113677
1,MadTrainer,Gromozeka_rate,same_drone,no_thr,2.5,5.0,2,2466,24.773011922836304,1.4995623650723644,10.280417577312395,0.0689375506893755
1,MadTrainer,Gromozeka_rate,same_drone,no_thr,2.5,5.0,3,2524,25.354163885116577,2.121282290537607,15.389852948470542,0.10697305863708399
1,MadTrainer,Gromozeka_rate,same_drone,no_thr,2.5,5.0,4,2443,24.53096318244934,1.1452837343004632,11.062390078518272,0.06303724928366762
2,MadTrainer,RedSheep_rate,same_drone,no_thr,2.5,5.0,3,2509,25.217001914978027,2.4185097225446555,10.423153454818355,0.017138302112395375
2,MadTrainer,RedSheep_rate,same_drone,no_thr,2.5,5.0,4,2597,26.059934854507446,1.8254383797312528,11.622944473632641,0.016557566422795534
2,MadTrainer,RedSheep_rate,same_drone,no_thr,2.5,5.0,5,2477,24.85981011390686,2.14585074477489,14.12655676584234,0.09648768671780379
3,LiftOff_200,Gromozeka_rate,cross_drone,no_thr,2.5,5.0,4,2353,23.624861001968384,1.7662555349456852,15.518176575778329,0.10539736506587336
3,LiftOff_200,Gromozeka_rate,cross_drone,no_thr,2.5,5.0,5,2443,24.526942014694214,1.8861073031520732,10.467242123810617,0.06426524764633647
3,LiftOff_200,Gromozeka_rate,cross_drone,no_thr,2.5,5.0,6,2345,23.54997706413269,2.0193140606228894,9.777427254019402,0.0
4,LiftOff_200,RedSheep_rate,cross_drone,no_thr,2.5,5.0,3,2514,25.249022006988525,2.402236404024819,9.908609035434157,0.011535401750198886
4,LiftOff_200,RedSheep_rate,cross_drone,no_thr,2.5,5.0,4,2314,23.20598602294922,1.9757042646267422,10.47919823373939,0.04019014693171997
4,LiftOff_200,RedSheep_rate,cross_drone,no_thr,2.5,5.0,5,2252,22.615839958190918,1.8791180155138534,7.249685202196813,0.007548845470692718
1,MadTrainer,Gromozeka_rate,same_drone,no_thr,2.5,8.0,2,2466,24.773011922836304,1.7240112112946804,8.972743737161043,0.05474452554744526
1,MadTrainer,Gromozeka_rate,same_drone,no_thr,2.5,8.0,3,2524,25.354163885116577,2.249564089723833,12.627479618017391,0.0812202852614897
1,MadTrainer,Gromozeka_rate,same_drone,no_thr,2.5,8.0,4,2443,24.53096318244934,1.2090208856274671,7.921856458190644,0.009005321326238231
2,MadTrainer,RedSheep_rate,same_drone,no_thr,2.5,8.0,3,2509,25.217001914978027,2.459019276787842,8.459748154783732,0.004782781984854523
2,MadTrainer,RedSheep_rate,same_drone,no_thr,2.5,8.0,4,2597,26.059934854507446,2.3825319325588055,10.570710599875941,0.016557566422795534
2,MadTrainer,RedSheep_rate,same_drone,no_thr,2.5,8.0,5,2477,24.85981011390686,2.7935548243105295,12.012819659366594,0.0863948324586193
3,LiftOff_200,Gromozeka_rate,cross_drone,no_thr,2.5,8.0,4,2353,23.624861001968384,2.175292091207873,10.579134472649905,0.05907352316192095
3,LiftOff_200,Gromozeka_rate,cross_drone,no_thr,2.5,8.0,5,2443,24.526942014694214,2.090909789797962,8.095975838247663,0.04338927548096602
3,LiftOff_200,Gromozeka_rate,cross_drone,no_thr,2.5,8.0,6,2345,23.54997706413269,2.279371027790333,8.116937688618512,0.0
4,LiftOff_200,RedSheep_rate,cross_drone,no_thr,2.5,8.0,3,2514,25.249022006988525,2.534352279293884,8.130556985164851,0.013126491646778043
4,LiftOff_200,RedSheep_rate,cross_drone,no_thr,2.5,8.0,4,2314,23.20598602294922,2.1936654690303,9.293047017801406,0.021175453759723423
4,LiftOff_200,RedSheep_rate,cross_drone,no_thr,2.5,8.0,5,2252,22.615839958190918,1.9728597786867823,7.336848779898222,0.0053285968028419185
1,MadTrainer,Gromozeka_rate,same_drone,no_thr,3.0,1.0,2,2466,24.773011922836304,1.9687894547827796,9.976638171273919,0.00283860502838605
1,MadTrainer,Gromozeka_rate,same_drone,no_thr,3.0,1.0,3,2524,25.354163885116577,2.989508438897559,25.72640238672978,0.18225039619651348
1,MadTrainer,Gromozeka_rate,same_drone,no_thr,3.0,1.0,4,2443,24.53096318244934,2.08919942152437,19.87019034684924,0.14981580024559968
2,MadTrainer,RedSheep_rate,same_drone,no_thr,3.0,1.0,3,2509,25.217001914978027,3.4676851316431296,18.86186881176415,0.11398963730569948
2,MadTrainer,RedSheep_rate,same_drone,no_thr,3.0,1.0,4,2597,26.059934854507446,2.851192310655165,16.382468971293907,0.10858683095879862
2,MadTrainer,RedSheep_rate,same_drone,no_thr,3.0,1.0,5,2477,24.85981011390686,2.718584640594223,15.51254609820316,0.10415825595478401
3,LiftOff_200,Gromozeka_rate,cross_drone,no_thr,3.0,1.0,4,2353,23.624861001968384,2.9075143434124584,8.337173864363411,0.012749681257968552
3,LiftOff_200,Gromozeka_rate,cross_drone,no_thr,3.0,1.0,5,2443,24.526942014694214,2.4351129751262306,17.274746967785322,0.13753581661891118
3,LiftOff_200,Gromozeka_rate,cross_drone,no_thr,3.0,1.0,6,2345,23.54997706413269,2.295515838014566,10.413140089723795,0.042643923240938165
4,LiftOff_200,RedSheep_rate,cross_drone,no_thr,3.0,1.0,3,2514,25.249022006988525,2.716934796757857,17.217238914248647,0.11217183770883055
4,LiftOff_200,RedSheep_rate,cross_drone,no_thr,3.0,1.0,4,2314,23.20598602294922,1.9858156591343388,15.396945477432388,0.10674157303370786
4,LiftOff_200,RedSheep_rate,cross_drone,no_thr,3.0,1.0,5,2252,22.615839958190918,2.4945482605260025,13.502041344828429,0.0652753108348135
1,MadTrainer,Gromozeka_rate,same_drone,no_thr,3.0,2.0,2,2466,24.773011922836304,1.6815007932543011,14.852617842746753,0.09813463098134631
1,MadTrainer,Gromozeka_rate,same_drone,no_thr,3.0,2.0,3,2524,25.354163885116577,2.283928604967336,17.330923644027827,0.1089540412044374
1,MadTrainer,Gromozeka_rate,same_drone,no_thr,3.0,2.0,4,2443,24.53096318244934,1.4125875944839663,15.611373010843868,0.10601719197707736
2,MadTrainer,RedSheep_rate,same_drone,no_thr,3.0,2.0,3,2509,25.217001914978027,2.2214095443510757,16.50950824987243,0.1068154643284177
2,MadTrainer,RedSheep_rate,same_drone,no_thr,3.0,2.0,4,2597,26.059934854507446,2.0132767559379374,15.743088340583162,0.10666153253754332
2,MadTrainer,RedSheep_rate,same_drone,no_thr,3.0,2.0,5,2477,24.85981011390686,2.5549670284899264,19.08652528785481,0.11344368187323375
3,LiftOff_200,Gromozeka_rate,cross_drone,no_thr,3.0,2.0,4,2353,23.624861001968384,2.769557816463987,19.134512941176176,0.1228219294517637
3,LiftOff_200,Gromozeka_rate,cross_drone,no_thr,3.0,2.0,5,2443,24.526942014694214,1.8927147691337893,16.820213774979,0.1076545231273025
3,LiftOff_200,Gromozeka_rate,cross_drone,no_thr,3.0,2.0,6,2345,23.54997706413269,1.7988244990397106,17.218327458537544,0.12068230277185502
4,LiftOff_200,RedSheep_rate,cross_drone,no_thr,3.0,2.0,3,2514,25.249022006988525,2.1592728823771097,15.994188627939076,0.10620525059665871
4,LiftOff_200,RedSheep_rate,cross_drone,no_thr,3.0,2.0,4,2314,23.20598602294922,1.892399275500054,16.465516800511256,0.10760587726879861
4,LiftOff_200,RedSheep_rate,cross_drone,no_thr,3.0,2.0,5,2252,22.615839958190918,1.825606905866053,12.060048636993583,0.023090586145648313
1,MadTrainer,Gromozeka_rate,same_drone,no_thr,3.0,3.0,2,2466,24.773011922836304,1.4799726119785106,11.064129775141462,0.07745336577453366
1,MadTrainer,Gromozeka_rate,same_drone,no_thr,3.0,3.0,3,2524,25.354163885116577,2.1274246275422595,16.152732845287566,0.10816164817749604
1,MadTrainer,Gromozeka_rate,same_drone,no_thr,3.0,3.0,4,2443,24.53096318244934,1.4303525100581282,14.118284481948349,0.0904625460499386
2,MadTrainer,RedSheep_rate,same_drone,no_thr,3.0,3.0,3,2509,25.217001914978027,2.05903950583199,12.511404180171542,0.08967716221602232
2,MadTrainer,RedSheep_rate,same_drone,no_thr,3.0,3.0,4,2597,26.059934854507446,1.7997170827897548,15.009198669689546,0.10011551790527531
2,MadTrainer,RedSheep_rate,same_drone,no_thr,3.0,3.0,5,2477,24.85981011390686,1.7280129293285995,15.938051829960633,0.10294711344368188
3,LiftOff_200,Gromozeka_rate,cross_drone,no_thr,3.0,3.0,4,2353,23.624861001968384,2.576876671422454,15.384324103844579,0.10369740756481088
3,LiftOff_200,Gromozeka_rate,cross_drone,no_thr,3.0,3.0,5,2443,24.526942014694214,1.737771225214857,15.243139097616021,0.10151453131395825
3,LiftOff_200,Gromozeka_rate,cross_drone,no_thr,3.0,3.0,6,2345,23.54997706413269,1.6323942406021956,13.863691126109803,0.08272921108742004
4,LiftOff_200,RedSheep_rate,cross_drone,no_thr,3.0,3.0,3,2514,25.249022006988525,2.0639080139429637,14.073073909500124,0.09466984884645982
4,LiftOff_200,RedSheep_rate,cross_drone,no_thr,3.0,3.0,4,2314,23.20598602294922,1.5987208515245115,15.795641382587629,0.10458081244598098
4,LiftOff_200,RedSheep_rate,cross_drone,no_thr,3.0,3.0,5,2252,22.615839958190918,1.6949918457823756,9.705354381074885,0.015985790408525755
1,MadTrainer,Gromozeka_rate,same_drone,no_thr,3.0,5.0,2,2466,24.773011922836304,1.7035769029084662,10.521284639493327,0.07177615571776155
1,MadTrainer,Gromozeka_rate,same_drone,no_thr,3.0,5.0,3,2524,25.354163885116577,1.9150959267707037,14.859346160906147,0.09865293185419968
1,MadTrainer,Gromozeka_rate,same_drone,no_thr,3.0,5.0,4,2443,24.53096318244934,1.3298610373319946,11.93162842050208,0.07531723291035612
2,MadTrainer,RedSheep_rate,same_drone,no_thr,3.0,5.0,3,2509,25.217001914978027,2.4094556640544624,10.4062327428412,0.031088082901554404
2,MadTrainer,RedSheep_rate,same_drone,no_thr,3.0,5.0,4,2597,26.059934854507446,2.095939063805801,14.404851630258422,0.09395456295725838
2,MadTrainer,RedSheep_rate,same_drone,no_thr,3.0,5.0,5,2477,24.85981011390686,2.309836186611278,13.172870197807534,0.09406540169559952
3,LiftOff_200,Gromozeka_rate,cross_drone,no_thr,3.0,5.0,4,2353,23.624861001968384,2.205441826064245,12.455141857799019,0.0811729706757331
3,LiftOff_200,Gromozeka_rate,cross_drone,no_thr,3.0,5.0,5,2443,24.526942014694214,1.9572763250547354,11.562891689991242,0.06794924273434302
3,LiftOff_200,Gromozeka_rate,cross_drone,no_thr,3.0,5.0,6,2345,23.54997706413269,2.007411582055738,11.260481863069801,0.058422174840085286
4,LiftOff_200,RedSheep_rate,cross_drone,no_thr,3.0,5.0,3,2514,25.249022006988525,2.4889804952061922,12.273717473752404,0.07319013524264122
4,LiftOff_200,RedSheep_rate,cross_drone,no_thr,3.0,5.0,4,2314,23.20598602294922,1.926563599978266,12.259436753456846,0.07821953327571306
4,LiftOff_200,RedSheep_rate,cross_drone,no_thr,3.0,5.0,5,2252,22.615839958190918,1.9256899496420559,8.047037882070557,0.012433392539964476
1,MadTrainer,Gromozeka_rate,same_drone,no_thr,3.0,8.0,2,2466,24.773011922836304,1.8807840740544037,9.356158915079323,0.05798864557988646
1,MadTrainer,Gromozeka_rate,same_drone,no_thr,3.0,8.0,3,2524,25.354163885116577,2.31410823163813,11.638271077249332,0.07725832012678288
1,MadTrainer,Gromozeka_rate,same_drone,no_thr,3.0,8.0,4,2443,24.53096318244934,1.3261058823258765,9.486715558016881,0.02374130167826443
2,MadTrainer,RedSheep_rate,same_drone,no_thr,3.0,8.0,3,2509,25.217001914978027,2.8348110567717413,9.038147474626056,0.009565563969709047
2,MadTrainer,RedSheep_rate,same_drone,no_thr,3.0,8.0,4,2597,26.059934854507446,2.4899052979743033,10.889833662258372,0.02502887947631883
2,MadTrainer,RedSheep_rate,same_drone,no_thr,3.0,8.0,5,2477,24.85981011390686,3.03609436169279,12.946476079651397,0.09164311667339524
3,LiftOff_200,Gromozeka_rate,cross_drone,no_thr,3.0,8.0,4,2353,23.624861001968384,2.1473246090237694,10.51268049700508,0.06332341691457713
3,LiftOff_200,Gromozeka_rate,cross_drone,no_thr,3.0,8.0,5,2443,24.526942014694214,1.8544527428770579,9.072813384209391,0.04134261154318461
3,LiftOff_200,Gromozeka_rate,cross_drone,no_thr,3.0,8.0,6,2345,23.54997706413269,2.5005629903658786,9.567302682696349,0.024307036247334754
4,LiftOff_200,RedSheep_rate,cross_drone,no_thr,3.0,8.0,3,2514,25.249022006988525,2.913797248970809,10.411050953582611,0.028639618138424822
4,LiftOff_200,RedSheep_rate,cross_drone,no_thr,3.0,8.0,4,2314,23.20598602294922,2.3499598865632976,11.72426279343376,0.06611927398444252
4,LiftOff_200,RedSheep_rate,cross_drone,no_thr,3.0,8.0,5,2252,22.615839958190918,2.0983955105206746,7.7731778643671765,0.011101243339253997
