condition,test_session,sigma_cam,T_update,seed,test_lap_relative,lap_index_abs,n_frames,duration_s,median_err_m,p90_err_m,jump_rate
same_drone,MT_s004,,,0,1,1,2472,24.886879920959473,1.6421575963069728,5.351666665943514,0.0
same_drone,MT_s004,,,0,2,2,2524,25.33614683151245,2.386083599991238,9.340892687226297,0.03922345483359747
same_drone,MT_s004,,,0,3,3,2665,26.740379095077515,1.5314805299963723,7.230612927194852,0.03189493433395872
same_drone,MT_s004,,,0,4,4,2618,26.25896406173706,1.1089139663760736,3.8146971714156037,0.0
same_drone,MT_s004,,,0,5,5,2530,25.401978969573975,1.4079951753069224,4.724988217436074,0.0
same_drone,MT_s004,,,0,6,6,2525,25.403844833374023,1.762951656118318,5.687982196902881,0.008712871287128714
same_drone,MT_s004,,,0,7,7,2722,27.329137802124023,2.241090175794966,11.405677336876309,0.09368111682586333
same_drone,MT_s004,,,0,8,8,2312,23.212925910949707,1.059864904782259,5.207722884565714,0.0
same_drone,MT_s004,,,0,9,9,2312,23.21662998199463,1.3329548152872661,6.4902617318975775,0.012543252595155709
same_drone,MT_s004,,,0,10,10,2346,23.52618908882141,1.8408661802011608,7.142031513830826,0.0392156862745098
same_drone,MT_s004,,,0,11,11,2666,26.786911964416504,2.805950697315126,94.05044213727591,0.2895723930982746
same_drone,MT_s004,,,0,12,12,2344,23.593735933303833,1.6112476240191569,6.189877937744317,0.008959044368600682
same_drone,MT_s004,,,0,13,13,2307,23.15007710456848,1.6825907539983405,5.657857191998136,0.0
same_drone,MT_s004,,,0,14,14,2625,26.3830509185791,2.035941242924821,7.399457188768063,0.017904761904761906
same_drone,MT_s004,,,0,15,15,2334,23.44292402267456,1.2295886247944594,5.670713923225293,0.020137103684661525
same_drone,MT_s004,,,1,1,1,2472,24.886879920959473,1.6421575963069728,5.351666665943514,0.0
same_drone,MT_s004,,,1,2,2,2524,25.33614683151245,2.386083599991238,9.340892687226297,0.03922345483359747
same_drone,MT_s004,,,1,3,3,2665,26.740379095077515,1.5314805299963723,7.230612927194852,0.03189493433395872
same_drone,MT_s004,,,1,4,4,2618,26.25896406173706,1.1089139663760736,3.8146971714156037,0.0
same_drone,MT_s004,,,1,5,5,2530,25.401978969573975,1.4079951753069224,4.724988217436074,0.0
same_drone,MT_s004,,,1,6,6,2525,25.403844833374023,1.762951656118318,5.687982196902881,0.008712871287128714
same_drone,MT_s004,,,1,7,7,2722,27.329137802124023,2.241090175794966,11.405677336876309,0.09368111682586333
same_drone,MT_s004,,,1,8,8,2312,23.212925910949707,1.059864904782259,5.207722884565714,0.0
same_drone,MT_s004,,,1,9,9,2312,23.21662998199463,1.3329548152872661,6.4902617318975775,0.012543252595155709
same_drone,MT_s004,,,1,10,10,2346,23.52618908882141,1.8408661802011608,7.142031513830826,0.0392156862745098
same_drone,MT_s004,,,1,11,11,2666,26.786911964416504,2.805950697315126,94.05044213727591,0.2895723930982746
same_drone,MT_s004,,,1,12,12,2344,23.593735933303833,1.6112476240191569,6.189877937744317,0.008959044368600682
same_drone,MT_s004,,,1,13,13,2307,23.15007710456848,1.6825907539983405,5.657857191998136,0.0
same_drone,MT_s004,,,1,14,14,2625,26.3830509185791,2.035941242924821,7.399457188768063,0.017904761904761906
same_drone,MT_s004,,,1,15,15,2334,23.44292402267456,1.2295886247944594,5.670713923225293,0.020137103684661525
same_drone,MT_s004,,,2,1,1,2472,24.886879920959473,1.6421575963069728,5.351666665943514,0.0
same_drone,MT_s004,,,2,2,2,2524,25.33614683151245,2.386083599991238,9.340892687226297,0.03922345483359747
same_drone,MT_s004,,,2,3,3,2665,26.740379095077515,1.5314805299963723,7.230612927194852,0.03189493433395872
same_drone,MT_s004,,,2,4,4,2618,26.25896406173706,1.1089139663760736,3.8146971714156037,0.0
same_drone,MT_s004,,,2,5,5,2530,25.401978969573975,1.4079951753069224,4.724988217436074,0.0
same_drone,MT_s004,,,2,6,6,2525,25.403844833374023,1.762951656118318,5.687982196902881,0.008712871287128714
same_drone,MT_s004,,,2,7,7,2722,27.329137802124023,2.241090175794966,11.405677336876309,0.09368111682586333
same_drone,MT_s004,,,2,8,8,2312,23.212925910949707,1.059864904782259,5.207722884565714,0.0
same_drone,MT_s004,,,2,9,9,2312,23.21662998199463,1.3329548152872661,6.4902617318975775,0.012543252595155709
same_drone,MT_s004,,,2,10,10,2346,23.52618908882141,1.8408661802011608,7.142031513830826,0.0392156862745098
same_drone,MT_s004,,,2,11,11,2666,26.786911964416504,2.805950697315126,94.05044213727591,0.2895723930982746
same_drone,MT_s004,,,2,12,12,2344,23.593735933303833,1.6112476240191569,6.189877937744317,0.008959044368600682
same_drone,MT_s004,,,2,13,13,2307,23.15007710456848,1.6825907539983405,5.657857191998136,0.0
same_drone,MT_s004,,,2,14,14,2625,26.3830509185791,2.035941242924821,7.399457188768063,0.017904761904761906
same_drone,MT_s004,,,2,15,15,2334,23.44292402267456,1.2295886247944594,5.670713923225293,0.020137103684661525
same_drone,MT_s004,,,3,1,1,2472,24.886879920959473,1.6421575963069728,5.351666665943514,0.0
same_drone,MT_s004,,,3,2,2,2524,25.33614683151245,2.386083599991238,9.340892687226297,0.03922345483359747
same_drone,MT_s004,,,3,3,3,2665,26.740379095077515,1.5314805299963723,7.230612927194852,0.03189493433395872
same_drone,MT_s004,,,3,4,4,2618,26.25896406173706,1.1089139663760736,3.8146971714156037,0.0
same_drone,MT_s004,,,3,5,5,2530,25.401978969573975,1.4079951753069224,4.724988217436074,0.0
same_drone,MT_s004,,,3,6,6,2525,25.403844833374023,1.762951656118318,5.687982196902881,0.008712871287128714
same_drone,MT_s004,,,3,7,7,2722,27.329137802124023,2.241090175794966,11.405677336876309,0.09368111682586333
same_drone,MT_s004,,,3,8,8,2312,23.212925910949707,1.059864904782259,5.207722884565714,0.0
same_drone,MT_s004,,,3,9,9,2312,23.21662998199463,1.3329548152872661,6.4902617318975775,0.012543252595155709
same_drone,MT_s004,,,3,10,10,2346,23.52618908882141,1.8408661802011608,7.142031513830826,0.0392156862745098
same_drone,MT_s004,,,3,11,11,2666,26.786911964416504,2.805950697315126,94.05044213727591,0.2895723930982746
same_drone,MT_s004,,,3,12,12,2344,23.593735933303833,1.6112476240191569,6.189877937744317,0.008959044368600682
same_drone,MT_s004,,,3,13,13,2307,23.15007710456848,1.6825907539983405,5.657857191998136,0.0
same_drone,MT_s004,,,3,14,14,2625,26.3830509185791,2.035941242924821,7.399457188768063,0.017904761904761906
same_drone,MT_s004,,,3,15,15,2334,23.44292402267456,1.2295886247944594,5.670713923225293,0.020137103684661525
same_drone,MT_s004,,,4,1,1,2472,24.886879920959473,1.6421575963069728,5.351666665943514,0.0
same_drone,MT_s004,,,4,2,2,2524,25.33614683151245,2.386083599991238,9.340892687226297,0.03922345483359747
same_drone,MT_s004,,,4,3,3,2665,26.740379095077515,1.5314805299963723,7.230612927194852,0.03189493433395872
same_drone,MT_s004,,,4,4,4,2618,26.25896406173706,1.1089139663760736,3.8146971714156037,0.0
same_drone,MT_s004,,,4,5,5,2530,25.401978969573975,1.4079951753069224,4.724988217436074,0.0
same_drone,MT_s004,,,4,6,6,2525,25.403844833374023,1.762951656118318,5.687982196902881,0.008712871287128714
same_drone,MT_s004,,,4,7,7,2722,27.329137802124023,2.241090175794966,11.405677336876309,0.09368111682586333
same_drone,MT_s004,,,4,8,8,2312,23.212925910949707,1.059864904782259,5.207722884565714,0.0
same_drone,MT_s004,,,4,9,9,2312,23.21662998199463,1.3329548152872661,6.4902617318975775,0.012543252595155709
same_drone,MT_s004,,,4,10,10,2346,23.52618908882141,1.8408661802011608,7.142031513830826,0.0392156862745098
same_drone,MT_s004,,,4,11,11,2666,26.786911964416504,2.805950697315126,94.05044213727591,0.2895723930982746
same_drone,MT_s004,,,4,12,12,2344,23.593735933303833,1.6112476240191569,6.189877937744317,0.008959044368600682
same_drone,MT_s004,,,4,13,13,2307,23.15007710456848,1.6825907539983405,5.657857191998136,0.0
same_drone,MT_s004,,,4,14,14,2625,26.3830509185791,2.035941242924821,7.399457188768063,0.017904761904761906
same_drone,MT_s004,,,4,15,15,2334,23.44292402267456,1.2295886247944594,5.670713923225293,0.020137103684661525
cross_drone,LO_s001,,,0,1,1,2516,25.26086401939392,2.1208282270231287,7.244745731429606,0.005564387917329093
cross_drone,LO_s001,,,0,2,2,2490,25.02094602584839,1.0025086769673948,4.446975917294716,0.002811244979919679
cross_drone,LO_s001,,,0,3,3,2577,25.9479341506958,1.5294627592271866,9.747697558115837,0.05820721769499418
cross_drone,LO_s001,,,0,4,4,2353,23.624861001968384,1.4729223006300458,4.800947326295804,0.0
cross_drone,LO_s001,,,0,5,5,2443,24.526942014694214,1.0932743094783177,5.673035886004108,0.0
cross_drone,LO_s001,,,0,6,6,2345,23.54997706413269,1.9318303914044463,7.036227962340216,0.009381663113006396
cross_drone,LO_s001,,,1,1,1,2516,25.26086401939392,2.1208282270231287,7.244745731429606,0.005564387917329093
cross_drone,LO_s001,,,1,2,2,2490,25.02094602584839,1.0025086769673948,4.446975917294716,0.002811244979919679
cross_drone,LO_s001,,,1,3,3,2577,25.9479341506958,1.5294627592271866,9.747697558115837,0.05820721769499418
cross_drone,LO_s001,,,1,4,4,2353,23.624861001968384,1.4729223006300458,4.800947326295804,0.0
cross_drone,LO_s001,,,1,5,5,2443,24.526942014694214,1.0932743094783177,5.673035886004108,0.0
cross_drone,LO_s001,,,1,6,6,2345,23.54997706413269,1.9318303914044463,7.036227962340216,0.009381663113006396
cross_drone,LO_s001,,,2,1,1,2516,25.26086401939392,2.1208282270231287,7.244745731429606,0.005564387917329093
cross_drone,LO_s001,,,2,2,2,2490,25.02094602584839,1.0025086769673948,4.446975917294716,0.002811244979919679
cross_drone,LO_s001,,,2,3,3,2577,25.9479341506958,1.5294627592271866,9.747697558115837,0.05820721769499418
cross_drone,LO_s001,,,2,4,4,2353,23.624861001968384,1.4729223006300458,4.800947326295804,0.0
cross_drone,LO_s001,,,2,5,5,2443,24.526942014694214,1.0932743094783177,5.673035886004108,0.0
cross_drone,LO_s001,,,2,6,6,2345,23.54997706413269,1.9318303914044463,7.036227962340216,0.009381663113006396
cross_drone,LO_s001,,,3,1,1,2516,25.26086401939392,2.1208282270231287,7.244745731429606,0.005564387917329093
cross_drone,LO_s001,,,3,2,2,2490,25.02094602584839,1.0025086769673948,4.446975917294716,0.002811244979919679
cross_drone,LO_s001,,,3,3,3,2577,25.9479341506958,1.5294627592271866,9.747697558115837,0.05820721769499418
cross_drone,LO_s001,,,3,4,4,2353,23.624861001968384,1.4729223006300458,4.800947326295804,0.0
cross_drone,LO_s001,,,3,5,5,2443,24.526942014694214,1.0932743094783177,5.673035886004108,0.0
cross_drone,LO_s001,,,3,6,6,2345,23.54997706413269,1.9318303914044463,7.036227962340216,0.009381663113006396
cross_drone,LO_s001,,,4,1,1,2516,25.26086401939392,2.1208282270231287,7.244745731429606,0.005564387917329093
cross_drone,LO_s001,,,4,2,2,2490,25.02094602584839,1.0025086769673948,4.446975917294716,0.002811244979919679
cross_drone,LO_s001,,,4,3,3,2577,25.9479341506958,1.5294627592271866,9.747697558115837,0.05820721769499418
cross_drone,LO_s001,,,4,4,4,2353,23.624861001968384,1.4729223006300458,4.800947326295804,0.0
cross_drone,LO_s001,,,4,5,5,2443,24.526942014694214,1.0932743094783177,5.673035886004108,0.0
cross_drone,LO_s001,,,4,6,6,2345,23.54997706413269,1.9318303914044463,7.036227962340216,0.009381663113006396
same_drone,MT_s004,0.1,0.01,0,1,1,2472,24.886879920959473,0.14054241807839674,0.32522005177907265,0.0
same_drone,MT_s004,0.1,0.01,0,2,2,2524,25.33614683151245,0.13933372971509073,0.33752986343499186,0.0
same_drone,MT_s004,0.1,0.01,0,3,3,2665,26.740379095077515,0.14467533048116366,0.3771357906331502,0.0
same_drone,MT_s004,0.1,0.01,0,4,4,2618,26.25896406173706,0.1402867833051289,0.33361915168551687,0.0
same_drone,MT_s004,0.1,0.01,0,5,5,2530,25.401978969573975,0.13908448642354365,0.29922158183152586,0.0
same_drone,MT_s004,0.1,0.01,0,6,6,2525,25.403844833374023,0.14167648763608298,0.3823534696494333,0.0015841584158415843
same_drone,MT_s004,0.1,0.01,0,7,7,2722,27.329137802124023,0.16376650126175463,7.190581042028771,0.009551800146950772
same_drone,MT_s004,0.1,0.01,0,8,8,2312,23.212925910949707,0.141161291959655,0.3230984684727105,0.005622837370242215
same_drone,MT_s004,0.1,0.01,0,9,9,2312,23.21662998199463,0.15914998225569832,7.987351067576355,0.0
same_drone,MT_s004,0.1,0.01,0,10,10,2346,23.52618908882141,0.142259137564281,0.3346713211971455,0.013640238704177323
same_drone,MT_s004,0.1,0.01,0,11,11,2666,26.786911964416504,0.15981144821405202,6.067456369461965,0.007876969242310577
same_drone,MT_s004,0.1,0.01,0,12,12,2344,23.593735933303833,0.13925556055206556,0.3148172703870453,0.0
same_drone,MT_s004,0.1,0.01,0,13,13,2307,23.15007710456848,0.14028687983653754,0.31440191745269885,0.0
same_drone,MT_s004,0.1,0.01,0,14,14,2625,26.3830509185791,0.14070549684688416,0.3725599906708168,0.0
same_drone,MT_s004,0.1,0.01,0,15,15,2334,23.44292402267456,0.1418378216507783,0.36015255085364845,0.0
same_drone,MT_s004,0.1,0.01,1,1,1,2472,24.886879920959473,0.14088605652446162,0.3342889859379853,0.0
same_drone,MT_s004,0.1,0.01,1,2,2,2524,25.33614683151245,0.14162565923542658,0.3322505583431082,0.0
same_drone,MT_s004,0.1,0.01,1,3,3,2665,26.740379095077515,0.1426370228030578,0.3771532474374154,0.0
same_drone,MT_s004,0.1,0.01,1,4,4,2618,26.25896406173706,0.13948698606348842,0.32803531233317085,0.0
same_drone,MT_s004,0.1,0.01,1,5,5,2530,25.401978969573975,0.13706765496532292,0.3101598275380215,0.0
same_drone,MT_s004,0.1,0.01,1,6,6,2525,25.403844833374023,12.617209119049704,115.4825451474587,0.46811881188118815
same_drone,MT_s004,0.1,0.01,1,7,7,2722,27.329137802124023,8.345629774713593,94.0656214084436,0.44121969140337985
same_drone,MT_s004,0.1,0.01,1,8,8,2312,23.212925910949707,76.84931361784977,123.8258422454305,0.6756055363321799
same_drone,MT_s004,0.1,0.01,1,9,9,2312,23.21662998199463,12.939065649994738,114.96269840213608,0.4563148788927336
same_drone,MT_s004,0.1,0.01,1,10,10,2346,23.52618908882141,0.17259084582825324,96.83221017395094,0.2549019607843137
same_drone,MT_s004,0.1,0.01,1,11,11,2666,26.786911964416504,0.161895007237014,6.059576291834617,0.007126781695423856
same_drone,MT_s004,0.1,0.01,1,12,12,2344,23.593735933303833,0.13710965208545645,0.3134519840421831,0.0
same_drone,MT_s004,0.1,0.01,1,13,13,2307,23.15007710456848,0.14014078797947604,0.31219395944248446,0.0
same_drone,MT_s004,0.1,0.01,1,14,14,2625,26.3830509185791,0.13985883373726438,0.36508424751820584,0.0
same_drone,MT_s004,0.1,0.01,1,15,15,2334,23.44292402267456,10.701270285238682,116.26825221935593,0.45758354755784064
same_drone,MT_s004,0.1,0.01,2,1,1,2472,24.886879920959473,0.14303091997487627,0.32523849078820044,0.0
same_drone,MT_s004,0.1,0.01,2,2,2,2524,25.33614683151245,0.14027852596764134,0.3274763327972552,0.0
same_drone,MT_s004,0.1,0.01,2,3,3,2665,26.740379095077515,0.14212729347259057,0.37601995580058656,0.0
same_drone,MT_s004,0.1,0.01,2,4,4,2618,26.25896406173706,0.1433947217123972,0.33126176358029796,0.0
same_drone,MT_s004,0.1,0.01,2,5,5,2530,25.401978969573975,0.13861559513529365,0.3079991200850315,0.0
same_drone,MT_s004,0.1,0.01,2,6,6,2525,25.403844833374023,0.16227722067748118,9.37142331476528,0.018613861386138613
same_drone,MT_s004,0.1,0.01,2,7,7,2722,27.329137802124023,18.84214595003452,110.03318967064513,0.5110213078618663
same_drone,MT_s004,0.1,0.01,2,8,8,2312,23.212925910949707,0.18090320071284793,96.80722978580944,0.2703287197231834
same_drone,MT_s004,0.1,0.01,2,9,9,2312,23.21662998199463,0.14006966807619392,0.32016938330786576,0.0
same_drone,MT_s004,0.1,0.01,2,10,10,2346,23.52618908882141,0.1429750441668709,0.32817296855718325,0.013640238704177323
same_drone,MT_s004,0.1,0.01,2,11,11,2666,26.786911964416504,0.16218280872874402,6.054824852822222,0.007501875468867217
same_drone,MT_s004,0.1,0.01,2,12,12,2344,23.593735933303833,0.13820870281487885,0.3134338338465327,0.0
same_drone,MT_s004,0.1,0.01,2,13,13,2307,23.15007710456848,0.14114698993343922,0.31315099958690107,0.0
same_drone,MT_s004,0.1,0.01,2,14,14,2625,26.3830509185791,0.1428414478681077,0.3616997168163777,0.0
same_drone,MT_s004,0.1,0.01,2,15,15,2334,23.44292402267456,10.707447911037292,116.26935786615437,0.45758354755784064
same_drone,MT_s004,0.1,0.01,3,1,1,2472,24.886879920959473,0.14273319339987722,0.3322562103278983,0.0
same_drone,MT_s004,0.1,0.01,3,2,2,2524,25.33614683151245,0.14149964009444105,0.3269551387283161,0.0
same_drone,MT_s004,0.1,0.01,3,3,3,2665,26.740379095077515,0.1418564090780876,0.38251558645944217,0.0
same_drone,MT_s004,0.1,0.01,3,4,4,2618,26.25896406173706,0.14012583349932584,0.32259804201399334,0.0
same_drone,MT_s004,0.1,0.01,3,5,5,2530,25.401978969573975,0.13807099082097096,0.29849491725557403,0.0
same_drone,MT_s004,0.1,0.01,3,6,6,2525,25.403844833374023,12.642542820965772,115.48653132521547,0.46772277227722775
same_drone,MT_s004,0.1,0.01,3,7,7,2722,27.329137802124023,7.546039461917964,94.07035656341988,0.4055841293166789
same_drone,MT_s004,0.1,0.01,3,8,8,2312,23.212925910949707,0.1619022314310712,59.91116009221246,0.18641868512110726
same_drone,MT_s004,0.1,0.01,3,9,9,2312,23.21662998199463,14.407566609492257,88.42772195788356,0.48486159169550175
same_drone,MT_s004,0.1,0.01,3,10,10,2346,23.52618908882141,0.3231651183234021,110.49909868255773,0.34995737425404944
same_drone,MT_s004,0.1,0.01,3,11,11,2666,26.786911964416504,0.16151412263000253,6.078437801732363,0.007876969242310577
same_drone,MT_s004,0.1,0.01,3,12,12,2344,23.593735933303833,0.13713672363819995,0.31154536803371213,0.0
same_drone,MT_s004,0.1,0.01,3,13,13,2307,23.15007710456848,0.13866677302354447,0.31700679649702296,0.0
same_drone,MT_s004,0.1,0.01,3,14,14,2625,26.3830509185791,0.141910438664695,0.3799534643591129,0.0
same_drone,MT_s004,0.1,0.01,3,15,15,2334,23.44292402267456,0.1434975817158488,0.34296458707653416,0.0
same_drone,MT_s004,0.1,0.01,4,1,1,2472,24.886879920959473,0.14320688778008872,0.32209630293144476,0.0
same_drone,MT_s004,0.1,0.01,4,2,2,2524,25.33614683151245,0.1400248654686731,0.34138217595892406,0.0
same_drone,MT_s004,0.1,0.01,4,3,3,2665,26.740379095077515,0.1435155777625141,0.3765444597841046,0.0
same_drone,MT_s004,0.1,0.01,4,4,4,2618,26.25896406173706,0.14035943670900508,0.33088914222552857,0.0
same_drone,MT_s004,0.1,0.01,4,5,5,2530,25.401978969573975,0.13698668725568552,0.29763981403185935,0.0
same_drone,MT_s004,0.1,0.01,4,6,6,2525,25.403844833374023,0.14595344482083306,0.38655859361180656,0.002376237623762376
same_drone,MT_s004,0.1,0.01,4,7,7,2722,27.329137802124023,0.20020933902877047,36.54259608401132,0.2064658339456282
same_drone,MT_s004,0.1,0.01,4,8,8,2312,23.212925910949707,0.17064888470628148,113.41819447805237,0.22577854671280276
same_drone,MT_s004,0.1,0.01,4,9,9,2312,23.21662998199463,13.228112447561273,114.95643631504916,0.46842560553633217
same_drone,MT_s004,0.1,0.01,4,10,10,2346,23.52618908882141,0.174880804368712,96.83901627426732,0.2549019607843137
same_drone,MT_s004,0.1,0.01,4,11,11,2666,26.786911964416504,0.15855867541110058,6.061375821417045,0.008252063015753939
same_drone,MT_s004,0.1,0.01,4,12,12,2344,23.593735933303833,0.1373688745960422,0.3091963459594695,0.0
same_drone,MT_s004,0.1,0.01,4,13,13,2307,23.15007710456848,0.1391361892347618,0.31669385856041293,0.0
same_drone,MT_s004,0.1,0.01,4,14,14,2625,26.3830509185791,0.1432668297013322,0.37764149982400275,0.0
same_drone,MT_s004,0.1,0.01,4,15,15,2334,23.44292402267456,10.706724705170146,116.27398389544197,0.45758354755784064
same_drone,MT_s004,0.1,0.05,0,1,1,2472,24.886879920959473,0.15077297260356204,0.4048731364754048,0.0
same_drone,MT_s004,0.1,0.05,0,2,2,2524,25.33614683151245,0.14302599044319209,0.40246904930698413,0.0
same_drone,MT_s004,0.1,0.05,0,3,3,2665,26.740379095077515,5.893868171904501,115.9630642028899,0.4521575984990619
same_drone,MT_s004,0.1,0.05,0,4,4,2618,26.25896406173706,95.17538134684597,127.9498943024299,0.9912146676852559
same_drone,MT_s004,0.1,0.05,0,5,5,2530,25.401978969573975,0.1587285041135047,6.007689802616296,0.0533596837944664
same_drone,MT_s004,0.1,0.05,0,6,6,2525,25.403844833374023,0.1557815473078108,0.45981539273869027,0.002376237623762376
same_drone,MT_s004,0.1,0.05,0,7,7,2722,27.329137802124023,0.2350021863500018,23.396238832359916,0.1642174871418075
same_drone,MT_s004,0.1,0.05,0,8,8,2312,23.212925910949707,71.06425003540826,119.04130533619937,0.6777681660899654
same_drone,MT_s004,0.1,0.05,0,9,9,2312,23.21662998199463,0.1488408986830052,0.3766141678694567,0.0
same_drone,MT_s004,0.1,0.05,0,10,10,2346,23.52618908882141,0.15245232004092557,0.41797572418400364,0.013640238704177323
same_drone,MT_s004,0.1,0.05,0,11,11,2666,26.786911964416504,0.1861590740128065,6.029816609369206,0.007126781695423856
same_drone,MT_s004,0.1,0.05,0,12,12,2344,23.593735933303833,0.15014430263507705,0.3906810334064524,0.0
same_drone,MT_s004,0.1,0.05,0,13,13,2307,23.15007710456848,0.15210314948967607,0.4010263267943694,0.0
same_drone,MT_s004,0.1,0.05,0,14,14,2625,26.3830509185791,0.15473814634793825,0.4363542348632563,0.0
same_drone,MT_s004,0.1,0.05,0,15,15,2334,23.44292402267456,0.18447780256935853,6.2466646039328655,0.0
same_drone,MT_s004,0.1,0.05,1,1,1,2472,24.886879920959473,0.1564745184974896,0.4068621647415924,0.0
same_drone,MT_s004,0.1,0.05,1,2,2,2524,25.33614683151245,0.14359108951299504,0.40681526320206285,0.0
same_drone,MT_s004,0.1,0.05,1,3,3,2665,26.740379095077515,0.1660594795109489,0.4542798205372989,0.0
same_drone,MT_s004,0.1,0.05,1,4,4,2618,26.25896406173706,0.15091929083522615,0.39079865748220055,0.0
same_drone,MT_s004,0.1,0.05,1,5,5,2530,25.401978969573975,0.1423943647413779,0.3596913648701913,0.0
same_drone,MT_s004,0.1,0.05,1,6,6,2525,25.403844833374023,0.15650897855479506,0.4476617352085441,0.002772277227722772
same_drone,MT_s004,0.1,0.05,1,7,7,2722,27.329137802124023,0.228501814072672,36.45783212941177,0.2064658339456282
same_drone,MT_s004,0.1,0.05,1,8,8,2312,23.212925910949707,76.94696248124119,124.01060242987822,0.6751730103806228
same_drone,MT_s004,0.1,0.05,1,9,9,2312,23.21662998199463,0.1469366452394496,0.3804181302084146,0.0
same_drone,MT_s004,0.1,0.05,1,10,10,2346,23.52618908882141,0.1502255890963724,0.43117104940098727,0.013640238704177323
same_drone,MT_s004,0.1,0.05,1,11,11,2666,26.786911964416504,0.18130342760293416,6.048902711449202,0.007126781695423856
same_drone,MT_s004,0.1,0.05,1,12,12,2344,23.593735933303833,0.14559651812293772,0.38873399894439736,0.0
same_drone,MT_s004,0.1,0.05,1,13,13,2307,23.15007710456848,0.1508446828795087,0.40034969637495343,0.0
same_drone,MT_s004,0.1,0.05,1,14,14,2625,26.3830509185791,0.1493270200565675,0.45155063234012666,0.0
same_drone,MT_s004,0.1,0.05,1,15,15,2334,23.44292402267456,10.621614517287512,114.93998589838063,0.45758354755784064
same_drone,MT_s004,0.1,0.05,2,1,1,2472,24.886879920959473,0.15636700285834593,0.4086533545913397,0.0
same_drone,MT_s004,0.1,0.05,2,2,2,2524,25.33614683151245,0.15043009352297076,0.4125816146222662,0.0
same_drone,MT_s004,0.1,0.05,2,3,3,2665,26.740379095077515,0.1533349638401944,0.43616897401673066,0.0
same_drone,MT_s004,0.1,0.05,2,4,4,2618,26.25896406173706,0.13855585687616312,0.3737970207224571,0.0
same_drone,MT_s004,0.1,0.05,2,5,5,2530,25.401978969573975,0.1450055399230621,0.36679439139395525,0.0
same_drone,MT_s004,0.1,0.05,2,6,6,2525,25.403844833374023,0.15795406895512087,0.4535244905077775,0.0031683168316831685
same_drone,MT_s004,0.1,0.05,2,7,7,2722,27.329137802124023,0.1745195458307478,8.131003356807328,0.05731080088170463
same_drone,MT_s004,0.1,0.05,2,8,8,2312,23.212925910949707,0.1474213666638029,0.3993520842163236,0.006487889273356401
same_drone,MT_s004,0.1,0.05,2,9,9,2312,23.21662998199463,0.14841424531780945,0.38135430420313915,0.0
same_drone,MT_s004,0.1,0.05,2,10,10,2346,23.52618908882141,0.1537285169149527,0.4176981183122308,0.013640238704177323
same_drone,MT_s004,0.1,0.05,2,11,11,2666,26.786911964416504,0.18984087795556093,6.015404591258829,0.005626406601650412
same_drone,MT_s004,0.1,0.05,2,12,12,2344,23.593735933303833,0.14927833734520846,0.39635690237438026,0.0
same_drone,MT_s004,0.1,0.05,2,13,13,2307,23.15007710456848,0.1469226100056602,0.3818186857333787,0.0
same_drone,MT_s004,0.1,0.05,2,14,14,2625,26.3830509185791,0.15656522761159408,0.4560631401170816,0.0
same_drone,MT_s004,0.1,0.05,2,15,15,2334,23.44292402267456,0.1814577327190463,6.157644081403413,0.0
same_drone,MT_s004,0.1,0.05,3,1,1,2472,24.886879920959473,0.1522798882599119,0.4057487997583394,0.0
same_drone,MT_s004,0.1,0.05,3,2,2,2524,25.33614683151245,0.1459111904181185,0.39831866483183664,0.0
same_drone,MT_s004,0.1,0.05,3,3,3,2665,26.740379095077515,0.15461525426172784,0.4316656021345919,0.0
same_drone,MT_s004,0.1,0.05,3,4,4,2618,26.25896406173706,0.1484038043787539,0.3739080103918675,0.0
same_drone,MT_s004,0.1,0.05,3,5,5,2530,25.401978969573975,0.14467382737731072,0.35608904977111205,0.0
same_drone,MT_s004,0.1,0.05,3,6,6,2525,25.403844833374023,0.15475733715244644,0.46176853378682947,0.002772277227722772
same_drone,MT_s004,0.1,0.05,3,7,7,2722,27.329137802124023,0.23682398165036034,36.465626032816544,0.2064658339456282
same_drone,MT_s004,0.1,0.05,3,8,8,2312,23.212925910949707,76.96169841824195,124.00260036513629,0.6751730103806228
same_drone,MT_s004,0.1,0.05,3,9,9,2312,23.21662998199463,0.14655299963550306,0.37480943167587244,0.0
same_drone,MT_s004,0.1,0.05,3,10,10,2346,23.52618908882141,0.1491591030867454,0.42169725781137757,0.014066496163682864
same_drone,MT_s004,0.1,0.05,3,11,11,2666,26.786911964416504,0.18458269631669566,6.0383643796841255,0.006376594148537134
same_drone,MT_s004,0.1,0.05,3,12,12,2344,23.593735933303833,0.1502473783798166,0.3995955250374107,0.0
same_drone,MT_s004,0.1,0.05,3,13,13,2307,23.15007710456848,0.14687653128031286,0.388429971613283,0.0
same_drone,MT_s004,0.1,0.05,3,14,14,2625,26.3830509185791,0.15656601684133875,0.4604283314101448,0.0
same_drone,MT_s004,0.1,0.05,3,15,15,2334,23.44292402267456,0.15590669317520067,0.42953522187583576,0.0
same_drone,MT_s004,0.1,0.05,4,1,1,2472,24.886879920959473,0.14671201579415438,0.38997499763577265,0.0
same_drone,MT_s004,0.1,0.05,4,2,2,2524,25.33614683151245,0.14752316518321607,0.4117547605424584,0.0
same_drone,MT_s004,0.1,0.05,4,3,3,2665,26.740379095077515,5.976034357714582,115.96139398512447,0.45328330206378986
same_drone,MT_s004,0.1,0.05,4,4,4,2618,26.25896406173706,95.23352000251406,127.97111054011991,0.9950343773873186
same_drone,MT_s004,0.1,0.05,4,5,5,2530,25.401978969573975,0.16342395936943177,5.931222349816798,0.0533596837944664
same_drone,MT_s004,0.1,0.05,4,6,6,2525,25.403844833374023,0.1582362296670965,0.46458328347690664,0.004752475247524752
same_drone,MT_s004,0.1,0.05,4,7,7,2722,27.329137802124023,0.2160663319133107,36.47687851542017,0.2064658339456282
same_drone,MT_s004,0.1,0.05,4,8,8,2312,23.212925910949707,76.95001328928521,123.93717847285636,0.6751730103806228
same_drone,MT_s004,0.1,0.05,4,9,9,2312,23.21662998199463,0.14485575433430142,0.3735382092322178,0.0
same_drone,MT_s004,0.1,0.05,4,10,10,2346,23.52618908882141,0.15362985404094154,0.4257476679806871,0.013640238704177323
same_drone,MT_s004,0.1,0.05,4,11,11,2666,26.786911964416504,0.1718242231152658,4.422784923374778,0.024006001500375095
same_drone,MT_s004,0.1,0.05,4,12,12,2344,23.593735933303833,0.14939102350523115,0.3979783945293421,0.0
same_drone,MT_s004,0.1,0.05,4,13,13,2307,23.15007710456848,0.15350082000846044,0.40383874674410414,0.0
same_drone,MT_s004,0.1,0.05,4,14,14,2625,26.3830509185791,0.15038412497219156,0.44808597516591797,0.0
same_drone,MT_s004,0.1,0.05,4,15,15,2334,23.44292402267456,0.17512230182809674,6.122271160017388,0.0
same_drone,MT_s004,0.1,0.1,0,1,1,2472,24.886879920959473,0.1759430672995137,0.5042528119203495,0.0
same_drone,MT_s004,0.1,0.1,0,2,2,2524,25.33614683151245,0.17641198467498498,0.5385049636961333,0.0
same_drone,MT_s004,0.1,0.1,0,3,3,2665,26.740379095077515,0.18896629932072528,0.668884335027016,0.0
same_drone,MT_s004,0.1,0.1,0,4,4,2618,26.25896406173706,0.18224770864701512,0.48294213149775095,0.0
same_drone,MT_s004,0.1,0.1,0,5,5,2530,25.401978969573975,0.16586778055376117,0.4675023901471185,0.0
same_drone,MT_s004,0.1,0.1,0,6,6,2525,25.403844833374023,0.18079226358932488,0.5577767259125962,0.005940594059405941
same_drone,MT_s004,0.1,0.1,0,7,7,2722,27.329137802124023,0.26610995284229944,36.313045011952084,0.20536370315944158
same_drone,MT_s004,0.1,0.1,0,8,8,2312,23.212925910949707,50.908522841006885,115.89297727351348,0.6782006920415224
same_drone,MT_s004,0.1,0.1,0,9,9,2312,23.21662998199463,0.18418378689833403,0.48888159266512615,0.0
same_drone,MT_s004,0.1,0.1,0,10,10,2346,23.52618908882141,0.18318365515371937,0.509459165882582,0.013640238704177323
same_drone,MT_s004,0.1,0.1,0,11,11,2666,26.786911964416504,0.22196014299482947,4.583024111626145,0.0172543135783946
same_drone,MT_s004,0.1,0.1,0,12,12,2344,23.593735933303833,0.194297033362,0.5229503755147803,0.0
same_drone,MT_s004,0.1,0.1,0,13,13,2307,23.15007710456848,0.17989408082283376,0.5194223505617004,0.0
same_drone,MT_s004,0.1,0.1,0,14,14,2625,26.3830509185791,0.18672282608736168,0.6114859825972754,0.0
same_drone,MT_s004,0.1,0.1,0,15,15,2334,23.44292402267456,0.1768795025881218,0.5798458339105043,0.0
same_drone,MT_s004,0.1,0.1,1,1,1,2472,24.886879920959473,0.1721298342121571,0.49147845868298257,0.0
same_drone,MT_s004,0.1,0.1,1,2,2,2524,25.33614683151245,0.18484821967811982,0.5384058454791165,0.0
same_drone,MT_s004,0.1,0.1,1,3,3,2665,26.740379095077515,0.1768522596809987,0.6222478333256845,0.0
same_drone,MT_s004,0.1,0.1,1,4,4,2618,26.25896406173706,0.19237778147009976,0.5010445654679131,0.0
same_drone,MT_s004,0.1,0.1,1,5,5,2530,25.401978969573975,0.16902644667780464,0.461358130339665,0.0
same_drone,MT_s004,0.1,0.1,1,6,6,2525,25.403844833374023,0.18377242091204948,0.546380256550688,0.006732673267326733
same_drone,MT_s004,0.1,0.1,1,7,7,2722,27.329137802124023,0.2671937133897728,36.33619704428586,0.20536370315944158
same_drone,MT_s004,0.1,0.1,1,8,8,2312,23.212925910949707,0.2591368282635358,115.85371462278563,0.23832179930795847
same_drone,MT_s004,0.1,0.1,1,9,9,2312,23.21662998199463,0.16987778441242085,0.469472047808128,0.0
same_drone,MT_s004,0.1,0.1,1,10,10,2346,23.52618908882141,0.1725669602389246,0.4832465198769995,0.013640238704177323
same_drone,MT_s004,0.1,0.1,1,11,11,2666,26.786911964416504,0.21795107887439258,4.4476228294915,0.014253563390847712
same_drone,MT_s004,0.1,0.1,1,12,12,2344,23.593735933303833,0.18188078869638957,0.5148737246012801,0.0
same_drone,MT_s004,0.1,0.1,1,13,13,2307,23.15007710456848,0.1788250262562201,0.5474577156520649,0.0
same_drone,MT_s004,0.1,0.1,1,14,14,2625,26.3830509185791,0.1888044320982445,0.5868235217216464,0.0
same_drone,MT_s004,0.1,0.1,1,15,15,2334,23.44292402267456,0.1816530782364243,0.5619669001407784,0.0
same_drone,MT_s004,0.1,0.1,2,1,1,2472,24.886879920959473,0.1923548120063714,0.5364449992420873,0.0
same_drone,MT_s004,0.1,0.1,2,2,2,2524,25.33614683151245,0.18851905977214756,0.5458864779208398,0.0
same_drone,MT_s004,0.1,0.1,2,3,3,2665,26.740379095077515,0.1927774808744971,0.6776220577729983,0.0
same_drone,MT_s004,0.1,0.1,2,4,4,2618,26.25896406173706,0.17932290155660624,0.49034659544487486,0.0
same_drone,MT_s004,0.1,0.1,2,5,5,2530,25.401978969573975,0.16848359534503743,0.45092626753001636,0.0
same_drone,MT_s004,0.1,0.1,2,6,6,2525,25.403844833374023,0.17995590767762337,0.5786472825587026,0.004356435643564357
same_drone,MT_s004,0.1,0.1,2,7,7,2722,27.329137802124023,0.2501122199683099,36.33538625122627,0.20536370315944158
same_drone,MT_s004,0.1,0.1,2,8,8,2312,23.212925910949707,0.24194752441894707,115.86600530150068,0.24048442906574394
same_drone,MT_s004,0.1,0.1,2,9,9,2312,23.21662998199463,0.17319209209454556,0.48468470425503585,0.0
same_drone,MT_s004,0.1,0.1,2,10,10,2346,23.52618908882141,0.18222306114688536,0.5053337402771181,0.013640238704177323
same_drone,MT_s004,0.1,0.1,2,11,11,2666,26.786911964416504,0.22203742380511216,5.085400521692307,0.018754688672168042
same_drone,MT_s004,0.1,0.1,2,12,12,2344,23.593735933303833,0.19096326602999625,0.5114038987600787,0.0
same_drone,MT_s004,0.1,0.1,2,13,13,2307,23.15007710456848,0.18496085032717247,0.5746448200389808,0.0
same_drone,MT_s004,0.1,0.1,2,14,14,2625,26.3830509185791,0.20100956942320636,0.6218225077333728,0.0
same_drone,MT_s004,0.1,0.1,2,15,15,2334,23.44292402267456,0.17152051763018505,0.5652285850288677,0.0
same_drone,MT_s004,0.1,0.1,3,1,1,2472,24.886879920959473,0.18652651712841362,0.5282652499861215,0.0
same_drone,MT_s004,0.1,0.1,3,2,2,2524,25.33614683151245,0.18009633478605735,0.5611176750859284,0.0
same_drone,MT_s004,0.1,0.1,3,3,3,2665,26.740379095077515,0.19459062312714082,0.6905852228462407,0.0
same_drone,MT_s004,0.1,0.1,3,4,4,2618,26.25896406173706,0.1692641212519117,0.50937529260967,0.0
same_drone,MT_s004,0.1,0.1,3,5,5,2530,25.401978969573975,0.16825734144235938,0.46222636947807977,0.0
same_drone,MT_s004,0.1,0.1,3,6,6,2525,25.403844833374023,0.178137768608579,0.5688184674167367,0.006336633663366337
same_drone,MT_s004,0.1,0.1,3,7,7,2722,27.329137802124023,0.2624383522677931,36.33101802193892,0.20536370315944158
same_drone,MT_s004,0.1,0.1,3,8,8,2312,23.212925910949707,0.27633562566744274,115.86523213371684,0.24005190311418684
same_drone,MT_s004,0.1,0.1,3,9,9,2312,23.21662998199463,0.1801816170305699,0.4688977862978561,0.0
same_drone,MT_s004,0.1,0.1,3,10,10,2346,23.52618908882141,0.17630453237691768,0.512507422382896,0.013640238704177323
same_drone,MT_s004,0.1,0.1,3,11,11,2666,26.786911964416504,0.23271529941616365,4.920342898687693,0.0172543135783946
same_drone,MT_s004,0.1,0.1,3,12,12,2344,23.593735933303833,0.1810230316068342,0.5420887493471814,0.0
same_drone,MT_s004,0.1,0.1,3,13,13,2307,23.15007710456848,0.19495734036445356,0.5618195464745669,0.0
same_drone,MT_s004,0.1,0.1,3,14,14,2625,26.3830509185791,0.1888784342212162,0.6078796766246355,0.0
same_drone,MT_s004,0.1,0.1,3,15,15,2334,23.44292402267456,0.18249817954395553,0.5881029981693843,0.0
same_drone,MT_s004,0.1,0.1,4,1,1,2472,24.886879920959473,0.17846404967154683,0.5105667658092032,0.0
same_drone,MT_s004,0.1,0.1,4,2,2,2524,25.33614683151245,0.18510276079947374,0.5514932990772581,0.0
same_drone,MT_s004,0.1,0.1,4,3,3,2665,26.740379095077515,0.18525268057254607,0.6629509795763566,0.0
same_drone,MT_s004,0.1,0.1,4,4,4,2618,26.25896406173706,0.1754340770290881,0.4776326076334103,0.0
same_drone,MT_s004,0.1,0.1,4,5,5,2530,25.401978969573975,0.17055000242105578,0.4480427254723447,0.0
same_drone,MT_s004,0.1,0.1,4,6,6,2525,25.403844833374023,0.17550109144650605,0.5739160724163695,0.006732673267326733
same_drone,MT_s004,0.1,0.1,4,7,7,2722,27.329137802124023,0.27925561362445706,36.321582475885904,0.20536370315944158
same_drone,MT_s004,0.1,0.1,4,8,8,2312,23.212925910949707,57.98853998673707,115.86037734594534,0.8460207612456747
same_drone,MT_s004,0.1,0.1,4,9,9,2312,23.21662998199463,0.1877337331632667,0.4879926214731713,0.0
same_drone,MT_s004,0.1,0.1,4,10,10,2346,23.52618908882141,0.17701861036303512,0.5048975424081164,0.013640238704177323
same_drone,MT_s004,0.1,0.1,4,11,11,2666,26.786911964416504,0.23084000178906194,4.826927150592624,0.017629407351837958
same_drone,MT_s004,0.1,0.1,4,12,12,2344,23.593735933303833,0.1945756449299907,0.5403497219226625,0.0
same_drone,MT_s004,0.1,0.1,4,13,13,2307,23.15007710456848,0.19306103856579426,0.5541867811689772,0.0
same_drone,MT_s004,0.1,0.1,4,14,14,2625,26.3830509185791,0.1983679522204227,0.6351046778731928,0.0
same_drone,MT_s004,0.1,0.1,4,15,15,2334,23.44292402267456,0.18874093033939232,0.6093086249058425,0.0
same_drone,MT_s004,0.1,0.2,0,1,1,2472,24.886879920959473,0.2804461640005371,0.8452353055039228,0.0
same_drone,MT_s004,0.1,0.2,0,2,2,2524,25.33614683151245,0.2637938568953899,0.8768307223908836,0.0003961965134706815
same_drone,MT_s004,0.1,0.2,0,3,3,2665,26.740379095077515,0.26823501010159134,0.957317805582215,0.0
same_drone,MT_s004,0.1,0.2,0,4,4,2618,26.25896406173706,0.26717265620651887,0.7934630345016501,0.0
same_drone,MT_s004,0.1,0.2,0,5,5,2530,25.401978969573975,0.2527080919986311,0.7644304971490183,0.0
same_drone,MT_s004,0.1,0.2,0,6,6,2525,25.403844833374023,0.26579301655374366,0.9442225002792781,0.009900990099009901
same_drone,MT_s004,0.1,0.2,0,7,7,2722,27.329137802124023,0.262892451844948,1.5483105113530105,0.011756061719324026
same_drone,MT_s004,0.1,0.2,0,8,8,2312,23.212925910949707,0.24820149601553165,0.8199761056125825,0.006487889273356401
same_drone,MT_s004,0.1,0.2,0,9,9,2312,23.21662998199463,0.26823802744685565,0.8174343700523252,0.0
same_drone,MT_s004,0.1,0.2,0,10,10,2346,23.52618908882141,0.24015508838836297,0.891772994639048,0.014066496163682864
same_drone,MT_s004,0.1,0.2,0,11,11,2666,26.786911964416504,0.31102161322854016,1.7285727367277417,0.012378094523630907
same_drone,MT_s004,0.1,0.2,0,12,12,2344,23.593735933303833,0.2989393557986304,1.0200177623111437,0.0
same_drone,MT_s004,0.1,0.2,0,13,13,2307,23.15007710456848,0.2679360431568085,1.011896158190612,0.0
same_drone,MT_s004,0.1,0.2,0,14,14,2625,26.3830509185791,0.29897392545407797,0.988301695077541,0.0
same_drone,MT_s004,0.1,0.2,0,15,15,2334,23.44292402267456,0.2597547939661986,0.8950403746033152,0.0
same_drone,MT_s004,0.1,0.2,1,1,1,2472,24.886879920959473,0.24879466149606344,0.8168036450393572,0.0
same_drone,MT_s004,0.1,0.2,1,2,2,2524,25.33614683151245,0.2690617085234237,0.8951599077440197,0.0
same_drone,MT_s004,0.1,0.2,1,3,3,2665,26.740379095077515,0.2610393588475084,1.064889766831959,0.0
same_drone,MT_s004,0.1,0.2,1,4,4,2618,26.25896406173706,0.263807744987858,0.7784480341785668,0.0
same_drone,MT_s004,0.1,0.2,1,5,5,2530,25.401978969573975,0.25928014791774245,0.766822679204736,0.0
same_drone,MT_s004,0.1,0.2,1,6,6,2525,25.403844833374023,0.26426177679738316,0.9977147304846937,0.010693069306930694
same_drone,MT_s004,0.1,0.2,1,7,7,2722,27.329137802124023,0.309360519849446,5.378068043420847,0.02020573108008817
same_drone,MT_s004,0.1,0.2,1,8,8,2312,23.212925910949707,0.2625015773059438,0.8325632662185536,0.006920415224913495
same_drone,MT_s004,0.1,0.2,1,9,9,2312,23.21662998199463,0.26577827466427095,0.8028108972841439,0.0
same_drone,MT_s004,0.1,0.2,1,10,10,2346,23.52618908882141,0.2553099839492212,0.8560861811465799,0.013640238704177323
same_drone,MT_s004,0.1,0.2,1,11,11,2666,26.786911964416504,0.3129944220808465,1.3894466386287547,0.0037509377344336083
same_drone,MT_s004,0.1,0.2,1,12,12,2344,23.593735933303833,0.3057812246546945,0.9259894128796817,0.0
same_drone,MT_s004,0.1,0.2,1,13,13,2307,23.15007710456848,0.2486457528065671,0.8882809630921417,0.0
same_drone,MT_s004,0.1,0.2,1,14,14,2625,26.3830509185791,0.3236461133545845,1.1105949982593586,0.0
same_drone,MT_s004,0.1,0.2,1,15,15,2334,23.44292402267456,0.26975963406186665,0.9178777753656099,0.0
same_drone,MT_s004,0.1,0.2,2,1,1,2472,24.886879920959473,0.24437592687536736,0.8039278259651156,0.0
same_drone,MT_s004,0.1,0.2,2,2,2,2524,25.33614683151245,0.28222672369924595,0.9216265297056708,0.0
same_drone,MT_s004,0.1,0.2,2,3,3,2665,26.740379095077515,0.27501072199697774,1.0725172863120747,0.0
same_drone,MT_s004,0.1,0.2,2,4,4,2618,26.25896406173706,0.24810215252832535,0.7612215948860162,0.0
same_drone,MT_s004,0.1,0.2,2,5,5,2530,25.401978969573975,0.2552460301642441,0.7286590698739045,0.0
same_drone,MT_s004,0.1,0.2,2,6,6,2525,25.403844833374023,0.27481010257081806,0.9743051947199886,0.009504950495049505
same_drone,MT_s004,0.1,0.2,2,7,7,2722,27.329137802124023,0.2934568685026946,1.5642006048115413,0.012123438648052902
same_drone,MT_s004,0.1,0.2,2,8,8,2312,23.212925910949707,0.23808709741787482,0.8133571804443165,0.007785467128027681
same_drone,MT_s004,0.1,0.2,2,9,9,2312,23.21662998199463,0.24282535743647315,0.7281749461317034,0.0
same_drone,MT_s004,0.1,0.2,2,10,10,2346,23.52618908882141,0.25449532818360865,0.9072221412158257,0.013640238704177323
same_drone,MT_s004,0.1,0.2,2,11,11,2666,26.786911964416504,0.3544222097766525,6.356119766307529,0.03188297074268567
same_drone,MT_s004,0.1,0.2,2,12,12,2344,23.593735933303833,0.2953526696621367,0.9463508529496731,0.0
same_drone,MT_s004,0.1,0.2,2,13,13,2307,23.15007710456848,0.2561832711709826,0.8701275276147726,0.0
same_drone,MT_s004,0.1,0.2,2,14,14,2625,26.3830509185791,0.3003809952363099,1.0100270328745808,0.0
same_drone,MT_s004,0.1,0.2,2,15,15,2334,23.44292402267456,0.28816036115502186,0.9144978689988363,0.0
same_drone,MT_s004,0.1,0.2,3,1,1,2472,24.886879920959473,0.2580643687548445,0.8552073764133046,0.0
same_drone,MT_s004,0.1,0.2,3,2,2,2524,25.33614683151245,0.25699992204643607,0.9197301106748108,0.0
same_drone,MT_s004,0.1,0.2,3,3,3,2665,26.740379095077515,0.27599405769895213,0.968328714146537,0.0
same_drone,MT_s004,0.1,0.2,3,4,4,2618,26.25896406173706,0.24144236592529467,0.7450738054982936,0.0
same_drone,MT_s004,0.1,0.2,3,5,5,2530,25.401978969573975,0.22785348344036027,0.748868095499307,0.0
same_drone,MT_s004,0.1,0.2,3,6,6,2525,25.403844833374023,0.269271847660292,1.0156609980848768,0.010693069306930694
same_drone,MT_s004,0.1,0.2,3,7,7,2722,27.329137802124023,0.3035125040800608,3.0526226660103264,0.015429831006612785
same_drone,MT_s004,0.1,0.2,3,8,8,2312,23.212925910949707,0.25715659860360063,0.77639298385703,0.005622837370242215
same_drone,MT_s004,0.1,0.2,3,9,9,2312,23.21662998199463,0.27278045827156916,0.8068896081097044,0.0
same_drone,MT_s004,0.1,0.2,3,10,10,2346,23.52618908882141,0.2753501380647805,0.9322618249572088,0.013640238704177323
same_drone,MT_s004,0.1,0.2,3,11,11,2666,26.786911964416504,0.3209612550535468,1.380036969242596,0.0037509377344336083
same_drone,MT_s004,0.1,0.2,3,12,12,2344,23.593735933303833,0.2935968630818273,0.9784478187674231,0.0
same_drone,MT_s004,0.1,0.2,3,13,13,2307,23.15007710456848,0.2842056582294248,0.8794384217627469,0.0
same_drone,MT_s004,0.1,0.2,3,14,14,2625,26.3830509185791,0.29230591476894574,0.9403241770034583,0.0
same_drone,MT_s004,0.1,0.2,3,15,15,2334,23.44292402267456,0.2761029027097024,0.9433761139352785,0.0
same_drone,MT_s004,0.1,0.2,4,1,1,2472,24.886879920959473,0.2647297050188939,0.8380922803419502,0.0
same_drone,MT_s004,0.1,0.2,4,2,2,2524,25.33614683151245,0.28810989174245094,0.8867126193849394,0.0
same_drone,MT_s004,0.1,0.2,4,3,3,2665,26.740379095077515,0.2819883920263848,1.1346132136470815,0.0
same_drone,MT_s004,0.1,0.2,4,4,4,2618,26.25896406173706,0.241250286257781,0.8034065072856521,0.0
same_drone,MT_s004,0.1,0.2,4,5,5,2530,25.401978969573975,0.24241448207490635,0.7682462885908649,0.0
same_drone,MT_s004,0.1,0.2,4,6,6,2525,25.403844833374023,0.25997224379227646,1.0075411280787754,0.012277227722772278
same_drone,MT_s004,0.1,0.2,4,7,7,2722,27.329137802124023,0.31098079858856664,6.208438994657631,0.059147685525349006
same_drone,MT_s004,0.1,0.2,4,8,8,2312,23.212925910949707,0.24755087811763588,0.834111963455196,0.006487889273356401
same_drone,MT_s004,0.1,0.2,4,9,9,2312,23.21662998199463,0.25317084865668704,0.8351245548882489,0.0
same_drone,MT_s004,0.1,0.2,4,10,10,2346,23.52618908882141,0.25480432031483957,0.8611321668474523,0.013640238704177323
same_drone,MT_s004,0.1,0.2,4,11,11,2666,26.786911964416504,0.32271351276891025,2.0136689138276083,0.011627906976744186
same_drone,MT_s004,0.1,0.2,4,12,12,2344,23.593735933303833,0.29885789028737975,0.9672379098584163,0.0
same_drone,MT_s004,0.1,0.2,4,13,13,2307,23.15007710456848,0.2800441651315282,0.855202506712027,0.0
same_drone,MT_s004,0.1,0.2,4,14,14,2625,26.3830509185791,0.29555566373309716,0.9766957587875935,0.0
same_drone,MT_s004,0.1,0.2,4,15,15,2334,23.44292402267456,0.2789848400735533,0.9194794838531715,0.0
same_drone,MT_s004,0.1,0.5,0,1,1,2472,24.886879920959473,0.5716252283211816,2.1021116739580155,0.0
same_drone,MT_s004,0.1,0.5,0,2,2,2524,25.33614683151245,0.6167122748167495,2.42190466863707,0.0
same_drone,MT_s004,0.1,0.5,0,3,3,2665,26.740379095077515,0.6568595563408905,2.407816910342677,0.01275797373358349
same_drone,MT_s004,0.1,0.5,0,4,4,2618,26.25896406173706,0.518421763574942,1.9675537531395784,0.0
same_drone,MT_s004,0.1,0.5,0,5,5,2530,25.401978969573975,0.6292764358108691,2.2229488075892503,0.005533596837944664
same_drone,MT_s004,0.1,0.5,0,6,6,2525,25.403844833374023,0.6507863304335615,3.1356308575053387,0.02099009900990099
same_drone,MT_s004,0.1,0.5,0,7,7,2722,27.329137802124023,0.7537580113927902,8.704437667857372,0.055841293166789124
same_drone,MT_s004,0.1,0.5,0,8,8,2312,23.212925910949707,0.5029919101291114,2.096672642034568,0.009515570934256055
same_drone,MT_s004,0.1,0.5,0,9,9,2312,23.21662998199463,0.4759613014129407,2.097974486051772,0.007352941176470588
same_drone,MT_s004,0.1,0.5,0,10,10,2346,23.52618908882141,0.5674648418595587,2.367939215793726,0.013640238704177323
same_drone,MT_s004,0.1,0.5,0,11,11,2666,26.786911964416504,0.8029396936634541,3.677407774413453,0.02213053263315829
same_drone,MT_s004,0.1,0.5,0,12,12,2344,23.593735933303833,0.7031217754045151,2.464524166929377,0.0
same_drone,MT_s004,0.1,0.5,0,13,13,2307,23.15007710456848,0.6744487291342125,2.698754424194835,0.0
same_drone,MT_s004,0.1,0.5,0,14,14,2625,26.3830509185791,0.6552885927056025,2.5263331182297066,0.0
same_drone,MT_s004,0.1,0.5,0,15,15,2334,23.44292402267456,0.5286683724343391,2.2094562846774846,0.0
same_drone,MT_s004,0.1,0.5,1,1,1,2472,24.886879920959473,0.5670523064173381,2.297903604234013,0.0
same_drone,MT_s004,0.1,0.5,1,2,2,2524,25.33614683151245,0.6592937857323733,2.5989479498448897,0.004754358161648178
same_drone,MT_s004,0.1,0.5,1,3,3,2665,26.740379095077515,0.6346493774388478,2.516216439790116,0.018386491557223265
same_drone,MT_s004,0.1,0.5,1,4,4,2618,26.25896406173706,0.5295696384383923,2.011663422709845,0.0
same_drone,MT_s004,0.1,0.5,1,5,5,2530,25.401978969573975,0.5677458587837094,2.1218157294163333,0.0
same_drone,MT_s004,0.1,0.5,1,6,6,2525,25.403844833374023,0.6038341473159221,3.2380180542164294,0.0403960396039604
same_drone,MT_s004,0.1,0.5,1,7,7,2722,27.329137802124023,0.598395588129268,5.630696577076085,0.055841293166789124
same_drone,MT_s004,0.1,0.5,1,8,8,2312,23.212925910949707,0.5632746147155672,2.2012995429795783,0.008217993079584774
same_drone,MT_s004,0.1,0.5,1,9,9,2312,23.21662998199463,0.5256039330752031,2.187997826986123,0.006920415224913495
same_drone,MT_s004,0.1,0.5,1,10,10,2346,23.52618908882141,0.5389054516118961,2.4623032573008494,0.014066496163682864
same_drone,MT_s004,0.1,0.5,1,11,11,2666,26.786911964416504,0.7366723345136954,4.536455711655037,0.028882220555138786
same_drone,MT_s004,0.1,0.5,1,12,12,2344,23.593735933303833,0.6604475102925562,2.460044228150977,0.0
same_drone,MT_s004,0.1,0.5,1,13,13,2307,23.15007710456848,0.605180214146344,2.6803625676885083,0.0
same_drone,MT_s004,0.1,0.5,1,14,14,2625,26.3830509185791,0.6290853942886372,2.445263788339423,0.0
same_drone,MT_s004,0.1,0.5,1,15,15,2334,23.44292402267456,0.5013141898081415,2.2461126473654063,0.00728363324764353
same_drone,MT_s004,0.1,0.5,2,1,1,2472,24.886879920959473,0.5626095430832123,2.1977199116453554,0.0
same_drone,MT_s004,0.1,0.5,2,2,2,2524,25.33614683151245,0.6475645139209334,2.505062118540126,0.0
same_drone,MT_s004,0.1,0.5,2,3,3,2665,26.740379095077515,0.6519935038169251,2.5633784943390423,0.01651031894934334
same_drone,MT_s004,0.1,0.5,2,4,4,2618,26.25896406173706,0.49970470506572795,2.020811632957056,0.0
same_drone,MT_s004,0.1,0.5,2,5,5,2530,25.401978969573975,0.555645695984218,2.128979305208629,0.0011857707509881424
same_drone,MT_s004,0.1,0.5,2,6,6,2525,25.403844833374023,0.5851258880126124,2.796373499979125,0.012277227722772278
same_drone,MT_s004,0.1,0.5,2,7,7,2722,27.329137802124023,0.6054738624716833,5.271583441109992,0.03710506980161646
same_drone,MT_s004,0.1,0.5,2,8,8,2312,23.212925910949707,0.5106880122013848,2.1730025487354747,0.009515570934256055
same_drone,MT_s004,0.1,0.5,2,9,9,2312,23.21662998199463,0.48877482317121235,2.002077827595599,0.006055363321799308
same_drone,MT_s004,0.1,0.5,2,10,10,2346,23.52618908882141,0.49624254994174066,2.5042422570522405,0.014066496163682864
same_drone,MT_s004,0.1,0.5,2,11,11,2666,26.786911964416504,0.8241663050091432,4.031643077518247,0.03075768942235559
same_drone,MT_s004,0.1,0.5,2,12,12,2344,23.593735933303833,0.653641073134068,2.5925516462887694,0.0
same_drone,MT_s004,0.1,0.5,2,13,13,2307,23.15007710456848,0.6447333266510356,2.725406658228775,0.0
same_drone,MT_s004,0.1,0.5,2,14,14,2625,26.3830509185791,0.6915325113568542,2.7735836759836947,0.0
same_drone,MT_s004,0.1,0.5,2,15,15,2334,23.44292402267456,0.4931488555282755,2.3315257605922923,0.0
same_drone,MT_s004,0.1,0.5,3,1,1,2472,24.886879920959473,0.5544954247421714,2.232328987770964,0.0
same_drone,MT_s004,0.1,0.5,3,2,2,2524,25.33614683151245,0.6151963835530072,2.4031003276351828,0.004358161648177496
same_drone,MT_s004,0.1,0.5,3,3,3,2665,26.740379095077515,0.6611160029480487,2.368039180775,0.007129455909943715
same_drone,MT_s004,0.1,0.5,3,4,4,2618,26.25896406173706,0.49817678382166264,1.9757832506358857,0.0
same_drone,MT_s004,0.1,0.5,3,5,5,2530,25.401978969573975,0.5751692026080946,2.1997599739591958,0.0011857707509881424
same_drone,MT_s004,0.1,0.5,3,6,6,2525,25.403844833374023,0.6530107827279892,3.1043320758200297,0.012277227722772278
same_drone,MT_s004,0.1,0.5,3,7,7,2722,27.329137802124023,0.6258465057429135,5.110786223006616,0.05363703159441587
same_drone,MT_s004,0.1,0.5,3,8,8,2312,23.212925910949707,0.5560219273999394,2.241892416148815,0.009515570934256055
same_drone,MT_s004,0.1,0.5,3,9,9,2312,23.21662998199463,0.5220128626615832,2.0451682894067167,0.0008650519031141869
same_drone,MT_s004,0.1,0.5,3,10,10,2346,23.52618908882141,0.5106427323932508,2.604182723070018,0.013640238704177323
same_drone,MT_s004,0.1,0.5,3,11,11,2666,26.786911964416504,0.8378207342776989,3.720557265731472,0.015378844711177795
same_drone,MT_s004,0.1,0.5,3,12,12,2344,23.593735933303833,0.7444778719535137,3.0796755978444144,0.0
same_drone,MT_s004,0.1,0.5,3,13,13,2307,23.15007710456848,0.6603555918087523,2.809104201969137,0.0
same_drone,MT_s004,0.1,0.5,3,14,14,2625,26.3830509185791,0.7215262828712525,2.732260441425421,0.0
same_drone,MT_s004,0.1,0.5,3,15,15,2334,23.44292402267456,0.5481711397810614,2.536190333382965,0.004284490145672665
same_drone,MT_s004,0.1,0.5,4,1,1,2472,24.886879920959473,0.564287201657045,2.153381142346308,0.0
same_drone,MT_s004,0.1,0.5,4,2,2,2524,25.33614683151245,0.6463377682015548,2.403334754864104,0.0035657686212361333
same_drone,MT_s004,0.1,0.5,4,3,3,2665,26.740379095077515,0.5477015059347821,2.450296238011899,0.015384615384615385
same_drone,MT_s004,0.1,0.5,4,4,4,2618,26.25896406173706,0.5366795008682086,1.941219276465072,0.0
same_drone,MT_s004,0.1,0.5,4,5,5,2530,25.401978969573975,0.6394618319634091,2.267548227893343,0.005928853754940711
same_drone,MT_s004,0.1,0.5,4,6,6,2525,25.403844833374023,0.6533581897878094,2.602598688562869,0.011881188118811881
same_drone,MT_s004,0.1,0.5,4,7,7,2722,27.329137802124023,0.6166982252625139,5.273164742367191,0.044452608376193976
same_drone,MT_s004,0.1,0.5,4,8,8,2312,23.212925910949707,0.530836677660588,2.172820446953779,0.009083044982698962
same_drone,MT_s004,0.1,0.5,4,9,9,2312,23.21662998199463,0.5067105836039332,1.9601512341907708,0.005622837370242215
same_drone,MT_s004,0.1,0.5,4,10,10,2346,23.52618908882141,0.5325683178549241,2.658606437620673,0.014066496163682864
same_drone,MT_s004,0.1,0.5,4,11,11,2666,26.786911964416504,0.7153831733466607,3.6583018081841487,0.02738184546136534
same_drone,MT_s004,0.1,0.5,4,12,12,2344,23.593735933303833,0.6104065092266211,2.40782357325863,0.0
same_drone,MT_s004,0.1,0.5,4,13,13,2307,23.15007710456848,0.5909428073724143,2.6498556180988886,0.0
same_drone,MT_s004,0.1,0.5,4,14,14,2625,26.3830509185791,0.6276720045632374,2.50685713204831,0.0
same_drone,MT_s004,0.1,0.5,4,15,15,2334,23.44292402267456,0.5869629760014163,2.3892092953437,0.0
same_drone,MT_s004,0.3,0.01,0,1,1,2472,24.886879920959473,0.16105305043292617,0.41848373958036406,0.0
same_drone,MT_s004,0.3,0.01,0,2,2,2524,25.33614683151245,0.1611191787993249,0.4366700825260708,0.0
same_drone,MT_s004,0.3,0.01,0,3,3,2665,26.740379095077515,0.17061623512242363,0.4939759296511112,0.0
same_drone,MT_s004,0.3,0.01,0,4,4,2618,26.25896406173706,0.15041978421939461,0.4240291303660428,0.0
same_drone,MT_s004,0.3,0.01,0,5,5,2530,25.401978969573975,0.1585374702344211,0.39997021605060323,0.0
same_drone,MT_s004,0.3,0.01,0,6,6,2525,25.403844833374023,0.16061169584155266,0.47504757354743377,0.0019801980198019802
same_drone,MT_s004,0.3,0.01,0,7,7,2722,27.329137802124023,0.24972201949022121,36.424156979774146,0.20609845701689933
same_drone,MT_s004,0.3,0.01,0,8,8,2312,23.212925910949707,0.5618775095516213,124.00605280200861,0.47794117647058826
same_drone,MT_s004,0.3,0.01,0,9,9,2312,23.21662998199463,0.15502864184019494,0.4027418158824802,0.0
same_drone,MT_s004,0.3,0.01,0,10,10,2346,23.52618908882141,0.1664219319342113,0.43070130563466336,0.013640238704177323
same_drone,MT_s004,0.3,0.01,0,11,11,2666,26.786911964416504,0.20579847037814147,6.064652312822474,0.007126781695423856
same_drone,MT_s004,0.3,0.01,0,12,12,2344,23.593735933303833,0.15817260840616143,0.4192665533186017,0.0
same_drone,MT_s004,0.3,0.01,0,13,13,2307,23.15007710456848,0.15910341055645005,0.4225789039288714,0.0
same_drone,MT_s004,0.3,0.01,0,14,14,2625,26.3830509185791,0.15752786657787965,0.44407185798907556,0.0
same_drone,MT_s004,0.3,0.01,0,15,15,2334,23.44292402267456,0.1824511968006135,4.9390167363229365,0.0
same_drone,MT_s004,0.3,0.01,1,1,1,2472,24.886879920959473,0.16129416939560315,0.41526075427419756,0.0
same_drone,MT_s004,0.3,0.01,1,2,2,2524,25.33614683151245,0.15901508224733973,0.43064599186770397,0.0
same_drone,MT_s004,0.3,0.01,1,3,3,2665,26.740379095077515,5.889947581987769,115.98385848528923,0.4525328330206379
same_drone,MT_s004,0.3,0.01,1,4,4,2618,26.25896406173706,0.16926016783176223,0.5337608063239457,0.04851031321619557
same_drone,MT_s004,0.3,0.01,1,5,5,2530,25.401978969573975,0.15227574701583535,0.4076492920639647,0.0
same_drone,MT_s004,0.3,0.01,1,6,6,2525,25.403844833374023,0.16925365326481057,0.4986289605043566,0.002772277227722772
same_drone,MT_s004,0.3,0.01,1,7,7,2722,27.329137802124023,0.25508174342230916,36.45132148662654,0.20609845701689933
same_drone,MT_s004,0.3,0.01,1,8,8,2312,23.212925910949707,40.340957335706285,116.13525596742772,0.5445501730103807
same_drone,MT_s004,0.3,0.01,1,9,9,2312,23.21662998199463,0.14883841090272654,0.40966837168761167,0.0
same_drone,MT_s004,0.3,0.01,1,10,10,2346,23.52618908882141,0.16978920855504498,0.4462246377056278,0.013640238704177323
same_drone,MT_s004,0.3,0.01,1,11,11,2666,26.786911964416504,0.20999518852978838,6.056488039839991,0.006751687921980495
same_drone,MT_s004,0.3,0.01,1,12,12,2344,23.593735933303833,0.15635461182679933,0.42202456200607813,0.0
same_drone,MT_s004,0.3,0.01,1,13,13,2307,23.15007710456848,0.15418479650396932,0.42722018504353526,0.0
same_drone,MT_s004,0.3,0.01,1,14,14,2625,26.3830509185791,0.16069665975197722,0.45999132413838667,0.0
same_drone,MT_s004,0.3,0.01,1,15,15,2334,23.44292402267456,0.19119387532529686,6.060954440470624,0.0
same_drone,MT_s004,0.3,0.01,2,1,1,2472,24.886879920959473,0.16799227461292077,0.42722070979027366,0.0
same_drone,MT_s004,0.3,0.01,2,2,2,2524,25.33614683151245,0.15363988162885533,0.4040844029144126,0.0
same_drone,MT_s004,0.3,0.01,2,3,3,2665,26.740379095077515,5.909409321075344,115.9643475985218,0.4529080675422139
same_drone,MT_s004,0.3,0.01,2,4,4,2618,26.25896406173706,0.2107925892739928,97.52656735558055,0.17914438502673796
same_drone,MT_s004,0.3,0.01,2,5,5,2530,25.401978969573975,0.15418267728045976,0.3952493087045887,0.0
same_drone,MT_s004,0.3,0.01,2,6,6,2525,25.403844833374023,0.20009831985127846,7.354566492336792,0.018613861386138613
same_drone,MT_s004,0.3,0.01,2,7,7,2722,27.329137802124023,0.1811601483893952,0.7235075014084368,0.009551800146950772
same_drone,MT_s004,0.3,0.01,2,8,8,2312,23.212925910949707,0.16217792061033975,0.4267976573567557,0.0038927335640138406
same_drone,MT_s004,0.3,0.01,2,9,9,2312,23.21662998199463,0.16243354763055606,0.41470897041004523,0.0
same_drone,MT_s004,0.3,0.01,2,10,10,2346,23.52618908882141,0.16723946046393934,0.43166215267247665,0.013640238704177323
same_drone,MT_s004,0.3,0.01,2,11,11,2666,26.786911964416504,0.1904179568743487,4.898862777658373,0.006376594148537134
same_drone,MT_s004,0.3,0.01,2,12,12,2344,23.593735933303833,0.15994559255774732,0.41050290886661434,0.0
same_drone,MT_s004,0.3,0.01,2,13,13,2307,23.15007710456848,0.16038430546819882,0.4186093243978974,0.0
same_drone,MT_s004,0.3,0.01,2,14,14,2625,26.3830509185791,0.16551192496984868,0.47394784570062987,0.0
same_drone,MT_s004,0.3,0.01,2,15,15,2334,23.44292402267456,10.70990913767541,116.23831051148467,0.45758354755784064
same_drone,MT_s004,0.3,0.01,3,1,1,2472,24.886879920959473,0.16032547419901277,0.4229747054452574,0.0
same_drone,MT_s004,0.3,0.01,3,2,2,2524,25.33614683151245,0.16434176000730005,0.4364135394571748,0.0
same_drone,MT_s004,0.3,0.01,3,3,3,2665,26.740379095077515,0.16218597972221005,0.4668405037452003,0.0
same_drone,MT_s004,0.3,0.01,3,4,4,2618,26.25896406173706,0.15799220807141268,0.4128261640025555,0.0
same_drone,MT_s004,0.3,0.01,3,5,5,2530,25.401978969573975,0.15221069364502426,0.3933382946064557,0.0
same_drone,MT_s004,0.3,0.01,3,6,6,2525,25.403844833374023,0.16943999874996507,0.5006663177165876,0.0035643564356435645
same_drone,MT_s004,0.3,0.01,3,7,7,2722,27.329137802124023,0.21013669064657226,14.051144609769674,0.0973548861131521
same_drone,MT_s004,0.3,0.01,3,8,8,2312,23.212925910949707,0.1691002158118522,0.443915836867722,0.006487889273356401
same_drone,MT_s004,0.3,0.01,3,9,9,2312,23.21662998199463,0.15798354971231277,0.41843032247400347,0.0
same_drone,MT_s004,0.3,0.01,3,10,10,2346,23.52618908882141,0.1625361236215923,0.44606066738523964,0.013640238704177323
same_drone,MT_s004,0.3,0.01,3,11,11,2666,26.786911964416504,0.18964521626695685,4.431682235570001,0.006376594148537134
same_drone,MT_s004,0.3,0.01,3,12,12,2344,23.593735933303833,0.15394824903913218,0.41532250875973203,0.0
same_drone,MT_s004,0.3,0.01,3,13,13,2307,23.15007710456848,0.15889258824348929,0.40894927881155924,0.0
same_drone,MT_s004,0.3,0.01,3,14,14,2625,26.3830509185791,0.16558475199535394,0.4808742814515652,0.0
same_drone,MT_s004,0.3,0.01,3,15,15,2334,23.44292402267456,10.693723443124853,116.23996485355495,0.45758354755784064
same_drone,MT_s004,0.3,0.01,4,1,1,2472,24.886879920959473,0.1625982355047597,0.42341267302070235,0.0
same_drone,MT_s004,0.3,0.01,4,2,2,2524,25.33614683151245,0.1587229940924999,0.43115190677169585,0.0
same_drone,MT_s004,0.3,0.01,4,3,3,2665,26.740379095077515,0.1663579585925845,0.4842543223497642,0.0
same_drone,MT_s004,0.3,0.01,4,4,4,2618,26.25896406173706,0.1863357563728414,0.817566086379886,0.0
same_drone,MT_s004,0.3,0.01,4,5,5,2530,25.401978969573975,0.14878928033040495,0.3865486757380067,0.0
same_drone,MT_s004,0.3,0.01,4,6,6,2525,25.403844833374023,0.17293844890042465,0.49784633841119047,0.0039603960396039604
same_drone,MT_s004,0.3,0.01,4,7,7,2722,27.329137802124023,0.24655791272718375,36.427747649412176,0.2064658339456282
same_drone,MT_s004,0.3,0.01,4,8,8,2312,23.212925910949707,0.2158472030048344,105.21107284363652,0.185121107266436
same_drone,MT_s004,0.3,0.01,4,9,9,2312,23.21662998199463,0.15702468280012027,0.42723927896044933,0.0
same_drone,MT_s004,0.3,0.01,4,10,10,2346,23.52618908882141,0.1697151787698914,0.4538388402244635,0.013640238704177323
same_drone,MT_s004,0.3,0.01,4,11,11,2666,26.786911964416504,0.19881844327318277,5.949879068387347,0.014253563390847712
same_drone,MT_s004,0.3,0.01,4,12,12,2344,23.593735933303833,0.15463377005521295,0.4000058785822965,0.0
same_drone,MT_s004,0.3,0.01,4,13,13,2307,23.15007710456848,0.15510293194095937,0.42397301112931707,0.0
same_drone,MT_s004,0.3,0.01,4,14,14,2625,26.3830509185791,0.16682368970356265,0.4856130221827243,0.0
same_drone,MT_s004,0.3,0.01,4,15,15,2334,23.44292402267456,11.450910101697104,116.22719870479,0.459725792630677
same_drone,MT_s004,0.3,0.05,0,1,1,2472,24.886879920959473,0.21594854082496795,0.5799853440335966,0.0
same_drone,MT_s004,0.3,0.05,0,2,2,2524,25.33614683151245,0.20437744840938876,0.5818657020942725,0.0
same_drone,MT_s004,0.3,0.05,0,3,3,2665,26.740379095077515,0.20440696274408765,0.6718981907950429,0.0
same_drone,MT_s004,0.3,0.05,0,4,4,2618,26.25896406173706,0.19199787319138295,0.5634920176073139,0.0
same_drone,MT_s004,0.3,0.05,0,5,5,2530,25.401978969573975,0.19839426205730604,0.5332093949020219,0.0
same_drone,MT_s004,0.3,0.05,0,6,6,2525,25.403844833374023,0.22483937443564628,0.6661299879702184,0.004356435643564357
same_drone,MT_s004,0.3,0.05,0,7,7,2722,27.329137802124023,0.28360519034369247,8.03792746301035,0.05143277002204261
same_drone,MT_s004,0.3,0.05,0,8,8,2312,23.212925910949707,0.1972124083639848,0.5817775406434208,0.007352941176470588
same_drone,MT_s004,0.3,0.05,0,9,9,2312,23.21662998199463,0.20929989479397193,0.548012163768411,0.0
same_drone,MT_s004,0.3,0.05,0,10,10,2346,23.52618908882141,0.207616312395853,0.6127126707552506,0.014066496163682864
same_drone,MT_s004,0.3,0.05,0,11,11,2666,26.786911964416504,0.2304700056875859,1.5426951059964296,0.025131282820705175
same_drone,MT_s004,0.3,0.05,0,12,12,2344,23.593735933303833,0.19276353819651604,0.5570958129172697,0.0
same_drone,MT_s004,0.3,0.05,0,13,13,2307,23.15007710456848,0.20915881895717803,0.5821378270417201,0.0
same_drone,MT_s004,0.3,0.05,0,14,14,2625,26.3830509185791,0.2010511808952593,0.6588480569272318,0.0
same_drone,MT_s004,0.3,0.05,0,15,15,2334,23.44292402267456,0.2232084841157942,0.663534045487832,0.0
same_drone,MT_s004,0.3,0.05,1,1,1,2472,24.886879920959473,0.25775966427937647,1.007701710782969,0.0
same_drone,MT_s004,0.3,0.05,1,2,2,2524,25.33614683151245,0.20548965094975813,0.5839910595948955,0.0
same_drone,MT_s004,0.3,0.05,1,3,3,2665,26.740379095077515,0.23648308320604983,0.6803575728110558,0.0
same_drone,MT_s004,0.3,0.05,1,4,4,2618,26.25896406173706,0.2190849719622605,0.5665773135347381,0.0
same_drone,MT_s004,0.3,0.05,1,5,5,2530,25.401978969573975,0.20257939977084405,0.5179638266184425,0.0
same_drone,MT_s004,0.3,0.05,1,6,6,2525,25.403844833374023,0.22258925439984267,0.6315161780914621,0.0039603960396039604
same_drone,MT_s004,0.3,0.05,1,7,7,2722,27.329137802124023,0.25444269251207174,5.99010776757526,0.0033063923585598823
same_drone,MT_s004,0.3,0.05,1,8,8,2312,23.212925910949707,0.20962114386898634,0.6044705247779555,0.005622837370242215
same_drone,MT_s004,0.3,0.05,1,9,9,2312,23.21662998199463,0.21249316985404576,0.5831671208955689,0.0
same_drone,MT_s004,0.3,0.05,1,10,10,2346,23.52618908882141,0.20844300413905614,0.6107606171805733,0.013640238704177323
same_drone,MT_s004,0.3,0.05,1,11,11,2666,26.786911964416504,0.21790630495750918,3.1415269589008545,0.024756189047261814
same_drone,MT_s004,0.3,0.05,1,12,12,2344,23.593735933303833,0.20135275809207087,0.539224070953748,0.0
same_drone,MT_s004,0.3,0.05,1,13,13,2307,23.15007710456848,0.21547458307226464,0.5882247874922315,0.0
same_drone,MT_s004,0.3,0.05,1,14,14,2625,26.3830509185791,0.20732363949208832,0.6589711727745309,0.0
same_drone,MT_s004,0.3,0.05,1,15,15,2334,23.44292402267456,0.21175246595858965,0.6034691669513705,0.0
same_drone,MT_s004,0.3,0.05,2,1,1,2472,24.886879920959473,0.19972615831703422,0.5705507711817522,0.0
same_drone,MT_s004,0.3,0.05,2,2,2,2524,25.33614683151245,0.21378111940583722,0.5845232911618852,0.0
same_drone,MT_s004,0.3,0.05,2,3,3,2665,26.740379095077515,0.21562004966506265,0.6105808885484577,0.0
same_drone,MT_s004,0.3,0.05,2,4,4,2618,26.25896406173706,0.19554907729681403,0.5247600387884589,0.0
same_drone,MT_s004,0.3,0.05,2,5,5,2530,25.401978969573975,0.19472590185885608,0.5451404990389377,0.0
same_drone,MT_s004,0.3,0.05,2,6,6,2525,25.403844833374023,0.2138753299711027,0.6285392151193547,0.0031683168316831685
same_drone,MT_s004,0.3,0.05,2,7,7,2722,27.329137802124023,0.3253868113140612,21.511298563552938,0.1487876561351947
same_drone,MT_s004,0.3,0.05,2,8,8,2312,23.212925910949707,0.7254352242010498,119.04763781811013,0.40268166089965396
same_drone,MT_s004,0.3,0.05,2,9,9,2312,23.21662998199463,0.2037266598195373,0.5489969528248795,0.0
same_drone,MT_s004,0.3,0.05,2,10,10,2346,23.52618908882141,0.21818555653134197,0.5927939554418344,0.014492753623188406
same_drone,MT_s004,0.3,0.05,2,11,11,2666,26.786911964416504,0.2424230212044023,4.431081940071579,0.025131282820705175
same_drone,MT_s004,0.3,0.05,2,12,12,2344,23.593735933303833,0.2027069410553679,0.5513356142623087,0.0
same_drone,MT_s004,0.3,0.05,2,13,13,2307,23.15007710456848,0.19214003735734764,0.5302406119635066,0.0
same_drone,MT_s004,0.3,0.05,2,14,14,2625,26.3830509185791,0.22485217230219234,0.6357521140603807,0.0
same_drone,MT_s004,0.3,0.05,2,15,15,2334,23.44292402267456,0.20178178682083114,0.59821265907206,0.0
same_drone,MT_s004,0.3,0.05,3,1,1,2472,24.886879920959473,0.20492314190218508,0.5896455262206615,0.0
same_drone,MT_s004,0.3,0.05,3,2,2,2524,25.33614683151245,0.19669507406707254,0.5473037970819405,0.0
same_drone,MT_s004,0.3,0.05,3,3,3,2665,26.740379095077515,0.2231347620171107,0.6251963225403413,0.0
same_drone,MT_s004,0.3,0.05,3,4,4,2618,26.25896406173706,0.21101306776614592,0.5470906673696462,0.0
same_drone,MT_s004,0.3,0.05,3,5,5,2530,25.401978969573975,0.18792337192886066,0.5235939122456557,0.0
same_drone,MT_s004,0.3,0.05,3,6,6,2525,25.403844833374023,0.20725304368875186,0.676061858214791,0.004356435643564357
same_drone,MT_s004,0.3,0.05,3,7,7,2722,27.329137802124023,0.24827689113231344,5.270513921194642,0.009551800146950772
same_drone,MT_s004,0.3,0.05,3,8,8,2312,23.212925910949707,0.21329133134482703,0.5662611867714936,0.006055363321799308
same_drone,MT_s004,0.3,0.05,3,9,9,2312,23.21662998199463,0.19840423816403074,0.5593002312375461,0.0
same_drone,MT_s004,0.3,0.05,3,10,10,2346,23.52618908882141,0.21493686684019053,0.5932970960667561,0.014919011082693947
same_drone,MT_s004,0.3,0.05,3,11,11,2666,26.786911964416504,0.2156708063535433,3.7314299039477135,0.024381095273818456
same_drone,MT_s004,0.3,0.05,3,12,12,2344,23.593735933303833,0.21026455533487365,0.5685733648593726,0.0
same_drone,MT_s004,0.3,0.05,3,13,13,2307,23.15007710456848,0.20713031815864724,0.5662043193670542,0.0
same_drone,MT_s004,0.3,0.05,3,14,14,2625,26.3830509185791,0.22039843963013084,0.6621148711742249,0.0
same_drone,MT_s004,0.3,0.05,3,15,15,2334,23.44292402267456,0.23514075444929716,0.7456677623503644,0.0
same_drone,MT_s004,0.3,0.05,4,1,1,2472,24.886879920959473,0.21542536873540996,0.5506888440265465,0.0
same_drone,MT_s004,0.3,0.05,4,2,2,2524,25.33614683151245,0.20851072552591177,0.5929997343602935,0.0
same_drone,MT_s004,0.3,0.05,4,3,3,2665,26.740379095077515,0.21214322541561614,0.7095707191817779,0.0
same_drone,MT_s004,0.3,0.05,4,4,4,2618,26.25896406173706,0.19619428972450237,0.5444515235911719,0.0
same_drone,MT_s004,0.3,0.05,4,5,5,2530,25.401978969573975,0.18882667919480411,0.5507787429646015,0.0
same_drone,MT_s004,0.3,0.05,4,6,6,2525,25.403844833374023,0.2254750827597718,0.6712085405544882,0.006336633663366337
same_drone,MT_s004,0.3,0.05,4,7,7,2722,27.329137802124023,0.22984390804912636,4.291447989424794,0.010286554004408524
same_drone,MT_s004,0.3,0.05,4,8,8,2312,23.212925910949707,0.2115324812272661,0.5650128310461214,0.005190311418685121
same_drone,MT_s004,0.3,0.05,4,9,9,2312,23.21662998199463,0.2098921261149087,0.544946471831183,0.0
same_drone,MT_s004,0.3,0.05,4,10,10,2346,23.52618908882141,0.2442119002033536,1.0228666147554293,0.013640238704177323
same_drone,MT_s004,0.3,0.05,4,11,11,2666,26.786911964416504,0.24809422697742178,4.5775962815358895,0.025131282820705175
same_drone,MT_s004,0.3,0.05,4,12,12,2344,23.593735933303833,0.20340765086965007,0.5690356786320082,0.0
same_drone,MT_s004,0.3,0.05,4,13,13,2307,23.15007710456848,0.21015169511312592,0.612962748541665,0.0
same_drone,MT_s004,0.3,0.05,4,14,14,2625,26.3830509185791,0.21604955161228645,0.6688613113607093,0.0
same_drone,MT_s004,0.3,0.05,4,15,15,2334,23.44292402267456,0.2086923365737765,0.588143761364319,0.0
same_drone,MT_s004,0.3,0.1,0,1,1,2472,24.886879920959473,0.26683672568115924,0.7409890337547154,0.0
same_drone,MT_s004,0.3,0.1,0,2,2,2524,25.33614683151245,0.24541006248276886,0.7416908816480028,0.0
same_drone,MT_s004,0.3,0.1,0,3,3,2665,26.740379095077515,0.2928422405055251,1.0954811757451235,0.0
same_drone,MT_s004,0.3,0.1,0,4,4,2618,26.25896406173706,0.24658445314112498,0.6890162379194188,0.0
same_drone,MT_s004,0.3,0.1,0,5,5,2530,25.401978969573975,0.23360446246958588,0.634018045875642,0.0
same_drone,MT_s004,0.3,0.1,0,6,6,2525,25.403844833374023,0.26268355798592324,0.8378034036626558,0.005148514851485149
same_drone,MT_s004,0.3,0.1,0,7,7,2722,27.329137802124023,0.42353913953819955,36.2911432476018,0.20536370315944158
same_drone,MT_s004,0.3,0.1,0,8,8,2312,23.212925910949707,51.18832166323864,115.89268101772866,0.6782006920415224
same_drone,MT_s004,0.3,0.1,0,9,9,2312,23.21662998199463,0.26161488181328707,0.7315084827053686,0.0
same_drone,MT_s004,0.3,0.1,0,10,10,2346,23.52618908882141,0.2811851397982217,0.7384021034871822,0.013640238704177323
same_drone,MT_s004,0.3,0.1,0,11,11,2666,26.786911964416504,0.3160170076583668,4.322844498289598,0.0172543135783946
same_drone,MT_s004,0.3,0.1,0,12,12,2344,23.593735933303833,0.25124186774080215,0.7006668287769054,0.0
same_drone,MT_s004,0.3,0.1,0,13,13,2307,23.15007710456848,0.25597493254826986,0.7160055041150207,0.0
same_drone,MT_s004,0.3,0.1,0,14,14,2625,26.3830509185791,0.26353907326370063,0.8587351247488413,0.0
same_drone,MT_s004,0.3,0.1,0,15,15,2334,23.44292402267456,0.2645490683737073,0.77538657461696,0.0
same_drone,MT_s004,0.3,0.1,1,1,1,2472,24.886879920959473,0.25508186101770747,0.7006312755811908,0.0
same_drone,MT_s004,0.3,0.1,1,2,2,2524,25.33614683151245,0.26072931384902276,0.721616126459074,0.0
same_drone,MT_s004,0.3,0.1,1,3,3,2665,26.740379095077515,0.26407127574543665,0.8864266911367134,0.0
same_drone,MT_s004,0.3,0.1,1,4,4,2618,26.25896406173706,0.2715782327195626,0.7139773989829848,0.0
same_drone,MT_s004,0.3,0.1,1,5,5,2530,25.401978969573975,0.23415892245526848,0.6494924492280425,0.0
same_drone,MT_s004,0.3,0.1,1,6,6,2525,25.403844833374023,0.27421187974238137,0.7699581621661193,0.008712871287128714
same_drone,MT_s004,0.3,0.1,1,7,7,2722,27.329137802124023,0.40691816104676093,36.22156727004011,0.20462894930198383
same_drone,MT_s004,0.3,0.1,1,8,8,2312,23.212925910949707,19.064906048777985,115.92552583906115,0.5069204152249135
same_drone,MT_s004,0.3,0.1,1,9,9,2312,23.21662998199463,0.2602860765729673,0.6515739051052833,0.0
same_drone,MT_s004,0.3,0.1,1,10,10,2346,23.52618908882141,0.2576502572820729,0.715056652924698,0.013640238704177323
same_drone,MT_s004,0.3,0.1,1,11,11,2666,26.786911964416504,0.28318657577931106,4.510657251728993,0.01387846961740435
same_drone,MT_s004,0.3,0.1,1,12,12,2344,23.593735933303833,0.2459551329934726,0.7498470839373624,0.0
same_drone,MT_s004,0.3,0.1,1,13,13,2307,23.15007710456848,0.2552251422980021,0.7622597418839178,0.0
same_drone,MT_s004,0.3,0.1,1,14,14,2625,26.3830509185791,0.27031752019109945,0.7992001940893374,0.0
same_drone,MT_s004,0.3,0.1,1,15,15,2334,23.44292402267456,0.26131111010496966,0.8031348522481644,0.0
same_drone,MT_s004,0.3,0.1,2,1,1,2472,24.886879920959473,0.2668223676496382,0.7805713402610387,0.0
same_drone,MT_s004,0.3,0.1,2,2,2,2524,25.33614683151245,0.28366730617820224,0.7656067787204109,0.0
same_drone,MT_s004,0.3,0.1,2,3,3,2665,26.740379095077515,0.26390708955628384,1.0079527748568005,0.0
same_drone,MT_s004,0.3,0.1,2,4,4,2618,26.25896406173706,0.23896668240858077,0.6957877405973876,0.0
same_drone,MT_s004,0.3,0.1,2,5,5,2530,25.401978969573975,0.23026873160212347,0.6759167410135134,0.0
same_drone,MT_s004,0.3,0.1,2,6,6,2525,25.403844833374023,0.26496440444861946,0.8258201926563231,0.005148514851485149
same_drone,MT_s004,0.3,0.1,2,7,7,2722,27.329137802124023,0.38447781526115676,36.283624174337334,0.20536370315944158
same_drone,MT_s004,0.3,0.1,2,8,8,2312,23.212925910949707,0.39627451558283155,115.92676917180808,0.2370242214532872
same_drone,MT_s004,0.3,0.1,2,9,9,2312,23.21662998199463,0.25234692322132446,0.7114586167782889,0.0
same_drone,MT_s004,0.3,0.1,2,10,10,2346,23.52618908882141,0.24991683172980572,0.7334131880723831,0.013640238704177323
same_drone,MT_s004,0.3,0.1,2,11,11,2666,26.786911964416504,0.2597914528696066,3.6661343498175896,0.0277569392348087
same_drone,MT_s004,0.3,0.1,2,12,12,2344,23.593735933303833,0.27034088127727784,0.7371713093672725,0.0
same_drone,MT_s004,0.3,0.1,2,13,13,2307,23.15007710456848,0.28875543727662034,0.8451612195650228,0.0
same_drone,MT_s004,0.3,0.1,2,14,14,2625,26.3830509185791,0.2937047562769166,0.9112802460358123,0.0
same_drone,MT_s004,0.3,0.1,2,15,15,2334,23.44292402267456,0.25170132322416805,0.7350162083600854,0.0
same_drone,MT_s004,0.3,0.1,3,1,1,2472,24.886879920959473,0.2761135314641052,0.7780339527105511,0.0
same_drone,MT_s004,0.3,0.1,3,2,2,2524,25.33614683151245,0.2651476553742924,0.7902512752431221,0.0
same_drone,MT_s004,0.3,0.1,3,3,3,2665,26.740379095077515,0.27872888164722553,0.9177030771462251,0.0
same_drone,MT_s004,0.3,0.1,3,4,4,2618,26.25896406173706,0.2677234520520777,0.7279577894816427,0.0
same_drone,MT_s004,0.3,0.1,3,5,5,2530,25.401978969573975,0.2554378631658665,0.6495856640520826,0.0
same_drone,MT_s004,0.3,0.1,3,6,6,2525,25.403844833374023,0.26140747553627364,0.7697813164621946,0.006336633663366337
same_drone,MT_s004,0.3,0.1,3,7,7,2722,27.329137802124023,0.385288809466374,36.2861799805869,0.20462894930198383
same_drone,MT_s004,0.3,0.1,3,8,8,2312,23.212925910949707,0.405471512919938,115.93003686967567,0.2378892733564014
same_drone,MT_s004,0.3,0.1,3,9,9,2312,23.21662998199463,0.26436169169180346,0.6756268514724492,0.0
same_drone,MT_s004,0.3,0.1,3,10,10,2346,23.52618908882141,0.26687505288185775,0.7460052736539922,0.013640238704177323
same_drone,MT_s004,0.3,0.1,3,11,11,2666,26.786911964416504,0.31854974926641333,4.867595036504582,0.019504876219054765
same_drone,MT_s004,0.3,0.1,3,12,12,2344,23.593735933303833,0.26126289860482643,0.7261130598452838,0.0
same_drone,MT_s004,0.3,0.1,3,13,13,2307,23.15007710456848,0.2758942230317487,0.7860261353616892,0.0
same_drone,MT_s004,0.3,0.1,3,14,14,2625,26.3830509185791,0.2749143325688692,0.8438017911280324,0.0
same_drone,MT_s004,0.3,0.1,3,15,15,2334,23.44292402267456,0.25896165596736864,0.8098747038692643,0.0
same_drone,MT_s004,0.3,0.1,4,1,1,2472,24.886879920959473,0.24985827694236207,0.7305629384392999,0.0
same_drone,MT_s004,0.3,0.1,4,2,2,2524,25.33614683151245,0.26370161330121533,0.7587249877791032,0.0
same_drone,MT_s004,0.3,0.1,4,3,3,2665,26.740379095077515,0.25160576081844965,1.0336805601134784,0.0
same_drone,MT_s004,0.3,0.1,4,4,4,2618,26.25896406173706,0.24097189741362968,0.6694548533442771,0.0
same_drone,MT_s004,0.3,0.1,4,5,5,2530,25.401978969573975,0.24897414411354646,0.6415642142288673,0.0
same_drone,MT_s004,0.3,0.1,4,6,6,2525,25.403844833374023,0.26118468704403597,0.7936393062946364,0.005544554455445544
same_drone,MT_s004,0.3,0.1,4,7,7,2722,27.329137802124023,0.3840892186075422,36.314020163284745,0.20536370315944158
same_drone,MT_s004,0.3,0.1,4,8,8,2312,23.212925910949707,0.3529780050566558,115.89793046684834,0.23918685121107267
same_drone,MT_s004,0.3,0.1,4,9,9,2312,23.21662998199463,0.27692137213831103,0.7021626328472821,0.0
same_drone,MT_s004,0.3,0.1,4,10,10,2346,23.52618908882141,0.27690687109272893,0.7217508830252513,0.015345268542199489
same_drone,MT_s004,0.3,0.1,4,11,11,2666,26.786911964416504,0.27985856572725254,2.6292563321747338,0.021005251312828207
same_drone,MT_s004,0.3,0.1,4,12,12,2344,23.593735933303833,0.2825724147752524,0.7459303552450284,0.0
same_drone,MT_s004,0.3,0.1,4,13,13,2307,23.15007710456848,0.2717336500727754,0.7500022773245576,0.0
same_drone,MT_s004,0.3,0.1,4,14,14,2625,26.3830509185791,0.2924411896645722,0.8451129281165094,0.0
same_drone,MT_s004,0.3,0.1,4,15,15,2334,23.44292402267456,0.28141508831004813,0.8220926045885678,0.0
same_drone,MT_s004,0.3,0.2,0,1,1,2472,24.886879920959473,0.3714148398781134,1.0974254627405151,0.0
same_drone,MT_s004,0.3,0.2,0,2,2,2524,25.33614683151245,0.3679157763185401,1.1037897050542806,0.0
same_drone,MT_s004,0.3,0.2,0,3,3,2665,26.740379095077515,0.34236758150339597,1.083131138734393,0.0
same_drone,MT_s004,0.3,0.2,0,4,4,2618,26.25896406173706,0.37632030237983827,1.0371099312772407,0.0
same_drone,MT_s004,0.3,0.2,0,5,5,2530,25.401978969573975,0.37107678428692026,1.0396826545499291,0.0
same_drone,MT_s004,0.3,0.2,0,6,6,2525,25.403844833374023,0.3468690518461983,1.2711408699741038,0.006336633663366337
same_drone,MT_s004,0.3,0.2,0,7,7,2722,27.329137802124023,0.3775136122367222,1.7055879958674924,0.011756061719324026
same_drone,MT_s004,0.3,0.2,0,8,8,2312,23.212925910949707,0.3607195491912307,1.0264329158277243,0.006487889273356401
same_drone,MT_s004,0.3,0.2,0,9,9,2312,23.21662998199463,0.36489174207869723,1.117011444869039,0.0
same_drone,MT_s004,0.3,0.2,0,10,10,2346,23.52618908882141,0.3562347635746157,1.0921589022236873,0.014492753623188406
same_drone,MT_s004,0.3,0.2,0,11,11,2666,26.786911964416504,0.38023727302851285,3.7292841616054844,0.005626406601650412
same_drone,MT_s004,0.3,0.2,0,12,12,2344,23.593735933303833,0.397120685773956,1.2221843683768439,0.0
same_drone,MT_s004,0.3,0.2,0,13,13,2307,23.15007710456848,0.3676103205539327,1.2189062841457659,0.0
same_drone,MT_s004,0.3,0.2,0,14,14,2625,26.3830509185791,0.38987727812622097,1.2742581050842432,0.0
same_drone,MT_s004,0.3,0.2,0,15,15,2334,23.44292402267456,0.31164195224798164,1.0475158182469333,0.0
same_drone,MT_s004,0.3,0.2,1,1,1,2472,24.886879920959473,0.341656602465477,1.054849415647496,0.0
same_drone,MT_s004,0.3,0.2,1,2,2,2524,25.33614683151245,0.35398435363028824,1.0840472323197252,0.0
same_drone,MT_s004,0.3,0.2,1,3,3,2665,26.740379095077515,0.3574385932387827,1.0961705747755328,0.0
same_drone,MT_s004,0.3,0.2,1,4,4,2618,26.25896406173706,0.3211239684357281,1.0229231753812706,0.0
same_drone,MT_s004,0.3,0.2,1,5,5,2530,25.401978969573975,0.38457655966256254,0.9972282357777373,0.0
same_drone,MT_s004,0.3,0.2,1,6,6,2525,25.403844833374023,0.3486616362700943,1.223384293483899,0.011485148514851485
same_drone,MT_s004,0.3,0.2,1,7,7,2722,27.329137802124023,0.4257227012412024,3.14009641813607,0.01653196179279941
same_drone,MT_s004,0.3,0.2,1,8,8,2312,23.212925910949707,0.3652094726966464,1.097694299231742,0.006487889273356401
same_drone,MT_s004,0.3,0.2,1,9,9,2312,23.21662998199463,0.34472668498946746,1.0449394188252872,0.0
same_drone,MT_s004,0.3,0.2,1,10,10,2346,23.52618908882141,0.3399226901504946,1.0547940868395358,0.013640238704177323
same_drone,MT_s004,0.3,0.2,1,11,11,2666,26.786911964416504,0.3784723309328939,1.8041859155942035,0.004126031507876969
same_drone,MT_s004,0.3,0.2,1,12,12,2344,23.593735933303833,0.3637001720554025,1.0883587611653245,0.0
same_drone,MT_s004,0.3,0.2,1,13,13,2307,23.15007710456848,0.32696366081268025,1.1533164269876126,0.0
same_drone,MT_s004,0.3,0.2,1,14,14,2625,26.3830509185791,0.42498626189436095,1.4816265476948045,0.0
same_drone,MT_s004,0.3,0.2,1,15,15,2334,23.44292402267456,0.3523928509813459,1.2273346587467981,0.0
same_drone,MT_s004,0.3,0.2,2,1,1,2472,24.886879920959473,0.34146250262149636,0.9918839851624836,0.0
same_drone,MT_s004,0.3,0.2,2,2,2,2524,25.33614683151245,0.36888137551684963,1.1447043276260715,0.0
same_drone,MT_s004,0.3,0.2,2,3,3,2665,26.740379095077515,0.3648786107447535,1.183371889477166,0.0
same_drone,MT_s004,0.3,0.2,2,4,4,2618,26.25896406173706,0.32986161591083807,1.0176890544612416,0.0
same_drone,MT_s004,0.3,0.2,2,5,5,2530,25.401978969573975,0.32402083942287163,0.8957898295030402,0.0
same_drone,MT_s004,0.3,0.2,2,6,6,2525,25.403844833374023,0.3695626644645671,1.3225562920855787,0.008712871287128714
same_drone,MT_s004,0.3,0.2,2,7,7,2722,27.329137802124023,0.3993344610037717,5.436806751276957,0.018368846436443792
same_drone,MT_s004,0.3,0.2,2,8,8,2312,23.212925910949707,0.3190399743211003,0.9670660689723661,0.005190311418685121
same_drone,MT_s004,0.3,0.2,2,9,9,2312,23.21662998199463,0.3208987770906049,0.8729956368805858,0.0
same_drone,MT_s004,0.3,0.2,2,10,10,2346,23.52618908882141,0.3506286355373902,1.1552276561961747,0.013640238704177323
same_drone,MT_s004,0.3,0.2,2,11,11,2666,26.786911964416504,0.3956758199670105,1.6184504625301486,0.005251312828207052
same_drone,MT_s004,0.3,0.2,2,12,12,2344,23.593735933303833,0.390128952125238,1.125832453576982,0.0
same_drone,MT_s004,0.3,0.2,2,13,13,2307,23.15007710456848,0.3350911941788013,1.115706626711986,0.0
same_drone,MT_s004,0.3,0.2,2,14,14,2625,26.3830509185791,0.3861933168876135,1.25003239158468,0.0
same_drone,MT_s004,0.3,0.2,2,15,15,2334,23.44292402267456,0.4023933609743473,1.154334024627304,0.0
same_drone,MT_s004,0.3,0.2,3,1,1,2472,24.886879920959473,0.3801157947028315,1.0783679466688483,0.0
same_drone,MT_s004,0.3,0.2,3,2,2,2524,25.33614683151245,0.3391544033817411,1.1242271329820384,0.0
same_drone,MT_s004,0.3,0.2,3,3,3,2665,26.740379095077515,0.35889410841980407,1.1172656823345959,0.0
same_drone,MT_s004,0.3,0.2,3,4,4,2618,26.25896406173706,0.3245668621200437,0.9132582295725771,0.0
same_drone,MT_s004,0.3,0.2,3,5,5,2530,25.401978969573975,0.32950146544521175,0.9471893334721414,0.0
same_drone,MT_s004,0.3,0.2,3,6,6,2525,25.403844833374023,0.3827608967256708,1.4007886674439067,0.008316831683168317
same_drone,MT_s004,0.3,0.2,3,7,7,2722,27.329137802124023,0.4300573830177772,5.656387423730119,0.02094048493754592
same_drone,MT_s004,0.3,0.2,3,8,8,2312,23.212925910949707,0.35161212172353373,0.9417382100813371,0.003027681660899654
same_drone,MT_s004,0.3,0.2,3,9,9,2312,23.21662998199463,0.3621038461619861,1.0316109220401843,0.0
same_drone,MT_s004,0.3,0.2,3,10,10,2346,23.52618908882141,0.36803046560844166,1.099378327472678,0.013640238704177323
same_drone,MT_s004,0.3,0.2,3,11,11,2666,26.786911964416504,0.40772927573365436,2.77312886894579,0.012753188297074268
same_drone,MT_s004,0.3,0.2,3,12,12,2344,23.593735933303833,0.3932620453670239,1.1804818825918375,0.0
same_drone,MT_s004,0.3,0.2,3,13,13,2307,23.15007710456848,0.3707262979306165,1.1238055217069305,0.0
same_drone,MT_s004,0.3,0.2,3,14,14,2625,26.3830509185791,0.37777722836693783,1.1923636128680468,0.0
same_drone,MT_s004,0.3,0.2,3,15,15,2334,23.44292402267456,0.39059020398550004,1.1452221955075517,0.0
same_drone,MT_s004,0.3,0.2,4,1,1,2472,24.886879920959473,0.33191440611214773,1.0067505495381,0.0
same_drone,MT_s004,0.3,0.2,4,2,2,2524,25.33614683151245,0.3844175977545641,1.1241081903875692,0.0
same_drone,MT_s004,0.3,0.2,4,3,3,2665,26.740379095077515,0.3557680920771702,1.361178445807201,0.0
same_drone,MT_s004,0.3,0.2,4,4,4,2618,26.25896406173706,0.32958219368377684,1.0554039143420144,0.0
same_drone,MT_s004,0.3,0.2,4,5,5,2530,25.401978969573975,0.29062843172495434,0.9456317428699716,0.0
same_drone,MT_s004,0.3,0.2,4,6,6,2525,25.403844833374023,0.3581006211912836,1.1742426270188444,0.011089108910891089
same_drone,MT_s004,0.3,0.2,4,7,7,2722,27.329137802124023,0.39634396465328336,5.80787266474636,0.014695077149155033
same_drone,MT_s004,0.3,0.2,4,8,8,2312,23.212925910949707,0.336134582137845,1.0296926567613383,0.006920415224913495
same_drone,MT_s004,0.3,0.2,4,9,9,2312,23.21662998199463,0.3317780304275133,0.986655560193886,0.0
same_drone,MT_s004,0.3,0.2,4,10,10,2346,23.52618908882141,0.3696728723116256,1.1187784207395879,0.014492753623188406
same_drone,MT_s004,0.3,0.2,4,11,11,2666,26.786911964416504,0.468637353933655,5.7488785717505095,0.034133533383345835
same_drone,MT_s004,0.3,0.2,4,12,12,2344,23.593735933303833,0.3653729275523787,1.2170843545237657,0.0
same_drone,MT_s004,0.3,0.2,4,13,13,2307,23.15007710456848,0.38892513350444347,1.123146785790408,0.0
same_drone,MT_s004,0.3,0.2,4,14,14,2625,26.3830509185791,0.34319352734046404,1.2321281079312114,0.0
same_drone,MT_s004,0.3,0.2,4,15,15,2334,23.44292402267456,0.3644773453791288,1.2129562368159605,0.0
same_drone,MT_s004,0.3,0.5,0,1,1,2472,24.886879920959473,0.6542287973458514,2.136066323773517,0.0
same_drone,MT_s004,0.3,0.5,0,2,2,2524,25.33614683151245,0.7632935403254812,2.6105988668959736,0.0
same_drone,MT_s004,0.3,0.5,0,3,3,2665,26.740379095077515,0.7339921190233909,2.412551262698567,0.007879924953095686
same_drone,MT_s004,0.3,0.5,0,4,4,2618,26.25896406173706,0.6835082607098073,2.0332003992421996,0.0
same_drone,MT_s004,0.3,0.5,0,5,5,2530,25.401978969573975,0.7084180477364583,2.210882991247589,0.0
same_drone,MT_s004,0.3,0.5,0,6,6,2525,25.403844833374023,0.7303906332846566,3.002426535429426,0.016237623762376238
same_drone,MT_s004,0.3,0.5,0,7,7,2722,27.329137802124023,0.7913646339366451,5.811916556987831,0.03820720058780309
same_drone,MT_s004,0.3,0.5,0,8,8,2312,23.212925910949707,0.6761374168325851,2.0556903182438395,0.007785467128027681
same_drone,MT_s004,0.3,0.5,0,9,9,2312,23.21662998199463,0.6900101802340153,2.376521535687771,0.00865051903114187
same_drone,MT_s004,0.3,0.5,0,10,10,2346,23.52618908882141,0.5960561886447735,2.596631230089937,0.013640238704177323
same_drone,MT_s004,0.3,0.5,0,11,11,2666,26.786911964416504,0.8517793686303321,3.9212195678918818,0.012003000750187547
same_drone,MT_s004,0.3,0.5,0,12,12,2344,23.593735933303833,0.6263933925661718,2.3454382338948174,0.0
same_drone,MT_s004,0.3,0.5,0,13,13,2307,23.15007710456848,0.8116880276359524,2.6929711562943175,0.0
same_drone,MT_s004,0.3,0.5,0,14,14,2625,26.3830509185791,0.7529817756071757,2.5273321476312725,0.0
same_drone,MT_s004,0.3,0.5,0,15,15,2334,23.44292402267456,0.5841635992961187,2.4021144253394207,0.005998286203941731
same_drone,MT_s004,0.3,0.5,1,1,1,2472,24.886879920959473,0.6307377484180705,2.283840391332838,0.0
same_drone,MT_s004,0.3,0.5,1,2,2,2524,25.33614683151245,0.6922000277258036,2.522161261223127,0.005150554675118859
same_drone,MT_s004,0.3,0.5,1,3,3,2665,26.740379095077515,0.6926351104873447,2.244245492486691,0.00675422138836773
same_drone,MT_s004,0.3,0.5,1,4,4,2618,26.25896406173706,0.5924284701094713,1.9572932846118676,0.0
same_drone,MT_s004,0.3,0.5,1,5,5,2530,25.401978969573975,0.647501002679725,2.60240396497131,0.005533596837944664
same_drone,MT_s004,0.3,0.5,1,6,6,2525,25.403844833374023,0.6965247933788703,3.019474287258879,0.011089108910891089
same_drone,MT_s004,0.3,0.5,1,7,7,2722,27.329137802124023,0.9031912092801404,9.861712112697264,0.04886113152094049
same_drone,MT_s004,0.3,0.5,1,8,8,2312,23.212925910949707,0.6540212360128805,2.2758158444687244,0.0017301038062283738
same_drone,MT_s004,0.3,0.5,1,9,9,2312,23.21662998199463,0.6546281122159403,2.3317852600350553,0.0012975778546712802
same_drone,MT_s004,0.3,0.5,1,10,10,2346,23.52618908882141,0.5975166287437581,2.577836681000427,0.013640238704177323
same_drone,MT_s004,0.3,0.5,1,11,11,2666,26.786911964416504,0.7467464273929103,3.7400023355388186,0.017629407351837958
same_drone,MT_s004,0.3,0.5,1,12,12,2344,23.593735933303833,0.645438038633749,2.844407149049886,0.0
same_drone,MT_s004,0.3,0.5,1,13,13,2307,23.15007710456848,0.6945991377272094,2.739708628311445,0.0
same_drone,MT_s004,0.3,0.5,1,14,14,2625,26.3830509185791,0.7218722494997962,2.4211221196116695,0.00038095238095238096
same_drone,MT_s004,0.3,0.5,1,15,15,2334,23.44292402267456,0.6458569920547035,2.4392293212876557,0.0
same_drone,MT_s004,0.3,0.5,2,1,1,2472,24.886879920959473,0.589445411475154,2.3819215725528835,0.0
same_drone,MT_s004,0.3,0.5,2,2,2,2524,25.33614683151245,0.7222853310570514,2.564768148920636,0.0
same_drone,MT_s004,0.3,0.5,2,3,3,2665,26.740379095077515,0.7278399852015696,2.5587189303384363,0.0150093808630394
same_drone,MT_s004,0.3,0.5,2,4,4,2618,26.25896406173706,0.5521987921849298,2.1274088316698205,0.0
same_drone,MT_s004,0.3,0.5,2,5,5,2530,25.401978969573975,0.705258569905066,2.318165162516694,0.0
same_drone,MT_s004,0.3,0.5,2,6,6,2525,25.403844833374023,0.6192399550066625,3.0159319379711804,0.006732673267326733
same_drone,MT_s004,0.3,0.5,2,7,7,2722,27.329137802124023,0.7310503726449209,6.840310419809266,0.05731080088170463
same_drone,MT_s004,0.3,0.5,2,8,8,2312,23.212925910949707,0.6255064881912489,2.304024498103184,0.005190311418685121
same_drone,MT_s004,0.3,0.5,2,9,9,2312,23.21662998199463,0.572561479398189,2.1942064725775885,0.0025951557093425604
same_drone,MT_s004,0.3,0.5,2,10,10,2346,23.52618908882141,0.6224977143373827,2.4900092142102856,0.014066496163682864
same_drone,MT_s004,0.3,0.5,2,11,11,2666,26.786911964416504,0.7793567530125305,4.272640267588471,0.04988747186796699
same_drone,MT_s004,0.3,0.5,2,12,12,2344,23.593735933303833,0.670031886106969,2.711045624900677,0.0
same_drone,MT_s004,0.3,0.5,2,13,13,2307,23.15007710456848,0.625346606515734,2.49924626083697,0.0
same_drone,MT_s004,0.3,0.5,2,14,14,2625,26.3830509185791,0.6656789281753959,2.742810677867452,0.0026666666666666666
same_drone,MT_s004,0.3,0.5,2,15,15,2334,23.44292402267456,0.5843801475184733,2.466687823952695,0.007712082262210797
same_drone,MT_s004,0.3,0.5,3,1,1,2472,24.886879920959473,0.6482928271092057,2.3360785860810016,0.0
same_drone,MT_s004,0.3,0.5,3,2,2,2524,25.33614683151245,0.7272170262330988,2.470966610871758,0.004358161648177496
same_drone,MT_s004,0.3,0.5,3,3,3,2665,26.740379095077515,0.6787839641872822,2.2155896435828306,0.010131332082551596
same_drone,MT_s004,0.3,0.5,3,4,4,2618,26.25896406173706,0.5951036719137157,2.0720591162236506,0.0
same_drone,MT_s004,0.3,0.5,3,5,5,2530,25.401978969573975,0.6352449795113699,2.19942676282037,0.0007905138339920949
same_drone,MT_s004,0.3,0.5,3,6,6,2525,25.403844833374023,0.728383648258216,2.830662559185788,0.0075247524752475245
same_drone,MT_s004,0.3,0.5,3,7,7,2722,27.329137802124023,0.6502696791266036,4.309032653805887,0.05143277002204261
same_drone,MT_s004,0.3,0.5,3,8,8,2312,23.212925910949707,0.6221151500042481,2.1050768704576632,0.009515570934256055
same_drone,MT_s004,0.3,0.5,3,9,9,2312,23.21662998199463,0.6698406563597672,2.192142586354919,0.004757785467128028
same_drone,MT_s004,0.3,0.5,3,10,10,2346,23.52618908882141,0.6002346808485335,2.442029683190068,0.014919011082693947
same_drone,MT_s004,0.3,0.5,3,11,11,2666,26.786911964416504,0.8178176957710122,3.7488278477427315,0.025506376594148537
same_drone,MT_s004,0.3,0.5,3,12,12,2344,23.593735933303833,0.7621157762045598,2.679444789340917,0.0
same_drone,MT_s004,0.3,0.5,3,13,13,2307,23.15007710456848,0.7208782920330634,2.3627986012579925,0.0
same_drone,MT_s004,0.3,0.5,3,14,14,2625,26.3830509185791,0.6139032209836159,2.4986973068347593,0.0
same_drone,MT_s004,0.3,0.5,3,15,15,2334,23.44292402267456,0.6136848153451284,2.528236809015416,0.005569837189374464
same_drone,MT_s004,0.3,0.5,4,1,1,2472,24.886879920959473,0.6424178197028283,2.303488457406838,0.0
same_drone,MT_s004,0.3,0.5,4,2,2,2524,25.33614683151245,0.7603016273080243,2.5189018824165617,0.0
same_drone,MT_s004,0.3,0.5,4,3,3,2665,26.740379095077515,0.6327695884082942,2.373146130581179,0.00825515947467167
same_drone,MT_s004,0.3,0.5,4,4,4,2618,26.25896406173706,0.5724993175463595,2.134011188928005,0.0
same_drone,MT_s004,0.3,0.5,4,5,5,2530,25.401978969573975,0.6875752033472295,2.3047651593351017,0.007509881422924901
same_drone,MT_s004,0.3,0.5,4,6,6,2525,25.403844833374023,0.7193533059326072,2.7413741633693225,0.009900990099009901
same_drone,MT_s004,0.3,0.5,4,7,7,2722,27.329137802124023,0.8068850520992612,6.475583709551486,0.04188096987509184
same_drone,MT_s004,0.3,0.5,4,8,8,2312,23.212925910949707,0.6222792584912611,2.1806349624320154,0.0017301038062283738
same_drone,MT_s004,0.3,0.5,4,9,9,2312,23.21662998199463,0.5674466728936487,2.0985543239408413,0.005190311418685121
same_drone,MT_s004,0.3,0.5,4,10,10,2346,23.52618908882141,0.6563240240578381,2.640785874394634,0.014492753623188406
same_drone,MT_s004,0.3,0.5,4,11,11,2666,26.786911964416504,0.8507123923207685,5.801023306885355,0.03338334583645911
same_drone,MT_s004,0.3,0.5,4,12,12,2344,23.593735933303833,0.6606592352465555,2.4170647815784982,0.0
same_drone,MT_s004,0.3,0.5,4,13,13,2307,23.15007710456848,0.7709422095078651,2.9313700355523453,0.0
same_drone,MT_s004,0.3,0.5,4,14,14,2625,26.3830509185791,0.6589247317645857,2.466247704058533,0.0
same_drone,MT_s004,0.3,0.5,4,15,15,2334,23.44292402267456,0.6533503254109192,2.581883704686475,0.0
same_drone,MT_s004,0.5,0.01,0,1,1,2472,24.886879920959473,0.18798234761493404,0.49935779423010174,0.0
same_drone,MT_s004,0.5,0.01,0,2,2,2524,25.33614683151245,0.19496668650278082,0.5421430119657565,0.0
same_drone,MT_s004,0.5,0.01,0,3,3,2665,26.740379095077515,0.2622000369287889,35.27128903315535,0.14634146341463414
same_drone,MT_s004,0.5,0.01,0,4,4,2618,26.25896406173706,0.1810979014786085,0.5204355585420726,0.0
same_drone,MT_s004,0.5,0.01,0,5,5,2530,25.401978969573975,0.18749945900024656,0.4958602878769141,0.0
same_drone,MT_s004,0.5,0.01,0,6,6,2525,25.403844833374023,0.19274307841301663,0.5924254176129009,0.0031683168316831685
same_drone,MT_s004,0.5,0.01,0,7,7,2722,27.329137802124023,0.24509442032364248,9.177569779747797,0.0576781778104335
same_drone,MT_s004,0.5,0.01,0,8,8,2312,23.212925910949707,0.19398976661342004,0.523453880840384,0.007352941176470588
same_drone,MT_s004,0.5,0.01,0,9,9,2312,23.21662998199463,0.18861921242150004,0.4932561162261194,0.0
same_drone,MT_s004,0.5,0.01,0,10,10,2346,23.52618908882141,0.19579659058906884,0.5341897095311765,0.013640238704177323
same_drone,MT_s004,0.5,0.01,0,11,11,2666,26.786911964416504,0.22158556156728793,5.740484016891415,0.024381095273818456
same_drone,MT_s004,0.5,0.01,0,12,12,2344,23.593735933303833,0.18877086797441223,0.5148228450940223,0.0
same_drone,MT_s004,0.5,0.01,0,13,13,2307,23.15007710456848,0.18492083736997245,0.517366419725147,0.0
same_drone,MT_s004,0.5,0.01,0,14,14,2625,26.3830509185791,0.19470226913244915,0.596792777914564,0.0
same_drone,MT_s004,0.5,0.01,0,15,15,2334,23.44292402267456,0.18357746958297128,0.523213256660391,0.0
same_drone,MT_s004,0.5,0.01,1,1,1,2472,24.886879920959473,0.1846326306988857,0.5170864930014519,0.0
same_drone,MT_s004,0.5,0.01,1,2,2,2524,25.33614683151245,0.19059080012474539,0.5211551929279793,0.0
same_drone,MT_s004,0.5,0.01,1,3,3,2665,26.740379095077515,0.20130050296072,0.5786061113334028,0.0
same_drone,MT_s004,0.5,0.01,1,4,4,2618,26.25896406173706,0.19181858612800795,0.5094527568293133,0.0
same_drone,MT_s004,0.5,0.01,1,5,5,2530,25.401978969573975,0.1817601641808082,0.49252440449334073,0.0
same_drone,MT_s004,0.5,0.01,1,6,6,2525,25.403844833374023,0.2027319973853139,0.6259035366504888,0.0039603960396039604
same_drone,MT_s004,0.5,0.01,1,7,7,2722,27.329137802124023,0.3073156043567664,36.42188935184892,0.20609845701689933
same_drone,MT_s004,0.5,0.01,1,8,8,2312,23.212925910949707,76.81058530564931,123.8865899251747,0.6704152249134948
same_drone,MT_s004,0.5,0.01,1,9,9,2312,23.21662998199463,0.17840379238485582,0.4893225786807534,0.0
same_drone,MT_s004,0.5,0.01,1,10,10,2346,23.52618908882141,0.20156627622613854,0.5518268803638762,0.013640238704177323
same_drone,MT_s004,0.5,0.01,1,11,11,2666,26.786911964416504,0.21492364134887065,4.765962218301183,0.02175543885971493
same_drone,MT_s004,0.5,0.01,1,12,12,2344,23.593735933303833,0.18313484783818978,0.5131746745530339,0.0
same_drone,MT_s004,0.5,0.01,1,13,13,2307,23.15007710456848,0.18640503383363694,0.524660654349856,0.0
same_drone,MT_s004,0.5,0.01,1,14,14,2625,26.3830509185791,0.1840865742604194,0.5718657974421318,0.0
same_drone,MT_s004,0.5,0.01,1,15,15,2334,23.44292402267456,0.18734101665945957,0.5177156582465771,0.0
same_drone,MT_s004,0.5,0.01,2,1,1,2472,24.886879920959473,0.19528641757670684,0.522275714597484,0.0
same_drone,MT_s004,0.5,0.01,2,2,2,2524,25.33614683151245,0.17602403071614958,0.48721014353915215,0.0
same_drone,MT_s004,0.5,0.01,2,3,3,2665,26.740379095077515,0.19474385669079197,0.6588066351317734,0.0
same_drone,MT_s004,0.5,0.01,2,4,4,2618,26.25896406173706,0.19730270410466844,0.508727595970773,0.0
same_drone,MT_s004,0.5,0.01,2,5,5,2530,25.401978969573975,0.18572693071895685,0.475259258537005,0.0
same_drone,MT_s004,0.5,0.01,2,6,6,2525,25.403844833374023,0.19475788019383344,0.6333919737645962,0.0019801980198019802
same_drone,MT_s004,0.5,0.01,2,7,7,2722,27.329137802124023,0.22542136863290807,5.776654327305059,0.03306392358559882
same_drone,MT_s004,0.5,0.01,2,8,8,2312,23.212925910949707,0.1922729976087254,0.5145393660355837,0.004325259515570935
same_drone,MT_s004,0.5,0.01,2,9,9,2312,23.21662998199463,0.1959151238466461,0.5021082546006768,0.0
same_drone,MT_s004,0.5,0.01,2,10,10,2346,23.52618908882141,0.19147743460870004,0.5202399236194495,0.013640238704177323
same_drone,MT_s004,0.5,0.01,2,11,11,2666,26.786911964416504,0.24488050161161112,6.066026087408616,0.00450112528132033
same_drone,MT_s004,0.5,0.01,2,12,12,2344,23.593735933303833,0.18579888922494092,0.5085590290618507,0.0
same_drone,MT_s004,0.5,0.01,2,13,13,2307,23.15007710456848,0.18706525371084126,0.5110781541392442,0.0
same_drone,MT_s004,0.5,0.01,2,14,14,2625,26.3830509185791,0.18908545636804774,0.5671545080718807,0.0
same_drone,MT_s004,0.5,0.01,2,15,15,2334,23.44292402267456,0.18757996572489333,0.5325748353799669,0.0
same_drone,MT_s004,0.5,0.01,3,1,1,2472,24.886879920959473,0.19091800849552953,0.5047727218742367,0.0
same_drone,MT_s004,0.5,0.01,3,2,2,2524,25.33614683151245,0.1921955128018169,0.5373529759828117,0.0
same_drone,MT_s004,0.5,0.01,3,3,3,2665,26.740379095077515,0.19716194378167984,0.6156801521243318,0.0
same_drone,MT_s004,0.5,0.01,3,4,4,2618,26.25896406173706,0.1829763385807297,0.49000617545291364,0.0
same_drone,MT_s004,0.5,0.01,3,5,5,2530,25.401978969573975,0.17558762428528496,0.47766010700240424,0.0
same_drone,MT_s004,0.5,0.01,3,6,6,2525,25.403844833374023,0.20199393476940486,0.6303334778804667,0.0035643564356435645
same_drone,MT_s004,0.5,0.01,3,7,7,2722,27.329137802124023,0.23623010800609023,6.009133767834423,0.045554739162380606
same_drone,MT_s004,0.5,0.01,3,8,8,2312,23.212925910949707,0.20686711595871543,0.5324386892922206,0.007352941176470588
same_drone,MT_s004,0.5,0.01,3,9,9,2312,23.21662998199463,0.1863700740613865,0.5064268380935019,0.0
same_drone,MT_s004,0.5,0.01,3,10,10,2346,23.52618908882141,0.18928478984142316,0.5300100093456095,0.013640238704177323
same_drone,MT_s004,0.5,0.01,3,11,11,2666,26.786911964416504,0.24128351885701704,6.096862818184995,0.008252063015753939
same_drone,MT_s004,0.5,0.01,3,12,12,2344,23.593735933303833,0.18150195356756882,0.5135042125517048,0.0
same_drone,MT_s004,0.5,0.01,3,13,13,2307,23.15007710456848,0.1854099451907274,0.5068320832180947,0.0
same_drone,MT_s004,0.5,0.01,3,14,14,2625,26.3830509185791,0.19091197978031005,0.5933496684080865,0.0
same_drone,MT_s004,0.5,0.01,3,15,15,2334,23.44292402267456,0.20445016332375587,0.5629822077179488,0.0
same_drone,MT_s004,0.5,0.01,4,1,1,2472,24.886879920959473,0.18621246898167954,0.5239595766127111,0.0
same_drone,MT_s004,0.5,0.01,4,2,2,2524,25.33614683151245,0.18925831316923336,0.5196409553019494,0.0
same_drone,MT_s004,0.5,0.01,4,3,3,2665,26.740379095077515,0.34074042061845944,51.33293605468166,0.2105065666041276
same_drone,MT_s004,0.5,0.01,4,4,4,2618,26.25896406173706,0.18505464057315635,0.5158311059934789,0.0
same_drone,MT_s004,0.5,0.01,4,5,5,2530,25.401978969573975,0.17408024369395747,0.4675906027941181,0.0
same_drone,MT_s004,0.5,0.01,4,6,6,2525,25.403844833374023,0.20530125556035728,0.5841028367060573,0.004356435643564357
same_drone,MT_s004,0.5,0.01,4,7,7,2722,27.329137802124023,0.21139429188355052,0.7969155684924839,0.0073475385745775165
same_drone,MT_s004,0.5,0.01,4,8,8,2312,23.212925910949707,0.19770328715182472,0.5408236895152655,0.004757785467128028
same_drone,MT_s004,0.5,0.01,4,9,9,2312,23.21662998199463,0.19166922771546524,0.5077772633800265,0.0
same_drone,MT_s004,0.5,0.01,4,10,10,2346,23.52618908882141,0.20076852616226404,0.549492199480099,0.014066496163682864
same_drone,MT_s004,0.5,0.01,4,11,11,2666,26.786911964416504,0.23148637884174317,6.010064965929871,0.007876969242310577
same_drone,MT_s004,0.5,0.01,4,12,12,2344,23.593735933303833,0.1805124308001922,0.480648454885747,0.0
same_drone,MT_s004,0.5,0.01,4,13,13,2307,23.15007710456848,0.17901378900384657,0.5425145896878804,0.0
same_drone,MT_s004,0.5,0.01,4,14,14,2625,26.3830509185791,0.1991617810100479,0.6140580626043798,0.0
same_drone,MT_s004,0.5,0.01,4,15,15,2334,23.44292402267456,0.2028690376377007,0.548820613896524,0.0
same_drone,MT_s004,0.5,0.05,0,1,1,2472,24.886879920959473,0.2724339367156787,0.7580236917150366,0.0
same_drone,MT_s004,0.5,0.05,0,2,2,2524,25.33614683151245,0.2711961178837825,0.7870047079819089,0.0
same_drone,MT_s004,0.5,0.05,0,3,3,2665,26.740379095077515,0.25446435631969067,0.8721362586305585,0.0
same_drone,MT_s004,0.5,0.05,0,4,4,2618,26.25896406173706,0.25200789542508417,0.7593039754241235,0.0
same_drone,MT_s004,0.5,0.05,0,5,5,2530,25.401978969573975,0.26535538342466225,0.7125654439728648,0.0
same_drone,MT_s004,0.5,0.05,0,6,6,2525,25.403844833374023,0.2855092740593932,0.8040752601457853,0.004752475247524752
same_drone,MT_s004,0.5,0.05,0,7,7,2722,27.329137802124023,0.36903527320087903,5.842135006925056,0.022409992652461425
same_drone,MT_s004,0.5,0.05,0,8,8,2312,23.212925910949707,0.25467900541677935,0.7649829168174038,0.007785467128027681
same_drone,MT_s004,0.5,0.05,0,9,9,2312,23.21662998199463,0.2699935984319026,0.7217455445715558,0.0
same_drone,MT_s004,0.5,0.05,0,10,10,2346,23.52618908882141,0.26162516671888447,0.7949464618205564,0.014492753623188406
same_drone,MT_s004,0.5,0.05,0,11,11,2666,26.786911964416504,0.32036149770183897,2.599173219970666,0.025881470367591898
same_drone,MT_s004,0.5,0.05,0,12,12,2344,23.593735933303833,0.2631266073018317,0.7647619213276955,0.0
same_drone,MT_s004,0.5,0.05,0,13,13,2307,23.15007710456848,0.28080564639205363,0.7755683081839166,0.0
same_drone,MT_s004,0.5,0.05,0,14,14,2625,26.3830509185791,0.26458587101342346,0.8999855365471545,0.0
same_drone,MT_s004,0.5,0.05,0,15,15,2334,23.44292402267456,0.2944498101900237,0.872489572163022,0.0
same_drone,MT_s004,0.5,0.05,1,1,1,2472,24.886879920959473,0.2926349041285974,0.7791974270426749,0.0
same_drone,MT_s004,0.5,0.05,1,2,2,2524,25.33614683151245,0.26659338265584154,0.7725825742185012,0.0
same_drone,MT_s004,0.5,0.05,1,3,3,2665,26.740379095077515,0.3236534976614678,0.9298397087831456,0.0
same_drone,MT_s004,0.5,0.05,1,4,4,2618,26.25896406173706,0.29005672503349444,0.7664833142313014,0.0
same_drone,MT_s004,0.5,0.05,1,5,5,2530,25.401978969573975,0.27089816093753427,0.700602800272275,0.0
same_drone,MT_s004,0.5,0.05,1,6,6,2525,25.403844833374023,0.291195626315897,0.8390014984515516,0.005148514851485149
same_drone,MT_s004,0.5,0.05,1,7,7,2722,27.329137802124023,0.4080046045745931,36.431264851512246,0.20536370315944158
same_drone,MT_s004,0.5,0.05,1,8,8,2312,23.212925910949707,0.5856552113779685,123.92856793823425,0.3555363321799308
same_drone,MT_s004,0.5,0.05,1,9,9,2312,23.21662998199463,0.28764795739067495,0.7668874387545657,0.0
same_drone,MT_s004,0.5,0.05,1,10,10,2346,23.52618908882141,0.26830763719426187,0.8043388731848182,0.013640238704177323
same_drone,MT_s004,0.5,0.05,1,11,11,2666,26.786911964416504,0.3080258956847466,5.403788148810293,0.023255813953488372
same_drone,MT_s004,0.5,0.05,1,12,12,2344,23.593735933303833,0.26357850141946315,0.7106129653517087,0.0
same_drone,MT_s004,0.5,0.05,1,13,13,2307,23.15007710456848,0.28467564887747443,0.8048441395770625,0.0
same_drone,MT_s004,0.5,0.05,1,14,14,2625,26.3830509185791,0.2673414871580917,0.8478825135170401,0.0
same_drone,MT_s004,0.5,0.05,1,15,15,2334,23.44292402267456,0.28566046415483015,0.7824036995804365,0.0
same_drone,MT_s004,0.5,0.05,2,1,1,2472,24.886879920959473,0.25950536582953987,0.7485802818578777,0.0
same_drone,MT_s004,0.5,0.05,2,2,2,2524,25.33614683151245,0.2745197003830384,0.7611182528185741,0.0
same_drone,MT_s004,0.5,0.05,2,3,3,2665,26.740379095077515,0.27634069514263615,0.8774370302069937,0.0
same_drone,MT_s004,0.5,0.05,2,4,4,2618,26.25896406173706,0.26941702176093685,0.6839073879539534,0.0
same_drone,MT_s004,0.5,0.05,2,5,5,2530,25.401978969573975,0.25595479280232425,0.7036225448616952,0.0
same_drone,MT_s004,0.5,0.05,2,6,6,2525,25.403844833374023,0.26471596917753004,0.8148408753684631,0.0039603960396039604
same_drone,MT_s004,0.5,0.05,2,7,7,2722,27.329137802124023,0.4557867037309933,36.376028918031054,0.2064658339456282
same_drone,MT_s004,0.5,0.05,2,8,8,2312,23.212925910949707,0.6947324723315873,123.90052167577205,0.38408304498269896
same_drone,MT_s004,0.5,0.05,2,9,9,2312,23.21662998199463,0.2768678460723777,0.7115812259337304,0.0
same_drone,MT_s004,0.5,0.05,2,10,10,2346,23.52618908882141,0.27941691938905144,0.7840893411593584,0.014492753623188406
same_drone,MT_s004,0.5,0.05,2,11,11,2666,26.786911964416504,0.3149167461560154,4.657354919184797,0.032633158289572396
same_drone,MT_s004,0.5,0.05,2,12,12,2344,23.593735933303833,0.271747940300898,0.7353013135346864,0.0
same_drone,MT_s004,0.5,0.05,2,13,13,2307,23.15007710456848,0.25320413649322404,0.7068421071299172,0.0
same_drone,MT_s004,0.5,0.05,2,14,14,2625,26.3830509185791,0.30304267708984867,0.8899294469962082,0.0
same_drone,MT_s004,0.5,0.05,2,15,15,2334,23.44292402267456,0.2600300889814946,0.7767562612818958,0.0
same_drone,MT_s004,0.5,0.05,3,1,1,2472,24.886879920959473,0.26875088843914696,0.763843039095427,0.0
same_drone,MT_s004,0.5,0.05,3,2,2,2524,25.33614683151245,0.25749433161831803,0.7203249572820921,0.0
same_drone,MT_s004,0.5,0.05,3,3,3,2665,26.740379095077515,0.28793733026579815,0.8427342518968827,0.0
same_drone,MT_s004,0.5,0.05,3,4,4,2618,26.25896406173706,0.2882301760377004,0.7278322910098979,0.0
same_drone,MT_s004,0.5,0.05,3,5,5,2530,25.401978969573975,0.23759276490479309,0.6903426826557837,0.0
same_drone,MT_s004,0.5,0.05,3,6,6,2525,25.403844833374023,0.27121953393074705,0.8891765165206585,0.005544554455445544
same_drone,MT_s004,0.5,0.05,3,7,7,2722,27.329137802124023,0.4448343536580346,36.4355888264124,0.2064658339456282
same_drone,MT_s004,0.5,0.05,3,8,8,2312,23.212925910949707,0.5506869555812983,123.93708108804131,0.35726643598615915
same_drone,MT_s004,0.5,0.05,3,9,9,2312,23.21662998199463,0.25870332592246825,0.7391455428772944,0.0
same_drone,MT_s004,0.5,0.05,3,10,10,2346,23.52618908882141,0.27059202184462094,0.7836816581480157,0.01577152600170503
same_drone,MT_s004,0.5,0.05,3,11,11,2666,26.786911964416504,0.303965152499039,4.360053994414784,0.0086271567891973
same_drone,MT_s004,0.5,0.05,3,12,12,2344,23.593735933303833,0.2651067649554335,0.7473098182192457,0.0
same_drone,MT_s004,0.5,0.05,3,13,13,2307,23.15007710456848,0.2746463210521597,0.7613582642587602,0.0
same_drone,MT_s004,0.5,0.05,3,14,14,2625,26.3830509185791,0.2885148234491055,0.8851491371322111,0.0
same_drone,MT_s004,0.5,0.05,3,15,15,2334,23.44292402267456,0.294982122289313,0.8248947317294554,0.0
same_drone,MT_s004,0.5,0.05,4,1,1,2472,24.886879920959473,0.2806901541370479,0.7080838599708329,0.0
same_drone,MT_s004,0.5,0.05,4,2,2,2524,25.33614683151245,0.2764508472747167,0.7656003589512383,0.0
same_drone,MT_s004,0.5,0.05,4,3,3,2665,26.740379095077515,0.27552489024384386,0.9002326242867917,0.0
same_drone,MT_s004,0.5,0.05,4,4,4,2618,26.25896406173706,0.2430828956808746,0.7151611241115379,0.0
same_drone,MT_s004,0.5,0.05,4,5,5,2530,25.401978969573975,0.2567670762539791,0.7347561722879021,0.0
same_drone,MT_s004,0.5,0.05,4,6,6,2525,25.403844833374023,0.29867707353309925,0.8544937629784467,0.008316831683168317
same_drone,MT_s004,0.5,0.05,4,7,7,2722,27.329137802124023,0.30917631736533124,3.7286310722701503,0.008082292432035268
same_drone,MT_s004,0.5,0.05,4,8,8,2312,23.212925910949707,0.26864141540200137,0.7529559268401648,0.005622837370242215
same_drone,MT_s004,0.5,0.05,4,9,9,2312,23.21662998199463,0.27176307388344156,0.7299510769951171,0.0
same_drone,MT_s004,0.5,0.05,4,10,10,2346,23.52618908882141,0.27090523064947547,0.7947944881251132,0.013640238704177323
same_drone,MT_s004,0.5,0.05,4,11,11,2666,26.786911964416504,0.32944915322974566,4.64939546910594,0.010877719429857465
same_drone,MT_s004,0.5,0.05,4,12,12,2344,23.593735933303833,0.2725636885103455,0.7311460506797777,0.0
same_drone,MT_s004,0.5,0.05,4,13,13,2307,23.15007710456848,0.293827133726694,0.8418101336236534,0.0
same_drone,MT_s004,0.5,0.05,4,14,14,2625,26.3830509185791,0.29020542971173313,0.8829892074698176,0.0
same_drone,MT_s004,0.5,0.05,4,15,15,2334,23.44292402267456,0.2782947786240513,0.7874620802824858,0.0
same_drone,MT_s004,0.5,0.1,0,1,1,2472,24.886879920959473,0.36316640352074714,1.0322544554278608,0.0
same_drone,MT_s004,0.5,0.1,0,2,2,2524,25.33614683151245,0.3668467148643373,1.1858039020537194,0.0011885895404120444
same_drone,MT_s004,0.5,0.1,0,3,3,2665,26.740379095077515,0.39480187572492675,1.1470882134449878,0.0
same_drone,MT_s004,0.5,0.1,0,4,4,2618,26.25896406173706,0.3258716571547353,0.9306379958447096,0.0
same_drone,MT_s004,0.5,0.1,0,5,5,2530,25.401978969573975,0.3241468306053221,0.8086193174033539,0.0
same_drone,MT_s004,0.5,0.1,0,6,6,2525,25.403844833374023,0.4202971560764013,9.658706379057758,0.06336633663366337
same_drone,MT_s004,0.5,0.1,0,7,7,2722,27.329137802124023,0.4174321003358159,5.268447571503303,0.005143277002204262
same_drone,MT_s004,0.5,0.1,0,8,8,2312,23.212925910949707,0.3753395617966966,1.0279566267643134,0.009515570934256055
same_drone,MT_s004,0.5,0.1,0,9,9,2312,23.21662998199463,0.35319718453648363,1.0315881811124066,0.0
same_drone,MT_s004,0.5,0.1,0,10,10,2346,23.52618908882141,0.37225554932904004,1.0274868712226635,0.013640238704177323
same_drone,MT_s004,0.5,0.1,0,11,11,2666,26.786911964416504,0.42793010643310936,4.3918362688038,0.033008252063015754
same_drone,MT_s004,0.5,0.1,0,12,12,2344,23.593735933303833,0.3286257359132261,0.9534624566158539,0.0
same_drone,MT_s004,0.5,0.1,0,13,13,2307,23.15007710456848,0.34186870809980974,0.9580556967659298,0.0
same_drone,MT_s004,0.5,0.1,0,14,14,2625,26.3830509185791,0.36426647042818416,1.1479161429969025,0.0
same_drone,MT_s004,0.5,0.1,0,15,15,2334,23.44292402267456,0.3635596490860209,1.0312760242521,0.0
same_drone,MT_s004,0.5,0.1,1,1,1,2472,24.886879920959473,0.3290451380091497,0.9635805714487905,0.0
same_drone,MT_s004,0.5,0.1,1,2,2,2524,25.33614683151245,0.33298772394959997,0.9634313687251493,0.0
same_drone,MT_s004,0.5,0.1,1,3,3,2665,26.740379095077515,0.33912796705462256,0.9894963349604435,0.0
same_drone,MT_s004,0.5,0.1,1,4,4,2618,26.25896406173706,0.3575088265684343,0.9188497857952658,0.0
same_drone,MT_s004,0.5,0.1,1,5,5,2530,25.401978969573975,0.3101026505992053,0.8236824151569918,0.0
same_drone,MT_s004,0.5,0.1,1,6,6,2525,25.403844833374023,0.3639455189676255,0.9968645832242771,0.010297029702970298
same_drone,MT_s004,0.5,0.1,1,7,7,2722,27.329137802124023,0.39475517130952653,1.5006403898702834,0.012490815576781777
same_drone,MT_s004,0.5,0.1,1,8,8,2312,23.212925910949707,0.33734080948318024,0.9624525669818265,0.005622837370242215
same_drone,MT_s004,0.5,0.1,1,9,9,2312,23.21662998199463,0.3554459926738076,0.8744845309361328,0.0
same_drone,MT_s004,0.5,0.1,1,10,10,2346,23.52618908882141,0.3570843573699989,1.004542068025092,0.013640238704177323
same_drone,MT_s004,0.5,0.1,1,11,11,2666,26.786911964416504,0.38654743922757717,3.4159955020146384,0.017629407351837958
same_drone,MT_s004,0.5,0.1,1,12,12,2344,23.593735933303833,0.3264311882639106,1.0069154760852714,0.0
same_drone,MT_s004,0.5,0.1,1,13,13,2307,23.15007710456848,0.3421343433249433,0.9595240912863576,0.0
same_drone,MT_s004,0.5,0.1,1,14,14,2625,26.3830509185791,0.3723408719155259,1.004688320044624,0.0
same_drone,MT_s004,0.5,0.1,1,15,15,2334,23.44292402267456,0.33514988377207544,1.0596007781080103,0.0
same_drone,MT_s004,0.5,0.1,2,1,1,2472,24.886879920959473,0.3624228522365769,1.049449593389781,0.0
same_drone,MT_s004,0.5,0.1,2,2,2,2524,25.33614683151245,0.3714211867774537,0.9951021455706314,0.0
same_drone,MT_s004,0.5,0.1,2,3,3,2665,26.740379095077515,0.3676021215559331,1.3315861433088116,0.000375234521575985
same_drone,MT_s004,0.5,0.1,2,4,4,2618,26.25896406173706,0.3154358482073185,0.9351628228793134,0.0
same_drone,MT_s004,0.5,0.1,2,5,5,2530,25.401978969573975,0.3247960379171069,0.9065946751417413,0.0
same_drone,MT_s004,0.5,0.1,2,6,6,2525,25.403844833374023,0.35253354320124686,1.0903875837463204,0.005544554455445544
same_drone,MT_s004,0.5,0.1,2,7,7,2722,27.329137802124023,0.3954610540036576,3.605926781540349,0.011021307861866276
same_drone,MT_s004,0.5,0.1,2,8,8,2312,23.212925910949707,0.3376114308752278,0.9675126016663086,0.004757785467128028
same_drone,MT_s004,0.5,0.1,2,9,9,2312,23.21662998199463,0.3424926777323414,0.9344939649612458,0.0
same_drone,MT_s004,0.5,0.1,2,10,10,2346,23.52618908882141,0.3163856389619184,0.9783229678601799,0.013640238704177323
same_drone,MT_s004,0.5,0.1,2,11,11,2666,26.786911964416504,0.35547803295656877,4.47005298314118,0.03563390847711928
same_drone,MT_s004,0.5,0.1,2,12,12,2344,23.593735933303833,0.35513820793023854,1.004784065223116,0.0
same_drone,MT_s004,0.5,0.1,2,13,13,2307,23.15007710456848,0.38709389095180313,1.1002972782352447,0.0
same_drone,MT_s004,0.5,0.1,2,14,14,2625,26.3830509185791,0.3987379939882203,1.1695452827320307,0.0
same_drone,MT_s004,0.5,0.1,2,15,15,2334,23.44292402267456,0.33158103447263443,0.9578938338095444,0.0
same_drone,MT_s004,0.5,0.1,3,1,1,2472,24.886879920959473,0.37883672110923783,1.02026935985337,0.0
same_drone,MT_s004,0.5,0.1,3,2,2,2524,25.33614683151245,0.35438363508667337,1.0593560993708535,0.0
same_drone,MT_s004,0.5,0.1,3,3,3,2665,26.740379095077515,0.38206863614885833,1.2548855686444305,0.0
same_drone,MT_s004,0.5,0.1,3,4,4,2618,26.25896406173706,0.3629266955968333,0.9993465447098021,0.0
same_drone,MT_s004,0.5,0.1,3,5,5,2530,25.401978969573975,0.34003006716821105,0.8579809044737714,0.0
same_drone,MT_s004,0.5,0.1,3,6,6,2525,25.403844833374023,0.35347516022653735,1.0410847153740006,0.005940594059405941
same_drone,MT_s004,0.5,0.1,3,7,7,2722,27.329137802124023,0.3802843909238476,1.4755387520725554,0.00881704628949302
same_drone,MT_s004,0.5,0.1,3,8,8,2312,23.212925910949707,0.3573606258926958,0.9672329158448181,0.003027681660899654
same_drone,MT_s004,0.5,0.1,3,9,9,2312,23.21662998199463,0.32319151931324086,0.9137543945871067,0.0
same_drone,MT_s004,0.5,0.1,3,10,10,2346,23.52618908882141,0.359509647979948,0.9940653174298433,0.013640238704177323
same_drone,MT_s004,0.5,0.1,3,11,11,2666,26.786911964416504,0.39041708719232204,1.2603779619466309,0.004876219054763691
same_drone,MT_s004,0.5,0.1,3,12,12,2344,23.593735933303833,0.3592620018416639,0.9829749661817474,0.0
same_drone,MT_s004,0.5,0.1,3,13,13,2307,23.15007710456848,0.37602723158238405,1.0117451259751196,0.0
same_drone,MT_s004,0.5,0.1,3,14,14,2625,26.3830509185791,0.39495604437007614,1.0615354164638517,0.0
same_drone,MT_s004,0.5,0.1,3,15,15,2334,23.44292402267456,0.3397481076689228,1.0684326825228456,0.0
same_drone,MT_s004,0.5,0.1,4,1,1,2472,24.886879920959473,0.32930563119955814,1.0102041328232523,0.0
same_drone,MT_s004,0.5,0.1,4,2,2,2524,25.33614683151245,0.3632936250719041,1.0140192578076501,0.0
same_drone,MT_s004,0.5,0.1,4,3,3,2665,26.740379095077515,0.32719103189745624,0.9492594141836889,0.0
same_drone,MT_s004,0.5,0.1,4,4,4,2618,26.25896406173706,0.31562887972849296,0.9027868998806954,0.0
same_drone,MT_s004,0.5,0.1,4,5,5,2530,25.401978969573975,0.3342233036916902,0.849153548534899,0.0
same_drone,MT_s004,0.5,0.1,4,6,6,2525,25.403844833374023,0.3540898292727377,1.0725320677392232,0.004752475247524752
same_drone,MT_s004,0.5,0.1,4,7,7,2722,27.329137802124023,0.38151636801711675,1.5654207393849655,0.0106539309331374
same_drone,MT_s004,0.5,0.1,4,8,8,2312,23.212925910949707,0.29514130790193605,0.9140540668968329,0.007352941176470588
same_drone,MT_s004,0.5,0.1,4,9,9,2312,23.21662998199463,0.3735341553085618,0.9228152841462205,0.0
same_drone,MT_s004,0.5,0.1,4,10,10,2346,23.52618908882141,0.3671192565708097,0.9748132956001072,0.016624040920716114
same_drone,MT_s004,0.5,0.1,4,11,11,2666,26.786911964416504,0.41575071104045946,4.573489152900624,0.04276069017254314
same_drone,MT_s004,0.5,0.1,4,12,12,2344,23.593735933303833,0.36801291899659105,1.0043610643101897,0.0
same_drone,MT_s004,0.5,0.1,4,13,13,2307,23.15007710456848,0.3569661422866659,0.993461847454364,0.0
same_drone,MT_s004,0.5,0.1,4,14,14,2625,26.3830509185791,0.3902662744943939,1.1662536094073515,0.0
same_drone,MT_s004,0.5,0.1,4,15,15,2334,23.44292402267456,0.40567083327965037,1.1100079187176595,0.0
same_drone,MT_s004,0.5,0.2,0,1,1,2472,24.886879920959473,0.4612047986335881,1.4100155279297157,0.0
same_drone,MT_s004,0.5,0.2,0,2,2,2524,25.33614683151245,0.47778424919903273,1.3647675573608564,0.0
same_drone,MT_s004,0.5,0.2,0,3,3,2665,26.740379095077515,0.4382514916051008,1.362325168578718,0.001876172607879925
same_drone,MT_s004,0.5,0.2,0,4,4,2618,26.25896406173706,0.4785150141733112,1.351634263779443,0.0
same_drone,MT_s004,0.5,0.2,0,5,5,2530,25.401978969573975,0.505134661740005,1.3186342499804453,0.0
same_drone,MT_s004,0.5,0.2,0,6,6,2525,25.403844833374023,0.49265107831632804,1.6689590707621627,0.002772277227722772
same_drone,MT_s004,0.5,0.2,0,7,7,2722,27.329137802124023,0.4955202339594127,2.3740854190475282,0.017266715650257163
same_drone,MT_s004,0.5,0.2,0,8,8,2312,23.212925910949707,0.4904962556708057,1.2979783933742017,0.006487889273356401
same_drone,MT_s004,0.5,0.2,0,9,9,2312,23.21662998199463,0.49056734622844544,1.5139276744801724,0.0
same_drone,MT_s004,0.5,0.2,0,10,10,2346,23.52618908882141,0.48269510738384724,1.4318808170232273,0.014492753623188406
same_drone,MT_s004,0.5,0.2,0,11,11,2666,26.786911964416504,0.49865286400122955,3.497987926321457,0.007876969242310577
same_drone,MT_s004,0.5,0.2,0,12,12,2344,23.593735933303833,0.5166464203397041,1.480877990447703,0.0
same_drone,MT_s004,0.5,0.2,0,13,13,2307,23.15007710456848,0.47795477915792617,1.4599861730642603,0.0
same_drone,MT_s004,0.5,0.2,0,14,14,2625,26.3830509185791,0.49803343596479976,1.4928887931064478,0.0
same_drone,MT_s004,0.5,0.2,0,15,15,2334,23.44292402267456,0.3825092634942848,1.2011896985523336,0.0
same_drone,MT_s004,0.5,0.2,1,1,1,2472,24.886879920959473,0.4124070708362666,1.264213066148864,0.0
same_drone,MT_s004,0.5,0.2,1,2,2,2524,25.33614683151245,0.47827627951322427,1.499900480292591,0.0
same_drone,MT_s004,0.5,0.2,1,3,3,2665,26.740379095077515,0.4731840763269588,1.3579159909402505,0.00075046904315197
same_drone,MT_s004,0.5,0.2,1,4,4,2618,26.25896406173706,0.4150682414679707,1.3554751986942508,0.0
same_drone,MT_s004,0.5,0.2,1,5,5,2530,25.401978969573975,0.48593424459932066,1.2695889055334844,0.0
same_drone,MT_s004,0.5,0.2,1,6,6,2525,25.403844833374023,0.43893396153106323,1.4780156512710156,0.012277227722772278
same_drone,MT_s004,0.5,0.2,1,7,7,2722,27.329137802124023,0.5782741614938232,2.977669966716424,0.018368846436443792
same_drone,MT_s004,0.5,0.2,1,8,8,2312,23.212925910949707,0.4825451114677719,1.3522143225885686,0.0012975778546712802
same_drone,MT_s004,0.5,0.2,1,9,9,2312,23.21662998199463,0.4675586653687134,1.3223829907737386,0.0
same_drone,MT_s004,0.5,0.2,1,10,10,2346,23.52618908882141,0.4330612149872479,1.2317370233716751,0.013640238704177323
same_drone,MT_s004,0.5,0.2,1,11,11,2666,26.786911964416504,0.4932446079507713,3.1043961638001747,0.0033758439609902473
same_drone,MT_s004,0.5,0.2,1,12,12,2344,23.593735933303833,0.4442945002742391,1.375462330493991,0.0
same_drone,MT_s004,0.5,0.2,1,13,13,2307,23.15007710456848,0.44629721930584765,1.4176908330061058,0.0
same_drone,MT_s004,0.5,0.2,1,14,14,2625,26.3830509185791,0.5461140611760129,1.6985023426601564,0.0
same_drone,MT_s004,0.5,0.2,1,15,15,2334,23.44292402267456,0.4672371494990415,1.5612250984241411,0.0
same_drone,MT_s004,0.5,0.2,2,1,1,2472,24.886879920959473,0.43077206616493413,1.2986440882152266,0.0
same_drone,MT_s004,0.5,0.2,2,2,2,2524,25.33614683151245,0.4847219304240369,1.4691179104829644,0.0
same_drone,MT_s004,0.5,0.2,2,3,3,2665,26.740379095077515,0.47211843318756763,1.344328912949072,0.0
same_drone,MT_s004,0.5,0.2,2,4,4,2618,26.25896406173706,0.4356726001002045,1.2390135313054915,0.0
same_drone,MT_s004,0.5,0.2,2,5,5,2530,25.401978969573975,0.42473237553036824,1.099150960947732,0.0
same_drone,MT_s004,0.5,0.2,2,6,6,2525,25.403844833374023,0.4860239596797271,1.7977061190611516,0.007920792079207921
same_drone,MT_s004,0.5,0.2,2,7,7,2722,27.329137802124023,0.507899153060066,5.477330904952284,0.021675238795003673
same_drone,MT_s004,0.5,0.2,2,8,8,2312,23.212925910949707,0.4387908933168774,1.2157690094408566,0.0008650519031141869
same_drone,MT_s004,0.5,0.2,2,9,9,2312,23.21662998199463,0.44256962535745004,1.214948466389371,0.0
same_drone,MT_s004,0.5,0.2,2,10,10,2346,23.52618908882141,0.4552242117055796,1.468641016464339,0.013640238704177323
same_drone,MT_s004,0.5,0.2,2,11,11,2666,26.786911964416504,0.5438192825297747,3.966058233972177,0.005626406601650412
same_drone,MT_s004,0.5,0.2,2,12,12,2344,23.593735933303833,0.4952346604321356,1.3959277960035894,0.0
same_drone,MT_s004,0.5,0.2,2,13,13,2307,23.15007710456848,0.44445167377338635,1.3837238372484355,0.0
same_drone,MT_s004,0.5,0.2,2,14,14,2625,26.3830509185791,0.5024655284501023,1.5222589837417895,0.0
same_drone,MT_s004,0.5,0.2,2,15,15,2334,23.44292402267456,0.515639799174707,1.44492563454998,0.0
same_drone,MT_s004,0.5,0.2,3,1,1,2472,24.886879920959473,0.5222888398953529,1.3944198591178691,0.0
same_drone,MT_s004,0.5,0.2,3,2,2,2524,25.33614683151245,0.42847749818679404,1.5299976693404231,0.000792393026941363
same_drone,MT_s004,0.5,0.2,3,3,3,2665,26.740379095077515,0.44135471017204964,1.4462168339199364,0.0
same_drone,MT_s004,0.5,0.2,3,4,4,2618,26.25896406173706,0.4446263771783521,1.1721178609945329,0.0
same_drone,MT_s004,0.5,0.2,3,5,5,2530,25.401978969573975,0.43791494731816627,1.1337730190890312,0.0
same_drone,MT_s004,0.5,0.2,3,6,6,2525,25.403844833374023,0.5005457269877951,1.8298963196063418,0.008712871287128714
same_drone,MT_s004,0.5,0.2,3,7,7,2722,27.329137802124023,0.5797312608664384,7.515463458748561,0.02351212343864805
same_drone,MT_s004,0.5,0.2,3,8,8,2312,23.212925910949707,0.4931476285885559,1.1656911973394104,0.0012975778546712802
same_drone,MT_s004,0.5,0.2,3,9,9,2312,23.21662998199463,0.4907043771378383,1.4111116989999632,0.0
same_drone,MT_s004,0.5,0.2,3,10,10,2346,23.52618908882141,0.4807193386965736,1.3882240529937064,0.013640238704177323
same_drone,MT_s004,0.5,0.2,3,11,11,2666,26.786911964416504,0.5354991162217217,3.0947130457252143,0.006376594148537134
same_drone,MT_s004,0.5,0.2,3,12,12,2344,23.593735933303833,0.5041700757108813,1.495364024912554,0.0
same_drone,MT_s004,0.5,0.2,3,13,13,2307,23.15007710456848,0.48894865045510016,1.42659409971739,0.0
same_drone,MT_s004,0.5,0.2,3,14,14,2625,26.3830509185791,0.4931376620297101,1.5135112266594715,0.0
same_drone,MT_s004,0.5,0.2,3,15,15,2334,23.44292402267456,0.4922182529545722,1.5264658762642707,0.0
same_drone,MT_s004,0.5,0.2,4,1,1,2472,24.886879920959473,0.4522185221086801,1.3074204636815672,0.0
same_drone,MT_s004,0.5,0.2,4,2,2,2524,25.33614683151245,0.5135568891655566,1.4845422506886963,0.0003961965134706815
same_drone,MT_s004,0.5,0.2,4,3,3,2665,26.740379095077515,0.46146989617434997,1.6181654494171365,0.0
same_drone,MT_s004,0.5,0.2,4,4,4,2618,26.25896406173706,0.4315219087499145,1.318219192791284,0.0
same_drone,MT_s004,0.5,0.2,4,5,5,2530,25.401978969573975,0.3859377200213885,1.1702895592323728,0.0
same_drone,MT_s004,0.5,0.2,4,6,6,2525,25.403844833374023,0.47758931258315585,1.4904874018101935,0.009900990099009901
same_drone,MT_s004,0.5,0.2,4,7,7,2722,27.329137802124023,0.5253777373918709,4.050919576427351,0.018001469507714914
same_drone,MT_s004,0.5,0.2,4,8,8,2312,23.212925910949707,0.43581356980156727,1.2145684799916807,0.006487889273356401
same_drone,MT_s004,0.5,0.2,4,9,9,2312,23.21662998199463,0.4426405272749321,1.272933222699878,0.0
same_drone,MT_s004,0.5,0.2,4,10,10,2346,23.52618908882141,0.466946970421791,1.4313112832892045,0.014492753623188406
same_drone,MT_s004,0.5,0.2,4,11,11,2666,26.786911964416504,0.559666289152819,4.4412538702766255,0.032633158289572396
same_drone,MT_s004,0.5,0.2,4,12,12,2344,23.593735933303833,0.4514506556979647,1.5088561254889257,0.0
same_drone,MT_s004,0.5,0.2,4,13,13,2307,23.15007710456848,0.5046089334908288,1.3973217017174793,0.0
same_drone,MT_s004,0.5,0.2,4,14,14,2625,26.3830509185791,0.41740828484045345,1.3576915901670927,0.0
same_drone,MT_s004,0.5,0.2,4,15,15,2334,23.44292402267456,0.43544925192550465,1.5624054875373237,0.0
same_drone,MT_s004,0.5,0.5,0,1,1,2472,24.886879920959473,0.8048001752303975,2.314946040322313,0.0
same_drone,MT_s004,0.5,0.5,0,2,2,2524,25.33614683151245,0.7753417930511866,2.7242540941212594,0.0
same_drone,MT_s004,0.5,0.5,0,3,3,2665,26.740379095077515,0.7281465520097186,2.76098700014235,0.00450281425891182
same_drone,MT_s004,0.5,0.5,0,4,4,2618,26.25896406173706,0.7752440856902467,2.033792979966924,0.0
same_drone,MT_s004,0.5,0.5,0,5,5,2530,25.401978969573975,0.7925803909371041,2.3614183149617287,0.0047430830039525695
same_drone,MT_s004,0.5,0.5,0,6,6,2525,25.403844833374023,0.8184742754320098,2.871848314649605,0.010693069306930694
same_drone,MT_s004,0.5,0.5,0,7,7,2722,27.329137802124023,0.903410601708913,4.423402314015977,0.03747244673034533
same_drone,MT_s004,0.5,0.5,0,8,8,2312,23.212925910949707,0.7753885371615965,2.117966431335583,0.004757785467128028
same_drone,MT_s004,0.5,0.5,0,9,9,2312,23.21662998199463,0.7246315879869059,2.4697898448838975,0.0038927335640138406
same_drone,MT_s004,0.5,0.5,0,10,10,2346,23.52618908882141,0.7992016445346657,2.653422683700356,0.013640238704177323
same_drone,MT_s004,0.5,0.5,0,11,11,2666,26.786911964416504,0.83833719482341,3.7079858547719553,0.010877719429857465
same_drone,MT_s004,0.5,0.5,0,12,12,2344,23.593735933303833,0.727927378327081,2.3563824037969634,0.0
same_drone,MT_s004,0.5,0.5,0,13,13,2307,23.15007710456848,0.798026635415674,2.942165393898927,0.0
same_drone,MT_s004,0.5,0.5,0,14,14,2625,26.3830509185791,0.7954000149338611,2.6735394388648897,0.0
same_drone,MT_s004,0.5,0.5,0,15,15,2334,23.44292402267456,0.6888361317307172,2.497487911506256,0.007712082262210797
same_drone,MT_s004,0.5,0.5,1,1,1,2472,24.886879920959473,0.6645362744259167,2.328579099658327,0.0
same_drone,MT_s004,0.5,0.5,1,2,2,2524,25.33614683151245,0.7818149296260941,2.560883292760086,0.0
same_drone,MT_s004,0.5,0.5,1,3,3,2665,26.740379095077515,0.8231421152631242,2.410302694856028,0.0
same_drone,MT_s004,0.5,0.5,1,4,4,2618,26.25896406173706,0.6428489740556955,2.184116218615081,0.0
same_drone,MT_s004,0.5,0.5,1,5,5,2530,25.401978969573975,0.7172899330146834,2.7560216292705286,0.0015810276679841897
same_drone,MT_s004,0.5,0.5,1,6,6,2525,25.403844833374023,0.8204855247903993,3.3004177584221726,0.011485148514851485
same_drone,MT_s004,0.5,0.5,1,7,7,2722,27.329137802124023,0.9425641023336873,4.730130567387946,0.04188096987509184
same_drone,MT_s004,0.5,0.5,1,8,8,2312,23.212925910949707,0.7251673960654585,2.264342974188714,0.00043252595155709344
same_drone,MT_s004,0.5,0.5,1,9,9,2312,23.21662998199463,0.6934740369871832,2.4243349534743373,0.0025951557093425604
same_drone,MT_s004,0.5,0.5,1,10,10,2346,23.52618908882141,0.6996223001084161,2.6678246455390706,0.013640238704177323
same_drone,MT_s004,0.5,0.5,1,11,11,2666,26.786911964416504,0.9209909558348883,4.8983758626968665,0.007126781695423856
same_drone,MT_s004,0.5,0.5,1,12,12,2344,23.593735933303833,0.7048084777090509,2.573572837121945,0.0
same_drone,MT_s004,0.5,0.5,1,13,13,2307,23.15007710456848,0.906251827832989,3.0699552933612533,0.0
same_drone,MT_s004,0.5,0.5,1,14,14,2625,26.3830509185791,0.7886138185891554,2.633350176917857,0.001142857142857143
same_drone,MT_s004,0.5,0.5,1,15,15,2334,23.44292402267456,0.7605889668150922,2.652036177089453,0.0
same_drone,MT_s004,0.5,0.5,2,1,1,2472,24.886879920959473,0.6568088849931684,2.6262765834250956,0.0
same_drone,MT_s004,0.5,0.5,2,2,2,2524,25.33614683151245,0.8473783882199317,2.813179297096498,0.003961965134706815
same_drone,MT_s004,0.5,0.5,2,3,3,2665,26.740379095077515,0.822092910418462,2.666145032898986,0.00450281425891182
same_drone,MT_s004,0.5,0.5,2,4,4,2618,26.25896406173706,0.5866140057872116,2.2378356800827617,0.0
same_drone,MT_s004,0.5,0.5,2,5,5,2530,25.401978969573975,0.7476440008435006,2.4619870446205137,0.0011857707509881424
same_drone,MT_s004,0.5,0.5,2,6,6,2525,25.403844833374023,0.7100355297056353,4.126674178445241,0.01702970297029703
same_drone,MT_s004,0.5,0.5,2,7,7,2722,27.329137802124023,0.7995336824807069,7.745010059137258,0.03526818515797208
same_drone,MT_s004,0.5,0.5,2,8,8,2312,23.212925910949707,0.6237630588450855,2.3363809514442644,0.0021626297577854673
same_drone,MT_s004,0.5,0.5,2,9,9,2312,23.21662998199463,0.6171414687045207,2.3001492839178836,0.0
same_drone,MT_s004,0.5,0.5,2,10,10,2346,23.52618908882141,0.6766070097468244,2.6317829747838175,0.013640238704177323
same_drone,MT_s004,0.5,0.5,2,11,11,2666,26.786911964416504,0.7705649422830874,3.194974992097386,0.014253563390847712
same_drone,MT_s004,0.5,0.5,2,12,12,2344,23.593735933303833,0.8498918341677246,2.852648638464839,0.0
same_drone,MT_s004,0.5,0.5,2,13,13,2307,23.15007710456848,0.7355442712133993,2.7261018851068344,0.0
same_drone,MT_s004,0.5,0.5,2,14,14,2625,26.3830509185791,0.7286428013646287,2.699336292851774,0.0
same_drone,MT_s004,0.5,0.5,2,15,15,2334,23.44292402267456,0.6626616919718344,2.5860830159652712,0.004284490145672665
same_drone,MT_s004,0.5,0.5,3,1,1,2472,24.886879920959473,0.7200021827360601,2.480116571603287,0.0
same_drone,MT_s004,0.5,0.5,3,2,2,2524,25.33614683151245,0.8528208461294611,2.585296578551287,0.003169572107765452
same_drone,MT_s004,0.5,0.5,3,3,3,2665,26.740379095077515,0.6777386485680665,2.805165134276683,0.007879924953095686
same_drone,MT_s004,0.5,0.5,3,4,4,2618,26.25896406173706,0.6494257169009252,2.0730376841662745,0.0
same_drone,MT_s004,0.5,0.5,3,5,5,2530,25.401978969573975,0.6485355905274659,2.1557517964009776,0.0
same_drone,MT_s004,0.5,0.5,3,6,6,2525,25.403844833374023,0.7984874247927252,3.0294059448054993,0.006336633663366337
same_drone,MT_s004,0.5,0.5,3,7,7,2722,27.329137802124023,0.7975671963492275,5.68556705087895,0.03820720058780309
same_drone,MT_s004,0.5,0.5,3,8,8,2312,23.212925910949707,0.6792282303821366,2.1456234179872844,0.007352941176470588
same_drone,MT_s004,0.5,0.5,3,9,9,2312,23.21662998199463,0.7105166996416372,2.358452162846931,0.0008650519031141869
same_drone,MT_s004,0.5,0.5,3,10,10,2346,23.52618908882141,0.7619083958439319,2.6530807035881594,0.014492753623188406
same_drone,MT_s004,0.5,0.5,3,11,11,2666,26.786911964416504,0.9028533000115715,4.799452786903188,0.012378094523630907
same_drone,MT_s004,0.5,0.5,3,12,12,2344,23.593735933303833,0.8666762443483975,2.9474867837708585,0.0
same_drone,MT_s004,0.5,0.5,3,13,13,2307,23.15007710456848,0.7829827473910314,2.696696094488022,0.0017338534893801473
same_drone,MT_s004,0.5,0.5,3,14,14,2625,26.3830509185791,0.7712557780540408,2.7814040924321537,0.0
same_drone,MT_s004,0.5,0.5,3,15,15,2334,23.44292402267456,0.706987522052998,2.71237331613952,0.0
same_drone,MT_s004,0.5,0.5,4,1,1,2472,24.886879920959473,0.7099642089070528,2.371573408491085,0.0
same_drone,MT_s004,0.5,0.5,4,2,2,2524,25.33614683151245,0.767346196823425,2.749852004081333,0.004358161648177496
same_drone,MT_s004,0.5,0.5,4,3,3,2665,26.740379095077515,0.6837132754343145,2.4677494347713935,0.0
same_drone,MT_s004,0.5,0.5,4,4,4,2618,26.25896406173706,0.6883872598422407,2.1470225821392774,0.0
same_drone,MT_s004,0.5,0.5,4,5,5,2530,25.401978969573975,0.7463020014141648,2.418378290570923,0.001976284584980237
same_drone,MT_s004,0.5,0.5,4,6,6,2525,25.403844833374023,0.7413855134209655,2.8075635114546733,0.005940594059405941
same_drone,MT_s004,0.5,0.5,4,7,7,2722,27.329137802124023,0.8462305588696495,6.5152693201579295,0.04775900073475386
same_drone,MT_s004,0.5,0.5,4,8,8,2312,23.212925910949707,0.7299243073791217,2.2060645771875245,0.0008650519031141869
same_drone,MT_s004,0.5,0.5,4,9,9,2312,23.21662998199463,0.6381533689798147,2.265857591225527,0.005190311418685121
same_drone,MT_s004,0.5,0.5,4,10,10,2346,23.52618908882141,0.7735026874198854,2.711793189076623,0.014492753623188406
same_drone,MT_s004,0.5,0.5,4,11,11,2666,26.786911964416504,0.8907122405911281,5.812972723202776,0.05401350337584396
same_drone,MT_s004,0.5,0.5,4,12,12,2344,23.593735933303833,0.7038883087249985,2.641772866189152,0.0
same_drone,MT_s004,0.5,0.5,4,13,13,2307,23.15007710456848,0.9124337405690994,2.7376969572947534,0.0
same_drone,MT_s004,0.5,0.5,4,14,14,2625,26.3830509185791,0.7856346002081125,2.586178355453228,0.0
same_drone,MT_s004,0.5,0.5,4,15,15,2334,23.44292402267456,0.7193122396714919,2.811063191801446,0.0
same_drone,MT_s004,1.0,0.01,0,1,1,2472,24.886879920959473,0.2699378182755936,0.6887987942689907,0.0
same_drone,MT_s004,1.0,0.01,0,2,2,2524,25.33614683151245,0.2698984331519547,0.7796769366117103,0.0
same_drone,MT_s004,1.0,0.01,0,3,3,2665,26.740379095077515,0.27236952727295716,1.0024775512329256,0.0
same_drone,MT_s004,1.0,0.01,0,4,4,2618,26.25896406173706,0.26256358714604033,0.7297662408966069,0.0
same_drone,MT_s004,1.0,0.01,0,5,5,2530,25.401978969573975,0.2515186823210094,0.6910966594514917,0.0
same_drone,MT_s004,1.0,0.01,0,6,6,2525,25.403844833374023,0.27446236106663946,0.850507158717471,0.0035643564356435645
same_drone,MT_s004,1.0,0.01,0,7,7,2722,27.329137802124023,0.35268794042832496,8.441125726611581,0.04886113152094049
same_drone,MT_s004,1.0,0.01,0,8,8,2312,23.212925910949707,0.27530914591101663,0.7581998425159121,0.006920415224913495
same_drone,MT_s004,1.0,0.01,0,9,9,2312,23.21662998199463,0.2675429680433279,0.7083462973760305,0.0
same_drone,MT_s004,1.0,0.01,0,10,10,2346,23.52618908882141,0.27288270905979317,0.7596319598575008,0.013640238704177323
same_drone,MT_s004,1.0,0.01,0,11,11,2666,26.786911964416504,0.2995108139564877,5.591114001045398,0.024006001500375095
same_drone,MT_s004,1.0,0.01,0,12,12,2344,23.593735933303833,0.2545612398763202,0.7356005076257923,0.0
same_drone,MT_s004,1.0,0.01,0,13,13,2307,23.15007710456848,0.2641281884680211,0.7593878635038892,0.0
same_drone,MT_s004,1.0,0.01,0,14,14,2625,26.3830509185791,0.26958331680708625,0.8618519707754786,0.0
same_drone,MT_s004,1.0,0.01,0,15,15,2334,23.44292402267456,0.24931994515598888,0.7759434654952907,0.0
same_drone,MT_s004,1.0,0.01,1,1,1,2472,24.886879920959473,0.2644441942787097,0.7339210246678733,0.0
same_drone,MT_s004,1.0,0.01,1,2,2,2524,25.33614683151245,0.2589632250177658,0.729488174286759,0.0
same_drone,MT_s004,1.0,0.01,1,3,3,2665,26.740379095077515,0.2765014956146672,0.8803671051771629,0.0
same_drone,MT_s004,1.0,0.01,1,4,4,2618,26.25896406173706,0.2674921960646053,0.756237429111562,0.0
same_drone,MT_s004,1.0,0.01,1,5,5,2530,25.401978969573975,0.24892430617713046,0.6682064104370241,0.0
same_drone,MT_s004,1.0,0.01,1,6,6,2525,25.403844833374023,0.2964562013590353,0.8801120609307247,0.0075247524752475245
same_drone,MT_s004,1.0,0.01,1,7,7,2722,27.329137802124023,0.4227648904124308,22.90354256407493,0.16164584864070536
same_drone,MT_s004,1.0,0.01,1,8,8,2312,23.212925910949707,0.3462666775966383,92.86325354815574,0.1846885813148789
same_drone,MT_s004,1.0,0.01,1,9,9,2312,23.21662998199463,0.26493122416913195,0.6657816304709806,0.0
same_drone,MT_s004,1.0,0.01,1,10,10,2346,23.52618908882141,0.2903551057904785,0.7920596103341477,0.014066496163682864
same_drone,MT_s004,1.0,0.01,1,11,11,2666,26.786911964416504,0.27760114479406894,2.744342375893794,0.024381095273818456
same_drone,MT_s004,1.0,0.01,1,12,12,2344,23.593735933303833,0.2660006402688424,0.7400682611647083,0.0
same_drone,MT_s004,1.0,0.01,1,13,13,2307,23.15007710456848,0.2674025157240507,0.746721547311168,0.0
same_drone,MT_s004,1.0,0.01,1,14,14,2625,26.3830509185791,0.23998934039710207,0.794005718337552,0.0
same_drone,MT_s004,1.0,0.01,1,15,15,2334,23.44292402267456,0.2615811601900102,0.7265587142242599,0.0
same_drone,MT_s004,1.0,0.01,2,1,1,2472,24.886879920959473,0.2669296274647053,0.753442342317348,0.0
same_drone,MT_s004,1.0,0.01,2,2,2,2524,25.33614683151245,0.24132562934624957,0.6666260590138311,0.0
same_drone,MT_s004,1.0,0.01,2,3,3,2665,26.740379095077515,0.26349404495761064,0.9189929238633964,0.0
same_drone,MT_s004,1.0,0.01,2,4,4,2618,26.25896406173706,0.2625254983151848,0.697654673429324,0.0
same_drone,MT_s004,1.0,0.01,2,5,5,2530,25.401978969573975,0.2410998921723877,0.6510024199528146,0.0
same_drone,MT_s004,1.0,0.01,2,6,6,2525,25.403844833374023,0.28474770895104484,0.8833800276978989,0.0015841584158415843
same_drone,MT_s004,1.0,0.01,2,7,7,2722,27.329137802124023,0.36830202715287186,17.31551603531449,0.11204996326230712
same_drone,MT_s004,1.0,0.01,2,8,8,2312,23.212925910949707,0.25199669773726185,0.7309243927664285,0.0038927335640138406
same_drone,MT_s004,1.0,0.01,2,9,9,2312,23.21662998199463,0.2870597471291916,0.6964070438080114,0.0
same_drone,MT_s004,1.0,0.01,2,10,10,2346,23.52618908882141,0.2670009153562205,0.7283283427778429,0.013640238704177323
same_drone,MT_s004,1.0,0.01,2,11,11,2666,26.786911964416504,0.31686075653819223,3.7367797803894547,0.006001500375093774
same_drone,MT_s004,1.0,0.01,2,12,12,2344,23.593735933303833,0.26397048917137056,0.7116671708228239,0.0
same_drone,MT_s004,1.0,0.01,2,13,13,2307,23.15007710456848,0.26490537518415636,0.7374547360108609,0.0
same_drone,MT_s004,1.0,0.01,2,14,14,2625,26.3830509185791,0.2493809735734942,0.782186742872005,0.0
same_drone,MT_s004,1.0,0.01,2,15,15,2334,23.44292402267456,0.2801009855561958,0.78604308752588,0.0
same_drone,MT_s004,1.0,0.01,3,1,1,2472,24.886879920959473,0.26863001059112435,0.6912817706689112,0.0
same_drone,MT_s004,1.0,0.01,3,2,2,2524,25.33614683151245,0.27838660493988243,0.7454336299065318,0.0
same_drone,MT_s004,1.0,0.01,3,3,3,2665,26.740379095077515,0.28346790938142163,0.8456666287093354,0.0
same_drone,MT_s004,1.0,0.01,3,4,4,2618,26.25896406173706,0.24312117537262878,0.6965716749654065,0.0
same_drone,MT_s004,1.0,0.01,3,5,5,2530,25.401978969573975,0.239808680897859,0.6735363576131135,0.0
same_drone,MT_s004,1.0,0.01,3,6,6,2525,25.403844833374023,0.29358683130476493,0.9201897720191368,0.005940594059405941
same_drone,MT_s004,1.0,0.01,3,7,7,2722,27.329137802124023,0.3492453183627191,6.478270267483248,0.005878030859662013
same_drone,MT_s004,1.0,0.01,3,8,8,2312,23.212925910949707,0.28628060904118513,0.751033390567895,0.008217993079584774
same_drone,MT_s004,1.0,0.01,3,9,9,2312,23.21662998199463,0.27449345268763636,0.6971829509048747,0.0
same_drone,MT_s004,1.0,0.01,3,10,10,2346,23.52618908882141,0.2601285751615876,0.7090538299328983,0.014492753623188406
same_drone,MT_s004,1.0,0.01,3,11,11,2666,26.786911964416504,0.30810912070590746,4.357681087409951,0.0086271567891973
same_drone,MT_s004,1.0,0.01,3,12,12,2344,23.593735933303833,0.2555421524190393,0.7450609615522553,0.0
same_drone,MT_s004,1.0,0.01,3,13,13,2307,23.15007710456848,0.25496028716221986,0.7461674565339991,0.0
same_drone,MT_s004,1.0,0.01,3,14,14,2625,26.3830509185791,0.26716064557800223,0.8245747188362542,0.0
same_drone,MT_s004,1.0,0.01,3,15,15,2334,23.44292402267456,0.2967077417166877,0.8129003514851252,0.0
same_drone,MT_s004,1.0,0.01,4,1,1,2472,24.886879920959473,0.2684109020555141,0.7643096551814469,0.0
same_drone,MT_s004,1.0,0.01,4,2,2,2524,25.33614683151245,0.270813362358453,0.7183366372511388,0.0
same_drone,MT_s004,1.0,0.01,4,3,3,2665,26.740379095077515,0.2772149403289461,0.8982349553274276,0.0
same_drone,MT_s004,1.0,0.01,4,4,4,2618,26.25896406173706,0.25553394426116327,0.7132480967797591,0.0
same_drone,MT_s004,1.0,0.01,4,5,5,2530,25.401978969573975,0.24461200913438574,0.6650025119430693,0.0
same_drone,MT_s004,1.0,0.01,4,6,6,2525,25.403844833374023,0.274502278176854,0.8033339818642686,0.005544554455445544
same_drone,MT_s004,1.0,0.01,4,7,7,2722,27.329137802124023,0.40425871640964317,36.34945800267594,0.2064658339456282
same_drone,MT_s004,1.0,0.01,4,8,8,2312,23.212925910949707,76.89940927972616,123.93150031087166,0.5445501730103807
same_drone,MT_s004,1.0,0.01,4,9,9,2312,23.21662998199463,0.2839476206644065,0.7081612720300262,0.0
same_drone,MT_s004,1.0,0.01,4,10,10,2346,23.52618908882141,0.2653592041917108,0.800513823111487,0.013640238704177323
same_drone,MT_s004,1.0,0.01,4,11,11,2666,26.786911964416504,0.29457670871025954,2.3775597220906803,0.024756189047261814
same_drone,MT_s004,1.0,0.01,4,12,12,2344,23.593735933303833,0.25529838210123046,0.6666593212281432,0.0
same_drone,MT_s004,1.0,0.01,4,13,13,2307,23.15007710456848,0.263502916940098,0.807555949365235,0.0
same_drone,MT_s004,1.0,0.01,4,14,14,2625,26.3830509185791,0.27370867573802116,0.8562707552286348,0.0
same_drone,MT_s004,1.0,0.01,4,15,15,2334,23.44292402267456,0.28723748336084043,0.7990165074531795,0.0
same_drone,MT_s004,1.0,0.05,0,1,1,2472,24.886879920959473,0.43162011871097405,1.1947658966467187,0.0
same_drone,MT_s004,1.0,0.05,0,2,2,2524,25.33614683151245,0.41841451859933443,1.2349780531213435,0.0
same_drone,MT_s004,1.0,0.05,0,3,3,2665,26.740379095077515,0.38547813338723813,1.2039436035311097,0.0
same_drone,MT_s004,1.0,0.05,0,4,4,2618,26.25896406173706,0.39759084937252,1.160772313930526,0.0
same_drone,MT_s004,1.0,0.05,0,5,5,2530,25.401978969573975,0.4143079436184607,1.085523202258159,0.0
same_drone,MT_s004,1.0,0.05,0,6,6,2525,25.403844833374023,0.440411903268938,1.3902887445470014,0.006336633663366337
same_drone,MT_s004,1.0,0.05,0,7,7,2722,27.329137802124023,0.5582172555998923,5.6094143775130885,0.014695077149155033
same_drone,MT_s004,1.0,0.05,0,8,8,2312,23.212925910949707,0.4238710851787175,1.1750733727672185,0.006055363321799308
same_drone,MT_s004,1.0,0.05,0,9,9,2312,23.21662998199463,0.4384766718548292,1.1067773673764623,0.0
same_drone,MT_s004,1.0,0.05,0,10,10,2346,23.52618908882141,0.40217751348231445,1.2021381271345248,0.014919011082693947
same_drone,MT_s004,1.0,0.05,0,11,11,2666,26.786911964416504,0.4888442413194838,1.7022278528097168,0.0015003750937734434
same_drone,MT_s004,1.0,0.05,0,12,12,2344,23.593735933303833,0.4281351782534273,1.2615246723853193,0.0
same_drone,MT_s004,1.0,0.05,0,13,13,2307,23.15007710456848,0.4421303919621664,1.235908370210985,0.0
same_drone,MT_s004,1.0,0.05,0,14,14,2625,26.3830509185791,0.4321457950951242,1.364250092278996,0.0
same_drone,MT_s004,1.0,0.05,0,15,15,2334,23.44292402267456,0.4969286689121084,1.302253049745362,0.0
same_drone,MT_s004,1.0,0.05,1,1,1,2472,24.886879920959473,0.44076552945456626,1.2192393127562913,0.0
same_drone,MT_s004,1.0,0.05,1,2,2,2524,25.33614683151245,0.43448923710349163,1.2957588081128877,0.0
same_drone,MT_s004,1.0,0.05,1,3,3,2665,26.740379095077515,0.4528315348612466,1.3228408588683918,0.0
same_drone,MT_s004,1.0,0.05,1,4,4,2618,26.25896406173706,0.4435590026504741,1.2178571528162365,0.0
same_drone,MT_s004,1.0,0.05,1,5,5,2530,25.401978969573975,0.4351493249769298,1.0667699088563487,0.0
same_drone,MT_s004,1.0,0.05,1,6,6,2525,25.403844833374023,0.4386953096358539,1.333480684115659,0.006732673267326733
same_drone,MT_s004,1.0,0.05,1,7,7,2722,27.329137802124023,0.4977019912368945,5.910746659889109,0.01322556943423953
same_drone,MT_s004,1.0,0.05,1,8,8,2312,23.212925910949707,0.42763063299025816,1.238240938690305,0.0025951557093425604
same_drone,MT_s004,1.0,0.05,1,9,9,2312,23.21662998199463,0.4898342100821793,1.2188256342733055,0.0
same_drone,MT_s004,1.0,0.05,1,10,10,2346,23.52618908882141,0.3986040016965262,1.2072908710122014,0.013640238704177323
same_drone,MT_s004,1.0,0.05,1,11,11,2666,26.786911964416504,0.4284466357818998,1.6681658995220463,0.003000750187546887
same_drone,MT_s004,1.0,0.05,1,12,12,2344,23.593735933303833,0.4204576692843922,1.1145507145359626,0.0
same_drone,MT_s004,1.0,0.05,1,13,13,2307,23.15007710456848,0.4650465451509689,1.3024447332611577,0.0
same_drone,MT_s004,1.0,0.05,1,14,14,2625,26.3830509185791,0.41423394017396364,1.2147251536758064,0.0
same_drone,MT_s004,1.0,0.05,1,15,15,2334,23.44292402267456,0.4825861003056673,1.2630542813513908,0.0
same_drone,MT_s004,1.0,0.05,2,1,1,2472,24.886879920959473,0.3788670182007756,1.1593148910859175,0.0
same_drone,MT_s004,1.0,0.05,2,2,2,2524,25.33614683151245,0.4536012978383681,1.2502800415825748,0.0
same_drone,MT_s004,1.0,0.05,2,3,3,2665,26.740379095077515,0.41191036620278965,1.228452339300122,0.0
same_drone,MT_s004,1.0,0.05,2,4,4,2618,26.25896406173706,0.3977030070773395,1.0477519791552354,0.0
same_drone,MT_s004,1.0,0.05,2,5,5,2530,25.401978969573975,0.4006831516284848,1.0648104507407308,0.0
same_drone,MT_s004,1.0,0.05,2,6,6,2525,25.403844833374023,0.38112964305399544,1.2582496501453022,0.004356435643564357
same_drone,MT_s004,1.0,0.05,2,7,7,2722,27.329137802124023,0.519137263563259,6.613237994797111,0.03232916972814107
same_drone,MT_s004,1.0,0.05,2,8,8,2312,23.212925910949707,0.42209528859822854,1.1178134210859838,0.008217993079584774
same_drone,MT_s004,1.0,0.05,2,9,9,2312,23.21662998199463,0.43581374010027263,1.116703592168878,0.0
same_drone,MT_s004,1.0,0.05,2,10,10,2346,23.52618908882141,0.42358477881565193,1.1603514280580498,0.014492753623188406
same_drone,MT_s004,1.0,0.05,2,11,11,2666,26.786911964416504,0.49729360272131373,3.30115932835254,0.0007501875468867217
same_drone,MT_s004,1.0,0.05,2,12,12,2344,23.593735933303833,0.4646493525742841,1.2415166533401698,0.0
same_drone,MT_s004,1.0,0.05,2,13,13,2307,23.15007710456848,0.4008781470085694,1.1222739066135434,0.0
same_drone,MT_s004,1.0,0.05,2,14,14,2625,26.3830509185791,0.4855070292521475,1.404017970412227,0.0
same_drone,MT_s004,1.0,0.05,2,15,15,2334,23.44292402267456,0.3958411743041097,1.1771625702352406,0.0
same_drone,MT_s004,1.0,0.05,3,1,1,2472,24.886879920959473,0.40252466539525855,1.144355695540645,0.0
same_drone,MT_s004,1.0,0.05,3,2,2,2524,25.33614683151245,0.4293106710172907,1.1480299713477495,0.0
same_drone,MT_s004,1.0,0.05,3,3,3,2665,26.740379095077515,0.43940213045365795,1.1448606344720302,0.0
same_drone,MT_s004,1.0,0.05,3,4,4,2618,26.25896406173706,0.4380466920273278,1.120237733521148,0.0
same_drone,MT_s004,1.0,0.05,3,5,5,2530,25.401978969573975,0.3579344301747085,1.06105697986664,0.0
same_drone,MT_s004,1.0,0.05,3,6,6,2525,25.403844833374023,0.3899061672949813,1.3332545019350013,0.006336633663366337
same_drone,MT_s004,1.0,0.05,3,7,7,2722,27.329137802124023,0.4933398577430381,7.51333875274616,0.01322556943423953
same_drone,MT_s004,1.0,0.05,3,8,8,2312,23.212925910949707,0.42470553768522734,1.142567343349333,0.005190311418685121
same_drone,MT_s004,1.0,0.05,3,9,9,2312,23.21662998199463,0.4152400329577546,1.1862118085336077,0.0
same_drone,MT_s004,1.0,0.05,3,10,10,2346,23.52618908882141,0.4231333509994215,1.2734832595541876,0.01619778346121057
same_drone,MT_s004,1.0,0.05,3,11,11,2666,26.786911964416504,0.4520758269644052,4.263820153106735,0.03225806451612903
same_drone,MT_s004,1.0,0.05,3,12,12,2344,23.593735933303833,0.4156236171050267,1.248676355403976,0.0
same_drone,MT_s004,1.0,0.05,3,13,13,2307,23.15007710456848,0.4315578776344182,1.2698021197544678,0.0
same_drone,MT_s004,1.0,0.05,3,14,14,2625,26.3830509185791,0.4581265678185673,1.4008919834621707,0.0
same_drone,MT_s004,1.0,0.05,3,15,15,2334,23.44292402267456,0.4513428552397585,1.3192597665836647,0.0
same_drone,MT_s004,1.0,0.05,4,1,1,2472,24.886879920959473,0.432661799548967,1.0954358848688053,0.0
same_drone,MT_s004,1.0,0.05,4,2,2,2524,25.33614683151245,0.43071806947759583,1.1202801939853615,0.0
same_drone,MT_s004,1.0,0.05,4,3,3,2665,26.740379095077515,0.4430369534464802,1.2874287322724085,0.0
same_drone,MT_s004,1.0,0.05,4,4,4,2618,26.25896406173706,0.37424642427502164,1.0957560864346414,0.0
same_drone,MT_s004,1.0,0.05,4,5,5,2530,25.401978969573975,0.40277449920639974,1.087299648361995,0.0
same_drone,MT_s004,1.0,0.05,4,6,6,2525,25.403844833374023,0.4469282105178891,1.3683501720486213,0.011881188118811881
same_drone,MT_s004,1.0,0.05,4,7,7,2722,27.329137802124023,0.5026054968119098,6.0815959030989095,0.0003673769287288758
same_drone,MT_s004,1.0,0.05,4,8,8,2312,23.212925910949707,0.4148650966012255,1.1398425074105547,0.004757785467128028
same_drone,MT_s004,1.0,0.05,4,9,9,2312,23.21662998199463,0.4125832314598483,1.1276068252607387,0.0
same_drone,MT_s004,1.0,0.05,4,10,10,2346,23.52618908882141,0.4465832901129154,1.265835359772602,0.013640238704177323
same_drone,MT_s004,1.0,0.05,4,11,11,2666,26.786911964416504,0.54020748629938,5.111747139644223,0.03225806451612903
same_drone,MT_s004,1.0,0.05,4,12,12,2344,23.593735933303833,0.4214449849622657,1.160857928443032,0.0
same_drone,MT_s004,1.0,0.05,4,13,13,2307,23.15007710456848,0.4644720852857631,1.3492412382364791,0.0
same_drone,MT_s004,1.0,0.05,4,14,14,2625,26.3830509185791,0.4728342771708185,1.3526205289511608,0.0
same_drone,MT_s004,1.0,0.05,4,15,15,2334,23.44292402267456,0.4171740667051722,1.2813363634359198,0.0
same_drone,MT_s004,1.0,0.1,0,1,1,2472,24.886879920959473,0.5927085889431538,1.5897160300371234,0.0
same_drone,MT_s004,1.0,0.1,0,2,2,2524,25.33614683151245,0.5540108119110099,1.6051497285348033,0.0
same_drone,MT_s004,1.0,0.1,0,3,3,2665,26.740379095077515,0.6121315331821506,1.6588470109222666,0.0
same_drone,MT_s004,1.0,0.1,0,4,4,2618,26.25896406173706,0.48411346024412083,1.320343519190334,0.0
same_drone,MT_s004,1.0,0.1,0,5,5,2530,25.401978969573975,0.545447943855919,1.1799836293419246,0.0
same_drone,MT_s004,1.0,0.1,0,6,6,2525,25.403844833374023,0.6130975679803186,1.828589519496947,0.0035643564356435645
same_drone,MT_s004,1.0,0.1,0,7,7,2722,27.329137802124023,0.6374237026083733,6.083393147967664,0.019103600293901544
same_drone,MT_s004,1.0,0.1,0,8,8,2312,23.212925910949707,0.6032918431136096,1.5080214965581151,0.009083044982698962
same_drone,MT_s004,1.0,0.1,0,9,9,2312,23.21662998199463,0.5110998330050336,1.6262316326742294,0.0
same_drone,MT_s004,1.0,0.1,0,10,10,2346,23.52618908882141,0.6204772167505969,1.798806055803567,0.013640238704177323
same_drone,MT_s004,1.0,0.1,0,11,11,2666,26.786911964416504,0.6164205965196068,2.3118925694537324,0.0
same_drone,MT_s004,1.0,0.1,0,12,12,2344,23.593735933303833,0.5108173335115351,1.56113302125967,0.0
same_drone,MT_s004,1.0,0.1,0,13,13,2307,23.15007710456848,0.4949504732406389,1.3416772713253238,0.0
same_drone,MT_s004,1.0,0.1,0,14,14,2625,26.3830509185791,0.5220440256387917,1.7431791185831897,0.0
same_drone,MT_s004,1.0,0.1,0,15,15,2334,23.44292402267456,0.564294306534066,1.5221229534390859,0.0
same_drone,MT_s004,1.0,0.1,1,1,1,2472,24.886879920959473,0.49914978597662696,1.4712722511941823,0.0
same_drone,MT_s004,1.0,0.1,1,2,2,2524,25.33614683151245,0.5529065334052632,1.6751664184672088,0.0
same_drone,MT_s004,1.0,0.1,1,3,3,2665,26.740379095077515,0.4754942448394388,1.4865032448641777,0.0
same_drone,MT_s004,1.0,0.1,1,4,4,2618,26.25896406173706,0.5320631043078361,1.412276762998538,0.0
same_drone,MT_s004,1.0,0.1,1,5,5,2530,25.401978969573975,0.466731482568818,1.2003579918609715,0.0
same_drone,MT_s004,1.0,0.1,1,6,6,2525,25.403844833374023,0.5433116326986749,1.6173544439587768,0.011881188118811881
same_drone,MT_s004,1.0,0.1,1,7,7,2722,27.329137802124023,0.6118820672860465,2.592472560025687,0.022409992652461425
same_drone,MT_s004,1.0,0.1,1,8,8,2312,23.212925910949707,0.49060078729625545,1.4904431071861284,0.003027681660899654
same_drone,MT_s004,1.0,0.1,1,9,9,2312,23.21662998199463,0.5307553496843731,1.4836246844643661,0.0
same_drone,MT_s004,1.0,0.1,1,10,10,2346,23.52618908882141,0.5828350989249316,1.6675700704529675,0.013640238704177323
same_drone,MT_s004,1.0,0.1,1,11,11,2666,26.786911964416504,0.6031553469823336,3.2485654579187155,0.002250562640660165
same_drone,MT_s004,1.0,0.1,1,12,12,2344,23.593735933303833,0.5693688181463941,1.6349077259547373,0.0
same_drone,MT_s004,1.0,0.1,1,13,13,2307,23.15007710456848,0.538640966741788,1.4263628006373836,0.0
same_drone,MT_s004,1.0,0.1,1,14,14,2625,26.3830509185791,0.5961107979018792,1.5889494704330558,0.0
same_drone,MT_s004,1.0,0.1,1,15,15,2334,23.44292402267456,0.5189283262337661,1.530734884115509,0.0
same_drone,MT_s004,1.0,0.1,2,1,1,2472,24.886879920959473,0.570113060942397,1.6738826703022824,0.0
same_drone,MT_s004,1.0,0.1,2,2,2,2524,25.33614683151245,0.5718307990260527,1.6939415297715925,0.0
same_drone,MT_s004,1.0,0.1,2,3,3,2665,26.740379095077515,0.6102199347608632,1.6607129299198702,0.0
same_drone,MT_s004,1.0,0.1,2,4,4,2618,26.25896406173706,0.49453186471880883,1.4856131974032138,0.0
same_drone,MT_s004,1.0,0.1,2,5,5,2530,25.401978969573975,0.5404496709612232,1.4246914171727765,0.0
same_drone,MT_s004,1.0,0.1,2,6,6,2525,25.403844833374023,0.5530533609017141,1.574871671739765,0.008316831683168317
same_drone,MT_s004,1.0,0.1,2,7,7,2722,27.329137802124023,0.620109372982597,6.372742582058668,0.009551800146950772
same_drone,MT_s004,1.0,0.1,2,8,8,2312,23.212925910949707,0.5585962774263677,1.4521855378027726,0.004325259515570935
same_drone,MT_s004,1.0,0.1,2,9,9,2312,23.21662998199463,0.5346301537876315,1.5766396235312417,0.0
same_drone,MT_s004,1.0,0.1,2,10,10,2346,23.52618908882141,0.5184487044664365,1.60950861124104,0.013640238704177323
same_drone,MT_s004,1.0,0.1,2,11,11,2666,26.786911964416504,0.5382205882247746,5.8158541785053615,0.03488372093023256
same_drone,MT_s004,1.0,0.1,2,12,12,2344,23.593735933303833,0.5197195516923827,1.5937027013393419,0.0
same_drone,MT_s004,1.0,0.1,2,13,13,2307,23.15007710456848,0.6011338262849222,1.7217160228128965,0.0
same_drone,MT_s004,1.0,0.1,2,14,14,2625,26.3830509185791,0.6204308151485236,1.7859356286392647,0.0
same_drone,MT_s004,1.0,0.1,2,15,15,2334,23.44292402267456,0.549794699693706,1.5063062181486235,0.0
same_drone,MT_s004,1.0,0.1,3,1,1,2472,24.886879920959473,0.6368577278295255,1.6273860375797824,0.0
same_drone,MT_s004,1.0,0.1,3,2,2,2524,25.33614683151245,0.5855932424393444,1.7233647704553579,0.0
same_drone,MT_s004,1.0,0.1,3,3,3,2665,26.740379095077515,0.5838567991058881,1.7496771852854407,0.0
same_drone,MT_s004,1.0,0.1,3,4,4,2618,26.25896406173706,0.561605682743405,1.5679067168515148,0.0
same_drone,MT_s004,1.0,0.1,3,5,5,2530,25.401978969573975,0.5180852816540735,1.280963185742179,0.0
same_drone,MT_s004,1.0,0.1,3,6,6,2525,25.403844833374023,0.5328067876262139,1.6095514976432297,0.007920792079207921
same_drone,MT_s004,1.0,0.1,3,7,7,2722,27.329137802124023,0.6178700488586202,6.129840772572685,0.009551800146950772
same_drone,MT_s004,1.0,0.1,3,8,8,2312,23.212925910949707,0.5680598504604291,1.5012075939793705,0.0025951557093425604
same_drone,MT_s004,1.0,0.1,3,9,9,2312,23.21662998199463,0.45140142812408435,1.5254392974084383,0.0
same_drone,MT_s004,1.0,0.1,3,10,10,2346,23.52618908882141,0.5411975724814297,1.7198519059551352,0.013640238704177323
same_drone,MT_s004,1.0,0.1,3,11,11,2666,26.786911964416504,0.641921163768226,2.5649381083356673,0.004876219054763691
same_drone,MT_s004,1.0,0.1,3,12,12,2344,23.593735933303833,0.5771459296881147,1.560943307900563,0.0
same_drone,MT_s004,1.0,0.1,3,13,13,2307,23.15007710456848,0.6222769938769375,1.5967154214191837,0.0
same_drone,MT_s004,1.0,0.1,3,14,14,2625,26.3830509185791,0.6202819776897286,1.561147311284128,0.0
same_drone,MT_s004,1.0,0.1,3,15,15,2334,23.44292402267456,0.5201796804701289,1.5651568841301193,0.0
same_drone,MT_s004,1.0,0.1,4,1,1,2472,24.886879920959473,0.4853504476553212,1.6078600980660724,0.0
same_drone,MT_s004,1.0,0.1,4,2,2,2524,25.33614683151245,0.5873560871761612,1.5980560974769717,0.0
same_drone,MT_s004,1.0,0.1,4,3,3,2665,26.740379095077515,0.5267924090209704,1.4080206611762205,0.0
same_drone,MT_s004,1.0,0.1,4,4,4,2618,26.25896406173706,0.48523869607655357,1.4477259066783277,0.0
same_drone,MT_s004,1.0,0.1,4,5,5,2530,25.401978969573975,0.5481918210147612,1.2488763660305988,0.0
same_drone,MT_s004,1.0,0.1,4,6,6,2525,25.403844833374023,0.525247506928082,1.8044147161714854,0.0039603960396039604
same_drone,MT_s004,1.0,0.1,4,7,7,2722,27.329137802124023,0.6343860619544301,6.146467483237346,0.009184423218221896
same_drone,MT_s004,1.0,0.1,4,8,8,2312,23.212925910949707,0.4772049135055738,1.4412368265685815,0.006920415224913495
same_drone,MT_s004,1.0,0.1,4,9,9,2312,23.21662998199463,0.5635862112232104,1.5426800292531913,0.0
same_drone,MT_s004,1.0,0.1,4,10,10,2346,23.52618908882141,0.571797704718378,1.5361961585388997,0.017476555839727195
same_drone,MT_s004,1.0,0.1,4,11,11,2666,26.786911964416504,0.6549151407083258,4.7864388609986825,0.03225806451612903
same_drone,MT_s004,1.0,0.1,4,12,12,2344,23.593735933303833,0.5972378344636553,1.6615397298746952,0.0
same_drone,MT_s004,1.0,0.1,4,13,13,2307,23.15007710456848,0.5579587459553181,1.4754688909432887,0.0
same_drone,MT_s004,1.0,0.1,4,14,14,2625,26.3830509185791,0.596359046985782,1.889556541574643,0.0
same_drone,MT_s004,1.0,0.1,4,15,15,2334,23.44292402267456,0.6798967562320257,1.8033141316659518,0.0
same_drone,MT_s004,1.0,0.2,0,1,1,2472,24.886879920959473,0.6957536114410914,2.1589549354398487,0.0
same_drone,MT_s004,1.0,0.2,0,2,2,2524,25.33614683151245,0.731068675589654,2.035897978552999,0.0
same_drone,MT_s004,1.0,0.2,0,3,3,2665,26.740379095077515,0.635430038123161,1.8557697974503298,0.000375234521575985
same_drone,MT_s004,1.0,0.2,0,4,4,2618,26.25896406173706,0.6959603429002073,1.9893220046196107,0.0
same_drone,MT_s004,1.0,0.2,0,5,5,2530,25.401978969573975,0.7466438121506513,2.0027786833032586,0.0
same_drone,MT_s004,1.0,0.2,0,6,6,2525,25.403844833374023,0.7761909497778561,2.704481186328024,0.002376237623762376
same_drone,MT_s004,1.0,0.2,0,7,7,2722,27.329137802124023,0.7431469788685476,6.894048447924437,0.018368846436443792
same_drone,MT_s004,1.0,0.2,0,8,8,2312,23.212925910949707,0.7309354265650683,1.8864367741094363,0.0025951557093425604
same_drone,MT_s004,1.0,0.2,0,9,9,2312,23.21662998199463,0.7339686932227671,2.3395418702134636,0.0
same_drone,MT_s004,1.0,0.2,0,10,10,2346,23.52618908882141,0.7654780108532506,2.0745976780412434,0.013640238704177323
same_drone,MT_s004,1.0,0.2,0,11,11,2666,26.786911964416504,0.7381782510194306,6.044315799249233,0.03600900225056264
same_drone,MT_s004,1.0,0.2,0,12,12,2344,23.593735933303833,0.7081481162580321,1.9212555250329648,0.0
same_drone,MT_s004,1.0,0.2,0,13,13,2307,23.15007710456848,0.7542921073998059,1.9407293960581002,0.0
same_drone,MT_s004,1.0,0.2,0,14,14,2625,26.3830509185791,0.754781918183113,2.051932440273071,0.0
same_drone,MT_s004,1.0,0.2,0,15,15,2334,23.44292402267456,0.552605269131611,1.8022499952924829,0.0
same_drone,MT_s004,1.0,0.2,1,1,1,2472,24.886879920959473,0.6327729963916084,1.8652545209784848,0.0
same_drone,MT_s004,1.0,0.2,1,2,2,2524,25.33614683151245,0.7110359957907662,2.1210798146212517,0.0
same_drone,MT_s004,1.0,0.2,1,3,3,2665,26.740379095077515,0.6833238239956074,1.8705584197917489,0.0
same_drone,MT_s004,1.0,0.2,1,4,4,2618,26.25896406173706,0.6388733486271718,2.0076780546034603,0.0
same_drone,MT_s004,1.0,0.2,1,5,5,2530,25.401978969573975,0.7241619372405523,1.818317051772051,0.0
same_drone,MT_s004,1.0,0.2,1,6,6,2525,25.403844833374023,0.6441399172122715,1.9172043704414645,0.012277227722772278
same_drone,MT_s004,1.0,0.2,1,7,7,2722,27.329137802124023,0.8530368720412653,6.390936834954934,0.018001469507714914
same_drone,MT_s004,1.0,0.2,1,8,8,2312,23.212925910949707,0.7920751090775866,1.9567941104135516,0.0008650519031141869
same_drone,MT_s004,1.0,0.2,1,9,9,2312,23.21662998199463,0.7053163727192313,2.02564972384503,0.0
same_drone,MT_s004,1.0,0.2,1,10,10,2346,23.52618908882141,0.7092002120641041,1.7741927482028501,0.013640238704177323
same_drone,MT_s004,1.0,0.2,1,11,11,2666,26.786911964416504,0.826740951310569,4.7406822479841395,0.03225806451612903
same_drone,MT_s004,1.0,0.2,1,12,12,2344,23.593735933303833,0.6990378094249223,1.9723863113706102,0.0
same_drone,MT_s004,1.0,0.2,1,13,13,2307,23.15007710456848,0.7470184453382558,2.074033132915177,0.0008669267446900737
same_drone,MT_s004,1.0,0.2,1,14,14,2625,26.3830509185791,0.8281582068973421,2.515734041525084,0.0
same_drone,MT_s004,1.0,0.2,1,15,15,2334,23.44292402267456,0.7537448438558663,2.378486101000566,0.0
same_drone,MT_s004,1.0,0.2,2,1,1,2472,24.886879920959473,0.6402564177289207,1.9337165838978936,0.0
same_drone,MT_s004,1.0,0.2,2,2,2,2524,25.33614683151245,0.7436386244622355,2.2133276660276255,0.0003961965134706815
same_drone,MT_s004,1.0,0.2,2,3,3,2665,26.740379095077515,0.5983939948454804,1.8719654014209253,0.0
same_drone,MT_s004,1.0,0.2,2,4,4,2618,26.25896406173706,0.6911902047885974,1.7570782379081664,0.0
same_drone,MT_s004,1.0,0.2,2,5,5,2530,25.401978969573975,0.6297847005665318,1.648438533484092,0.0
same_drone,MT_s004,1.0,0.2,2,6,6,2525,25.403844833374023,0.7552770364245021,2.7266503420056045,0.005940594059405941
same_drone,MT_s004,1.0,0.2,2,7,7,2722,27.329137802124023,0.771897410019541,3.957091602842537,0.011021307861866276
same_drone,MT_s004,1.0,0.2,2,8,8,2312,23.212925910949707,0.6584277130538823,1.8375865100799926,0.0
same_drone,MT_s004,1.0,0.2,2,9,9,2312,23.21662998199463,0.6299743863865714,1.724277360776927,0.0
same_drone,MT_s004,1.0,0.2,2,10,10,2346,23.52618908882141,0.7257610506840066,2.0514567273202715,0.013640238704177323
same_drone,MT_s004,1.0,0.2,2,11,11,2666,26.786911964416504,0.7222778581003197,5.729223699403931,0.03188297074268567
same_drone,MT_s004,1.0,0.2,2,12,12,2344,23.593735933303833,0.7512102816414057,2.168815531443859,0.0
same_drone,MT_s004,1.0,0.2,2,13,13,2307,23.15007710456848,0.7262933861830589,1.994956344201387,0.0
same_drone,MT_s004,1.0,0.2,2,14,14,2625,26.3830509185791,0.7840808943436315,2.222387411950548,0.0
same_drone,MT_s004,1.0,0.2,2,15,15,2334,23.44292402267456,0.7441534876163587,2.1595143115107374,0.0
same_drone,MT_s004,1.0,0.2,3,1,1,2472,24.886879920959473,0.7910340898103883,2.1661915374924385,0.0
same_drone,MT_s004,1.0,0.2,3,2,2,2524,25.33614683151245,0.7306846903577977,2.364459535871546,0.0003961965134706815
same_drone,MT_s004,1.0,0.2,3,3,3,2665,26.740379095077515,0.6456902422505948,2.067078689037507,0.0
same_drone,MT_s004,1.0,0.2,3,4,4,2618,26.25896406173706,0.7198148797859929,1.799147430505687,0.0
same_drone,MT_s004,1.0,0.2,3,5,5,2530,25.401978969573975,0.6522979128437623,1.5264818987796833,0.0
same_drone,MT_s004,1.0,0.2,3,6,6,2525,25.403844833374023,0.8124008809173517,2.80229802832975,0.004356435643564357
same_drone,MT_s004,1.0,0.2,3,7,7,2722,27.329137802124023,0.8492437630854965,6.848211017920091,0.027553269654665688
same_drone,MT_s004,1.0,0.2,3,8,8,2312,23.212925910949707,0.7027981233015339,1.8786080706473016,0.0
same_drone,MT_s004,1.0,0.2,3,9,9,2312,23.21662998199463,0.7608479053900794,2.213639978256721,0.0
same_drone,MT_s004,1.0,0.2,3,10,10,2346,23.52618908882141,0.7422546156943248,2.20345889585046,0.013640238704177323
same_drone,MT_s004,1.0,0.2,3,11,11,2666,26.786911964416504,0.7560152264327229,3.865085272415719,0.003000750187546887
same_drone,MT_s004,1.0,0.2,3,12,12,2344,23.593735933303833,0.7578620936248512,2.256717244658432,0.0
same_drone,MT_s004,1.0,0.2,3,13,13,2307,23.15007710456848,0.7304969349722761,1.9826117441976439,0.0
same_drone,MT_s004,1.0,0.2,3,14,14,2625,26.3830509185791,0.7343059756202024,1.9653412439076612,0.0
same_drone,MT_s004,1.0,0.2,3,15,15,2334,23.44292402267456,0.714274255565094,2.1657575599521857,0.0
same_drone,MT_s004,1.0,0.2,4,1,1,2472,24.886879920959473,0.7353873377015034,1.9333485942147781,0.0
same_drone,MT_s004,1.0,0.2,4,2,2,2524,25.33614683151245,0.7949205297906587,2.2195742461954877,0.0
same_drone,MT_s004,1.0,0.2,4,3,3,2665,26.740379095077515,0.6455703665196211,2.365884165205162,0.0
same_drone,MT_s004,1.0,0.2,4,4,4,2618,26.25896406173706,0.6656070079802276,1.9159136097492322,0.0
same_drone,MT_s004,1.0,0.2,4,5,5,2530,25.401978969573975,0.6200174764345796,1.6948901171050772,0.0
same_drone,MT_s004,1.0,0.2,4,6,6,2525,25.403844833374023,0.7661204151693539,2.368571327239229,0.007920792079207921
same_drone,MT_s004,1.0,0.2,4,7,7,2722,27.329137802124023,0.7791478821318094,6.359255218748172,0.022409992652461425
same_drone,MT_s004,1.0,0.2,4,8,8,2312,23.212925910949707,0.6381306031532361,1.6158453074354102,0.005190311418685121
same_drone,MT_s004,1.0,0.2,4,9,9,2312,23.21662998199463,0.6750918566860236,1.7635535216398626,0.0
same_drone,MT_s004,1.0,0.2,4,10,10,2346,23.52618908882141,0.7560778676190125,2.0279377507768714,0.013640238704177323
same_drone,MT_s004,1.0,0.2,4,11,11,2666,26.786911964416504,0.7824805604126652,5.150644664240019,0.01800450112528132
same_drone,MT_s004,1.0,0.2,4,12,12,2344,23.593735933303833,0.689865428366943,2.050308839392964,0.0
same_drone,MT_s004,1.0,0.2,4,13,13,2307,23.15007710456848,0.7472640643471777,1.8963528373415386,0.0
same_drone,MT_s004,1.0,0.2,4,14,14,2625,26.3830509185791,0.6834794384900249,2.146478903103707,0.0
same_drone,MT_s004,1.0,0.2,4,15,15,2334,23.44292402267456,0.623182044016712,2.347796337670048,0.0
same_drone,MT_s004,1.0,0.5,0,1,1,2472,24.886879920959473,1.0728705795533493,2.5826804578002553,0.0
same_drone,MT_s004,1.0,0.5,0,2,2,2524,25.33614683151245,0.9979178421923134,3.0658607697438622,0.0
same_drone,MT_s004,1.0,0.5,0,3,3,2665,26.740379095077515,0.973138242008281,3.3197146739188823,0.0
same_drone,MT_s004,1.0,0.5,0,4,4,2618,26.25896406173706,0.9255513037792511,2.5734634656362614,0.0
same_drone,MT_s004,1.0,0.5,0,5,5,2530,25.401978969573975,1.0029182265232297,2.936730340570065,0.0035573122529644267
same_drone,MT_s004,1.0,0.5,0,6,6,2525,25.403844833374023,1.068413511010533,3.257038416663236,0.006336633663366337
same_drone,MT_s004,1.0,0.5,0,7,7,2722,27.329137802124023,1.1184920785567272,5.676309971758835,0.03930933137398971
same_drone,MT_s004,1.0,0.5,0,8,8,2312,23.212925910949707,1.0581454917303788,2.680935984606402,0.0008650519031141869
same_drone,MT_s004,1.0,0.5,0,9,9,2312,23.21662998199463,0.8733226733260704,2.7223866420142726,0.0012975778546712802
same_drone,MT_s004,1.0,0.5,0,10,10,2346,23.52618908882141,1.048272801196802,2.907637356550566,0.013640238704177323
same_drone,MT_s004,1.0,0.5,0,11,11,2666,26.786911964416504,1.0295261806015374,6.346713871623919,0.03938484621155289
same_drone,MT_s004,1.0,0.5,0,12,12,2344,23.593735933303833,0.9412553237576837,2.5823533204989846,0.0034129692832764505
same_drone,MT_s004,1.0,0.5,0,13,13,2307,23.15007710456848,0.9105946571547747,3.670929253818585,0.0
same_drone,MT_s004,1.0,0.5,0,14,14,2625,26.3830509185791,1.0133612525156082,2.797332924762504,0.0
same_drone,MT_s004,1.0,0.5,0,15,15,2334,23.44292402267456,0.8397019118945295,2.7211966750296352,0.006855184233076264
same_drone,MT_s004,1.0,0.5,1,1,1,2472,24.886879920959473,0.8217245196698499,2.601291096386767,0.0
same_drone,MT_s004,1.0,0.5,1,2,2,2524,25.33614683151245,1.1015704449603696,2.78194410191276,0.0019809825673534074
same_drone,MT_s004,1.0,0.5,1,3,3,2665,26.740379095077515,1.1131660155342615,2.8470415640646047,0.0
same_drone,MT_s004,1.0,0.5,1,4,4,2618,26.25896406173706,0.8259767630164561,2.242288677449401,0.0
same_drone,MT_s004,1.0,0.5,1,5,5,2530,25.401978969573975,0.8621237891076241,2.809310068594777,0.0
same_drone,MT_s004,1.0,0.5,1,6,6,2525,25.403844833374023,1.000481411379269,3.8468010470521077,0.006336633663366337
same_drone,MT_s004,1.0,0.5,1,7,7,2722,27.329137802124023,1.312854375744223,5.390487451645931,0.046289493019838354
same_drone,MT_s004,1.0,0.5,1,8,8,2312,23.212925910949707,0.90451848091908,2.727806629000424,0.0
same_drone,MT_s004,1.0,0.5,1,9,9,2312,23.21662998199463,0.8551991851343388,2.627742829693914,0.0
same_drone,MT_s004,1.0,0.5,1,10,10,2346,23.52618908882141,1.0445522279323036,3.2964356654713214,0.013640238704177323
same_drone,MT_s004,1.0,0.5,1,11,11,2666,26.786911964416504,1.0895049305821516,5.887031581065742,0.018754688672168042
same_drone,MT_s004,1.0,0.5,1,12,12,2344,23.593735933303833,0.8776755256784146,2.8645575692941296,0.004266211604095563
same_drone,MT_s004,1.0,0.5,1,13,13,2307,23.15007710456848,1.1385311070652875,3.216902347861078,0.0
same_drone,MT_s004,1.0,0.5,1,14,14,2625,26.3830509185791,0.8846179790971576,3.1315391446542375,0.006095238095238095
same_drone,MT_s004,1.0,0.5,1,15,15,2334,23.44292402267456,0.9647217433774813,3.068253089905505,0.011139674378748929
same_drone,MT_s004,1.0,0.5,2,1,1,2472,24.886879920959473,0.7846601263535149,3.1980631181305665,0.0
same_drone,MT_s004,1.0,0.5,2,2,2,2524,25.33614683151245,1.1922059917858618,3.4264493338417457,0.0
same_drone,MT_s004,1.0,0.5,2,3,3,2665,26.740379095077515,1.0729162477406362,3.001693301549767,0.0
same_drone,MT_s004,1.0,0.5,2,4,4,2618,26.25896406173706,0.8725923268609819,2.5849762118709356,0.0
same_drone,MT_s004,1.0,0.5,2,5,5,2530,25.401978969573975,0.8813333700996964,2.6428542827526114,0.0
same_drone,MT_s004,1.0,0.5,2,6,6,2525,25.403844833374023,0.8527182251336569,3.5666988753447124,0.005544554455445544
same_drone,MT_s004,1.0,0.5,2,7,7,2722,27.329137802124023,1.0517743658192202,7.201503167336128,0.02902277736958119
same_drone,MT_s004,1.0,0.5,2,8,8,2312,23.212925910949707,0.7997127056119453,2.533775816440348,0.0012975778546712802
same_drone,MT_s004,1.0,0.5,2,9,9,2312,23.21662998199463,0.8253069074807797,2.237239732181284,0.0
same_drone,MT_s004,1.0,0.5,2,10,10,2346,23.52618908882141,0.8081336655033837,3.0279323200849433,0.013640238704177323
same_drone,MT_s004,1.0,0.5,2,11,11,2666,26.786911964416504,0.9557836818623677,5.032932136968569,0.01312828207051763
same_drone,MT_s004,1.0,0.5,2,12,12,2344,23.593735933303833,1.063583672822336,3.213860823648825,0.005119453924914676
same_drone,MT_s004,1.0,0.5,2,13,13,2307,23.15007710456848,0.9628531644059706,2.7502162598759248,0.0
same_drone,MT_s004,1.0,0.5,2,14,14,2625,26.3830509185791,0.9711621258852574,3.065071211660171,0.0030476190476190477
same_drone,MT_s004,1.0,0.5,2,15,15,2334,23.44292402267456,0.7814328131038621,3.1081342325799577,0.005141388174807198
same_drone,MT_s004,1.0,0.5,3,1,1,2472,24.886879920959473,0.9022934946247574,2.9884860915866125,0.0
same_drone,MT_s004,1.0,0.5,3,2,2,2524,25.33614683151245,0.9297036548133235,2.7588349877101064,0.0
same_drone,MT_s004,1.0,0.5,3,3,3,2665,26.740379095077515,0.9763172962924784,3.009443743433064,0.002626641651031895
same_drone,MT_s004,1.0,0.5,3,4,4,2618,26.25896406173706,0.8387811956025857,2.5136212330679513,0.0
same_drone,MT_s004,1.0,0.5,3,5,5,2530,25.401978969573975,0.7859569057403419,2.5761751896339815,0.0003952569169960474
same_drone,MT_s004,1.0,0.5,3,6,6,2525,25.403844833374023,0.9302519417838084,3.7123112311147546,0.004752475247524752
same_drone,MT_s004,1.0,0.5,3,7,7,2722,27.329137802124023,1.073249148797558,7.6180487489177935,0.034533431300514325
same_drone,MT_s004,1.0,0.5,3,8,8,2312,23.212925910949707,0.8975742555479229,2.331600921450897,0.008217993079584774
same_drone,MT_s004,1.0,0.5,3,9,9,2312,23.21662998199463,0.863507147530818,2.6558911790098083,0.0
same_drone,MT_s004,1.0,0.5,3,10,10,2346,23.52618908882141,1.0257110134642389,3.1981304040661485,0.013640238704177323
same_drone,MT_s004,1.0,0.5,3,11,11,2666,26.786911964416504,1.2890010876819957,6.0496839230990815,0.0277569392348087
same_drone,MT_s004,1.0,0.5,3,12,12,2344,23.593735933303833,1.1696377485281957,3.657464062485973,0.0
same_drone,MT_s004,1.0,0.5,3,13,13,2307,23.15007710456848,1.055902247648362,2.79975588959843,0.0
same_drone,MT_s004,1.0,0.5,3,14,14,2625,26.3830509185791,1.0071357964068852,3.3044191824348728,0.0026666666666666666
same_drone,MT_s004,1.0,0.5,3,15,15,2334,23.44292402267456,0.9182774357860986,3.0181268596956907,0.006855184233076264
same_drone,MT_s004,1.0,0.5,4,1,1,2472,24.886879920959473,0.9447816604233452,2.5958579004984306,0.0
same_drone,MT_s004,1.0,0.5,4,2,2,2524,25.33614683151245,1.006176677877285,3.0026345544423436,0.0
same_drone,MT_s004,1.0,0.5,4,3,3,2665,26.740379095077515,0.969708549142581,2.4854861260431163,0.0
same_drone,MT_s004,1.0,0.5,4,4,4,2618,26.25896406173706,0.8743579320927211,2.4048942538720843,0.0
same_drone,MT_s004,1.0,0.5,4,5,5,2530,25.401978969573975,0.930074941667673,2.8349764247382403,0.0015810276679841897
same_drone,MT_s004,1.0,0.5,4,6,6,2525,25.403844833374023,0.9677913990175853,3.1243797452022135,0.006336633663366337
same_drone,MT_s004,1.0,0.5,4,7,7,2722,27.329137802124023,0.9715988018053281,5.397639212474825,0.026818515797207936
same_drone,MT_s004,1.0,0.5,4,8,8,2312,23.212925910949707,0.8431754499721791,2.3769593225349297,0.0
same_drone,MT_s004,1.0,0.5,4,9,9,2312,23.21662998199463,0.8364048753647424,2.2724364198012186,0.003027681660899654
same_drone,MT_s004,1.0,0.5,4,10,10,2346,23.52618908882141,1.0494485693499627,3.0341514334836504,0.013640238704177323
same_drone,MT_s004,1.0,0.5,4,11,11,2666,26.786911964416504,0.9288863189138326,6.066410899933729,0.023630907726931733
same_drone,MT_s004,1.0,0.5,4,12,12,2344,23.593735933303833,1.0228416390926043,3.2173707621294714,0.0
same_drone,MT_s004,1.0,0.5,4,13,13,2307,23.15007710456848,1.0513278963577477,3.1189511270401518,0.0
same_drone,MT_s004,1.0,0.5,4,14,14,2625,26.3830509185791,0.9593019462957955,2.9780664742702356,0.0
same_drone,MT_s004,1.0,0.5,4,15,15,2334,23.44292402267456,0.8998102464458668,3.109665917298614,0.005998286203941731
same_drone,MT_s004,2.0,0.01,0,1,1,2472,24.886879920959473,0.41660750674095937,1.0849476180315947,0.0
same_drone,MT_s004,2.0,0.01,0,2,2,2524,25.33614683151245,0.4432565538334643,1.2732400043226548,0.0
same_drone,MT_s004,2.0,0.01,0,3,3,2665,26.740379095077515,0.43102644909961896,1.3957981823404195,0.0
same_drone,MT_s004,2.0,0.01,0,4,4,2618,26.25896406173706,0.4158500050988039,1.0888786363575105,0.0
same_drone,MT_s004,2.0,0.01,0,5,5,2530,25.401978969573975,0.3919700682419318,1.053086952922622,0.0
same_drone,MT_s004,2.0,0.01,0,6,6,2525,25.403844833374023,0.43205036057767643,1.3455302261048698,0.005544554455445544
same_drone,MT_s004,2.0,0.01,0,7,7,2722,27.329137802124023,0.5175942353362899,6.006664741069815,0.002571638501102131
same_drone,MT_s004,2.0,0.01,0,8,8,2312,23.212925910949707,0.42792909570504634,1.2585309678795829,0.007785467128027681
same_drone,MT_s004,2.0,0.01,0,9,9,2312,23.21662998199463,0.43880261406808074,1.2031034807434886,0.0
same_drone,MT_s004,2.0,0.01,0,10,10,2346,23.52618908882141,0.40143304757609855,1.2055426622093925,0.013640238704177323
same_drone,MT_s004,2.0,0.01,0,11,11,2666,26.786911964416504,0.44012782611443413,4.785362727747405,0.036384096024006
same_drone,MT_s004,2.0,0.01,0,12,12,2344,23.593735933303833,0.40584389495106166,1.2139580375596106,0.0
same_drone,MT_s004,2.0,0.01,0,13,13,2307,23.15007710456848,0.3910095856606688,1.1880912932170675,0.0
same_drone,MT_s004,2.0,0.01,0,14,14,2625,26.3830509185791,0.42301973934539205,1.2304131144651536,0.0
same_drone,MT_s004,2.0,0.01,0,15,15,2334,23.44292402267456,0.37667557449987044,1.214689347965185,0.0
same_drone,MT_s004,2.0,0.01,1,1,1,2472,24.886879920959473,0.4139408891473835,1.0704866880157156,0.0
same_drone,MT_s004,2.0,0.01,1,2,2,2524,25.33614683151245,0.40728107989063034,1.152434587534155,0.0
same_drone,MT_s004,2.0,0.01,1,3,3,2665,26.740379095077515,0.41982435584628774,1.2348458766083807,0.0
same_drone,MT_s004,2.0,0.01,1,4,4,2618,26.25896406173706,0.4370822745535037,1.20256777457006,0.0
same_drone,MT_s004,2.0,0.01,1,5,5,2530,25.401978969573975,0.39562247144174023,0.9959192797790307,0.0
same_drone,MT_s004,2.0,0.01,1,6,6,2525,25.403844833374023,0.46820650743485714,1.3721426242614938,0.009900990099009901
same_drone,MT_s004,2.0,0.01,1,7,7,2722,27.329137802124023,0.5115611429695122,6.219254877010213,0.0
same_drone,MT_s004,2.0,0.01,1,8,8,2312,23.212925910949707,0.41620478146628415,1.121797375496005,0.0021626297577854673
same_drone,MT_s004,2.0,0.01,1,9,9,2312,23.21662998199463,0.428935353585743,1.1022749585738285,0.0
same_drone,MT_s004,2.0,0.01,1,10,10,2346,23.52618908882141,0.4616689659071511,1.2344475162449489,0.013640238704177323
same_drone,MT_s004,2.0,0.01,1,11,11,2666,26.786911964416504,0.43545260517743856,2.715695721107977,0.00037509377344336085
same_drone,MT_s004,2.0,0.01,1,12,12,2344,23.593735933303833,0.4362176906558659,1.2173840915641683,0.0
same_drone,MT_s004,2.0,0.01,1,13,13,2307,23.15007710456848,0.4168299674279581,1.2473758332218725,0.0
same_drone,MT_s004,2.0,0.01,1,14,14,2625,26.3830509185791,0.374568214482764,1.099360628996294,0.0
same_drone,MT_s004,2.0,0.01,1,15,15,2334,23.44292402267456,0.40127241337026476,1.1180966156027514,0.0
same_drone,MT_s004,2.0,0.01,2,1,1,2472,24.886879920959473,0.3819889064632207,1.1729223368849877,0.0
same_drone,MT_s004,2.0,0.01,2,2,2,2524,25.33614683151245,0.37057862069915615,0.9869281139481543,0.0
same_drone,MT_s004,2.0,0.01,2,3,3,2665,26.740379095077515,0.3883005064609506,1.308547477170839,0.0
same_drone,MT_s004,2.0,0.01,2,4,4,2618,26.25896406173706,0.39487396209370473,1.0806356917061832,0.0
same_drone,MT_s004,2.0,0.01,2,5,5,2530,25.401978969573975,0.3600915606493782,1.0016745809577319,0.0
same_drone,MT_s004,2.0,0.01,2,6,6,2525,25.403844833374023,0.45498503116598954,1.3389728811566548,0.0015841584158415843
same_drone,MT_s004,2.0,0.01,2,7,7,2722,27.329137802124023,0.5036827531183263,5.982375948212166,0.0007347538574577516
same_drone,MT_s004,2.0,0.01,2,8,8,2312,23.212925910949707,0.379238038143203,1.117656386595121,0.003027681660899654
same_drone,MT_s004,2.0,0.01,2,9,9,2312,23.21662998199463,0.4330130998823378,1.0838176192565911,0.0
same_drone,MT_s004,2.0,0.01,2,10,10,2346,23.52618908882141,0.39889610579409407,1.1589507231797995,0.014066496163682864
same_drone,MT_s004,2.0,0.01,2,11,11,2666,26.786911964416504,0.46963194619864623,2.88862912274935,0.029632408102025505
same_drone,MT_s004,2.0,0.01,2,12,12,2344,23.593735933303833,0.43018108212825723,1.1088248813055348,0.0
same_drone,MT_s004,2.0,0.01,2,13,13,2307,23.15007710456848,0.3892173864891504,1.151660655271735,0.0
same_drone,MT_s004,2.0,0.01,2,14,14,2625,26.3830509185791,0.3863012241407944,1.21736299451195,0.0
same_drone,MT_s004,2.0,0.01,2,15,15,2334,23.44292402267456,0.4368418762722541,1.2469561968353322,0.0
same_drone,MT_s004,2.0,0.01,3,1,1,2472,24.886879920959473,0.41709317587842065,1.0869325431258077,0.0
same_drone,MT_s004,2.0,0.01,3,2,2,2524,25.33614683151245,0.4928752804050447,1.224621751297507,0.0
same_drone,MT_s004,2.0,0.01,3,3,3,2665,26.740379095077515,0.40658070815950964,1.1151883453934146,0.0
same_drone,MT_s004,2.0,0.01,3,4,4,2618,26.25896406173706,0.3981406454970795,1.043381255697567,0.0
same_drone,MT_s004,2.0,0.01,3,5,5,2530,25.401978969573975,0.37140066200604593,1.0362548664895235,0.0
same_drone,MT_s004,2.0,0.01,3,6,6,2525,25.403844833374023,0.4620168546865955,1.5447070068924973,0.0
same_drone,MT_s004,2.0,0.01,3,7,7,2722,27.329137802124023,0.7515490195343091,23.267479753034088,0.1642174871418075
same_drone,MT_s004,2.0,0.01,3,8,8,2312,23.212925910949707,0.611229814294397,91.85221512164746,0.1777681660899654
same_drone,MT_s004,2.0,0.01,3,9,9,2312,23.21662998199463,0.4115752834666111,1.0847425294702275,0.0
same_drone,MT_s004,2.0,0.01,3,10,10,2346,23.52618908882141,0.3733929396678306,1.1215503259570596,0.01577152600170503
same_drone,MT_s004,2.0,0.01,3,11,11,2666,26.786911964416504,0.44124582202458384,1.572668987757325,0.0
same_drone,MT_s004,2.0,0.01,3,12,12,2344,23.593735933303833,0.40392410674656176,1.268287060026432,0.0
same_drone,MT_s004,2.0,0.01,3,13,13,2307,23.15007710456848,0.42055962917919487,1.1334606525013675,0.0
same_drone,MT_s004,2.0,0.01,3,14,14,2625,26.3830509185791,0.4124265005492589,1.2068449063604247,0.0
same_drone,MT_s004,2.0,0.01,3,15,15,2334,23.44292402267456,0.4652542367321928,1.3104934525009475,0.0
same_drone,MT_s004,2.0,0.01,4,1,1,2472,24.886879920959473,0.42149379395624464,1.1389591423454808,0.0
same_drone,MT_s004,2.0,0.01,4,2,2,2524,25.33614683151245,0.4249393333274156,1.1182249490867522,0.0
same_drone,MT_s004,2.0,0.01,4,3,3,2665,26.740379095077515,0.4203554676187764,1.1986159268837582,0.0
same_drone,MT_s004,2.0,0.01,4,4,4,2618,26.25896406173706,0.39054499602322323,1.0885995898738154,0.0
same_drone,MT_s004,2.0,0.01,4,5,5,2530,25.401978969573975,0.3803587146938838,1.001279551245102,0.0
same_drone,MT_s004,2.0,0.01,4,6,6,2525,25.403844833374023,0.4149549011214404,1.2826294312973288,0.008316831683168317
same_drone,MT_s004,2.0,0.01,4,7,7,2722,27.329137802124023,0.48973681793993507,6.489868591369755,0.0014695077149155032
same_drone,MT_s004,2.0,0.01,4,8,8,2312,23.212925910949707,0.4067301995160051,1.0885519913338708,0.003027681660899654
same_drone,MT_s004,2.0,0.01,4,9,9,2312,23.21662998199463,0.4335126829131468,1.116176770926245,0.0
same_drone,MT_s004,2.0,0.01,4,10,10,2346,23.52618908882141,0.42428100691813597,1.2717179282653888,0.013640238704177323
same_drone,MT_s004,2.0,0.01,4,11,11,2666,26.786911964416504,0.5312862125673483,4.876474872819642,0.03225806451612903
same_drone,MT_s004,2.0,0.01,4,12,12,2344,23.593735933303833,0.3935140122390237,1.0271068548375553,0.0
same_drone,MT_s004,2.0,0.01,4,13,13,2307,23.15007710456848,0.4742152931507633,1.3547628973396628,0.0
same_drone,MT_s004,2.0,0.01,4,14,14,2625,26.3830509185791,0.43463844262652174,1.3364208552474564,0.0
same_drone,MT_s004,2.0,0.01,4,15,15,2334,23.44292402267456,0.44745576189107794,1.3140714744354707,0.0
same_drone,MT_s004,2.0,0.05,0,1,1,2472,24.886879920959473,0.6881336376855494,1.854053153627996,0.0
same_drone,MT_s004,2.0,0.05,0,2,2,2524,25.33614683151245,0.6798011970459044,1.9381698174531674,0.0
same_drone,MT_s004,2.0,0.05,0,3,3,2665,26.740379095077515,0.5904679823392058,1.6405509859202678,0.0
same_drone,MT_s004,2.0,0.05,0,4,4,2618,26.25896406173706,0.6057404759238985,1.9126572277569076,0.0
same_drone,MT_s004,2.0,0.05,0,5,5,2530,25.401978969573975,0.6694150738451299,1.7391498282601245,0.0
same_drone,MT_s004,2.0,0.05,0,6,6,2525,25.403844833374023,0.683791199486393,2.03711995985937,0.007128712871287129
same_drone,MT_s004,2.0,0.05,0,7,7,2722,27.329137802124023,0.8293639465200187,5.1344103835750134,0.022409992652461425
same_drone,MT_s004,2.0,0.05,0,8,8,2312,23.212925910949707,0.6044597432118621,1.7734057687532672,0.004325259515570935
same_drone,MT_s004,2.0,0.05,0,9,9,2312,23.21662998199463,0.6535319901655434,1.6571800806185821,0.0
same_drone,MT_s004,2.0,0.05,0,10,10,2346,23.52618908882141,0.6874891927278028,1.9695340230341856,0.013640238704177323
same_drone,MT_s004,2.0,0.05,0,11,11,2666,26.786911964416504,0.7821852570466099,3.2536270532065146,0.00037509377344336085
same_drone,MT_s004,2.0,0.05,0,12,12,2344,23.593735933303833,0.6743262231811116,1.9746466306305646,0.0
same_drone,MT_s004,2.0,0.05,0,13,13,2307,23.15007710456848,0.6927015759959403,1.8932018881530952,0.0
same_drone,MT_s004,2.0,0.05,0,14,14,2625,26.3830509185791,0.6885034015049882,2.2631636693520694,0.0
same_drone,MT_s004,2.0,0.05,0,15,15,2334,23.44292402267456,0.8142457062978536,1.9210621605324607,0.0
same_drone,MT_s004,2.0,0.05,1,1,1,2472,24.886879920959473,0.6479304809836748,1.825992550375859,0.0
same_drone,MT_s004,2.0,0.05,1,2,2,2524,25.33614683151245,0.7253899664705443,2.1452987835262753,0.0
same_drone,MT_s004,2.0,0.05,1,3,3,2665,26.740379095077515,0.7107576618242035,1.9585361027482973,0.0
same_drone,MT_s004,2.0,0.05,1,4,4,2618,26.25896406173706,0.6914888320033725,1.931200172968685,0.0
same_drone,MT_s004,2.0,0.05,1,5,5,2530,25.401978969573975,0.6704908370674936,1.6263832348620553,0.0
same_drone,MT_s004,2.0,0.05,1,6,6,2525,25.403844833374023,0.7177125961738966,2.371899307357307,0.008316831683168317
same_drone,MT_s004,2.0,0.05,1,7,7,2722,27.329137802124023,0.7284599706610919,6.452593107000429,0.018001469507714914
same_drone,MT_s004,2.0,0.05,1,8,8,2312,23.212925910949707,0.7429058796098502,1.9290189567698606,0.0021626297577854673
same_drone,MT_s004,2.0,0.05,1,9,9,2312,23.21662998199463,0.6975687593950113,1.8932408417673037,0.0
same_drone,MT_s004,2.0,0.05,1,10,10,2346,23.52618908882141,0.599435260081254,1.8266664816621212,0.013640238704177323
same_drone,MT_s004,2.0,0.05,1,11,11,2666,26.786911964416504,0.70978324700733,3.1516504713378826,0.0
same_drone,MT_s004,2.0,0.05,1,12,12,2344,23.593735933303833,0.6524692553885387,1.9099544632847938,0.0
same_drone,MT_s004,2.0,0.05,1,13,13,2307,23.15007710456848,0.7118211205987279,2.0841793658122927,0.0
same_drone,MT_s004,2.0,0.05,1,14,14,2625,26.3830509185791,0.701401632832571,1.9062248271053501,0.0
same_drone,MT_s004,2.0,0.05,1,15,15,2334,23.44292402267456,0.7791093715958652,1.9781189452711354,0.0
same_drone,MT_s004,2.0,0.05,2,1,1,2472,24.886879920959473,0.590245001476319,1.8371723382281127,0.0
same_drone,MT_s004,2.0,0.05,2,2,2,2524,25.33614683151245,0.8310854966384049,2.106588557702311,0.0
same_drone,MT_s004,2.0,0.05,2,3,3,2665,26.740379095077515,0.6078730472597726,1.8436144051938979,0.0
same_drone,MT_s004,2.0,0.05,2,4,4,2618,26.25896406173706,0.6022055364532406,1.714395045962399,0.0
same_drone,MT_s004,2.0,0.05,2,5,5,2530,25.401978969573975,0.6662405384095536,1.6359120075089377,0.0
same_drone,MT_s004,2.0,0.05,2,6,6,2525,25.403844833374023,0.6418637447190179,2.2525462251837816,0.0035643564356435645
same_drone,MT_s004,2.0,0.05,2,7,7,2722,27.329137802124023,0.8425778523325533,6.765011389105429,0.024981631153563555
same_drone,MT_s004,2.0,0.05,2,8,8,2312,23.212925910949707,0.6548024460751236,1.6766376858808316,0.004757785467128028
same_drone,MT_s004,2.0,0.05,2,9,9,2312,23.21662998199463,0.6443621402281994,1.8340406730883279,0.0
same_drone,MT_s004,2.0,0.05,2,10,10,2346,23.52618908882141,0.6132531324562756,1.8230870160621748,0.013640238704177323
same_drone,MT_s004,2.0,0.05,2,11,11,2666,26.786911964416504,0.7610584744903122,4.4368319982003115,0.03225806451612903
same_drone,MT_s004,2.0,0.05,2,12,12,2344,23.593735933303833,0.7274405912061752,2.062386156705454,0.0
same_drone,MT_s004,2.0,0.05,2,13,13,2307,23.15007710456848,0.6597877366370071,1.7271778609430917,0.0
same_drone,MT_s004,2.0,0.05,2,14,14,2625,26.3830509185791,0.7278846715391794,1.9775781884458352,0.0
same_drone,MT_s004,2.0,0.05,2,15,15,2334,23.44292402267456,0.6454958470009089,1.933574093799821,0.0
same_drone,MT_s004,2.0,0.05,3,1,1,2472,24.886879920959473,0.6327799239367238,1.784815431040828,0.0
same_drone,MT_s004,2.0,0.05,3,2,2,2524,25.33614683151245,0.7317705323630861,1.9037503774156288,0.0
same_drone,MT_s004,2.0,0.05,3,3,3,2665,26.740379095077515,0.6794987430231458,1.7685318653968234,0.0
same_drone,MT_s004,2.0,0.05,3,4,4,2618,26.25896406173706,0.6458097449719986,1.728721431018221,0.0
same_drone,MT_s004,2.0,0.05,3,5,5,2530,25.401978969573975,0.6030196971392456,1.60294638113262,0.0
same_drone,MT_s004,2.0,0.05,3,6,6,2525,25.403844833374023,0.6863090387179511,2.1872811606629297,0.006732673267326733
same_drone,MT_s004,2.0,0.05,3,7,7,2722,27.329137802124023,0.7408354898216594,6.268892541329703,0.019838354151359296
same_drone,MT_s004,2.0,0.05,3,8,8,2312,23.212925910949707,0.6658695154764622,1.746523841771358,0.0017301038062283738
same_drone,MT_s004,2.0,0.05,3,9,9,2312,23.21662998199463,0.6505117424628963,1.9607130584076156,0.0
same_drone,MT_s004,2.0,0.05,3,10,10,2346,23.52618908882141,0.6507467633553858,2.04110925284391,0.014492753623188406
same_drone,MT_s004,2.0,0.05,3,11,11,2666,26.786911964416504,0.6449479256236401,2.960923543816577,0.03225806451612903
same_drone,MT_s004,2.0,0.05,3,12,12,2344,23.593735933303833,0.6997326992683526,1.9834987909394342,0.0
same_drone,MT_s004,2.0,0.05,3,13,13,2307,23.15007710456848,0.7339021573811806,1.938883853435857,0.0
same_drone,MT_s004,2.0,0.05,3,14,14,2625,26.3830509185791,0.7400269540561055,2.226479558491905,0.0
same_drone,MT_s004,2.0,0.05,3,15,15,2334,23.44292402267456,0.68537106541919,2.078521586455441,0.0
same_drone,MT_s004,2.0,0.05,4,1,1,2472,24.886879920959473,0.673997107104924,1.7495614178231196,0.0
same_drone,MT_s004,2.0,0.05,4,2,2,2524,25.33614683151245,0.6977725762891733,1.7620739966615684,0.0
same_drone,MT_s004,2.0,0.05,4,3,3,2665,26.740379095077515,0.7108454121343684,1.8113052351688153,0.0
same_drone,MT_s004,2.0,0.05,4,4,4,2618,26.25896406173706,0.6079273122250939,1.6725452940795391,0.0
same_drone,MT_s004,2.0,0.05,4,5,5,2530,25.401978969573975,0.6560530911055444,1.713416728805825,0.0
same_drone,MT_s004,2.0,0.05,4,6,6,2525,25.403844833374023,0.6858597705989056,2.1717615666410834,0.007128712871287129
same_drone,MT_s004,2.0,0.05,4,7,7,2722,27.329137802124023,0.8035683592848244,4.9392316056110905,0.022409992652461425
same_drone,MT_s004,2.0,0.05,4,8,8,2312,23.212925910949707,0.6295500930725453,1.7828186910298616,0.0
same_drone,MT_s004,2.0,0.05,4,9,9,2312,23.21662998199463,0.6173292183098908,1.7493191499246394,0.0
same_drone,MT_s004,2.0,0.05,4,10,10,2346,23.52618908882141,0.7486571057930149,2.061044494629101,0.013640238704177323
same_drone,MT_s004,2.0,0.05,4,11,11,2666,26.786911964416504,0.8682671414930923,5.669464982989396,0.03225806451612903
same_drone,MT_s004,2.0,0.05,4,12,12,2344,23.593735933303833,0.646097408136367,1.7489291751326344,0.0
same_drone,MT_s004,2.0,0.05,4,13,13,2307,23.15007710456848,0.737747633020831,2.1086761551588724,0.0
same_drone,MT_s004,2.0,0.05,4,14,14,2625,26.3830509185791,0.7956447135235578,2.5136027894583433,0.0
same_drone,MT_s004,2.0,0.05,4,15,15,2334,23.44292402267456,0.6067457083330225,1.8508049224488219,0.0
same_drone,MT_s004,2.0,0.1,0,1,1,2472,24.886879920959473,0.851099392421915,2.3718205750793304,0.0
same_drone,MT_s004,2.0,0.1,0,2,2,2524,25.33614683151245,0.8509834104701071,2.2900265081192823,0.0
same_drone,MT_s004,2.0,0.1,0,3,3,2665,26.740379095077515,0.9004909076546141,2.536424268438992,0.0
same_drone,MT_s004,2.0,0.1,0,4,4,2618,26.25896406173706,0.7248808588594358,1.9699475874700716,0.0
same_drone,MT_s004,2.0,0.1,0,5,5,2530,25.401978969573975,0.856198255054494,1.8699891262839372,0.0
same_drone,MT_s004,2.0,0.1,0,6,6,2525,25.403844833374023,1.016301649846909,2.805371267470449,0.0035643564356435645
same_drone,MT_s004,2.0,0.1,0,7,7,2722,27.329137802124023,0.9305405970391405,6.159845248206553,0.02351212343864805
same_drone,MT_s004,2.0,0.1,0,8,8,2312,23.212925910949707,0.8965583996924806,2.097417883669681,0.0
same_drone,MT_s004,2.0,0.1,0,9,9,2312,23.21662998199463,0.714773977667206,2.310518072003538,0.0
same_drone,MT_s004,2.0,0.1,0,10,10,2346,23.52618908882141,0.9861868346669951,2.6680569313614306,0.013640238704177323
same_drone,MT_s004,2.0,0.1,0,11,11,2666,26.786911964416504,1.0043064625998888,4.853490016866694,0.00037509377344336085
same_drone,MT_s004,2.0,0.1,0,12,12,2344,23.593735933303833,0.7819005704952104,2.530213750717593,0.0
same_drone,MT_s004,2.0,0.1,0,13,13,2307,23.15007710456848,0.8125262721536899,2.0202161266691063,0.0
same_drone,MT_s004,2.0,0.1,0,14,14,2625,26.3830509185791,0.8097700025294046,2.4867944023900646,0.0
same_drone,MT_s004,2.0,0.1,0,15,15,2334,23.44292402267456,0.7992494987850285,2.1432503562719094,0.0
same_drone,MT_s004,2.0,0.1,1,1,1,2472,24.886879920959473,0.7681335062583905,2.166133496359275,0.0
same_drone,MT_s004,2.0,0.1,1,2,2,2524,25.33614683151245,0.7744123779899468,2.4278991778487624,0.0
same_drone,MT_s004,2.0,0.1,1,3,3,2665,26.740379095077515,0.7219030174539682,2.335942973356359,0.0
same_drone,MT_s004,2.0,0.1,1,4,4,2618,26.25896406173706,0.7911777380801617,2.1717060768239853,0.0
same_drone,MT_s004,2.0,0.1,1,5,5,2530,25.401978969573975,0.6565487447153799,1.8586972399896793,0.0
same_drone,MT_s004,2.0,0.1,1,6,6,2525,25.403844833374023,0.8898589143004543,2.8479306066218095,0.006732673267326733
same_drone,MT_s004,2.0,0.1,1,7,7,2722,27.329137802124023,0.9113954092894234,6.7372815626768965,0.034533431300514325
same_drone,MT_s004,2.0,0.1,1,8,8,2312,23.212925910949707,0.663437491602231,2.21357409540195,0.00043252595155709344
same_drone,MT_s004,2.0,0.1,1,9,9,2312,23.21662998199463,0.7458901408376448,2.1490311167283647,0.0
same_drone,MT_s004,2.0,0.1,1,10,10,2346,23.52618908882141,0.8725613927448173,2.4404795991454904,0.013640238704177323
same_drone,MT_s004,2.0,0.1,1,11,11,2666,26.786911964416504,0.9479528065828653,5.536769619506558,0.033008252063015754
same_drone,MT_s004,2.0,0.1,1,12,12,2344,23.593735933303833,0.8724272932203689,2.353765088878456,0.0
same_drone,MT_s004,2.0,0.1,1,13,13,2307,23.15007710456848,0.8246417714383654,2.2087930836422176,0.0
same_drone,MT_s004,2.0,0.1,1,14,14,2625,26.3830509185791,0.8572325155422078,2.4907338701312765,0.0
same_drone,MT_s004,2.0,0.1,1,15,15,2334,23.44292402267456,0.6900283721336535,2.1275678568123757,0.0
same_drone,MT_s004,2.0,0.1,2,1,1,2472,24.886879920959473,0.8942680149666415,2.629233005209636,0.0
same_drone,MT_s004,2.0,0.1,2,2,2,2524,25.33614683151245,0.8766088690270912,2.49729048909309,0.0
same_drone,MT_s004,2.0,0.1,2,3,3,2665,26.740379095077515,0.958689337777173,2.786809317402531,0.0
same_drone,MT_s004,2.0,0.1,2,4,4,2618,26.25896406173706,0.7898307706328609,2.290750154470275,0.0
same_drone,MT_s004,2.0,0.1,2,5,5,2530,25.401978969573975,0.8008165017881055,2.134398294359495,0.0
same_drone,MT_s004,2.0,0.1,2,6,6,2525,25.403844833374023,0.8991484079343479,2.3929835035428364,0.005544554455445544
same_drone,MT_s004,2.0,0.1,2,7,7,2722,27.329137802124023,0.8845478253262584,6.476393767163553,0.02094048493754592
same_drone,MT_s004,2.0,0.1,2,8,8,2312,23.212925910949707,0.8829523558609225,2.2330163466865476,0.0017301038062283738
same_drone,MT_s004,2.0,0.1,2,9,9,2312,23.21662998199463,0.7528021421219115,2.5014645297394686,0.0
same_drone,MT_s004,2.0,0.1,2,10,10,2346,23.52618908882141,0.8121434841235171,2.3682603852092257,0.013640238704177323
same_drone,MT_s004,2.0,0.1,2,11,11,2666,26.786911964416504,0.740596738977537,3.918869257987218,0.0
same_drone,MT_s004,2.0,0.1,2,12,12,2344,23.593735933303833,0.8134427530439012,2.499389788396017,0.0
same_drone,MT_s004,2.0,0.1,2,13,13,2307,23.15007710456848,0.8910437519602112,2.4153061637273625,0.0
same_drone,MT_s004,2.0,0.1,2,14,14,2625,26.3830509185791,0.989161979274968,2.8152541210271056,0.001142857142857143
same_drone,MT_s004,2.0,0.1,2,15,15,2334,23.44292402267456,0.8166186545706431,2.1954542566351285,0.0
same_drone,MT_s004,2.0,0.1,3,1,1,2472,24.886879920959473,1.0231901099875103,2.3895138087135277,0.0
same_drone,MT_s004,2.0,0.1,3,2,2,2524,25.33614683151245,0.9475030197164642,2.5827182412126577,0.0
same_drone,MT_s004,2.0,0.1,3,3,3,2665,26.740379095077515,0.9810754062642388,2.73663570871966,0.0
same_drone,MT_s004,2.0,0.1,3,4,4,2618,26.25896406173706,0.8146614330485278,2.467374893545906,0.0
same_drone,MT_s004,2.0,0.1,3,5,5,2530,25.401978969573975,0.7849167936690336,1.9539944591432117,0.0
same_drone,MT_s004,2.0,0.1,3,6,6,2525,25.403844833374023,0.867258602535685,2.448506340651181,0.007920792079207921
same_drone,MT_s004,2.0,0.1,3,7,7,2722,27.329137802124023,0.9202576310911468,6.477293705113371,0.019838354151359296
same_drone,MT_s004,2.0,0.1,3,8,8,2312,23.212925910949707,0.7357271789731925,2.1802276125938964,0.0
same_drone,MT_s004,2.0,0.1,3,9,9,2312,23.21662998199463,0.6372956505823311,2.2594418180466933,0.0
same_drone,MT_s004,2.0,0.1,3,10,10,2346,23.52618908882141,0.7788555363478622,2.5435341072180293,0.013640238704177323
same_drone,MT_s004,2.0,0.1,3,11,11,2666,26.786911964416504,0.9896940894360142,4.644259388140696,0.0
same_drone,MT_s004,2.0,0.1,3,12,12,2344,23.593735933303833,0.8018918002784687,2.1535227198216096,0.0
same_drone,MT_s004,2.0,0.1,3,13,13,2307,23.15007710456848,0.9057415226228613,2.3824220485079666,0.0
same_drone,MT_s004,2.0,0.1,3,14,14,2625,26.3830509185791,0.9255413714237406,2.3863935051540692,0.0
same_drone,MT_s004,2.0,0.1,3,15,15,2334,23.44292402267456,0.7730100066559373,2.2848457864751732,0.0
same_drone,MT_s004,2.0,0.1,4,1,1,2472,24.886879920959473,0.7032530683184319,2.438072814202822,0.0
same_drone,MT_s004,2.0,0.1,4,2,2,2524,25.33614683151245,0.9489275447995738,2.533188485035379,0.0
same_drone,MT_s004,2.0,0.1,4,3,3,2665,26.740379095077515,0.8230340339019051,2.213877516498317,0.0
same_drone,MT_s004,2.0,0.1,4,4,4,2618,26.25896406173706,0.7318629132867187,2.2030364069797006,0.0
same_drone,MT_s004,2.0,0.1,4,5,5,2530,25.401978969573975,0.8602236675904038,1.9240891633131978,0.0
same_drone,MT_s004,2.0,0.1,4,6,6,2525,25.403844833374023,0.8311708764617549,2.7147031500785705,0.0039603960396039604
same_drone,MT_s004,2.0,0.1,4,7,7,2722,27.329137802124023,1.04709209270872,6.501624386711987,0.02351212343864805
same_drone,MT_s004,2.0,0.1,4,8,8,2312,23.212925910949707,0.6748138258983545,2.080759507688099,0.00043252595155709344
same_drone,MT_s004,2.0,0.1,4,9,9,2312,23.21662998199463,0.8098713319475763,2.3396137390109772,0.0
same_drone,MT_s004,2.0,0.1,4,10,10,2346,23.52618908882141,1.0663554416398284,2.3905305533361627,0.013640238704177323
same_drone,MT_s004,2.0,0.1,4,11,11,2666,26.786911964416504,0.9420942416765641,3.9487278125645133,0.0
same_drone,MT_s004,2.0,0.1,4,12,12,2344,23.593735933303833,0.9451443796722501,2.548269652126718,0.0
same_drone,MT_s004,2.0,0.1,4,13,13,2307,23.15007710456848,0.8527023738205912,2.304354169113856,0.0
same_drone,MT_s004,2.0,0.1,4,14,14,2625,26.3830509185791,0.9431949519558884,2.519069890687456,0.0
same_drone,MT_s004,2.0,0.1,4,15,15,2334,23.44292402267456,1.005231754025317,2.5623971698603727,0.0
same_drone,MT_s004,2.0,0.2,0,1,1,2472,24.886879920959473,1.083253071217598,2.803576984881352,0.0
same_drone,MT_s004,2.0,0.2,0,2,2,2524,25.33614683151245,1.0099035482926553,2.6754966632425785,0.0
same_drone,MT_s004,2.0,0.2,0,3,3,2665,26.740379095077515,0.8945746187448265,2.955398827440626,0.0
same_drone,MT_s004,2.0,0.2,0,4,4,2618,26.25896406173706,1.0041490256279797,2.636454187619495,0.0
same_drone,MT_s004,2.0,0.2,0,5,5,2530,25.401978969573975,0.9486550409273224,2.974064615138121,0.0
same_drone,MT_s004,2.0,0.2,0,6,6,2525,25.403844833374023,1.1046333808321265,3.5515873904821444,0.0019801980198019802
same_drone,MT_s004,2.0,0.2,0,7,7,2722,27.329137802124023,0.9423353416355837,6.871187281665502,0.02351212343864805
same_drone,MT_s004,2.0,0.2,0,8,8,2312,23.212925910949707,1.0282798622782394,2.4725985709502725,0.0008650519031141869
same_drone,MT_s004,2.0,0.2,0,9,9,2312,23.21662998199463,1.1043678908742862,3.410962394760833,0.0
same_drone,MT_s004,2.0,0.2,0,10,10,2346,23.52618908882141,1.080099351143467,3.0551045695142562,0.013640238704177323
same_drone,MT_s004,2.0,0.2,0,11,11,2666,26.786911964416504,0.9155569776816463,4.24662241939658,0.00450112528132033
same_drone,MT_s004,2.0,0.2,0,12,12,2344,23.593735933303833,0.8462419703304818,2.660723812302226,0.0
same_drone,MT_s004,2.0,0.2,0,13,13,2307,23.15007710456848,1.0377878460074896,2.5364473199448243,0.0
same_drone,MT_s004,2.0,0.2,0,14,14,2625,26.3830509185791,1.0707014992632082,2.9325611669982403,0.0
same_drone,MT_s004,2.0,0.2,0,15,15,2334,23.44292402267456,0.764345768035696,2.596523468705272,0.0
same_drone,MT_s004,2.0,0.2,1,1,1,2472,24.886879920959473,0.9242662103399084,2.6676170431671227,0.0
same_drone,MT_s004,2.0,0.2,1,2,2,2524,25.33614683151245,0.9771990158168329,2.7755184247442317,0.0003961965134706815
same_drone,MT_s004,2.0,0.2,1,3,3,2665,26.740379095077515,0.9667421650690731,2.624209421024156,0.0
same_drone,MT_s004,2.0,0.2,1,4,4,2618,26.25896406173706,1.0613762164547325,3.1725237298135602,0.0
same_drone,MT_s004,2.0,0.2,1,5,5,2530,25.401978969573975,1.0021909526592125,2.4001680126804223,0.0011857707509881424
same_drone,MT_s004,2.0,0.2,1,6,6,2525,25.403844833374023,0.8869326999571001,2.5070538784843444,0.010297029702970298
same_drone,MT_s004,2.0,0.2,1,7,7,2722,27.329137802124023,1.2197864861127155,6.45898924608905,0.025349008082292433
same_drone,MT_s004,2.0,0.2,1,8,8,2312,23.212925910949707,1.1097393399442268,2.5814420483097833,0.0
same_drone,MT_s004,2.0,0.2,1,9,9,2312,23.21662998199463,1.00079875215728,2.75404066973172,0.0
same_drone,MT_s004,2.0,0.2,1,10,10,2346,23.52618908882141,0.949622936405234,2.655036161172273,0.013640238704177323
same_drone,MT_s004,2.0,0.2,1,11,11,2666,26.786911964416504,1.0664147643510096,4.516176702724344,0.0
same_drone,MT_s004,2.0,0.2,1,12,12,2344,23.593735933303833,0.9726811902000847,2.6952829157528853,0.0
same_drone,MT_s004,2.0,0.2,1,13,13,2307,23.15007710456848,1.091783135796451,2.84701597394469,0.0
same_drone,MT_s004,2.0,0.2,1,14,14,2625,26.3830509185791,1.0747815905948244,3.5215356675955087,0.005714285714285714
same_drone,MT_s004,2.0,0.2,1,15,15,2334,23.44292402267456,1.0609520082706538,2.882222447704744,0.0
same_drone,MT_s004,2.0,0.2,2,1,1,2472,24.886879920959473,0.9610630263090485,2.8955029636102267,0.0
same_drone,MT_s004,2.0,0.2,2,2,2,2524,25.33614683151245,1.199676714422722,3.2714709112046187,0.0
same_drone,MT_s004,2.0,0.2,2,3,3,2665,26.740379095077515,0.8260695616636724,3.100532323509067,0.0
same_drone,MT_s004,2.0,0.2,2,4,4,2618,26.25896406173706,0.899736583020271,2.649187303664809,0.0
same_drone,MT_s004,2.0,0.2,2,5,5,2530,25.401978969573975,0.9352656604715577,2.3269359413906763,0.0
same_drone,MT_s004,2.0,0.2,2,6,6,2525,25.403844833374023,1.0433131499924713,3.5551968024699816,0.011485148514851485
same_drone,MT_s004,2.0,0.2,2,7,7,2722,27.329137802124023,1.0458663868121647,5.887938684029507,0.03747244673034533
same_drone,MT_s004,2.0,0.2,2,8,8,2312,23.212925910949707,0.9044540184971837,2.645421400277846,0.0
same_drone,MT_s004,2.0,0.2,2,9,9,2312,23.21662998199463,0.9253791920275916,2.70339461649036,0.0
same_drone,MT_s004,2.0,0.2,2,10,10,2346,23.52618908882141,1.0030559873965643,2.703926871881375,0.013640238704177323
same_drone,MT_s004,2.0,0.2,2,11,11,2666,26.786911964416504,0.9745953661009565,4.953996976019425,0.0
same_drone,MT_s004,2.0,0.2,2,12,12,2344,23.593735933303833,1.0117646695797298,3.1152283264517164,0.0
same_drone,MT_s004,2.0,0.2,2,13,13,2307,23.15007710456848,1.0181487672312812,2.8141905152823656,0.0
same_drone,MT_s004,2.0,0.2,2,14,14,2625,26.3830509185791,1.0611025421846279,3.053250793852098,0.0
same_drone,MT_s004,2.0,0.2,2,15,15,2334,23.44292402267456,0.9034614069452758,2.786614996222608,0.0
same_drone,MT_s004,2.0,0.2,3,1,1,2472,24.886879920959473,1.1034752026648036,2.8657929237898947,0.0
same_drone,MT_s004,2.0,0.2,3,2,2,2524,25.33614683151245,1.0250080771997858,2.8829078072941714,0.0
same_drone,MT_s004,2.0,0.2,3,3,3,2665,26.740379095077515,1.0386524485339805,2.8976159517477442,0.0
same_drone,MT_s004,2.0,0.2,3,4,4,2618,26.25896406173706,0.9149092719598144,2.436730332501665,0.0
same_drone,MT_s004,2.0,0.2,3,5,5,2530,25.401978969573975,0.9293923723388389,2.194034922902621,0.0
same_drone,MT_s004,2.0,0.2,3,6,6,2525,25.403844833374023,1.2750997444584868,3.7293307368683934,0.004356435643564357
same_drone,MT_s004,2.0,0.2,3,7,7,2722,27.329137802124023,1.1870749603122661,7.084114376358894,0.022777369581190303
same_drone,MT_s004,2.0,0.2,3,8,8,2312,23.212925910949707,0.8992746917165064,2.467035951972642,0.0017301038062283738
same_drone,MT_s004,2.0,0.2,3,9,9,2312,23.21662998199463,1.0019368231183954,2.94517740464647,0.0
same_drone,MT_s004,2.0,0.2,3,10,10,2346,23.52618908882141,1.052565604175669,3.5276519637053063,0.013640238704177323
same_drone,MT_s004,2.0,0.2,3,11,11,2666,26.786911964416504,1.159267269757315,5.65138688592485,0.00450112528132033
same_drone,MT_s004,2.0,0.2,3,12,12,2344,23.593735933303833,1.089085832506079,3.093677834500841,0.0
same_drone,MT_s004,2.0,0.2,3,13,13,2307,23.15007710456848,1.009879141164646,2.6880060188261043,0.0
same_drone,MT_s004,2.0,0.2,3,14,14,2625,26.3830509185791,1.0462152741459363,2.740199792691321,0.0
same_drone,MT_s004,2.0,0.2,3,15,15,2334,23.44292402267456,1.0094478922561265,2.663209100278526,0.0
same_drone,MT_s004,2.0,0.2,4,1,1,2472,24.886879920959473,1.055245847185759,2.6949553391428607,0.0
same_drone,MT_s004,2.0,0.2,4,2,2,2524,25.33614683151245,1.183277711438631,3.1628942304845644,0.0
same_drone,MT_s004,2.0,0.2,4,3,3,2665,26.740379095077515,1.0187770965939364,3.2677822932760585,0.0
same_drone,MT_s004,2.0,0.2,4,4,4,2618,26.25896406173706,0.8701737629890118,2.81278903327937,0.0
same_drone,MT_s004,2.0,0.2,4,5,5,2530,25.401978969573975,0.8619421298779066,2.7111466530158363,0.0
same_drone,MT_s004,2.0,0.2,4,6,6,2525,25.403844833374023,1.0884046132724166,3.4235007137488163,0.007920792079207921
same_drone,MT_s004,2.0,0.2,4,7,7,2722,27.329137802124023,1.0662751630266953,7.031197732862322,0.02351212343864805
same_drone,MT_s004,2.0,0.2,4,8,8,2312,23.212925910949707,0.8600550635496518,2.236451978830029,0.0
same_drone,MT_s004,2.0,0.2,4,9,9,2312,23.21662998199463,0.943700250743376,2.61566186686211,0.0
same_drone,MT_s004,2.0,0.2,4,10,10,2346,23.52618908882141,1.2032831002230324,2.80171044258028,0.013640238704177323
same_drone,MT_s004,2.0,0.2,4,11,11,2666,26.786911964416504,0.9734684284492516,5.8443241624510165,0.010877719429857465
same_drone,MT_s004,2.0,0.2,4,12,12,2344,23.593735933303833,0.9537466731865543,2.9376845993661664,0.0
same_drone,MT_s004,2.0,0.2,4,13,13,2307,23.15007710456848,0.9613976929989008,2.605905276842992,0.0
same_drone,MT_s004,2.0,0.2,4,14,14,2625,26.3830509185791,1.050559642542332,3.051451958195568,0.0
same_drone,MT_s004,2.0,0.2,4,15,15,2334,23.44292402267456,0.7996942997880443,2.8993481397560554,0.0
same_drone,MT_s004,2.0,0.5,0,1,1,2472,24.886879920959473,1.2697018215662617,3.4037315669417043,0.0
same_drone,MT_s004,2.0,0.5,0,2,2,2524,25.33614683151245,1.273032742348036,3.4805178292480194,0.004754358161648178
same_drone,MT_s004,2.0,0.5,0,3,3,2665,26.740379095077515,1.2485611623651778,3.5980705505718666,0.0
same_drone,MT_s004,2.0,0.5,0,4,4,2618,26.25896406173706,1.0467788971470569,3.6659338776242216,0.0
same_drone,MT_s004,2.0,0.5,0,5,5,2530,25.401978969573975,1.282364217290219,3.758325362104585,0.0
same_drone,MT_s004,2.0,0.5,0,6,6,2525,25.403844833374023,1.2969658224840543,4.253442872595253,0.007128712871287129
same_drone,MT_s004,2.0,0.5,0,7,7,2722,27.329137802124023,1.4471337929311012,6.994700779795741,0.029757531227038943
same_drone,MT_s004,2.0,0.5,0,8,8,2312,23.212925910949707,1.262564787912126,3.20601711904624,0.0
same_drone,MT_s004,2.0,0.5,0,9,9,2312,23.21662998199463,1.1389422272600243,3.3086658835980134,0.0
same_drone,MT_s004,2.0,0.5,0,10,10,2346,23.52618908882141,1.305913130339171,3.8190093910137115,0.013640238704177323
same_drone,MT_s004,2.0,0.5,0,11,11,2666,26.786911964416504,1.2019578210285857,5.726689510320526,0.019879969992498126
same_drone,MT_s004,2.0,0.5,0,12,12,2344,23.593735933303833,1.2649690992525322,3.6670969675294764,0.00469283276450512
same_drone,MT_s004,2.0,0.5,0,13,13,2307,23.15007710456848,1.2225081908131017,4.289139083024634,0.0
same_drone,MT_s004,2.0,0.5,0,14,14,2625,26.3830509185791,1.3689357224536707,3.3963213995142203,0.0019047619047619048
same_drone,MT_s004,2.0,0.5,0,15,15,2334,23.44292402267456,0.9470828302452361,3.9008276264468447,0.00985432733504713
same_drone,MT_s004,2.0,0.5,1,1,1,2472,24.886879920959473,1.129111663081602,3.0149540855041,0.0
same_drone,MT_s004,2.0,0.5,1,2,2,2524,25.33614683151245,1.2767613071982602,3.370725600381475,0.0
same_drone,MT_s004,2.0,0.5,1,3,3,2665,26.740379095077515,1.4449547801911535,3.753936903511251,0.0
same_drone,MT_s004,2.0,0.5,1,4,4,2618,26.25896406173706,0.9466900104474547,3.1575763600348368,0.0
same_drone,MT_s004,2.0,0.5,1,5,5,2530,25.401978969573975,1.0869719617208276,3.1560406848687617,0.0015810276679841897
same_drone,MT_s004,2.0,0.5,1,6,6,2525,25.403844833374023,1.0440076890293994,4.949927254694253,0.004752475247524752
same_drone,MT_s004,2.0,0.5,1,7,7,2722,27.329137802124023,1.5238129784315362,7.4227149929595235,0.03600293901542983
same_drone,MT_s004,2.0,0.5,1,8,8,2312,23.212925910949707,1.114988131438082,3.218691907886786,0.0
same_drone,MT_s004,2.0,0.5,1,9,9,2312,23.21662998199463,1.0233336408971638,3.6387704533449914,0.0
same_drone,MT_s004,2.0,0.5,1,10,10,2346,23.52618908882141,1.4188224653507255,4.200103363856712,0.013640238704177323
same_drone,MT_s004,2.0,0.5,1,11,11,2666,26.786911964416504,1.5650032973805423,6.304528042660095,0.0086271567891973
same_drone,MT_s004,2.0,0.5,1,12,12,2344,23.593735933303833,1.1042767400172266,3.448092380107907,0.0
same_drone,MT_s004,2.0,0.5,1,13,13,2307,23.15007710456848,1.2991746667553343,3.942916392062412,0.0
same_drone,MT_s004,2.0,0.5,1,14,14,2625,26.3830509185791,1.18894078665042,4.104883467123521,0.008380952380952381
same_drone,MT_s004,2.0,0.5,1,15,15,2334,23.44292402267456,1.0869982443020234,3.7231812324831406,0.006426735218508998
same_drone,MT_s004,2.0,0.5,2,1,1,2472,24.886879920959473,1.1596663697151115,3.6463187332760287,0.0
same_drone,MT_s004,2.0,0.5,2,2,2,2524,25.33614683151245,1.6319753561637853,4.680940178351435,0.004358161648177496
same_drone,MT_s004,2.0,0.5,2,3,3,2665,26.740379095077515,1.2632573025370277,3.4343409319251115,0.0
same_drone,MT_s004,2.0,0.5,2,4,4,2618,26.25896406173706,1.039857082346174,3.249009316346047,0.0
same_drone,MT_s004,2.0,0.5,2,5,5,2530,25.401978969573975,1.1346970847897104,3.4528020856187878,0.0015810276679841897
same_drone,MT_s004,2.0,0.5,2,6,6,2525,25.403844833374023,1.1412803578480464,3.8223205004187317,0.004752475247524752
same_drone,MT_s004,2.0,0.5,2,7,7,2722,27.329137802124023,1.3049853932433422,7.737513725618338,0.03306392358559882
same_drone,MT_s004,2.0,0.5,2,8,8,2312,23.212925910949707,0.9410705291441843,3.1028724005443253,0.0
same_drone,MT_s004,2.0,0.5,2,9,9,2312,23.21662998199463,1.0149827665165816,2.8439429703632557,0.0
same_drone,MT_s004,2.0,0.5,2,10,10,2346,23.52618908882141,1.1806446923082632,3.8536855533926513,0.013640238704177323
same_drone,MT_s004,2.0,0.5,2,11,11,2666,26.786911964416504,1.2514130532144918,5.61777195331598,0.02250562640660165
same_drone,MT_s004,2.0,0.5,2,12,12,2344,23.593735933303833,1.3664189337609258,3.679139480042752,0.0
same_drone,MT_s004,2.0,0.5,2,13,13,2307,23.15007710456848,1.1475605230821202,3.329923099592589,0.0
same_drone,MT_s004,2.0,0.5,2,14,14,2625,26.3830509185791,1.207106908111001,4.192280478360504,0.0034285714285714284
same_drone,MT_s004,2.0,0.5,2,15,15,2334,23.44292402267456,0.9964110591356139,4.033345160047958,0.006855184233076264
same_drone,MT_s004,2.0,0.5,3,1,1,2472,24.886879920959473,1.1288145839025745,3.8457032016411525,0.0
same_drone,MT_s004,2.0,0.5,3,2,2,2524,25.33614683151245,1.04818649412978,3.2468591334193673,0.004754358161648178
same_drone,MT_s004,2.0,0.5,3,3,3,2665,26.740379095077515,1.180290308459064,3.733298630570868,0.0
same_drone,MT_s004,2.0,0.5,3,4,4,2618,26.25896406173706,1.1101081097165277,3.2789130482827216,0.0
same_drone,MT_s004,2.0,0.5,3,5,5,2530,25.401978969573975,1.0892164623178253,3.1104608833762084,0.0003952569169960474
same_drone,MT_s004,2.0,0.5,3,6,6,2525,25.403844833374023,1.0474539937738925,4.173879901881733,0.0035643564356435645
same_drone,MT_s004,2.0,0.5,3,7,7,2722,27.329137802124023,1.3311274683606413,6.894817508231242,0.0334313005143277
same_drone,MT_s004,2.0,0.5,3,8,8,2312,23.212925910949707,1.1001472243789152,2.9884369737417784,0.0
same_drone,MT_s004,2.0,0.5,3,9,9,2312,23.21662998199463,1.1676849946781402,3.1019677217213126,0.0025951557093425604
same_drone,MT_s004,2.0,0.5,3,10,10,2346,23.52618908882141,1.3698577506313967,3.6792887419375973,0.013640238704177323
same_drone,MT_s004,2.0,0.5,3,11,11,2666,26.786911964416504,1.6726268408003022,7.2774057065416,0.008252063015753939
same_drone,MT_s004,2.0,0.5,3,12,12,2344,23.593735933303833,1.4865106646488186,4.98554324113923,0.005119453924914676
same_drone,MT_s004,2.0,0.5,3,13,13,2307,23.15007710456848,1.3009232459944329,3.832580614661655,0.0
same_drone,MT_s004,2.0,0.5,3,14,14,2625,26.3830509185791,1.3967300035292851,4.095958991344338,0.005714285714285714
same_drone,MT_s004,2.0,0.5,3,15,15,2334,23.44292402267456,1.1877134141307337,3.8132156892476132,0.00728363324764353
same_drone,MT_s004,2.0,0.5,4,1,1,2472,24.886879920959473,1.3822881830929674,3.7833765148886416,0.0
same_drone,MT_s004,2.0,0.5,4,2,2,2524,25.33614683151245,1.152564067248477,3.634277813104105,0.004754358161648178
same_drone,MT_s004,2.0,0.5,4,3,3,2665,26.740379095077515,1.1970034246934915,3.063276978347619,0.0
same_drone,MT_s004,2.0,0.5,4,4,4,2618,26.25896406173706,1.195797445422265,3.670569162256883,0.0
same_drone,MT_s004,2.0,0.5,4,5,5,2530,25.401978969573975,1.3632001846835209,3.3297899958517823,0.001976284584980237
same_drone,MT_s004,2.0,0.5,4,6,6,2525,25.403844833374023,1.3063482885258324,3.982446011495847,0.002772277227722772
same_drone,MT_s004,2.0,0.5,4,7,7,2722,27.329137802124023,1.320187128130847,7.663305279254792,0.034533431300514325
same_drone,MT_s004,2.0,0.5,4,8,8,2312,23.212925910949707,0.9563589460920667,2.9251249849753633,0.0
same_drone,MT_s004,2.0,0.5,4,9,9,2312,23.21662998199463,1.0584520193158014,3.0913745885271777,0.0
same_drone,MT_s004,2.0,0.5,4,10,10,2346,23.52618908882141,1.4391855954635986,3.7557894453877125,0.013640238704177323
same_drone,MT_s004,2.0,0.5,4,11,11,2666,26.786911964416504,1.2305579728348093,6.1186625981645335,0.01350337584396099
same_drone,MT_s004,2.0,0.5,4,12,12,2344,23.593735933303833,1.2636589972892054,4.4533690447582215,0.005972696245733789
same_drone,MT_s004,2.0,0.5,4,13,13,2307,23.15007710456848,1.20724849606637,3.616792019510371,0.0
same_drone,MT_s004,2.0,0.5,4,14,14,2625,26.3830509185791,1.1632928749850748,3.834382113565635,0.0
same_drone,MT_s004,2.0,0.5,4,15,15,2334,23.44292402267456,0.9577470567265323,3.7087381643735737,0.011139674378748929
cross_drone,LO_s001,0.1,0.01,0,1,1,2516,25.26086401939392,0.14498487883729183,0.3316601661913907,0.0
cross_drone,LO_s001,0.1,0.01,0,2,2,2490,25.02094602584839,0.1436209093262164,0.34396574933604424,0.0
cross_drone,LO_s001,0.1,0.01,0,3,3,2577,25.9479341506958,0.1493752678241833,0.38761553869530313,0.0
cross_drone,LO_s001,0.1,0.01,0,4,4,2353,23.624861001968384,0.14475670019672293,0.3250247078073304,0.0
cross_drone,LO_s001,0.1,0.01,0,5,5,2443,24.526942014694214,0.1454200240530099,0.3081332406912112,0.0
cross_drone,LO_s001,0.1,0.01,0,6,6,2345,23.54997706413269,0.14509270818054176,0.317474893827557,0.0
cross_drone,LO_s001,0.1,0.01,1,1,1,2516,25.26086401939392,2.8982498338367577,88.16599501429174,0.455087440381558
cross_drone,LO_s001,0.1,0.01,1,2,2,2490,25.02094602584839,0.20358400203748772,121.31488616819195,0.3269076305220884
cross_drone,LO_s001,0.1,0.01,1,3,3,2577,25.9479341506958,0.14676447200858433,0.3900123317015087,0.0
cross_drone,LO_s001,0.1,0.01,1,4,4,2353,23.624861001968384,0.1448407119410433,0.3233032287938929,0.0
cross_drone,LO_s001,0.1,0.01,1,5,5,2443,24.526942014694214,0.14335678416037467,0.31546401310098143,0.0
cross_drone,LO_s001,0.1,0.01,1,6,6,2345,23.54997706413269,0.14594051527111063,0.3329257277148741,0.0
cross_drone,LO_s001,0.1,0.01,2,1,1,2516,25.26086401939392,0.14767768726578367,0.34811884650748937,0.0
cross_drone,LO_s001,0.1,0.01,2,2,2,2490,25.02094602584839,0.14171771670226985,0.3308750316141932,0.0
cross_drone,LO_s001,0.1,0.01,2,3,3,2577,25.9479341506958,0.14910130409012368,0.3820325919537524,0.0
cross_drone,LO_s001,0.1,0.01,2,4,4,2353,23.624861001968384,0.14540951396173796,0.3279155066916474,0.0
cross_drone,LO_s001,0.1,0.01,2,5,5,2443,24.526942014694214,0.14489157535699349,0.3170961821608729,0.0
cross_drone,LO_s001,0.1,0.01,2,6,6,2345,23.54997706413269,0.1450799580084663,0.3283391504231929,0.0
cross_drone,LO_s001,0.1,0.01,3,1,1,2516,25.26086401939392,0.1485157407489197,0.34502901702433064,0.0
cross_drone,LO_s001,0.1,0.01,3,2,2,2490,25.02094602584839,0.1456631016712251,0.34103521527946723,0.0
cross_drone,LO_s001,0.1,0.01,3,3,3,2577,25.9479341506958,0.15053150564538953,0.3824284892881083,0.0
cross_drone,LO_s001,0.1,0.01,3,4,4,2353,23.624861001968384,0.14866300261303422,0.3254897449134376,0.0
cross_drone,LO_s001,0.1,0.01,3,5,5,2443,24.526942014694214,0.14561860225481382,0.303994796281927,0.0
cross_drone,LO_s001,0.1,0.01,3,6,6,2345,23.54997706413269,0.15902324585033512,6.044062590274561,0.0
cross_drone,LO_s001,0.1,0.01,4,1,1,2516,25.26086401939392,0.14795494502926498,0.33534128893775517,0.0
cross_drone,LO_s001,0.1,0.01,4,2,2,2490,25.02094602584839,0.14509907753148354,0.35267007629090297,0.0
cross_drone,LO_s001,0.1,0.01,4,3,3,2577,25.9479341506958,0.14890276246029543,0.3965656490736251,0.0
cross_drone,LO_s001,0.1,0.01,4,4,4,2353,23.624861001968384,0.14481041783994897,0.33664794034921813,0.0
cross_drone,LO_s001,0.1,0.01,4,5,5,2443,24.526942014694214,0.1427443126083574,0.3085755507173986,0.0
cross_drone,LO_s001,0.1,0.01,4,6,6,2345,23.54997706413269,0.14377622263687329,0.33656774391793354,0.0
cross_drone,LO_s001,0.1,0.05,0,1,1,2516,25.26086401939392,0.15859158624456882,0.37661441249804994,0.0
cross_drone,LO_s001,0.1,0.05,0,2,2,2490,25.02094602584839,0.15315189335138513,0.40387338572509673,0.0
cross_drone,LO_s001,0.1,0.05,0,3,3,2577,25.9479341506958,0.164898902187133,0.4836339391211399,0.0
cross_drone,LO_s001,0.1,0.05,0,4,4,2353,23.624861001968384,0.15373427962556718,0.40003861218198444,0.0
cross_drone,LO_s001,0.1,0.05,0,5,5,2443,24.526942014694214,0.1517934588365506,0.39116606690165556,0.0
cross_drone,LO_s001,0.1,0.05,0,6,6,2345,23.54997706413269,9.656748485346895,119.65447657710605,0.47292110874200427
cross_drone,LO_s001,0.1,0.05,1,1,1,2516,25.26086401939392,0.1628171328053405,0.3926283350329527,0.0
cross_drone,LO_s001,0.1,0.05,1,2,2,2490,25.02094602584839,0.15988254275430336,0.4214945361929068,0.0
cross_drone,LO_s001,0.1,0.05,1,3,3,2577,25.9479341506958,0.16824403653944842,0.4878483338141223,0.0
cross_drone,LO_s001,0.1,0.05,1,4,4,2353,23.624861001968384,0.1576252425707878,0.41020540194330124,0.0
cross_drone,LO_s001,0.1,0.05,1,5,5,2443,24.526942014694214,0.14957041640360558,0.3672956217670077,0.0
cross_drone,LO_s001,0.1,0.05,1,6,6,2345,23.54997706413269,0.15412458183919142,0.39607882281965767,0.0
cross_drone,LO_s001,0.1,0.05,2,1,1,2516,25.26086401939392,0.15707356584127297,0.39039647830755086,0.0
cross_drone,LO_s001,0.1,0.05,2,2,2,2490,25.02094602584839,0.15222673325363445,0.399742168357767,0.0
cross_drone,LO_s001,0.1,0.05,2,3,3,2577,25.9479341506958,0.16512214444938422,0.4746011736849769,0.0
cross_drone,LO_s001,0.1,0.05,2,4,4,2353,23.624861001968384,0.15903298667019783,0.38400261372897837,0.0
cross_drone,LO_s001,0.1,0.05,2,5,5,2443,24.526942014694214,0.15264935677441827,0.3910395376367262,0.0
cross_drone,LO_s001,0.1,0.05,2,6,6,2345,23.54997706413269,9.679729659199097,119.68528587194537,0.47334754797441364
cross_drone,LO_s001,0.1,0.05,3,1,1,2516,25.26086401939392,0.15775908387297477,0.3917975825183433,0.0
cross_drone,LO_s001,0.1,0.05,3,2,2,2490,25.02094602584839,0.15318617820670966,0.4102827476385272,0.0
cross_drone,LO_s001,0.1,0.05,3,3,3,2577,25.9479341506958,0.16590746375590903,0.47281374498375334,0.0
cross_drone,LO_s001,0.1,0.05,3,4,4,2353,23.624861001968384,0.16003547103318283,0.3962022889231663,0.0
cross_drone,LO_s001,0.1,0.05,3,5,5,2443,24.526942014694214,0.14822612979367022,0.35752501979815177,0.0
cross_drone,LO_s001,0.1,0.05,3,6,6,2345,23.54997706413269,0.15656555558663854,0.41894767969991165,0.0
cross_drone,LO_s001,0.1,0.05,4,1,1,2516,25.26086401939392,0.15253846050415376,0.365549572124074,0.0
cross_drone,LO_s001,0.1,0.05,4,2,2,2490,25.02094602584839,0.1545046253431792,0.41062852226150987,0.0
cross_drone,LO_s001,0.1,0.05,4,3,3,2577,25.9479341506958,0.16768944690477383,0.4947730368917407,0.0
cross_drone,LO_s001,0.1,0.05,4,4,4,2353,23.624861001968384,0.15609102705323608,0.4054559139614924,0.0
cross_drone,LO_s001,0.1,0.05,4,5,5,2443,24.526942014694214,0.1519807651652343,0.38261462436420723,0.0
cross_drone,LO_s001,0.1,0.05,4,6,6,2345,23.54997706413269,0.15064839827385867,0.40769799835187526,0.0
cross_drone,LO_s001,0.1,0.1,0,1,1,2516,25.26086401939392,0.1782988178685816,0.4902824220890949,0.0
cross_drone,LO_s001,0.1,0.1,0,2,2,2490,25.02094602584839,0.16346747604835343,0.4749491832605605,0.0
cross_drone,LO_s001,0.1,0.1,0,3,3,2577,25.9479341506958,0.17481999176291652,0.5764136998250707,0.0
cross_drone,LO_s001,0.1,0.1,0,4,4,2353,23.624861001968384,0.16999006638130254,0.47165411970519533,0.0
cross_drone,LO_s001,0.1,0.1,0,5,5,2443,24.526942014694214,0.16855082172659763,0.4583698141486708,0.0
cross_drone,LO_s001,0.1,0.1,0,6,6,2345,23.54997706413269,0.1706280790707808,0.501624094155639,0.0
cross_drone,LO_s001,0.1,0.1,1,1,1,2516,25.26086401939392,0.16383491691097163,0.4511952581270293,0.0
cross_drone,LO_s001,0.1,0.1,1,2,2,2490,25.02094602584839,0.1618404329012577,0.4617184017667368,0.0
cross_drone,LO_s001,0.1,0.1,1,3,3,2577,25.9479341506958,0.1786340217090867,0.6192204555791307,0.0
cross_drone,LO_s001,0.1,0.1,1,4,4,2353,23.624861001968384,0.18069868521416765,0.4851324371183297,0.0
cross_drone,LO_s001,0.1,0.1,1,5,5,2443,24.526942014694214,0.17772431006477518,0.446244912140287,0.0
cross_drone,LO_s001,0.1,0.1,1,6,6,2345,23.54997706413269,0.1738035384680643,0.5286017931775177,0.0
cross_drone,LO_s001,0.1,0.1,2,1,1,2516,25.26086401939392,0.18598092533139443,0.4945744717749605,0.0
cross_drone,LO_s001,0.1,0.1,2,2,2,2490,25.02094602584839,0.16011679200823892,0.4976312707193983,0.0
cross_drone,LO_s001,0.1,0.1,2,3,3,2577,25.9479341506958,0.177273304626965,0.5972633384198702,0.0
cross_drone,LO_s001,0.1,0.1,2,4,4,2353,23.624861001968384,0.18705937713832554,0.47863307464594995,0.0
cross_drone,LO_s001,0.1,0.1,2,5,5,2443,24.526942014694214,0.16925056583731646,0.459823446271179,0.0
cross_drone,LO_s001,0.1,0.1,2,6,6,2345,23.54997706413269,0.17697136144644787,0.5004446501106258,0.0
cross_drone,LO_s001,0.1,0.1,3,1,1,2516,25.26086401939392,0.18728060914520483,0.5113805434875474,0.0
cross_drone,LO_s001,0.1,0.1,3,2,2,2490,25.02094602584839,0.1652684262399866,0.47947426769967644,0.0
cross_drone,LO_s001,0.1,0.1,3,3,3,2577,25.9479341506958,0.186511609420279,0.6402714163933639,0.0
cross_drone,LO_s001,0.1,0.1,3,4,4,2353,23.624861001968384,0.1736679580988607,0.49458487841976084,0.0
cross_drone,LO_s001,0.1,0.1,3,5,5,2443,24.526942014694214,0.17787562509898436,0.4790815444456087,0.0
cross_drone,LO_s001,0.1,0.1,3,6,6,2345,23.54997706413269,0.1758094300901547,0.48176889259509037,0.0
cross_drone,LO_s001,0.1,0.1,4,1,1,2516,25.26086401939392,0.1788806252025097,0.48267324915285315,0.0
cross_drone,LO_s001,0.1,0.1,4,2,2,2490,25.02094602584839,0.165049321593969,0.4993169877939991,0.0
cross_drone,LO_s001,0.1,0.1,4,3,3,2577,25.9479341506958,0.17827068848788663,0.6193035286595456,0.0
cross_drone,LO_s001,0.1,0.1,4,4,4,2353,23.624861001968384,0.1771664667603261,0.5010990049873244,0.0
cross_drone,LO_s001,0.1,0.1,4,5,5,2443,24.526942014694214,0.1855377709770778,0.4885404504612893,0.0
cross_drone,LO_s001,0.1,0.1,4,6,6,2345,23.54997706413269,0.17379943485084937,0.4840275493241762,0.0
cross_drone,LO_s001,0.1,0.2,0,1,1,2516,25.26086401939392,0.30013375465271963,0.8475648342332853,0.0
cross_drone,LO_s001,0.1,0.2,0,2,2,2490,25.02094602584839,0.22978506970724766,0.7583576965212685,0.0
cross_drone,LO_s001,0.1,0.2,0,3,3,2577,25.9479341506958,0.23949360229252648,0.9852195360705025,0.0
cross_drone,LO_s001,0.1,0.2,0,4,4,2353,23.624861001968384,0.242377291930012,0.7623682055621089,0.0
cross_drone,LO_s001,0.1,0.2,0,5,5,2443,24.526942014694214,0.2548086849849369,0.6751341903040385,0.0
cross_drone,LO_s001,0.1,0.2,0,6,6,2345,23.54997706413269,0.22938344557178425,0.7307202470581038,0.0
cross_drone,LO_s001,0.1,0.2,1,1,1,2516,25.26086401939392,0.23366580893881306,0.8417509459408659,0.0
cross_drone,LO_s001,0.1,0.2,1,2,2,2490,25.02094602584839,0.23619312169688556,0.7981390205756574,0.0
cross_drone,LO_s001,0.1,0.2,1,3,3,2577,25.9479341506958,0.23748829487519174,0.9815790876044675,0.0
cross_drone,LO_s001,0.1,0.2,1,4,4,2353,23.624861001968384,0.2551764102434504,0.7288922845400039,0.0
cross_drone,LO_s001,0.1,0.2,1,5,5,2443,24.526942014694214,0.2453335615093124,0.6985960001912418,0.0
cross_drone,LO_s001,0.1,0.2,1,6,6,2345,23.54997706413269,0.22508201396422578,0.7431412553605496,0.0
cross_drone,LO_s001,0.1,0.2,2,1,1,2516,25.26086401939392,0.2390233217435025,0.7684134101202531,0.0
cross_drone,LO_s001,0.1,0.2,2,2,2,2490,25.02094602584839,0.23537885415456117,0.790094340681267,0.0
cross_drone,LO_s001,0.1,0.2,2,3,3,2577,25.9479341506958,0.23976648876819695,1.0739947459869317,0.0
cross_drone,LO_s001,0.1,0.2,2,4,4,2353,23.624861001968384,0.25758173339556834,0.74173594632978,0.0
cross_drone,LO_s001,0.1,0.2,2,5,5,2443,24.526942014694214,0.23068999987816596,0.6959369363153031,0.0
cross_drone,LO_s001,0.1,0.2,2,6,6,2345,23.54997706413269,0.23077120004052176,0.766335817262461,0.0
cross_drone,LO_s001,0.1,0.2,3,1,1,2516,25.26086401939392,0.25900982681379503,0.8661457699503501,0.0
cross_drone,LO_s001,0.1,0.2,3,2,2,2490,25.02094602584839,0.21689462888826228,0.8178920327151031,0.0
cross_drone,LO_s001,0.1,0.2,3,3,3,2577,25.9479341506958,0.2317978756908161,0.9717404743648734,0.0
cross_drone,LO_s001,0.1,0.2,3,4,4,2353,23.624861001968384,0.2280039783784389,0.7424719062062826,0.0
cross_drone,LO_s001,0.1,0.2,3,5,5,2443,24.526942014694214,0.22204610245452727,0.679873236323067,0.0
cross_drone,LO_s001,0.1,0.2,3,6,6,2345,23.54997706413269,0.2514971533502717,0.7993207546914503,0.0
cross_drone,LO_s001,0.1,0.2,4,1,1,2516,25.26086401939392,0.2602326714050207,0.8391656077252563,0.0
cross_drone,LO_s001,0.1,0.2,4,2,2,2490,25.02094602584839,0.24097183962750535,0.8188255939970942,0.0
cross_drone,LO_s001,0.1,0.2,4,3,3,2577,25.9479341506958,0.23230375256440539,1.022010426137004,0.0
cross_drone,LO_s001,0.1,0.2,4,4,4,2353,23.624861001968384,0.22528872247639242,0.7370640106146894,0.0
cross_drone,LO_s001,0.1,0.2,4,5,5,2443,24.526942014694214,0.23993904305535807,0.702122526280732,0.0
cross_drone,LO_s001,0.1,0.2,4,6,6,2345,23.54997706413269,0.23409874628420724,0.8246742162573069,0.0
cross_drone,LO_s001,0.1,0.5,0,1,1,2516,25.26086401939392,0.5513549478081821,1.9555803517711112,0.0
cross_drone,LO_s001,0.1,0.5,0,2,2,2490,25.02094602584839,0.5439879413843443,2.1747575631042686,0.00321285140562249
cross_drone,LO_s001,0.1,0.5,0,3,3,2577,25.9479341506958,0.5410343422653483,2.8316799338431973,0.04346138921226232
cross_drone,LO_s001,0.1,0.5,0,4,4,2353,23.624861001968384,0.5465725322142703,1.813282302661498,0.0
cross_drone,LO_s001,0.1,0.5,0,5,5,2443,24.526942014694214,0.42715680170778114,1.845498004884096,0.0
cross_drone,LO_s001,0.1,0.5,0,6,6,2345,23.54997706413269,0.6064499628374449,1.9257408555381175,0.005543710021321962
cross_drone,LO_s001,0.1,0.5,1,1,1,2516,25.26086401939392,0.5543829165284535,1.713363638473993,0.0
cross_drone,LO_s001,0.1,0.5,1,2,2,2490,25.02094602584839,0.5476024382176377,2.2166384350582886,0.0
cross_drone,LO_s001,0.1,0.5,1,3,3,2577,25.9479341506958,0.5110455008636166,2.5536841320539567,0.020566550252231277
cross_drone,LO_s001,0.1,0.5,1,4,4,2353,23.624861001968384,0.4548302045147068,1.5117182476699604,0.0
cross_drone,LO_s001,0.1,0.5,1,5,5,2443,24.526942014694214,0.44580760603938074,1.791337691116977,0.0
cross_drone,LO_s001,0.1,0.5,1,6,6,2345,23.54997706413269,0.6284726094082771,2.178688443971333,0.00767590618336887
cross_drone,LO_s001,0.1,0.5,2,1,1,2516,25.26086401939392,0.5652373025239825,1.8828181014917078,0.0
cross_drone,LO_s001,0.1,0.5,2,2,2,2490,25.02094602584839,0.5636218457444073,2.374214143012182,0.0008032128514056225
cross_drone,LO_s001,0.1,0.5,2,3,3,2577,25.9479341506958,0.47867769804997806,2.538372868503405,0.025999223903764065
cross_drone,LO_s001,0.1,0.5,2,4,4,2353,23.624861001968384,0.4698201158640529,1.5902243556645261,0.0
cross_drone,LO_s001,0.1,0.5,2,5,5,2443,24.526942014694214,0.44461783656598186,1.854546739686403,0.0
cross_drone,LO_s001,0.1,0.5,2,6,6,2345,23.54997706413269,0.6264398379805982,1.9701977586217647,0.0
cross_drone,LO_s001,0.1,0.5,3,1,1,2516,25.26086401939392,0.5155661301409964,1.6745221122869793,0.0
cross_drone,LO_s001,0.1,0.5,3,2,2,2490,25.02094602584839,0.5690158095211046,2.221762020529257,0.0
cross_drone,LO_s001,0.1,0.5,3,3,3,2577,25.9479341506958,0.5392072439987317,3.795656202152118,0.03143189755529686
cross_drone,LO_s001,0.1,0.5,3,4,4,2353,23.624861001968384,0.5754676824556668,1.6379101430567105,0.0
cross_drone,LO_s001,0.1,0.5,3,5,5,2443,24.526942014694214,0.41609218332316544,1.7845072308323622,0.0
cross_drone,LO_s001,0.1,0.5,3,6,6,2345,23.54997706413269,0.5666026273928537,1.931259643641544,0.006823027718550106
cross_drone,LO_s001,0.1,0.5,4,1,1,2516,25.26086401939392,0.5610042509100879,1.9816228898674844,0.0
cross_drone,LO_s001,0.1,0.5,4,2,2,2490,25.02094602584839,0.568904782452563,2.2557780132983796,0.002008032128514056
cross_drone,LO_s001,0.1,0.5,4,3,3,2577,25.9479341506958,0.5333676691201958,2.572597539862871,0.020566550252231277
cross_drone,LO_s001,0.1,0.5,4,4,4,2353,23.624861001968384,0.46429785877329266,1.642529888091923,0.0
cross_drone,LO_s001,0.1,0.5,4,5,5,2443,24.526942014694214,0.4143658086447033,1.7985666702482945,0.0
cross_drone,LO_s001,0.1,0.5,4,6,6,2345,23.54997706413269,0.5863434317278973,2.0643618613244765,0.0
cross_drone,LO_s001,0.3,0.01,0,1,1,2516,25.26086401939392,0.1672391020783266,0.4136011815816829,0.0
cross_drone,LO_s001,0.3,0.01,0,2,2,2490,25.02094602584839,0.17053597672439835,0.44180168564448,0.0
cross_drone,LO_s001,0.3,0.01,0,3,3,2577,25.9479341506958,0.18351596497203104,0.4860959959931964,0.0
cross_drone,LO_s001,0.3,0.01,0,4,4,2353,23.624861001968384,0.16931711172377106,0.42483274812747146,0.0
cross_drone,LO_s001,0.3,0.01,0,5,5,2443,24.526942014694214,0.1647273620488079,0.4087689235205915,0.0
cross_drone,LO_s001,0.3,0.01,0,6,6,2345,23.54997706413269,0.16684503043134669,0.41402170413356315,0.0
cross_drone,LO_s001,0.3,0.01,1,1,1,2516,25.26086401939392,0.17011068009003338,0.4267150557651149,0.0
cross_drone,LO_s001,0.3,0.01,1,2,2,2490,25.02094602584839,0.16654345748330002,0.44291335147359795,0.0
cross_drone,LO_s001,0.3,0.01,1,3,3,2577,25.9479341506958,0.17074661095847432,0.49358578966898686,0.0
cross_drone,LO_s001,0.3,0.01,1,4,4,2353,23.624861001968384,0.16360731657982797,0.42340557126985084,0.0
cross_drone,LO_s001,0.3,0.01,1,5,5,2443,24.526942014694214,0.15978150454631646,0.4056311311056448,0.0
cross_drone,LO_s001,0.3,0.01,1,6,6,2345,23.54997706413269,0.1736869944895716,0.430106688674266,0.0
cross_drone,LO_s001,0.3,0.01,2,1,1,2516,25.26086401939392,0.18038700066173874,0.43680345673240595,0.0
cross_drone,LO_s001,0.3,0.01,2,2,2,2490,25.02094602584839,0.16060056911268816,0.4198733147917778,0.0
cross_drone,LO_s001,0.3,0.01,2,3,3,2577,25.9479341506958,0.1734225617735774,0.4629673687936766,0.0
cross_drone,LO_s001,0.3,0.01,2,4,4,2353,23.624861001968384,0.17294099179054,0.4342988488900915,0.0
cross_drone,LO_s001,0.3,0.01,2,5,5,2443,24.526942014694214,0.16273891280350483,0.3947567863343267,0.0
cross_drone,LO_s001,0.3,0.01,2,6,6,2345,23.54997706413269,0.16599339796678692,0.43011179644484226,0.0
cross_drone,LO_s001,0.3,0.01,3,1,1,2516,25.26086401939392,0.17803183587298577,0.4364831215216576,0.0
cross_drone,LO_s001,0.3,0.01,3,2,2,2490,25.02094602584839,0.1643899134994058,0.4284028768853346,0.0
cross_drone,LO_s001,0.3,0.01,3,3,3,2577,25.9479341506958,0.17919811907876237,0.47683510806483015,0.0
cross_drone,LO_s001,0.3,0.01,3,4,4,2353,23.624861001968384,0.17700595448415868,0.4291661613539106,0.0
cross_drone,LO_s001,0.3,0.01,3,5,5,2443,24.526942014694214,0.15824975259960183,0.3907072313385697,0.0
cross_drone,LO_s001,0.3,0.01,3,6,6,2345,23.54997706413269,0.16831619835392075,0.4261412369717945,0.0
cross_drone,LO_s001,0.3,0.01,4,1,1,2516,25.26086401939392,0.17060349256827223,0.42374384067980486,0.0
cross_drone,LO_s001,0.3,0.01,4,2,2,2490,25.02094602584839,0.17001186752573005,0.44563554792945287,0.0
cross_drone,LO_s001,0.3,0.01,4,3,3,2577,25.9479341506958,0.18456565153650217,0.526286859592773,0.0
cross_drone,LO_s001,0.3,0.01,4,4,4,2353,23.624861001968384,0.17790102175194988,0.4537079004454186,0.0
cross_drone,LO_s001,0.3,0.01,4,5,5,2443,24.526942014694214,0.15360438992995284,0.3873557233485485,0.0
cross_drone,LO_s001,0.3,0.01,4,6,6,2345,23.54997706413269,8.765902864200598,107.37463106238596,0.42174840085287846
cross_drone,LO_s001,0.3,0.05,0,1,1,2516,25.26086401939392,0.2204714860016308,0.5654352282605704,0.0
cross_drone,LO_s001,0.3,0.05,0,2,2,2490,25.02094602584839,0.21518588534432936,0.5745932630475181,0.0
cross_drone,LO_s001,0.3,0.05,0,3,3,2577,25.9479341506958,0.23879829444189227,0.6896407495092944,0.0
cross_drone,LO_s001,0.3,0.05,0,4,4,2353,23.624861001968384,0.21695939585848123,0.5870104503413247,0.0
cross_drone,LO_s001,0.3,0.05,0,5,5,2443,24.526942014694214,0.2198651167900607,0.544498370096028,0.0
cross_drone,LO_s001,0.3,0.05,0,6,6,2345,23.54997706413269,0.22127052730630226,0.5735116410724002,0.0
cross_drone,LO_s001,0.3,0.05,1,1,1,2516,25.26086401939392,0.22877978576763525,0.5893906352478737,0.0
cross_drone,LO_s001,0.3,0.05,1,2,2,2490,25.02094602584839,0.21094745910214385,0.5793721001000904,0.0
cross_drone,LO_s001,0.3,0.05,1,3,3,2577,25.9479341506958,0.24454087140765068,0.6803463533417246,0.0
cross_drone,LO_s001,0.3,0.05,1,4,4,2353,23.624861001968384,0.22378681962223368,0.5920438847404172,0.0
cross_drone,LO_s001,0.3,0.05,1,5,5,2443,24.526942014694214,0.19536153401963396,0.5088350794308555,0.0
cross_drone,LO_s001,0.3,0.05,1,6,6,2345,23.54997706413269,0.21904957864398966,0.5903252421085368,0.0
cross_drone,LO_s001,0.3,0.05,2,1,1,2516,25.26086401939392,0.21022676008409746,0.5869784825183473,0.0
cross_drone,LO_s001,0.3,0.05,2,2,2,2490,25.02094602584839,0.2009003470288384,0.5897424224029209,0.0
cross_drone,LO_s001,0.3,0.05,2,3,3,2577,25.9479341506958,0.23749266235492428,0.6805131358633932,0.0
cross_drone,LO_s001,0.3,0.05,2,4,4,2353,23.624861001968384,0.2206412831480975,0.5534212197341618,0.0
cross_drone,LO_s001,0.3,0.05,2,5,5,2443,24.526942014694214,0.2098835606611047,0.5423831191232638,0.0
cross_drone,LO_s001,0.3,0.05,2,6,6,2345,23.54997706413269,9.70597082931019,119.60141898055679,0.47334754797441364
cross_drone,LO_s001,0.3,0.05,3,1,1,2516,25.26086401939392,0.21915468503859614,0.6071165040031303,0.0
cross_drone,LO_s001,0.3,0.05,3,2,2,2490,25.02094602584839,0.21453353827779154,0.5625404918672899,0.0
cross_drone,LO_s001,0.3,0.05,3,3,3,2577,25.9479341506958,0.2315589349215088,0.6686828694912607,0.0
cross_drone,LO_s001,0.3,0.05,3,4,4,2353,23.624861001968384,0.24387160308484113,0.5887913047194219,0.0
cross_drone,LO_s001,0.3,0.05,3,5,5,2443,24.526942014694214,0.19230386490684737,0.48009567144227255,0.0
cross_drone,LO_s001,0.3,0.05,3,6,6,2345,23.54997706413269,0.24294799761804597,0.7433215891317331,0.0
cross_drone,LO_s001,0.3,0.05,4,1,1,2516,25.26086401939392,0.2190895789740921,0.5174080922499371,0.0
cross_drone,LO_s001,0.3,0.05,4,2,2,2490,25.02094602584839,0.2167610512558369,0.5732700896636345,0.0
cross_drone,LO_s001,0.3,0.05,4,3,3,2577,25.9479341506958,0.24428840896884196,0.72871371070093,0.0
cross_drone,LO_s001,0.3,0.05,4,4,4,2353,23.624861001968384,0.21414796834638494,0.6055152968929863,0.0
cross_drone,LO_s001,0.3,0.05,4,5,5,2443,24.526942014694214,0.20695532701819275,0.5409677045897454,0.0
cross_drone,LO_s001,0.3,0.05,4,6,6,2345,23.54997706413269,0.19472510524806808,0.5486653020366802,0.0
cross_drone,LO_s001,0.3,0.1,0,1,1,2516,25.26086401939392,0.2721441544299523,0.750292280585172,0.0
cross_drone,LO_s001,0.3,0.1,0,2,2,2490,25.02094602584839,0.25351268512183367,0.6807788976510066,0.0
cross_drone,LO_s001,0.3,0.1,0,3,3,2577,25.9479341506958,0.2794746145107183,0.8588288353701105,0.0
cross_drone,LO_s001,0.3,0.1,0,4,4,2353,23.624861001968384,0.22744225163245346,0.6666137886154389,0.0
cross_drone,LO_s001,0.3,0.1,0,5,5,2443,24.526942014694214,0.2431720645264761,0.6633871926993209,0.0
cross_drone,LO_s001,0.3,0.1,0,6,6,2345,23.54997706413269,0.26303196818016517,0.6943022782234689,0.0
cross_drone,LO_s001,0.3,0.1,1,1,1,2516,25.26086401939392,0.23601895279535512,0.6808514149730911,0.0
cross_drone,LO_s001,0.3,0.1,1,2,2,2490,25.02094602584839,0.23772830963513059,0.6802583092521302,0.0
cross_drone,LO_s001,0.3,0.1,1,3,3,2577,25.9479341506958,0.2635094635968471,0.865163985708762,0.0
cross_drone,LO_s001,0.3,0.1,1,4,4,2353,23.624861001968384,0.2600974051635916,0.7075014096743532,0.0
cross_drone,LO_s001,0.3,0.1,1,5,5,2443,24.526942014694214,0.2441284047236536,0.6618298159907398,0.0
cross_drone,LO_s001,0.3,0.1,1,6,6,2345,23.54997706413269,0.24632836607260344,0.7198018502930763,0.0
cross_drone,LO_s001,0.3,0.1,2,1,1,2516,25.26086401939392,0.2849850697980969,0.7744831694594154,0.0
cross_drone,LO_s001,0.3,0.1,2,2,2,2490,25.02094602584839,0.25247625373330607,0.7050347487850757,0.0
cross_drone,LO_s001,0.3,0.1,2,3,3,2577,25.9479341506958,0.2500208119206775,0.8286230139026262,0.0
cross_drone,LO_s001,0.3,0.1,2,4,4,2353,23.624861001968384,0.2690230150406876,0.7233789677244489,0.0
cross_drone,LO_s001,0.3,0.1,2,5,5,2443,24.526942014694214,0.23885814363234203,0.6638949888187512,0.0
cross_drone,LO_s001,0.3,0.1,2,6,6,2345,23.54997706413269,0.26208273849940156,0.713235908733128,0.0
cross_drone,LO_s001,0.3,0.1,3,1,1,2516,25.26086401939392,0.2915548420331646,0.8254192641482945,0.0
cross_drone,LO_s001,0.3,0.1,3,2,2,2490,25.02094602584839,0.2454587853650878,0.7049034493499278,0.0
cross_drone,LO_s001,0.3,0.1,3,3,3,2577,25.9479341506958,0.2845674922746326,0.9130880634957127,0.0
cross_drone,LO_s001,0.3,0.1,3,4,4,2353,23.624861001968384,0.25562105395158596,0.6885074194041162,0.0
cross_drone,LO_s001,0.3,0.1,3,5,5,2443,24.526942014694214,0.25182581119440783,0.7011594203326695,0.0
cross_drone,LO_s001,0.3,0.1,3,6,6,2345,23.54997706413269,0.2595349292796527,0.7802280500736399,0.0
cross_drone,LO_s001,0.3,0.1,4,1,1,2516,25.26086401939392,0.2671725570949661,0.7215718235131519,0.0
cross_drone,LO_s001,0.3,0.1,4,2,2,2490,25.02094602584839,0.25947373624906334,0.7326578328940364,0.0
cross_drone,LO_s001,0.3,0.1,4,3,3,2577,25.9479341506958,0.35090115140448574,37.28220489592058,0.20139697322467986
cross_drone,LO_s001,0.3,0.1,4,4,4,2353,23.624861001968384,4.20130812075999,127.3314430201818,0.49936251593710157
cross_drone,LO_s001,0.3,0.1,4,5,5,2443,24.526942014694214,0.29018070066237556,0.6969028749761352,0.0
cross_drone,LO_s001,0.3,0.1,4,6,6,2345,23.54997706413269,0.2387489481207581,0.6684858666014192,0.0
cross_drone,LO_s001,0.3,0.2,0,1,1,2516,25.26086401939392,0.38848519298333883,1.0920609830906898,0.0
cross_drone,LO_s001,0.3,0.2,0,2,2,2490,25.02094602584839,0.3153423811398426,0.9964907028192895,0.0
cross_drone,LO_s001,0.3,0.2,0,3,3,2577,25.9479341506958,0.3154148630080442,1.1690452059125678,0.0
cross_drone,LO_s001,0.3,0.2,0,4,4,2353,23.624861001968384,0.3585983202012244,0.990861118072235,0.0
cross_drone,LO_s001,0.3,0.2,0,5,5,2443,24.526942014694214,0.34201440808536177,0.8698519745293994,0.0
cross_drone,LO_s001,0.3,0.2,0,6,6,2345,23.54997706413269,0.31410559630194257,0.9873591063877669,0.0
cross_drone,LO_s001,0.3,0.2,1,1,1,2516,25.26086401939392,0.3164253737072329,1.0705323439515269,0.0
cross_drone,LO_s001,0.3,0.2,1,2,2,2490,25.02094602584839,0.3350589854613162,0.9911474644049348,0.0
cross_drone,LO_s001,0.3,0.2,1,3,3,2577,25.9479341506958,0.33883548402177155,1.252440181033717,0.0
cross_drone,LO_s001,0.3,0.2,1,4,4,2353,23.624861001968384,0.3758877455288996,0.9625910598601308,0.0
cross_drone,LO_s001,0.3,0.2,1,5,5,2443,24.526942014694214,0.3239760640375664,0.9274578822685106,0.0
cross_drone,LO_s001,0.3,0.2,1,6,6,2345,23.54997706413269,0.3223385698725849,1.2730476341154826,0.0
cross_drone,LO_s001,0.3,0.2,2,1,1,2516,25.26086401939392,0.3096716327540179,1.0007436418604065,0.0
cross_drone,LO_s001,0.3,0.2,2,2,2,2490,25.02094602584839,0.31512513819213694,0.9894447307979135,0.0
cross_drone,LO_s001,0.3,0.2,2,3,3,2577,25.9479341506958,0.35155275835572297,1.4575253645161865,0.0
cross_drone,LO_s001,0.3,0.2,2,4,4,2353,23.624861001968384,0.35133129978410693,1.0237495721131515,0.0
cross_drone,LO_s001,0.3,0.2,2,5,5,2443,24.526942014694214,0.3428892113852271,0.9021386552196226,0.0
cross_drone,LO_s001,0.3,0.2,2,6,6,2345,23.54997706413269,0.3114262539088841,0.9583918736297842,0.0
cross_drone,LO_s001,0.3,0.2,3,1,1,2516,25.26086401939392,0.3598689294698971,1.0652571407967883,0.0
cross_drone,LO_s001,0.3,0.2,3,2,2,2490,25.02094602584839,0.2961664092541838,1.0474596092914246,0.0
cross_drone,LO_s001,0.3,0.2,3,3,3,2577,25.9479341506958,0.2986629086845767,1.2161697526178559,0.0
cross_drone,LO_s001,0.3,0.2,3,4,4,2353,23.624861001968384,0.29658543534419834,0.888815619778319,0.0
cross_drone,LO_s001,0.3,0.2,3,5,5,2443,24.526942014694214,0.2913620179207328,0.8609781670732107,0.0
cross_drone,LO_s001,0.3,0.2,3,6,6,2345,23.54997706413269,0.38902418922495485,0.948777278532037,0.0
cross_drone,LO_s001,0.3,0.2,4,1,1,2516,25.26086401939392,0.3779258877596501,1.0547479484509985,0.0
cross_drone,LO_s001,0.3,0.2,4,2,2,2490,25.02094602584839,0.33007829458405524,1.0313473571792073,0.0
cross_drone,LO_s001,0.3,0.2,4,3,3,2577,25.9479341506958,0.3286684333781551,1.2526649133359755,0.0
cross_drone,LO_s001,0.3,0.2,4,4,4,2353,23.624861001968384,0.30436623535071305,0.9300966379532497,0.0
cross_drone,LO_s001,0.3,0.2,4,5,5,2443,24.526942014694214,0.31306930750105266,0.9051221381742784,0.0
cross_drone,LO_s001,0.3,0.2,4,6,6,2345,23.54997706413269,0.3058981067717923,0.9902418668071729,0.0
cross_drone,LO_s001,0.3,0.5,0,1,1,2516,25.26086401939392,0.6454126954267174,1.8325316090284929,0.0
cross_drone,LO_s001,0.3,0.5,0,2,2,2490,25.02094602584839,0.5678606693002877,2.289732743777378,0.001606425702811245
cross_drone,LO_s001,0.3,0.5,0,3,3,2577,25.9479341506958,0.6766532722246268,2.618337544810901,0.016686069072564997
cross_drone,LO_s001,0.3,0.5,0,4,4,2353,23.624861001968384,0.6227753109199909,1.9917707509495761,0.0
cross_drone,LO_s001,0.3,0.5,0,5,5,2443,24.526942014694214,0.4460627451524388,1.852925554761146,0.0
cross_drone,LO_s001,0.3,0.5,0,6,6,2345,23.54997706413269,0.6535959153202953,2.262774560879649,0.006396588486140725
cross_drone,LO_s001,0.3,0.5,1,1,1,2516,25.26086401939392,0.6434522963692899,1.8452830724959242,0.0
cross_drone,LO_s001,0.3,0.5,1,2,2,2490,25.02094602584839,0.5364539080116124,2.230121689409064,0.0
cross_drone,LO_s001,0.3,0.5,1,3,3,2577,25.9479341506958,0.5442545475103202,2.810010608281545,0.022894838960031045
cross_drone,LO_s001,0.3,0.5,1,4,4,2353,23.624861001968384,0.5417549955591596,1.6161045960719422,0.0
cross_drone,LO_s001,0.3,0.5,1,5,5,2443,24.526942014694214,0.5320626898125624,1.761466778500591,0.0
cross_drone,LO_s001,0.3,0.5,1,6,6,2345,23.54997706413269,0.6718214594666847,2.225101172949302,0.0
cross_drone,LO_s001,0.3,0.5,2,1,1,2516,25.26086401939392,0.6198624658219529,1.9346161059607923,0.0
cross_drone,LO_s001,0.3,0.5,2,2,2,2490,25.02094602584839,0.7057653024488104,2.500452869609731,0.0
cross_drone,LO_s001,0.3,0.5,2,3,3,2577,25.9479341506958,0.5121851185301054,2.3868373761223043,0.02211874272409779
cross_drone,LO_s001,0.3,0.5,2,4,4,2353,23.624861001968384,0.527103246384911,1.5787097345805137,0.0
cross_drone,LO_s001,0.3,0.5,2,5,5,2443,24.526942014694214,0.5013425356582957,1.961018500338058,0.0
cross_drone,LO_s001,0.3,0.5,2,6,6,2345,23.54997706413269,0.6389288318958393,2.095994270928997,0.0
cross_drone,LO_s001,0.3,0.5,3,1,1,2516,25.26086401939392,0.5977276006361194,1.9451743104286692,0.0
cross_drone,LO_s001,0.3,0.5,3,2,2,2490,25.02094602584839,0.5955202599698879,2.2125350181208283,0.0
cross_drone,LO_s001,0.3,0.5,3,3,3,2577,25.9479341506958,0.5185914199935553,2.783830425721246,0.020566550252231277
cross_drone,LO_s001,0.3,0.5,3,4,4,2353,23.624861001968384,0.5254938402304674,1.6182892615012647,0.0
cross_drone,LO_s001,0.3,0.5,3,5,5,2443,24.526942014694214,0.5043224269578559,1.8306313372763101,0.0
cross_drone,LO_s001,0.3,0.5,3,6,6,2345,23.54997706413269,0.583959853492729,2.0766313903758427,0.0017057569296375266
cross_drone,LO_s001,0.3,0.5,4,1,1,2516,25.26086401939392,0.5899186959999554,2.2245294850624866,0.0
cross_drone,LO_s001,0.3,0.5,4,2,2,2490,25.02094602584839,0.585545987174811,2.2498091519302927,0.0
cross_drone,LO_s001,0.3,0.5,4,3,3,2577,25.9479341506958,0.596386029732912,2.491429066056105,0.022894838960031045
cross_drone,LO_s001,0.3,0.5,4,4,4,2353,23.624861001968384,0.4595555449778601,1.7677754379770592,0.0
cross_drone,LO_s001,0.3,0.5,4,5,5,2443,24.526942014694214,0.5128902809686053,1.8509138639927756,0.0
cross_drone,LO_s001,0.3,0.5,4,6,6,2345,23.54997706413269,0.5452406927694682,1.9814038596790846,0.0
cross_drone,LO_s001,0.5,0.01,0,1,1,2516,25.26086401939392,0.19474602867636026,0.49587175840458997,0.0
cross_drone,LO_s001,0.5,0.01,0,2,2,2490,25.02094602584839,0.20405393722345622,0.5446437751569875,0.0
cross_drone,LO_s001,0.5,0.01,0,3,3,2577,25.9479341506958,0.20973419344130662,0.5946163326449835,0.0
cross_drone,LO_s001,0.5,0.01,0,4,4,2353,23.624861001968384,0.1996986137597796,0.5114589445688581,0.0
cross_drone,LO_s001,0.5,0.01,0,5,5,2443,24.526942014694214,0.19401676114367206,0.5040163503516739,0.0
cross_drone,LO_s001,0.5,0.01,0,6,6,2345,23.54997706413269,0.19299100422816906,0.4986746438647429,0.0
cross_drone,LO_s001,0.5,0.01,1,1,1,2516,25.26086401939392,0.19926053426692292,0.51301833997735,0.0
cross_drone,LO_s001,0.5,0.01,1,2,2,2490,25.02094602584839,0.19277967873773605,0.5231571696860355,0.0
cross_drone,LO_s001,0.5,0.01,1,3,3,2577,25.9479341506958,0.20292900289055638,0.6100942548970356,0.0
cross_drone,LO_s001,0.5,0.01,1,4,4,2353,23.624861001968384,0.19246774716876303,0.5302521109495447,0.0
cross_drone,LO_s001,0.5,0.01,1,5,5,2443,24.526942014694214,0.17969618859429914,0.49407963469025734,0.0
cross_drone,LO_s001,0.5,0.01,1,6,6,2345,23.54997706413269,0.19749845308930958,0.4979295515304755,0.0
cross_drone,LO_s001,0.5,0.01,2,1,1,2516,25.26086401939392,0.2091522737757714,0.5338121312903468,0.0
cross_drone,LO_s001,0.5,0.01,2,2,2,2490,25.02094602584839,0.19511424747290107,0.5083100985021357,0.0
cross_drone,LO_s001,0.5,0.01,2,3,3,2577,25.9479341506958,0.2024106345959069,0.5698456788908205,0.0
cross_drone,LO_s001,0.5,0.01,2,4,4,2353,23.624861001968384,0.2033378661681695,0.5294315292133094,0.0
cross_drone,LO_s001,0.5,0.01,2,5,5,2443,24.526942014694214,0.19195769167791354,0.4730790427303729,0.0
cross_drone,LO_s001,0.5,0.01,2,6,6,2345,23.54997706413269,0.19251177492839133,0.5163075098941107,0.0
cross_drone,LO_s001,0.5,0.01,3,1,1,2516,25.26086401939392,0.20743891783616064,0.5334719625287789,0.0
cross_drone,LO_s001,0.5,0.01,3,2,2,2490,25.02094602584839,0.19709459502350235,0.523296309882336,0.0
cross_drone,LO_s001,0.5,0.01,3,3,3,2577,25.9479341506958,0.20591733806784873,0.5742129092242305,0.0
cross_drone,LO_s001,0.5,0.01,3,4,4,2353,23.624861001968384,0.20438904862700724,0.5317914155414031,0.0
cross_drone,LO_s001,0.5,0.01,3,5,5,2443,24.526942014694214,0.18280013301439624,0.4683868605590136,0.0
cross_drone,LO_s001,0.5,0.01,3,6,6,2345,23.54997706413269,0.19551316259603135,0.515936449772181,0.0
cross_drone,LO_s001,0.5,0.01,4,1,1,2516,25.26086401939392,0.20247400681169836,0.5298456367676003,0.0
cross_drone,LO_s001,0.5,0.01,4,2,2,2490,25.02094602584839,0.20136715568794727,0.5369575635491741,0.0
cross_drone,LO_s001,0.5,0.01,4,3,3,2577,25.9479341506958,0.21492310430380712,0.6343556309088626,0.0
cross_drone,LO_s001,0.5,0.01,4,4,4,2353,23.624861001968384,0.20996063461646486,0.5430262008944887,0.0
cross_drone,LO_s001,0.5,0.01,4,5,5,2443,24.526942014694214,0.17074572567335622,0.4716104785328954,0.0
cross_drone,LO_s001,0.5,0.01,4,6,6,2345,23.54997706413269,0.3295292907943974,48.7560017994098,0.1859275053304904
cross_drone,LO_s001,0.5,0.05,0,1,1,2516,25.26086401939392,0.28497185488777177,0.7403479189596247,0.0
cross_drone,LO_s001,0.5,0.05,0,2,2,2490,25.02094602584839,0.2786697958002051,0.7250855156255823,0.0
cross_drone,LO_s001,0.5,0.05,0,3,3,2577,25.9479341506958,0.31059663322309916,0.898125747753737,0.0
cross_drone,LO_s001,0.5,0.05,0,4,4,2353,23.624861001968384,0.2937541047736545,0.774440354091513,0.0
cross_drone,LO_s001,0.5,0.05,0,5,5,2443,24.526942014694214,0.27495153918019355,0.7252023343699108,0.0
cross_drone,LO_s001,0.5,0.05,0,6,6,2345,23.54997706413269,0.33765804436350777,1.0616006888668148,0.0
cross_drone,LO_s001,0.5,0.05,1,1,1,2516,25.26086401939392,0.30460987248417837,0.7833090103911218,0.0
cross_drone,LO_s001,0.5,0.05,1,2,2,2490,25.02094602584839,0.28173808193907135,0.761508921035606,0.0
cross_drone,LO_s001,0.5,0.05,1,3,3,2577,25.9479341506958,0.32037720386216506,0.8768916869378302,0.0
cross_drone,LO_s001,0.5,0.05,1,4,4,2353,23.624861001968384,0.28290847493502724,0.7471843039857553,0.0
cross_drone,LO_s001,0.5,0.05,1,5,5,2443,24.526942014694214,0.24421578218166928,0.6673362511664097,0.0
cross_drone,LO_s001,0.5,0.05,1,6,6,2345,23.54997706413269,0.27819856449099234,0.7758005158439374,0.0
cross_drone,LO_s001,0.5,0.05,2,1,1,2516,25.26086401939392,0.2835998272059257,0.809378699949491,0.0
cross_drone,LO_s001,0.5,0.05,2,2,2,2490,25.02094602584839,0.2720295396035084,0.7594770090934918,0.0
cross_drone,LO_s001,0.5,0.05,2,3,3,2577,25.9479341506958,0.2903746677928041,0.8737061328722349,0.0
cross_drone,LO_s001,0.5,0.05,2,4,4,2353,23.624861001968384,0.2946877742070626,0.710187500255927,0.0
cross_drone,LO_s001,0.5,0.05,2,5,5,2443,24.526942014694214,0.2692036448199815,0.7015730983035046,0.0
cross_drone,LO_s001,0.5,0.05,2,6,6,2345,23.54997706413269,0.2534038653217294,0.6791583980993494,0.0
cross_drone,LO_s001,0.5,0.05,3,1,1,2516,25.26086401939392,0.29795960856987946,0.8347264046228204,0.0
cross_drone,LO_s001,0.5,0.05,3,2,2,2490,25.02094602584839,0.2700147547473488,0.7167910872626791,0.0
cross_drone,LO_s001,0.5,0.05,3,3,3,2577,25.9479341506958,0.2948296901563765,0.8951197946757021,0.0
cross_drone,LO_s001,0.5,0.05,3,4,4,2353,23.624861001968384,0.3356366212615107,0.793570693210319,0.0
cross_drone,LO_s001,0.5,0.05,3,5,5,2443,24.526942014694214,0.24784297261325605,0.6178638481738027,0.0
cross_drone,LO_s001,0.5,0.05,3,6,6,2345,23.54997706413269,0.32171722332935815,1.0533779763022122,0.019189765458422176
cross_drone,LO_s001,0.5,0.05,4,1,1,2516,25.26086401939392,0.2938625857306505,0.7174236433178862,0.0
cross_drone,LO_s001,0.5,0.05,4,2,2,2490,25.02094602584839,0.2798230118802749,0.7261471863043509,0.0
cross_drone,LO_s001,0.5,0.05,4,3,3,2577,25.9479341506958,0.4570678181333676,37.37027667454298,0.20139697322467986
cross_drone,LO_s001,0.5,0.05,4,4,4,2353,23.624861001968384,0.8298753642370968,127.16942148022363,0.41861453463663406
cross_drone,LO_s001,0.5,0.05,4,5,5,2443,24.526942014694214,0.26631367189383326,0.7208535218259783,0.0
cross_drone,LO_s001,0.5,0.05,4,6,6,2345,23.54997706413269,0.25500708531890837,0.6825320879324748,0.0
cross_drone,LO_s001,0.5,0.1,0,1,1,2516,25.26086401939392,0.36153427378157943,1.01497160602203,0.0
cross_drone,LO_s001,0.5,0.1,0,2,2,2490,25.02094602584839,0.33369299931356977,0.9027947682703312,0.0
cross_drone,LO_s001,0.5,0.1,0,3,3,2577,25.9479341506958,0.3787795951787416,1.1505228884110128,0.0
cross_drone,LO_s001,0.5,0.1,0,4,4,2353,23.624861001968384,0.2957351056222137,0.8659306854219836,0.0
cross_drone,LO_s001,0.5,0.1,0,5,5,2443,24.526942014694214,0.3401780810072026,0.8833831771105737,0.0
cross_drone,LO_s001,0.5,0.1,0,6,6,2345,23.54997706413269,0.35646907585159227,0.9073003512493357,0.0
cross_drone,LO_s001,0.5,0.1,1,1,1,2516,25.26086401939392,0.3033315570303614,0.9230904159959668,0.0
cross_drone,LO_s001,0.5,0.1,1,2,2,2490,25.02094602584839,0.3157902756530362,0.9134509446736926,0.0
cross_drone,LO_s001,0.5,0.1,1,3,3,2577,25.9479341506958,0.3596994138565037,1.153298434205999,0.0
cross_drone,LO_s001,0.5,0.1,1,4,4,2353,23.624861001968384,0.3509975514961923,0.9310036480286329,0.0
cross_drone,LO_s001,0.5,0.1,1,5,5,2443,24.526942014694214,0.32847719570003164,0.8800923168661715,0.0
cross_drone,LO_s001,0.5,0.1,1,6,6,2345,23.54997706413269,0.3172102024632455,0.9686198897584112,0.0
cross_drone,LO_s001,0.5,0.1,2,1,1,2516,25.26086401939392,0.383196314529588,1.0890420864309398,0.0
cross_drone,LO_s001,0.5,0.1,2,2,2,2490,25.02094602584839,0.3529298022803573,0.9275531239638978,0.0
cross_drone,LO_s001,0.5,0.1,2,3,3,2577,25.9479341506958,0.3363864766061795,1.0624557848212592,0.0011641443538998836
cross_drone,LO_s001,0.5,0.1,2,4,4,2353,23.624861001968384,0.36644152542521624,0.9362662636210701,0.0
cross_drone,LO_s001,0.5,0.1,2,5,5,2443,24.526942014694214,0.32038158299832276,0.9003008627701216,0.0
cross_drone,LO_s001,0.5,0.1,2,6,6,2345,23.54997706413269,0.34046152736203794,0.9034293692267169,0.0
cross_drone,LO_s001,0.5,0.1,3,1,1,2516,25.26086401939392,0.40316932284101625,1.1334732151750302,0.0
cross_drone,LO_s001,0.5,0.1,3,2,2,2490,25.02094602584839,0.32942408057268047,0.9408453688099093,0.0
cross_drone,LO_s001,0.5,0.1,3,3,3,2577,25.9479341506958,0.3854019861466895,1.2295971470423528,0.0
cross_drone,LO_s001,0.5,0.1,3,4,4,2353,23.624861001968384,0.3475094314649141,0.8620286055301621,0.0
cross_drone,LO_s001,0.5,0.1,3,5,5,2443,24.526942014694214,0.3282252535578323,0.9268476084429385,0.0
cross_drone,LO_s001,0.5,0.1,3,6,6,2345,23.54997706413269,0.34700127465669084,0.9614136204095002,0.0
cross_drone,LO_s001,0.5,0.1,4,1,1,2516,25.26086401939392,0.36364538931691115,0.9849632452568358,0.0
cross_drone,LO_s001,0.5,0.1,4,2,2,2490,25.02094602584839,0.3724464794411233,0.9767780753948913,0.0
cross_drone,LO_s001,0.5,0.1,4,3,3,2577,25.9479341506958,0.3201720797617895,1.0284357327824474,0.0
cross_drone,LO_s001,0.5,0.1,4,4,4,2353,23.624861001968384,0.3444738233318958,0.9948625017323367,0.0
cross_drone,LO_s001,0.5,0.1,4,5,5,2443,24.526942014694214,0.3945023138662691,0.9149838889878993,0.0
cross_drone,LO_s001,0.5,0.1,4,6,6,2345,23.54997706413269,0.3146107491454586,0.8919046151522535,0.0
cross_drone,LO_s001,0.5,0.2,0,1,1,2516,25.26086401939392,0.5394762002932554,1.3892240422566928,0.0
cross_drone,LO_s001,0.5,0.2,0,2,2,2490,25.02094602584839,0.40838531886093676,1.2390342285317013,0.0
cross_drone,LO_s001,0.5,0.2,0,3,3,2577,25.9479341506958,0.40700086707090577,1.4479460700597315,0.00892510671323244
cross_drone,LO_s001,0.5,0.2,0,4,4,2353,23.624861001968384,0.47435044537331805,1.2615449834941566,0.0
cross_drone,LO_s001,0.5,0.2,0,5,5,2443,24.526942014694214,0.4399403120428218,1.0909764047034631,0.0
cross_drone,LO_s001,0.5,0.2,0,6,6,2345,23.54997706413269,0.40042415767319284,1.2462101242688886,0.0
cross_drone,LO_s001,0.5,0.2,1,1,1,2516,25.26086401939392,0.42014018268206144,1.3455724723157232,0.0
cross_drone,LO_s001,0.5,0.2,1,2,2,2490,25.02094602584839,0.4473946091000016,1.2647386511706158,0.0
cross_drone,LO_s001,0.5,0.2,1,3,3,2577,25.9479341506958,0.45996322739858897,1.6899751000804006,0.0
cross_drone,LO_s001,0.5,0.2,1,4,4,2353,23.624861001968384,0.4899882337681447,1.2227834660126973,0.0
cross_drone,LO_s001,0.5,0.2,1,5,5,2443,24.526942014694214,0.41273994154715865,1.2281564187346632,0.0
cross_drone,LO_s001,0.5,0.2,1,6,6,2345,23.54997706413269,0.4218518359153052,1.3150058120362629,0.0
cross_drone,LO_s001,0.5,0.2,2,1,1,2516,25.26086401939392,0.4158991062166848,1.2301086940381794,0.0
cross_drone,LO_s001,0.5,0.2,2,2,2,2490,25.02094602584839,0.40094333104773483,1.2373045598689543,0.0
cross_drone,LO_s001,0.5,0.2,2,3,3,2577,25.9479341506958,0.4759521970531182,1.8108483877998685,0.0011641443538998836
cross_drone,LO_s001,0.5,0.2,2,4,4,2353,23.624861001968384,0.48503832456660234,1.3007243303668763,0.0
cross_drone,LO_s001,0.5,0.2,2,5,5,2443,24.526942014694214,0.42654283380824154,1.148646525260243,0.0
cross_drone,LO_s001,0.5,0.2,2,6,6,2345,23.54997706413269,0.4188959639728793,1.284732948291148,0.0
cross_drone,LO_s001,0.5,0.2,3,1,1,2516,25.26086401939392,0.4656493948569249,1.3742818675027877,0.0
cross_drone,LO_s001,0.5,0.2,3,2,2,2490,25.02094602584839,0.37758438222608603,1.3092903265660278,0.0
cross_drone,LO_s001,0.5,0.2,3,3,3,2577,25.9479341506958,0.38852340943910235,1.4683795002562534,0.0011641443538998836
cross_drone,LO_s001,0.5,0.2,3,4,4,2353,23.624861001968384,0.3697985115763913,1.1475230330450814,0.0
cross_drone,LO_s001,0.5,0.2,3,5,5,2443,24.526942014694214,0.37913076246962873,1.1105569325415672,0.0
cross_drone,LO_s001,0.5,0.2,3,6,6,2345,23.54997706413269,0.5104396805326985,1.1917729299996151,0.0
cross_drone,LO_s001,0.5,0.2,4,1,1,2516,25.26086401939392,0.50309412654358,1.4010921984001108,0.0
cross_drone,LO_s001,0.5,0.2,4,2,2,2490,25.02094602584839,0.40565578780105893,1.3046407869759862,0.0
cross_drone,LO_s001,0.5,0.2,4,3,3,2577,25.9479341506958,0.4464251659865397,1.570532730576224,0.00892510671323244
cross_drone,LO_s001,0.5,0.2,4,4,4,2353,23.624861001968384,0.4045400074209624,1.2080325540455648,0.0
cross_drone,LO_s001,0.5,0.2,4,5,5,2443,24.526942014694214,0.39615416177454676,1.1563167124023441,0.0
cross_drone,LO_s001,0.5,0.2,4,6,6,2345,23.54997706413269,0.4243313416981209,1.2082098696353227,0.0
cross_drone,LO_s001,0.5,0.5,0,1,1,2516,25.26086401939392,0.7372729604630877,1.9226964313610964,0.0
cross_drone,LO_s001,0.5,0.5,0,2,2,2490,25.02094602584839,0.6084629302089155,2.4365834528324433,0.00040160642570281126
cross_drone,LO_s001,0.5,0.5,0,3,3,2577,25.9479341506958,0.7848173894145702,2.8297863510974763,0.039968956150562666
cross_drone,LO_s001,0.5,0.5,0,4,4,2353,23.624861001968384,0.7225950717422052,2.1297678964707027,0.0
cross_drone,LO_s001,0.5,0.5,0,5,5,2443,24.526942014694214,0.5395453234233685,2.0952572101956353,0.0
cross_drone,LO_s001,0.5,0.5,0,6,6,2345,23.54997706413269,0.7816299154991952,2.9814934412859655,0.014498933901918977
cross_drone,LO_s001,0.5,0.5,1,1,1,2516,25.26086401939392,0.7587668246914774,1.96049626672872,0.0
cross_drone,LO_s001,0.5,0.5,1,2,2,2490,25.02094602584839,0.6032787075039323,2.1148415042642035,0.0
cross_drone,LO_s001,0.5,0.5,1,3,3,2577,25.9479341506958,0.6609332845695093,2.7678341457474525,0.020566550252231277
cross_drone,LO_s001,0.5,0.5,1,4,4,2353,23.624861001968384,0.618357460079892,1.7878994186644555,0.0
cross_drone,LO_s001,0.5,0.5,1,5,5,2443,24.526942014694214,0.6513965068208751,1.9132166589212947,0.0
cross_drone,LO_s001,0.5,0.5,1,6,6,2345,23.54997706413269,0.752500682204996,2.435634229525269,0.0
cross_drone,LO_s001,0.5,0.5,2,1,1,2516,25.26086401939392,0.7226355607377286,2.051771212574149,0.0
cross_drone,LO_s001,0.5,0.5,2,2,2,2490,25.02094602584839,0.7958837870761215,2.450410805514117,0.0
cross_drone,LO_s001,0.5,0.5,2,3,3,2577,25.9479341506958,0.652353916946872,3.2749360117761506,0.04578967792006209
cross_drone,LO_s001,0.5,0.5,2,4,4,2353,23.624861001968384,0.634289035070708,1.681251021936602,0.0
cross_drone,LO_s001,0.5,0.5,2,5,5,2443,24.526942014694214,0.5996604944672299,1.9954033065894936,0.0
cross_drone,LO_s001,0.5,0.5,2,6,6,2345,23.54997706413269,0.7208664736572956,2.221863231311562,0.0021321961620469083
cross_drone,LO_s001,0.5,0.5,3,1,1,2516,25.26086401939392,0.63922895456313,2.171380322235347,0.0
cross_drone,LO_s001,0.5,0.5,3,2,2,2490,25.02094602584839,0.7155468539027225,2.362453634072982,0.0
cross_drone,LO_s001,0.5,0.5,3,3,3,2577,25.9479341506958,0.5906194370015498,2.866016217140043,0.020566550252231277
cross_drone,LO_s001,0.5,0.5,3,4,4,2353,23.624861001968384,0.6122806455490206,1.8034640311186483,0.0
cross_drone,LO_s001,0.5,0.5,3,5,5,2443,24.526942014694214,0.6646305472310701,2.0651400453129556,0.0
cross_drone,LO_s001,0.5,0.5,3,6,6,2345,23.54997706413269,0.708929323250203,2.4065175614305643,0.00767590618336887
cross_drone,LO_s001,0.5,0.5,4,1,1,2516,25.26086401939392,0.6798956409756016,2.336054296122505,0.0
cross_drone,LO_s001,0.5,0.5,4,2,2,2490,25.02094602584839,0.6346907153970847,2.259460898193697,0.0
cross_drone,LO_s001,0.5,0.5,4,3,3,2577,25.9479341506958,0.6972643743896185,2.8376143255424737,0.020566550252231277
cross_drone,LO_s001,0.5,0.5,4,4,4,2353,23.624861001968384,0.5377603763149068,1.7831192437088654,0.0
cross_drone,LO_s001,0.5,0.5,4,5,5,2443,24.526942014694214,0.599399912925012,2.026906387576765,0.0
cross_drone,LO_s001,0.5,0.5,4,6,6,2345,23.54997706413269,0.7088768917408856,2.3995468247075302,0.0
cross_drone,LO_s001,1.0,0.01,0,1,1,2516,25.26086401939392,0.2769824535948402,0.6834329375542652,0.0
cross_drone,LO_s001,1.0,0.01,0,2,2,2490,25.02094602584839,0.2806769250155483,0.7826470558533826,0.0
cross_drone,LO_s001,1.0,0.01,0,3,3,2577,25.9479341506958,0.2849863691187693,0.8437804062234727,0.0
cross_drone,LO_s001,1.0,0.01,0,4,4,2353,23.624861001968384,0.25604634501857504,0.7073184322764463,0.0
cross_drone,LO_s001,1.0,0.01,0,5,5,2443,24.526942014694214,0.25579607494267975,0.7027976408534417,0.0
cross_drone,LO_s001,1.0,0.01,0,6,6,2345,23.54997706413269,0.2767052474408729,0.7164795194867907,0.0
cross_drone,LO_s001,1.0,0.01,1,1,1,2516,25.26086401939392,0.2762911705374478,0.7223315970103812,0.0
cross_drone,LO_s001,1.0,0.01,1,2,2,2490,25.02094602584839,0.26763855054409946,0.7286227235310889,0.0
cross_drone,LO_s001,1.0,0.01,1,3,3,2577,25.9479341506958,0.2707250769047391,0.8794178490782713,0.0
cross_drone,LO_s001,1.0,0.01,1,4,4,2353,23.624861001968384,0.27638007839161105,0.7412102902035487,0.0
cross_drone,LO_s001,1.0,0.01,1,5,5,2443,24.526942014694214,0.24922591239234748,0.6774259089336685,0.0
cross_drone,LO_s001,1.0,0.01,1,6,6,2345,23.54997706413269,0.27902047570410105,0.6806324628787536,0.0
cross_drone,LO_s001,1.0,0.01,2,1,1,2516,25.26086401939392,0.28421033349447455,0.7804055326979373,0.0
cross_drone,LO_s001,1.0,0.01,2,2,2,2490,25.02094602584839,0.261511234115666,0.6976820592550879,0.0
cross_drone,LO_s001,1.0,0.01,2,3,3,2577,25.9479341506958,0.2741554862842577,0.8009844053644117,0.0
cross_drone,LO_s001,1.0,0.01,2,4,4,2353,23.624861001968384,0.28462297103405376,0.7478604551892886,0.0
cross_drone,LO_s001,1.0,0.01,2,5,5,2443,24.526942014694214,0.2682857270391139,0.6547208784346423,0.0
cross_drone,LO_s001,1.0,0.01,2,6,6,2345,23.54997706413269,0.2652212892762691,0.706821766676421,0.0
cross_drone,LO_s001,1.0,0.01,3,1,1,2516,25.26086401939392,0.2954239016987472,0.7966906260824658,0.0
cross_drone,LO_s001,1.0,0.01,3,2,2,2490,25.02094602584839,0.2694170940960632,0.7193390849967386,0.0
cross_drone,LO_s001,1.0,0.01,3,3,3,2577,25.9479341506958,0.2698368059561176,0.7811156999720595,0.0
cross_drone,LO_s001,1.0,0.01,3,4,4,2353,23.624861001968384,0.27534650421796414,0.7334226264138409,0.0
cross_drone,LO_s001,1.0,0.01,3,5,5,2443,24.526942014694214,0.24772673572675785,0.650061062192856,0.0
cross_drone,LO_s001,1.0,0.01,3,6,6,2345,23.54997706413269,0.2644370648861383,0.7228583655105636,0.0
cross_drone,LO_s001,1.0,0.01,4,1,1,2516,25.26086401939392,0.29448360297946863,0.7961039173402469,0.0
cross_drone,LO_s001,1.0,0.01,4,2,2,2490,25.02094602584839,0.2782190404224494,0.7367343883955327,0.0
cross_drone,LO_s001,1.0,0.01,4,3,3,2577,25.9479341506958,0.2870448087922455,0.9203200608445857,0.0
cross_drone,LO_s001,1.0,0.01,4,4,4,2353,23.624861001968384,0.28340642133883875,0.7500422195134835,0.0
cross_drone,LO_s001,1.0,0.01,4,5,5,2443,24.526942014694214,0.2380960537939245,0.6636192500243852,0.0
cross_drone,LO_s001,1.0,0.01,4,6,6,2345,23.54997706413269,0.2993749402350119,0.9210495751554666,0.0
cross_drone,LO_s001,1.0,0.05,0,1,1,2516,25.26086401939392,0.42905875748271605,1.2349320662041943,0.0
cross_drone,LO_s001,1.0,0.05,0,2,2,2490,25.02094602584839,0.4225745312771494,1.1147375418437475,0.0
cross_drone,LO_s001,1.0,0.05,0,3,3,2577,25.9479341506958,0.4466548807619972,1.3695993284552175,0.0
cross_drone,LO_s001,1.0,0.05,0,4,4,2353,23.624861001968384,0.45863420654892195,1.2122577917692188,0.0
cross_drone,LO_s001,1.0,0.05,0,5,5,2443,24.526942014694214,0.4254669599998806,1.1871834906585832,0.0
cross_drone,LO_s001,1.0,0.05,0,6,6,2345,23.54997706413269,0.46686037232705146,1.4073483549656998,0.0
cross_drone,LO_s001,1.0,0.05,1,1,1,2516,25.26086401939392,0.4450665412870336,1.2559749038507881,0.0
cross_drone,LO_s001,1.0,0.05,1,2,2,2490,25.02094602584839,0.41392063400503787,1.1471625234509701,0.0
cross_drone,LO_s001,1.0,0.05,1,3,3,2577,25.9479341506958,0.4737136043081023,1.3392313747292917,0.0
cross_drone,LO_s001,1.0,0.05,1,4,4,2353,23.624861001968384,0.43007093049018863,1.0961488710935672,0.0
cross_drone,LO_s001,1.0,0.05,1,5,5,2443,24.526942014694214,0.3697886017035543,1.0053459247284537,0.0
cross_drone,LO_s001,1.0,0.05,1,6,6,2345,23.54997706413269,0.4411607929407637,1.192876550655336,0.0
cross_drone,LO_s001,1.0,0.05,2,1,1,2516,25.26086401939392,0.4479307464475184,1.2642818264368145,0.0
cross_drone,LO_s001,1.0,0.05,2,2,2,2490,25.02094602584839,0.4066480295916932,1.1363725910320879,0.0
cross_drone,LO_s001,1.0,0.05,2,3,3,2577,25.9479341506958,0.3991512131930506,1.3455676695206256,0.0
cross_drone,LO_s001,1.0,0.05,2,4,4,2353,23.624861001968384,0.4246182092747972,1.1062201755711545,0.0
cross_drone,LO_s001,1.0,0.05,2,5,5,2443,24.526942014694214,0.4072975197670132,1.0795347521432406,0.0
cross_drone,LO_s001,1.0,0.05,2,6,6,2345,23.54997706413269,0.36260064946853277,1.0108465333101349,0.0
cross_drone,LO_s001,1.0,0.05,3,1,1,2516,25.26086401939392,0.4594213360088304,1.3089862679905195,0.0
cross_drone,LO_s001,1.0,0.05,3,2,2,2490,25.02094602584839,0.4005693926483076,1.00682724448568,0.0
cross_drone,LO_s001,1.0,0.05,3,3,3,2577,25.9479341506958,0.43841580170587235,1.3316785494844399,0.0
cross_drone,LO_s001,1.0,0.05,3,4,4,2353,23.624861001968384,0.5346439427283087,1.1684061031009212,0.0
cross_drone,LO_s001,1.0,0.05,3,5,5,2443,24.526942014694214,0.3694222557834834,0.884929086488603,0.0
cross_drone,LO_s001,1.0,0.05,3,6,6,2345,23.54997706413269,0.49128838647530415,1.4525686942895275,0.0
cross_drone,LO_s001,1.0,0.05,4,1,1,2516,25.26086401939392,0.46297245807774345,1.1169497688942442,0.0
cross_drone,LO_s001,1.0,0.05,4,2,2,2490,25.02094602584839,0.40981824855782634,1.0370549652537788,0.0
cross_drone,LO_s001,1.0,0.05,4,3,3,2577,25.9479341506958,0.45988351879702805,1.4871580176981194,0.0015521924718665113
cross_drone,LO_s001,1.0,0.05,4,4,4,2353,23.624861001968384,0.43974579930622326,1.1496113344180647,0.0
cross_drone,LO_s001,1.0,0.05,4,5,5,2443,24.526942014694214,0.4062765408950284,1.1135088945028186,0.0
cross_drone,LO_s001,1.0,0.05,4,6,6,2345,23.54997706413269,0.39630959947072597,1.0027444168452204,0.0
cross_drone,LO_s001,1.0,0.1,0,1,1,2516,25.26086401939392,0.54992147795123,1.5832068442295082,0.0
cross_drone,LO_s001,1.0,0.1,0,2,2,2490,25.02094602584839,0.50310999750862,1.3867966488726722,0.0
cross_drone,LO_s001,1.0,0.1,0,3,3,2577,25.9479341506958,0.551751228010346,1.6763890253756248,0.00543267365153279
cross_drone,LO_s001,1.0,0.1,0,4,4,2353,23.624861001968384,0.48174960391710897,1.2519619813044245,0.0
cross_drone,LO_s001,1.0,0.1,0,5,5,2443,24.526942014694214,0.5309516414301854,1.4044111209961707,0.0
cross_drone,LO_s001,1.0,0.1,0,6,6,2345,23.54997706413269,0.5913590064116079,1.602663089271897,0.0
cross_drone,LO_s001,1.0,0.1,1,1,1,2516,25.26086401939392,0.5103387957852163,1.4830125987795917,0.0
cross_drone,LO_s001,1.0,0.1,1,2,2,2490,25.02094602584839,0.4888770723455451,1.3938335543444567,0.0
cross_drone,LO_s001,1.0,0.1,1,3,3,2577,25.9479341506958,0.5210646728129831,1.8001903276597946,0.00892510671323244
cross_drone,LO_s001,1.0,0.1,1,4,4,2353,23.624861001968384,0.5072397045400407,1.3541086257435042,0.0
cross_drone,LO_s001,1.0,0.1,1,5,5,2443,24.526942014694214,0.5170528766003315,1.3038650737475737,0.0
cross_drone,LO_s001,1.0,0.1,1,6,6,2345,23.54997706413269,0.515296941886703,1.5801660701832758,0.0008528784648187633
cross_drone,LO_s001,1.0,0.1,2,1,1,2516,25.26086401939392,0.6203178981980386,1.7048369312664144,0.0
cross_drone,LO_s001,1.0,0.1,2,2,2,2490,25.02094602584839,0.5075110465199657,1.4950508522680293,0.0
cross_drone,LO_s001,1.0,0.1,2,3,3,2577,25.9479341506958,0.7247893079262724,37.224789308222434,0.2161428017074117
cross_drone,LO_s001,1.0,0.1,2,4,4,2353,23.624861001968384,0.6429215320334833,1.9586038247229243,0.0743731406714832
cross_drone,LO_s001,1.0,0.1,2,5,5,2443,24.526942014694214,0.47542298976972575,1.4398840001599709,0.0
cross_drone,LO_s001,1.0,0.1,2,6,6,2345,23.54997706413269,0.48841119140314504,1.4477235383347191,0.0
cross_drone,LO_s001,1.0,0.1,3,1,1,2516,25.26086401939392,0.629811866155606,1.724284408618658,0.0
cross_drone,LO_s001,1.0,0.1,3,2,2,2490,25.02094602584839,0.5292277188010246,1.4819025865672557,0.0
cross_drone,LO_s001,1.0,0.1,3,3,3,2577,25.9479341506958,0.6181047811571716,1.8351482200221427,0.0
cross_drone,LO_s001,1.0,0.1,3,4,4,2353,23.624861001968384,0.4823858119062834,1.2338005445556832,0.0
cross_drone,LO_s001,1.0,0.1,3,5,5,2443,24.526942014694214,0.46303153463463076,1.4687032099843806,0.0
cross_drone,LO_s001,1.0,0.1,3,6,6,2345,23.54997706413269,0.5151126680705644,1.5687139329776882,0.0
cross_drone,LO_s001,1.0,0.1,4,1,1,2516,25.26086401939392,0.5569673160078565,1.5773192659107949,0.0
cross_drone,LO_s001,1.0,0.1,4,2,2,2490,25.02094602584839,0.5902850054140334,1.5185387696614512,0.0
cross_drone,LO_s001,1.0,0.1,4,3,3,2577,25.9479341506958,0.4789236597324731,1.4602204639963021,0.00892510671323244
cross_drone,LO_s001,1.0,0.1,4,4,4,2353,23.624861001968384,0.5157204408072857,1.5023861289606835,0.0
cross_drone,LO_s001,1.0,0.1,4,5,5,2443,24.526942014694214,0.5616241017947345,1.4510980902194832,0.0
cross_drone,LO_s001,1.0,0.1,4,6,6,2345,23.54997706413269,0.47174368294810165,1.447047730256548,0.0
cross_drone,LO_s001,1.0,0.2,0,1,1,2516,25.26086401939392,0.8535420692751643,2.0226483562419304,0.0
cross_drone,LO_s001,1.0,0.2,0,2,2,2490,25.02094602584839,0.572734516656979,1.7250097872786119,0.0
cross_drone,LO_s001,1.0,0.2,0,3,3,2577,25.9479341506958,0.6086518353265689,1.9467962779078454,0.016686069072564997
cross_drone,LO_s001,1.0,0.2,0,4,4,2353,23.624861001968384,0.7028645278342367,1.916134106092699,0.0
cross_drone,LO_s001,1.0,0.2,0,5,5,2443,24.526942014694214,0.6336790206668752,1.5423460754317762,0.0
cross_drone,LO_s001,1.0,0.2,0,6,6,2345,23.54997706413269,0.6406822502357841,2.0134289222728015,0.0
cross_drone,LO_s001,1.0,0.2,1,1,1,2516,25.26086401939392,0.6176169187817885,1.9144084982248444,0.0
cross_drone,LO_s001,1.0,0.2,1,2,2,2490,25.02094602584839,0.6439407127390382,1.8794036101229352,0.0
cross_drone,LO_s001,1.0,0.2,1,3,3,2577,25.9479341506958,0.6789625977798153,2.127945341363518,0.013193636010865347
cross_drone,LO_s001,1.0,0.2,1,4,4,2353,23.624861001968384,0.6850226372239376,1.7757541945985795,0.0
cross_drone,LO_s001,1.0,0.2,1,5,5,2443,24.526942014694214,0.5978341915528915,1.7514464737967899,0.0
cross_drone,LO_s001,1.0,0.2,1,6,6,2345,23.54997706413269,0.7421481119139486,2.4803793062053265,0.0
cross_drone,LO_s001,1.0,0.2,2,1,1,2516,25.26086401939392,0.6188691468691019,1.821183907302654,0.0
cross_drone,LO_s001,1.0,0.2,2,2,2,2490,25.02094602584839,0.5816283768090784,1.88299907753381,0.0
cross_drone,LO_s001,1.0,0.2,2,3,3,2577,25.9479341506958,0.6953860087984935,2.4510867023559517,0.010477299185098952
cross_drone,LO_s001,1.0,0.2,2,4,4,2353,23.624861001968384,0.7342091547649261,1.8743095132654048,0.0
cross_drone,LO_s001,1.0,0.2,2,5,5,2443,24.526942014694214,0.6438182844175913,1.7433249807933118,0.0
cross_drone,LO_s001,1.0,0.2,2,6,6,2345,23.54997706413269,0.687858866223138,2.355291322452193,0.0
cross_drone,LO_s001,1.0,0.2,3,1,1,2516,25.26086401939392,0.7159115212945792,2.0657435652629133,0.0
cross_drone,LO_s001,1.0,0.2,3,2,2,2490,25.02094602584839,0.5217414167946544,1.8361078166540017,0.0
cross_drone,LO_s001,1.0,0.2,3,3,3,2577,25.9479341506958,0.6035307632657805,1.9228139803780964,0.00892510671323244
cross_drone,LO_s001,1.0,0.2,3,4,4,2353,23.624861001968384,0.5496319653307182,1.657166287994877,0.0
cross_drone,LO_s001,1.0,0.2,3,5,5,2443,24.526942014694214,0.5656512462587386,1.6339042461404352,0.0
cross_drone,LO_s001,1.0,0.2,3,6,6,2345,23.54997706413269,0.7633752800243165,1.8967071181189508,0.0
cross_drone,LO_s001,1.0,0.2,4,1,1,2516,25.26086401939392,0.6959019707065224,1.967272764183548,0.0
cross_drone,LO_s001,1.0,0.2,4,2,2,2490,25.02094602584839,0.6090328379371925,1.8505591775372678,0.0
cross_drone,LO_s001,1.0,0.2,4,3,3,2577,25.9479341506958,0.6590851458707903,2.439760434151657,0.03181994567326348
cross_drone,LO_s001,1.0,0.2,4,4,4,2353,23.624861001968384,0.5854685422148158,1.7258958711389942,0.0
cross_drone,LO_s001,1.0,0.2,4,5,5,2443,24.526942014694214,0.5685155345279611,1.6780988853146883,0.0
cross_drone,LO_s001,1.0,0.2,4,6,6,2345,23.54997706413269,0.7208087367243081,1.9406347515286198,0.0
cross_drone,LO_s001,1.0,0.5,0,1,1,2516,25.26086401939392,0.9301956488694856,2.329150929568101,0.0
cross_drone,LO_s001,1.0,0.5,0,2,2,2490,25.02094602584839,0.7466052857973153,2.792696892554943,0.0012048192771084338
cross_drone,LO_s001,1.0,0.5,0,3,3,2577,25.9479341506958,1.0115769406054085,3.9591293084219124,0.039968956150562666
cross_drone,LO_s001,1.0,0.5,0,4,4,2353,23.624861001968384,0.9057140504514791,2.603529881857043,0.0
cross_drone,LO_s001,1.0,0.5,0,5,5,2443,24.526942014694214,0.770843154832221,2.4549524673743814,0.0
cross_drone,LO_s001,1.0,0.5,0,6,6,2345,23.54997706413269,1.0034801062622165,4.253756972547881,0.008528784648187633
cross_drone,LO_s001,1.0,0.5,1,1,1,2516,25.26086401939392,0.8434215052119356,2.369649491923523,0.000794912559618442
cross_drone,LO_s001,1.0,0.5,1,2,2,2490,25.02094602584839,0.7362476833085267,2.5576657333534114,0.0
cross_drone,LO_s001,1.0,0.5,1,3,3,2577,25.9479341506958,0.9199057592380768,3.766713291394045,0.048894062863795114
cross_drone,LO_s001,1.0,0.5,1,4,4,2353,23.624861001968384,0.8564484250855458,2.1696187768260167,0.0
cross_drone,LO_s001,1.0,0.5,1,5,5,2443,24.526942014694214,0.8755221437614296,2.431031956343088,0.0
cross_drone,LO_s001,1.0,0.5,1,6,6,2345,23.54997706413269,0.9221360762770701,2.7167811529842054,0.0
cross_drone,LO_s001,1.0,0.5,2,1,1,2516,25.26086401939392,1.066239468231224,2.773902301595996,0.0
cross_drone,LO_s001,1.0,0.5,2,2,2,2490,25.02094602584839,1.0411462407582945,3.2730039490125815,0.0
cross_drone,LO_s001,1.0,0.5,2,3,3,2577,25.9479341506958,0.8490202329396226,3.520532150830713,0.046565774155995346
cross_drone,LO_s001,1.0,0.5,2,4,4,2353,23.624861001968384,0.7976514528274379,2.1881601458352034,0.0
cross_drone,LO_s001,1.0,0.5,2,5,5,2443,24.526942014694214,0.7675418310528102,2.665879783154907,0.0
cross_drone,LO_s001,1.0,0.5,2,6,6,2345,23.54997706413269,0.9469481369029147,4.139774011222455,0.0
cross_drone,LO_s001,1.0,0.5,3,1,1,2516,25.26086401939392,0.8535650546494651,2.545250729650647,0.0
cross_drone,LO_s001,1.0,0.5,3,2,2,2490,25.02094602584839,0.9354858472146859,2.9714980683799816,0.0
cross_drone,LO_s001,1.0,0.5,3,3,3,2577,25.9479341506958,0.8329517615332804,4.266882422038905,0.046565774155995346
cross_drone,LO_s001,1.0,0.5,3,4,4,2353,23.624861001968384,0.7794368593947638,2.542137533697179,0.0
cross_drone,LO_s001,1.0,0.5,3,5,5,2443,24.526942014694214,0.9065399076100107,2.618769281291473,0.0
cross_drone,LO_s001,1.0,0.5,3,6,6,2345,23.54997706413269,1.0820585061112524,3.724101201059863,0.0
cross_drone,LO_s001,1.0,0.5,4,1,1,2516,25.26086401939392,0.9449299427698872,2.767581909829129,0.0
cross_drone,LO_s001,1.0,0.5,4,2,2,2490,25.02094602584839,0.8410686838096808,2.5693568627083097,0.0
cross_drone,LO_s001,1.0,0.5,4,3,3,2577,25.9479341506958,0.8881899662999899,3.208605844035317,0.02522312766783081
cross_drone,LO_s001,1.0,0.5,4,4,4,2353,23.624861001968384,0.8500360692538891,2.2283553245373824,0.0
cross_drone,LO_s001,1.0,0.5,4,5,5,2443,24.526942014694214,0.7772172710513132,2.4488670000931685,0.0
cross_drone,LO_s001,1.0,0.5,4,6,6,2345,23.54997706413269,1.0070971409552385,3.4563614862155583,0.0
cross_drone,LO_s001,2.0,0.01,0,1,1,2516,25.26086401939392,0.43220112991750703,1.0437002138065523,0.0
cross_drone,LO_s001,2.0,0.01,0,2,2,2490,25.02094602584839,0.41312966412841945,1.1519182165378787,0.0
cross_drone,LO_s001,2.0,0.01,0,3,3,2577,25.9479341506958,0.42286849061164844,1.275715382141832,0.0
cross_drone,LO_s001,2.0,0.01,0,4,4,2353,23.624861001968384,0.36729286983984366,1.050527085519775,0.0
cross_drone,LO_s001,2.0,0.01,0,5,5,2443,24.526942014694214,0.41442947498421745,1.1092791443011494,0.0
cross_drone,LO_s001,2.0,0.01,0,6,6,2345,23.54997706413269,0.45397005679322433,1.129133179275473,0.0
cross_drone,LO_s001,2.0,0.01,1,1,1,2516,25.26086401939392,0.4477683322219317,1.0855047313509267,0.0
cross_drone,LO_s001,2.0,0.01,1,2,2,2490,25.02094602584839,0.41130461374783067,1.092017896212792,0.0
cross_drone,LO_s001,2.0,0.01,1,3,3,2577,25.9479341506958,0.40411383486812724,1.3964122184467898,0.0
cross_drone,LO_s001,2.0,0.01,1,4,4,2353,23.624861001968384,0.4079163499135632,1.1001415444536549,0.0
cross_drone,LO_s001,2.0,0.01,1,5,5,2443,24.526942014694214,0.3876126064065204,1.0289002334195303,0.0
cross_drone,LO_s001,2.0,0.01,1,6,6,2345,23.54997706413269,0.414627271787424,1.1010133813084053,0.0
cross_drone,LO_s001,2.0,0.01,2,1,1,2516,25.26086401939392,0.44056178527100087,1.2516338995241014,0.0
cross_drone,LO_s001,2.0,0.01,2,2,2,2490,25.02094602584839,0.38866765176155127,1.066166503804821,0.0
cross_drone,LO_s001,2.0,0.01,2,3,3,2577,25.9479341506958,0.42287353492491775,1.1728441332612618,0.0
cross_drone,LO_s001,2.0,0.01,2,4,4,2353,23.624861001968384,0.4049529706624071,1.1248781593532613,0.0
cross_drone,LO_s001,2.0,0.01,2,5,5,2443,24.526942014694214,0.4053438963399181,0.9549365216674744,0.0
cross_drone,LO_s001,2.0,0.01,2,6,6,2345,23.54997706413269,0.4055109196341107,1.0919175109823798,0.0
cross_drone,LO_s001,2.0,0.01,3,1,1,2516,25.26086401939392,0.4497935910854238,1.2442327186053062,0.0
cross_drone,LO_s001,2.0,0.01,3,2,2,2490,25.02094602584839,0.3777943112834947,1.1009697388079127,0.0
cross_drone,LO_s001,2.0,0.01,3,3,3,2577,25.9479341506958,0.37692604597896207,1.1290817631508503,0.0
cross_drone,LO_s001,2.0,0.01,3,4,4,2353,23.624861001968384,0.3956880801015501,1.0744456225206704,0.0
cross_drone,LO_s001,2.0,0.01,3,5,5,2443,24.526942014694214,0.3928713657414846,0.9729519997598288,0.0
cross_drone,LO_s001,2.0,0.01,3,6,6,2345,23.54997706413269,0.3976886076599726,1.1666291587224293,0.0
cross_drone,LO_s001,2.0,0.01,4,1,1,2516,25.26086401939392,0.4802660494459161,1.2654488941798192,0.0
cross_drone,LO_s001,2.0,0.01,4,2,2,2490,25.02094602584839,0.4300528890065145,1.139058918725027,0.0
cross_drone,LO_s001,2.0,0.01,4,3,3,2577,25.9479341506958,0.43437079711776505,1.325730210138761,0.0
cross_drone,LO_s001,2.0,0.01,4,4,4,2353,23.624861001968384,0.41552738826084124,1.0984619115746797,0.0
cross_drone,LO_s001,2.0,0.01,4,5,5,2443,24.526942014694214,0.37380005705591657,1.0108582864038342,0.0
cross_drone,LO_s001,2.0,0.01,4,6,6,2345,23.54997706413269,0.44232021438318725,1.2894432297882386,0.0
cross_drone,LO_s001,2.0,0.05,0,1,1,2516,25.26086401939392,0.6592679930343515,1.8494363062857104,0.0
cross_drone,LO_s001,2.0,0.05,0,2,2,2490,25.02094602584839,0.6116036127705229,1.7248157986447266,0.0
cross_drone,LO_s001,2.0,0.05,0,3,3,2577,25.9479341506958,0.6433301998994807,1.9869645425479923,0.0011641443538998836
cross_drone,LO_s001,2.0,0.05,0,4,4,2353,23.624861001968384,0.6364654375294663,1.9776179487470817,0.0
cross_drone,LO_s001,2.0,0.05,0,5,5,2443,24.526942014694214,0.6819792811514844,1.8766929635182652,0.0
cross_drone,LO_s001,2.0,0.05,0,6,6,2345,23.54997706413269,0.7069948366115923,2.156418423195233,0.0
cross_drone,LO_s001,2.0,0.05,1,1,1,2516,25.26086401939392,0.6628331818404298,1.9762457433851637,0.0
cross_drone,LO_s001,2.0,0.05,1,2,2,2490,25.02094602584839,0.6309126588525658,1.6767004733217532,0.0
cross_drone,LO_s001,2.0,0.05,1,3,3,2577,25.9479341506958,0.6827817140024592,1.9973404128526004,0.0236709351959643
cross_drone,LO_s001,2.0,0.05,1,4,4,2353,23.624861001968384,0.6480693166566311,1.5809299418073977,0.0
cross_drone,LO_s001,2.0,0.05,1,5,5,2443,24.526942014694214,0.5712454440888166,1.6049352317918255,0.0
cross_drone,LO_s001,2.0,0.05,1,6,6,2345,23.54997706413269,0.6906353309011308,2.1469087735397325,0.0
cross_drone,LO_s001,2.0,0.05,2,1,1,2516,25.26086401939392,0.6952268699049569,1.8902312220714874,0.0
cross_drone,LO_s001,2.0,0.05,2,2,2,2490,25.02094602584839,0.5982702869137881,1.7640264716723402,0.0
cross_drone,LO_s001,2.0,0.05,2,3,3,2577,25.9479341506958,0.5575272394586932,2.001414936679976,0.0
cross_drone,LO_s001,2.0,0.05,2,4,4,2353,23.624861001968384,0.6023186098645681,1.6826824353558978,0.0
cross_drone,LO_s001,2.0,0.05,2,5,5,2443,24.526942014694214,0.68685293835847,1.6361851507485998,0.0
cross_drone,LO_s001,2.0,0.05,2,6,6,2345,23.54997706413269,0.612291414235159,1.7078661703277873,0.0
cross_drone,LO_s001,2.0,0.05,3,1,1,2516,25.26086401939392,0.7218007858316753,1.9225516644379894,0.0
cross_drone,LO_s001,2.0,0.05,3,2,2,2490,25.02094602584839,0.5965323498648161,1.48530057013981,0.0
cross_drone,LO_s001,2.0,0.05,3,3,3,2577,25.9479341506958,0.7534174519645376,3.2570180455607796,0.046565774155995346
cross_drone,LO_s001,2.0,0.05,3,4,4,2353,23.624861001968384,0.7734090765788437,1.7937054694330217,0.0012749681257968552
cross_drone,LO_s001,2.0,0.05,3,5,5,2443,24.526942014694214,0.5970139936993917,1.4607401451854913,0.0
cross_drone,LO_s001,2.0,0.05,3,6,6,2345,23.54997706413269,0.7651688741839848,2.043395624234023,0.0
cross_drone,LO_s001,2.0,0.05,4,1,1,2516,25.26086401939392,0.7199532678183687,1.7309273777994,0.0
cross_drone,LO_s001,2.0,0.05,4,2,2,2490,25.02094602584839,0.5893313175678827,1.5113470503618969,0.0
cross_drone,LO_s001,2.0,0.05,4,3,3,2577,25.9479341506958,0.7083556252663641,2.4650066513415396,0.04307334109429569
cross_drone,LO_s001,2.0,0.05,4,4,4,2353,23.624861001968384,0.7042053123342065,1.7813133246535628,0.0
cross_drone,LO_s001,2.0,0.05,4,5,5,2443,24.526942014694214,0.5971711005277598,1.7048898975369822,0.0
cross_drone,LO_s001,2.0,0.05,4,6,6,2345,23.54997706413269,0.6503942759616166,1.7877165355290103,0.0
cross_drone,LO_s001,2.0,0.1,0,1,1,2516,25.26086401939392,0.8213862739072653,2.3911618293232593,0.0
cross_drone,LO_s001,2.0,0.1,0,2,2,2490,25.02094602584839,0.6941339176373038,1.9701488968767336,0.0
cross_drone,LO_s001,2.0,0.1,0,3,3,2577,25.9479341506958,0.7971324293956794,2.422793066820742,0.016686069072564997
cross_drone,LO_s001,2.0,0.1,0,4,4,2353,23.624861001968384,0.7128697858514528,1.8245552325446854,0.0
cross_drone,LO_s001,2.0,0.1,0,5,5,2443,24.526942014694214,0.8251783038561626,2.07737032541175,0.0
cross_drone,LO_s001,2.0,0.1,0,6,6,2345,23.54997706413269,0.8502053058820138,2.8288280632186615,0.0
cross_drone,LO_s001,2.0,0.1,1,1,1,2516,25.26086401939392,0.8111032119672998,2.179070086128931,0.0
cross_drone,LO_s001,2.0,0.1,1,2,2,2490,25.02094602584839,0.6641560062307867,2.183441230308645,0.0
cross_drone,LO_s001,2.0,0.1,1,3,3,2577,25.9479341506958,0.7758937767638656,2.661697701599451,0.016686069072564997
cross_drone,LO_s001,2.0,0.1,1,4,4,2353,23.624861001968384,0.701256777603362,2.1320678715747423,0.0
cross_drone,LO_s001,2.0,0.1,1,5,5,2443,24.526942014694214,0.7632249446197648,2.023092656122526,0.0
cross_drone,LO_s001,2.0,0.1,1,6,6,2345,23.54997706413269,0.8759149676225206,2.6440350046527357,0.0
cross_drone,LO_s001,2.0,0.1,2,1,1,2516,25.26086401939392,0.9837609962144995,2.604148925017526,0.0
cross_drone,LO_s001,2.0,0.1,2,2,2,2490,25.02094602584839,0.7171182105737586,2.2319479275198697,0.0
cross_drone,LO_s001,2.0,0.1,2,3,3,2577,25.9479341506958,0.8050081889640595,2.3042468303922194,0.020566550252231277
cross_drone,LO_s001,2.0,0.1,2,4,4,2353,23.624861001968384,0.8068974310067176,2.1664569651427548,0.0
cross_drone,LO_s001,2.0,0.1,2,5,5,2443,24.526942014694214,0.7509516014803808,2.094280885979641,0.0
cross_drone,LO_s001,2.0,0.1,2,6,6,2345,23.54997706413269,0.7672321982069263,2.390392276005951,0.0
cross_drone,LO_s001,2.0,0.1,3,1,1,2516,25.26086401939392,0.9802140236975134,2.587383203950818,0.0
cross_drone,LO_s001,2.0,0.1,3,2,2,2490,25.02094602584839,0.8461768091233637,2.308436008199817,0.0
cross_drone,LO_s001,2.0,0.1,3,3,3,2577,25.9479341506958,0.8993898035429311,2.8248298499669544,0.025611175785797437
cross_drone,LO_s001,2.0,0.1,3,4,4,2353,23.624861001968384,0.6809991066623198,1.7559447569371578,0.0
cross_drone,LO_s001,2.0,0.1,3,5,5,2443,24.526942014694214,0.7486947218326492,2.205122284315463,0.0
cross_drone,LO_s001,2.0,0.1,3,6,6,2345,23.54997706413269,0.8369553927849438,2.999518389502718,0.0
cross_drone,LO_s001,2.0,0.1,4,1,1,2516,25.26086401939392,0.8153973535256398,2.3746061873006923,0.0
cross_drone,LO_s001,2.0,0.1,4,2,2,2490,25.02094602584839,0.8707446852268959,2.3175994507235966,0.0
cross_drone,LO_s001,2.0,0.1,4,3,3,2577,25.9479341506958,0.658481867369666,2.095843309172764,0.024447031431897557
cross_drone,LO_s001,2.0,0.1,4,4,4,2353,23.624861001968384,0.7920739188476773,2.205490329875011,0.0
cross_drone,LO_s001,2.0,0.1,4,5,5,2443,24.526942014694214,0.8337061462695203,2.32568453178551,0.0
cross_drone,LO_s001,2.0,0.1,4,6,6,2345,23.54997706413269,0.8222591196754081,2.632898240355674,0.0
cross_drone,LO_s001,2.0,0.2,0,1,1,2516,25.26086401939392,1.2222918204414341,2.8306551868237477,0.0
cross_drone,LO_s001,2.0,0.2,0,2,2,2490,25.02094602584839,0.8256538150418322,2.3398474719108986,0.0
cross_drone,LO_s001,2.0,0.2,0,3,3,2577,25.9479341506958,0.9017788206988371,2.570985587520997,0.024447031431897557
cross_drone,LO_s001,2.0,0.2,0,4,4,2353,23.624861001968384,0.9900892851184153,2.4471246620201743,0.0
cross_drone,LO_s001,2.0,0.2,0,5,5,2443,24.526942014694214,0.7993238889849295,2.092771394668721,0.0
cross_drone,LO_s001,2.0,0.2,0,6,6,2345,23.54997706413269,0.9426410206023945,3.2457865904613907,0.0
cross_drone,LO_s001,2.0,0.2,1,1,1,2516,25.26086401939392,0.9865817408919924,2.6261675681695777,0.0
cross_drone,LO_s001,2.0,0.2,1,2,2,2490,25.02094602584839,0.8458043270998594,2.383380295284925,0.0
cross_drone,LO_s001,2.0,0.2,1,3,3,2577,25.9479341506958,0.8925396850317213,3.425624898916698,0.046565774155995346
cross_drone,LO_s001,2.0,0.2,1,4,4,2353,23.624861001968384,0.9118402462420931,2.507418268329656,0.0
cross_drone,LO_s001,2.0,0.2,1,5,5,2443,24.526942014694214,0.8131320692135375,2.6884737275619517,0.0
cross_drone,LO_s001,2.0,0.2,1,6,6,2345,23.54997706413269,0.9766129131049226,3.625714036358135,0.0
cross_drone,LO_s001,2.0,0.2,2,1,1,2516,25.26086401939392,1.0198722461708771,2.736204362954652,0.0
cross_drone,LO_s001,2.0,0.2,2,2,2,2490,25.02094602584839,0.855303842797241,2.760836705896543,0.0
cross_drone,LO_s001,2.0,0.2,2,3,3,2577,25.9479341506958,0.9199388104558182,3.0557519820604457,0.016686069072564997
cross_drone,LO_s001,2.0,0.2,2,4,4,2353,23.624861001968384,1.0049014333480244,2.7218376384890886,0.0
cross_drone,LO_s001,2.0,0.2,2,5,5,2443,24.526942014694214,0.9077184196141275,2.6626436408691663,0.0
cross_drone,LO_s001,2.0,0.2,2,6,6,2345,23.54997706413269,1.0942241269357424,3.642742532295113,0.0
cross_drone,LO_s001,2.0,0.2,3,1,1,2516,25.26086401939392,0.9643994458158627,2.714310265953756,0.0
cross_drone,LO_s001,2.0,0.2,3,2,2,2490,25.02094602584839,0.7146966970132524,2.526075201222545,0.0
cross_drone,LO_s001,2.0,0.2,3,3,3,2577,25.9479341506958,0.90046805054385,2.8321176806533392,0.008537058595265812
cross_drone,LO_s001,2.0,0.2,3,4,4,2353,23.624861001968384,0.8187942458887107,2.204737223532925,0.0
cross_drone,LO_s001,2.0,0.2,3,5,5,2443,24.526942014694214,0.8164128824300292,2.5044696241195714,0.0
cross_drone,LO_s001,2.0,0.2,3,6,6,2345,23.54997706413269,1.0241659852574614,3.2243828787173614,0.0
cross_drone,LO_s001,2.0,0.2,4,1,1,2516,25.26086401939392,1.0553003237849907,2.747975104916705,0.0
cross_drone,LO_s001,2.0,0.2,4,2,2,2490,25.02094602584839,0.900158205784507,2.640363508556528,0.0
cross_drone,LO_s001,2.0,0.2,4,3,3,2577,25.9479341506958,0.904614954943213,4.319644249849938,0.043849437330228946
cross_drone,LO_s001,2.0,0.2,4,4,4,2353,23.624861001968384,0.8144073642679359,2.664155044040905,0.0
cross_drone,LO_s001,2.0,0.2,4,5,5,2443,24.526942014694214,0.9109665915160008,2.6522337358184798,0.0
cross_drone,LO_s001,2.0,0.2,4,6,6,2345,23.54997706413269,1.0181455081965112,2.9783931936646972,0.0
cross_drone,LO_s001,2.0,0.5,0,1,1,2516,25.26086401939392,1.0992601075991786,3.6382166806503875,0.014705882352941176
cross_drone,LO_s001,2.0,0.5,0,2,2,2490,25.02094602584839,0.9578354924548549,3.059391517262608,0.0
cross_drone,LO_s001,2.0,0.5,0,3,3,2577,25.9479341506958,1.1871361843431032,6.061844627598023,0.046565774155995346
cross_drone,LO_s001,2.0,0.5,0,4,4,2353,23.624861001968384,1.1792369197490586,3.3310256964994958,0.0
cross_drone,LO_s001,2.0,0.5,0,5,5,2443,24.526942014694214,0.9522525252314722,3.503188879716828,0.0
cross_drone,LO_s001,2.0,0.5,0,6,6,2345,23.54997706413269,1.2779559694624254,5.761454353011857,0.011087420042643924
cross_drone,LO_s001,2.0,0.5,1,1,1,2516,25.26086401939392,1.1102986539214825,3.1942071925617057,0.000397456279809221
cross_drone,LO_s001,2.0,0.5,1,2,2,2490,25.02094602584839,0.9690138244936293,2.8343113689199813,0.0
cross_drone,LO_s001,2.0,0.5,1,3,3,2577,25.9479341506958,1.1466373141761323,4.3870838946476685,0.04578967792006209
cross_drone,LO_s001,2.0,0.5,1,4,4,2353,23.624861001968384,1.1065921467942417,2.7246143354491013,0.0
cross_drone,LO_s001,2.0,0.5,1,5,5,2443,24.526942014694214,0.9509579154429844,3.015040596729995,0.0
cross_drone,LO_s001,2.0,0.5,1,6,6,2345,23.54997706413269,1.27609105205552,4.004896884216497,0.0
cross_drone,LO_s001,2.0,0.5,2,1,1,2516,25.26086401939392,1.5093654199308117,3.851974971321429,0.0
cross_drone,LO_s001,2.0,0.5,2,2,2,2490,25.02094602584839,1.1240567823550833,3.7171826480932153,0.0
cross_drone,LO_s001,2.0,0.5,2,3,3,2577,25.9479341506958,0.9850906501154384,3.917267313294628,0.04540162980209546
cross_drone,LO_s001,2.0,0.5,2,4,4,2353,23.624861001968384,1.103212030685711,3.5587564257672626,0.0
cross_drone,LO_s001,2.0,0.5,2,5,5,2443,24.526942014694214,0.9552013765080432,3.2780099213764187,0.0
cross_drone,LO_s001,2.0,0.5,2,6,6,2345,23.54997706413269,1.4274725024839796,5.150258693295138,0.0
cross_drone,LO_s001,2.0,0.5,3,1,1,2516,25.26086401939392,1.377475404102995,4.24631897278738,0.0
cross_drone,LO_s001,2.0,0.5,3,2,2,2490,25.02094602584839,1.1287499343320775,3.3079626111481697,0.0
cross_drone,LO_s001,2.0,0.5,3,3,3,2577,25.9479341506958,1.1737760017308858,4.881703942531181,0.046565774155995346
cross_drone,LO_s001,2.0,0.5,3,4,4,2353,23.624861001968384,1.0290538183168252,3.7793488613618056,0.0
cross_drone,LO_s001,2.0,0.5,3,5,5,2443,24.526942014694214,1.0584809136264326,2.963671929463187,0.0
cross_drone,LO_s001,2.0,0.5,3,6,6,2345,23.54997706413269,1.572549122207171,5.565702006164973,0.0
cross_drone,LO_s001,2.0,0.5,4,1,1,2516,25.26086401939392,1.2162092063284575,3.7191329929343055,0.000397456279809221
cross_drone,LO_s001,2.0,0.5,4,2,2,2490,25.02094602584839,0.9881937755840227,3.2156840424993134,0.0
cross_drone,LO_s001,2.0,0.5,4,3,3,2577,25.9479341506958,1.1592929530120344,4.075118781122003,0.04850601474582848
cross_drone,LO_s001,2.0,0.5,4,4,4,2353,23.624861001968384,1.179347814535788,2.9565700936927457,0.0
cross_drone,LO_s001,2.0,0.5,4,5,5,2443,24.526942014694214,1.0255224486716585,3.0409229133866176,0.0
cross_drone,LO_s001,2.0,0.5,4,6,6,2345,23.54997706413269,1.5066813911742543,5.389672260360464,0.0
