condition,test_session,sigma_cam,T_update,seed,test_lap_relative,lap_index_abs,n_frames,duration_s,median_err_m,p90_err_m,jump_rate
same_drone,MT_s004,,,0,1,1,2472,24.886879920959473,1.6421575963069728,5.351666665943514,0.0
same_drone,MT_s004,,,0,2,2,2524,25.33614683151245,2.386083599991238,9.340892687226297,0.03922345483359747
same_drone,MT_s004,,,0,3,3,2665,26.740379095077515,1.5314805299963723,7.230612927194852,0.03189493433395872
same_drone,MT_s004,,,0,4,4,2618,26.25896406173706,1.1089139663760736,3.8146971714156037,0.0
same_drone,MT_s004,,,0,5,5,2530,25.401978969573975,1.4079951753069224,4.724988217436074,0.0
same_drone,MT_s004,,,0,6,6,2525,25.403844833374023,1.762951656118318,5.687982196902881,0.008712871287128714
same_drone,MT_s004,,,0,7,7,2722,27.329137802124023,2.241090175794966,11.405677336876309,0.09368111682586333
same_drone,MT_s004,,,0,8,8,2312,23.212925910949707,1.059864904782259,5.207722884565714,0.0
same_drone,MT_s004,,,0,9,9,2312,23.21662998199463,1.3329548152872661,6.4902617318975775,0.012543252595155709
same_drone,MT_s004,,,0,10,10,2346,23.52618908882141,1.8408661802011608,7.142031513830826,0.0392156862745098
same_drone,MT_s004,,,0,11,11,2666,26.786911964416504,2.805950697315126,94.05044213727591,0.2895723930982746
same_drone,MT_s004,,,0,12,12,2344,23.593735933303833,1.6112476240191569,6.189877937744317,0.008959044368600682
same_drone,MT_s004,,,0,13,13,2307,23.15007710456848,1.6825907539983405,5.657857191998136,0.0
same_drone,MT_s004,,,0,14,14,2625,26.3830509185791,2.035941242924821,7.399457188768063,0.017904761904761906
same_drone,MT_s004,,,0,15,15,2334,23.44292402267456,1.2295886247944594,5.670713923225293,0.020137103684661525
same_drone,MT_s004,,,1,1,1,2472,24.886879920959473,1.6421575963069728,5.351666665943514,0.0
same_drone,MT_s004,,,1,2,2,2524,25.33614683151245,2.386083599991238,9.340892687226297,0.03922345483359747
same_drone,MT_s004,,,1,3,3,2665,26.740379095077515,1.5314805299963723,7.230612927194852,0.03189493433395872
same_drone,MT_s004,,,1,4,4,2618,26.25896406173706,1.1089139663760736,3.8146971714156037,0.0
same_drone,MT_s004,,,1,5,5,2530,25.401978969573975,1.4079951753069224,4.724988217436074,0.0
same_drone,MT_s004,,,1,6,6,2525,25.403844833374023,1.762951656118318,5.687982196902881,0.008712871287128714
same_drone,MT_s004,,,1,7,7,2722,27.329137802124023,2.241090175794966,11.405677336876309,0.09368111682586333
same_drone,MT_s004,,,1,8,8,2312,23.212925910949707,1.059864904782259,5.207722884565714,0.0
same_drone,MT_s004,,,1,9,9,2312,23.21662998199463,1.3329548152872661,6.4902617318975775,0.012543252595155709
same_drone,MT_s004,,,1,10,10,2346,23.52618908882141,1.8408661802011608,7.142031513830826,0.0392156862745098
same_drone,MT_s004,,,1,11,11,2666,26.786911964416504,2.805950697315126,94.05044213727591,0.2895723930982746
same_drone,MT_s004,,,1,12,12,2344,23.593735933303833,1.6112476240191569,6.189877937744317,0.008959044368600682
same_drone,MT_s004,,,1,13,13,2307,23.15007710456848,1.6825907539983405,5.657857191998136,0.0
same_drone,MT_s004,,,1,14,14,2625,26.3830509185791,2.035941242924821,7.399457188768063,0.017904761904761906
same_drone,MT_s004,,,1,15,15,2334,23.44292402267456,1.2295886247944594,5.670713923225293,0.020137103684661525
same_drone,MT_s004,,,2,1,1,2472,24.886879920959473,1.6421575963069728,5.351666665943514,0.0
same_drone,MT_s004,,,2,2,2,2524,25.33614683151245,2.386083599991238,9.340892687226297,0.03922345483359747
same_drone,MT_s004,,,2,3,3,2665,26.740379095077515,1.5314805299963723,7.230612927194852,0.03189493433395872
same_drone,MT_s004,,,2,4,4,2618,26.25896406173706,1.1089139663760736,3.8146971714156037,0.0
same_drone,MT_s004,,,2,5,5,2530,25.401978969573975,1.4079951753069224,4.724988217436074,0.0
same_drone,MT_s004,,,2,6,6,2525,25.403844833374023,1.762951656118318,5.687982196902881,0.008712871287128714
same_drone,MT_s004,,,2,7,7,2722,27.329137802124023,2.241090175794966,11.405677336876309,0.09368111682586333
same_drone,MT_s004,,,2,8,8,2312,23.212925910949707,1.059864904782259,5.207722884565714,0.0
same_drone,MT_s004,,,2,9,9,2312,23.21662998199463,1.3329548152872661,6.4902617318975775,0.012543252595155709
same_drone,MT_s004,,,2,10,10,2346,23.52618908882141,1.8408661802011608,7.142031513830826,0.0392156862745098
same_drone,MT_s004,,,2,11,11,2666,26.786911964416504,2.805950697315126,94.05044213727591,0.2895723930982746
same_drone,MT_s004,,,2,12,12,2344,23.593735933303833,1.6112476240191569,6.189877937744317,0.008959044368600682
same_drone,MT_s004,,,2,13,13,2307,23.15007710456848,1.6825907539983405,5.657857191998136,0.0
same_drone,MT_s004,,,2,14,14,2625,26.3830509185791,2.035941242924821,7.399457188768063,0.017904761904761906
same_drone,MT_s004,,,2,15,15,2334,23.44292402267456,1.2295886247944594,5.670713923225293,0.020137103684661525
same_drone,MT_s004,,,3,1,1,2472,24.886879920959473,1.6421575963069728,5.351666665943514,0.0
same_drone,MT_s004,,,3,2,2,2524,25.33614683151245,2.386083599991238,9.340892687226297,0.03922345483359747
same_drone,MT_s004,,,3,3,3,2665,26.740379095077515,1.5314805299963723,7.230612927194852,0.03189493433395872
same_drone,MT_s004,,,3,4,4,2618,26.25896406173706,1.1089139663760736,3.8146971714156037,0.0
same_drone,MT_s004,,,3,5,5,2530,25.401978969573975,1.4079951753069224,4.724988217436074,0.0
same_drone,MT_s004,,,3,6,6,2525,25.403844833374023,1.762951656118318,5.687982196902881,0.008712871287128714
same_drone,MT_s004,,,3,7,7,2722,27.329137802124023,2.241090175794966,11.405677336876309,0.09368111682586333
same_drone,MT_s004,,,3,8,8,2312,23.212925910949707,1.059864904782259,5.207722884565714,0.0
same_drone,MT_s004,,,3,9,9,2312,23.21662998199463,1.3329548152872661,6.4902617318975775,0.012543252595155709
same_drone,MT_s004,,,3,10,10,2346,23.52618908882141,1.8408661802011608,7.142031513830826,0.0392156862745098
same_drone,MT_s004,,,3,11,11,2666,26.786911964416504,2.805950697315126,94.05044213727591,0.2895723930982746
same_drone,MT_s004,,,3,12,12,2344,23.593735933303833,1.6112476240191569,6.189877937744317,0.008959044368600682
same_drone,MT_s004,,,3,13,13,2307,23.15007710456848,1.6825907539983405,5.657857191998136,0.0
same_drone,MT_s004,,,3,14,14,2625,26.3830509185791,2.035941242924821,7.399457188768063,0.017904761904761906
same_drone,MT_s004,,,3,15,15,2334,23.44292402267456,1.2295886247944594,5.670713923225293,0.020137103684661525
same_drone,MT_s004,,,4,1,1,2472,24.886879920959473,1.6421575963069728,5.351666665943514,0.0
same_drone,MT_s004,,,4,2,2,2524,25.33614683151245,2.386083599991238,9.340892687226297,0.03922345483359747
same_drone,MT_s004,,,4,3,3,2665,26.740379095077515,1.5314805299963723,7.230612927194852,0.03189493433395872
same_drone,MT_s004,,,4,4,4,2618,26.25896406173706,1.1089139663760736,3.8146971714156037,0.0
same_drone,MT_s004,,,4,5,5,2530,25.401978969573975,1.4079951753069224,4.724988217436074,0.0
same_drone,MT_s004,,,4,6,6,2525,25.403844833374023,1.762951656118318,5.687982196902881,0.008712871287128714
same_drone,MT_s004,,,4,7,7,2722,27.329137802124023,2.241090175794966,11.405677336876309,0.09368111682586333
same_drone,MT_s004,,,4,8,8,2312,23.212925910949707,1.059864904782259,5.207722884565714,0.0
same_drone,MT_s004,,,4,9,9,2312,23.21662998199463,1.3329548152872661,6.4902617318975775,0.012543252595155709
same_drone,MT_s004,,,4,10,10,2346,23.52618908882141,1.8408661802011608,7.142031513830826,0.0392156862745098
same_drone,MT_s004,,,4,11,11,2666,26.786911964416504,2.805950697315126,94.05044213727591,0.2895723930982746
same_drone,MT_s004,,,4,12,12,2344,23.593735933303833,1.6112476240191569,6.189877937744317,0.008959044368600682
same_drone,MT_s004,,,4,13,13,2307,23.15007710456848,1.6825907539983405,5.657857191998136,0.0
same_drone,MT_s004,,,4,14,14,2625,26.3830509185791,2.035941242924821,7.399457188768063,0.017904761904761906
same_drone,MT_s004,,,4,15,15,2334,23.44292402267456,1.2295886247944594,5.670713923225293,0.020137103684661525
cross_drone,LO_s001,,,0,1,1,2516,25.26086401939392,2.1208282270231287,7.244745731429606,0.005564387917329093
cross_drone,LO_s001,,,0,2,2,2490,25.02094602584839,1.0025086769673948,4.446975917294716,0.002811244979919679
cross_drone,LO_s001,,,0,3,3,2577,25.9479341506958,1.5294627592271866,9.747697558115837,0.05820721769499418
cross_drone,LO_s001,,,0,4,4,2353,23.624861001968384,1.4729223006300458,4.800947326295804,0.0
cross_drone,LO_s001,,,0,5,5,2443,24.526942014694214,1.0932743094783177,5.673035886004108,0.0
cross_drone,LO_s001,,,0,6,6,2345,23.54997706413269,1.9318303914044463,7.036227962340216,0.009381663113006396
cross_drone,LO_s001,,,1,1,1,2516,25.26086401939392,2.1208282270231287,7.244745731429606,0.005564387917329093
cross_drone,LO_s001,,,1,2,2,2490,25.02094602584839,1.0025086769673948,4.446975917294716,0.002811244979919679
cross_drone,LO_s001,,,1,3,3,2577,25.9479341506958,1.5294627592271866,9.747697558115837,0.05820721769499418
cross_drone,LO_s001,,,1,4,4,2353,23.624861001968384,1.4729223006300458,4.800947326295804,0.0
cross_drone,LO_s001,,,1,5,5,2443,24.526942014694214,1.0932743094783177,5.673035886004108,0.0
cross_drone,LO_s001,,,1,6,6,2345,23.54997706413269,1.9318303914044463,7.036227962340216,0.009381663113006396
cross_drone,LO_s001,,,2,1,1,2516,25.26086401939392,2.1208282270231287,7.244745731429606,0.005564387917329093
cross_drone,LO_s001,,,2,2,2,2490,25.02094602584839,1.0025086769673948,4.446975917294716,0.002811244979919679
cross_drone,LO_s001,,,2,3,3,2577,25.9479341506958,1.5294627592271866,9.747697558115837,0.05820721769499418
cross_drone,LO_s001,,,2,4,4,2353,23.624861001968384,1.4729223006300458,4.800947326295804,0.0
cross_drone,LO_s001,,,2,5,5,2443,24.526942014694214,1.0932743094783177,5.673035886004108,0.0
cross_drone,LO_s001,,,2,6,6,2345,23.54997706413269,1.9318303914044463,7.036227962340216,0.009381663113006396
cross_drone,LO_s001,,,3,1,1,2516,25.26086401939392,2.1208282270231287,7.244745731429606,0.005564387917329093
cross_drone,LO_s001,,,3,2,2,2490,25.02094602584839,1.0025086769673948,4.446975917294716,0.002811244979919679
cross_drone,LO_s001,,,3,3,3,2577,25.9479341506958,1.5294627592271866,9.747697558115837,0.05820721769499418
cross_drone,LO_s001,,,3,4,4,2353,23.624861001968384,1.4729223006300458,4.800947326295804,0.0
cross_drone,LO_s001,,,3,5,5,2443,24.526942014694214,1.0932743094783177,5.673035886004108,0.0
cross_drone,LO_s001,,,3,6,6,2345,23.54997706413269,1.9318303914044463,7.036227962340216,0.009381663113006396
cross_drone,LO_s001,,,4,1,1,2516,25.26086401939392,2.1208282270231287,7.244745731429606,0.005564387917329093
cross_drone,LO_s001,,,4,2,2,2490,25.02094602584839,1.0025086769673948,4.446975917294716,0.002811244979919679
cross_drone,LO_s001,,,4,3,3,2577,25.9479341506958,1.5294627592271866,9.747697558115837,0.05820721769499418
cross_drone,LO_s001,,,4,4,4,2353,23.624861001968384,1.4729223006300458,4.800947326295804,0.0
cross_drone,LO_s001,,,4,5,5,2443,24.526942014694214,1.0932743094783177,5.673035886004108,0.0
cross_drone,LO_s001,,,4,6,6,2345,23.54997706413269,1.9318303914044463,7.036227962340216,0.009381663113006396
same_drone,MT_s004,1.0,0.2,0,1,1,2472,24.886879920959473,0.6957536114410914,2.1589549354398487,0.0
same_drone,MT_s004,1.0,0.2,0,2,2,2524,25.33614683151245,0.731068675589654,2.035897978552999,0.0
same_drone,MT_s004,1.0,0.2,0,3,3,2665,26.740379095077515,0.635430038123161,1.8557697974503298,0.000375234521575985
same_drone,MT_s004,1.0,0.2,0,4,4,2618,26.25896406173706,0.6959603429002073,1.9893220046196107,0.0
same_drone,MT_s004,1.0,0.2,0,5,5,2530,25.401978969573975,0.7466438121506513,2.0027786833032586,0.0
same_drone,MT_s004,1.0,0.2,0,6,6,2525,25.403844833374023,0.7761909497778561,2.704481186328024,0.002376237623762376
same_drone,MT_s004,1.0,0.2,0,7,7,2722,27.329137802124023,0.7431469788685476,6.894048447924437,0.018368846436443792
same_drone,MT_s004,1.0,0.2,0,8,8,2312,23.212925910949707,0.7309354265650683,1.8864367741094363,0.0025951557093425604
same_drone,MT_s004,1.0,0.2,0,9,9,2312,23.21662998199463,0.7339686932227671,2.3395418702134636,0.0
same_drone,MT_s004,1.0,0.2,0,10,10,2346,23.52618908882141,0.7654780108532506,2.0745976780412434,0.013640238704177323
same_drone,MT_s004,1.0,0.2,0,11,11,2666,26.786911964416504,0.7381782510194306,6.044315799249233,0.03600900225056264
same_drone,MT_s004,1.0,0.2,0,12,12,2344,23.593735933303833,0.7081481162580321,1.9212555250329648,0.0
same_drone,MT_s004,1.0,0.2,0,13,13,2307,23.15007710456848,0.7542921073998059,1.9407293960581002,0.0
same_drone,MT_s004,1.0,0.2,0,14,14,2625,26.3830509185791,0.754781918183113,2.051932440273071,0.0
same_drone,MT_s004,1.0,0.2,0,15,15,2334,23.44292402267456,0.552605269131611,1.8022499952924829,0.0
same_drone,MT_s004,1.0,0.2,1,1,1,2472,24.886879920959473,0.6327729963916084,1.8652545209784848,0.0
same_drone,MT_s004,1.0,0.2,1,2,2,2524,25.33614683151245,0.7110359957907662,2.1210798146212517,0.0
same_drone,MT_s004,1.0,0.2,1,3,3,2665,26.740379095077515,0.6833238239956074,1.8705584197917489,0.0
same_drone,MT_s004,1.0,0.2,1,4,4,2618,26.25896406173706,0.6388733486271718,2.0076780546034603,0.0
same_drone,MT_s004,1.0,0.2,1,5,5,2530,25.401978969573975,0.7241619372405523,1.818317051772051,0.0
same_drone,MT_s004,1.0,0.2,1,6,6,2525,25.403844833374023,0.6441399172122715,1.9172043704414645,0.012277227722772278
same_drone,MT_s004,1.0,0.2,1,7,7,2722,27.329137802124023,0.8530368720412653,6.390936834954934,0.018001469507714914
same_drone,MT_s004,1.0,0.2,1,8,8,2312,23.212925910949707,0.7920751090775866,1.9567941104135516,0.0008650519031141869
same_drone,MT_s004,1.0,0.2,1,9,9,2312,23.21662998199463,0.7053163727192313,2.02564972384503,0.0
same_drone,MT_s004,1.0,0.2,1,10,10,2346,23.52618908882141,0.7092002120641041,1.7741927482028501,0.013640238704177323
same_drone,MT_s004,1.0,0.2,1,11,11,2666,26.786911964416504,0.826740951310569,4.7406822479841395,0.03225806451612903
same_drone,MT_s004,1.0,0.2,1,12,12,2344,23.593735933303833,0.6990378094249223,1.9723863113706102,0.0
same_drone,MT_s004,1.0,0.2,1,13,13,2307,23.15007710456848,0.7470184453382558,2.074033132915177,0.0008669267446900737
same_drone,MT_s004,1.0,0.2,1,14,14,2625,26.3830509185791,0.8281582068973421,2.515734041525084,0.0
same_drone,MT_s004,1.0,0.2,1,15,15,2334,23.44292402267456,0.7537448438558663,2.378486101000566,0.0
same_drone,MT_s004,1.0,0.2,2,1,1,2472,24.886879920959473,0.6402564177289207,1.9337165838978936,0.0
same_drone,MT_s004,1.0,0.2,2,2,2,2524,25.33614683151245,0.7436386244622355,2.2133276660276255,0.0003961965134706815
same_drone,MT_s004,1.0,0.2,2,3,3,2665,26.740379095077515,0.5983939948454804,1.8719654014209253,0.0
same_drone,MT_s004,1.0,0.2,2,4,4,2618,26.25896406173706,0.6911902047885974,1.7570782379081664,0.0
same_drone,MT_s004,1.0,0.2,2,5,5,2530,25.401978969573975,0.6297847005665318,1.648438533484092,0.0
same_drone,MT_s004,1.0,0.2,2,6,6,2525,25.403844833374023,0.7552770364245021,2.7266503420056045,0.005940594059405941
same_drone,MT_s004,1.0,0.2,2,7,7,2722,27.329137802124023,0.771897410019541,3.957091602842537,0.011021307861866276
same_drone,MT_s004,1.0,0.2,2,8,8,2312,23.212925910949707,0.6584277130538823,1.8375865100799926,0.0
same_drone,MT_s004,1.0,0.2,2,9,9,2312,23.21662998199463,0.6299743863865714,1.724277360776927,0.0
same_drone,MT_s004,1.0,0.2,2,10,10,2346,23.52618908882141,0.7257610506840066,2.0514567273202715,0.013640238704177323
same_drone,MT_s004,1.0,0.2,2,11,11,2666,26.786911964416504,0.7222778581003197,5.729223699403931,0.03188297074268567
same_drone,MT_s004,1.0,0.2,2,12,12,2344,23.593735933303833,0.7512102816414057,2.168815531443859,0.0
same_drone,MT_s004,1.0,0.2,2,13,13,2307,23.15007710456848,0.7262933861830589,1.994956344201387,0.0
same_drone,MT_s004,1.0,0.2,2,14,14,2625,26.3830509185791,0.7840808943436315,2.222387411950548,0.0
same_drone,MT_s004,1.0,0.2,2,15,15,2334,23.44292402267456,0.7441534876163587,2.1595143115107374,0.0
same_drone,MT_s004,1.0,0.2,3,1,1,2472,24.886879920959473,0.7910340898103883,2.1661915374924385,0.0
same_drone,MT_s004,1.0,0.2,3,2,2,2524,25.33614683151245,0.7306846903577977,2.364459535871546,0.0003961965134706815
same_drone,MT_s004,1.0,0.2,3,3,3,2665,26.740379095077515,0.6456902422505948,2.067078689037507,0.0
same_drone,MT_s004,1.0,0.2,3,4,4,2618,26.25896406173706,0.7198148797859929,1.799147430505687,0.0
same_drone,MT_s004,1.0,0.2,3,5,5,2530,25.401978969573975,0.6522979128437623,1.5264818987796833,0.0
same_drone,MT_s004,1.0,0.2,3,6,6,2525,25.403844833374023,0.8124008809173517,2.80229802832975,0.004356435643564357
same_drone,MT_s004,1.0,0.2,3,7,7,2722,27.329137802124023,0.8492437630854965,6.848211017920091,0.027553269654665688
same_drone,MT_s004,1.0,0.2,3,8,8,2312,23.212925910949707,0.7027981233015339,1.8786080706473016,0.0
same_drone,MT_s004,1.0,0.2,3,9,9,2312,23.21662998199463,0.7608479053900794,2.213639978256721,0.0
same_drone,MT_s004,1.0,0.2,3,10,10,2346,23.52618908882141,0.7422546156943248,2.20345889585046,0.013640238704177323
same_drone,MT_s004,1.0,0.2,3,11,11,2666,26.786911964416504,0.7560152264327229,3.865085272415719,0.003000750187546887
same_drone,MT_s004,1.0,0.2,3,12,12,2344,23.593735933303833,0.7578620936248512,2.256717244658432,0.0
same_drone,MT_s004,1.0,0.2,3,13,13,2307,23.15007710456848,0.7304969349722761,1.9826117441976439,0.0
same_drone,MT_s004,1.0,0.2,3,14,14,2625,26.3830509185791,0.7343059756202024,1.9653412439076612,0.0
same_drone,MT_s004,1.0,0.2,3,15,15,2334,23.44292402267456,0.714274255565094,2.1657575599521857,0.0
same_drone,MT_s004,1.0,0.2,4,1,1,2472,24.886879920959473,0.7353873377015034,1.9333485942147781,0.0
same_drone,MT_s004,1.0,0.2,4,2,2,2524,25.33614683151245,0.7949205297906587,2.2195742461954877,0.0
same_drone,MT_s004,1.0,0.2,4,3,3,2665,26.740379095077515,0.6455703665196211,2.365884165205162,0.0
same_drone,MT_s004,1.0,0.2,4,4,4,2618,26.25896406173706,0.6656070079802276,1.9159136097492322,0.0
same_drone,MT_s004,1.0,0.2,4,5,5,2530,25.401978969573975,0.6200174764345796,1.6948901171050772,0.0
same_drone,MT_s004,1.0,0.2,4,6,6,2525,25.403844833374023,0.7661204151693539,2.368571327239229,0.007920792079207921
same_drone,MT_s004,1.0,0.2,4,7,7,2722,27.329137802124023,0.7791478821318094,6.359255218748172,0.022409992652461425
same_drone,MT_s004,1.0,0.2,4,8,8,2312,23.212925910949707,0.6381306031532361,1.6158453074354102,0.005190311418685121
same_drone,MT_s004,1.0,0.2,4,9,9,2312,23.21662998199463,0.6750918566860236,1.7635535216398626,0.0
same_drone,MT_s004,1.0,0.2,4,10,10,2346,23.52618908882141,0.7560778676190125,2.0279377507768714,0.013640238704177323
same_drone,MT_s004,1.0,0.2,4,11,11,2666,26.786911964416504,0.7824805604126652,5.150644664240019,0.01800450112528132
same_drone,MT_s004,1.0,0.2,4,12,12,2344,23.593735933303833,0.689865428366943,2.050308839392964,0.0
same_drone,MT_s004,1.0,0.2,4,13,13,2307,23.15007710456848,0.7472640643471777,1.8963528373415386,0.0
same_drone,MT_s004,1.0,0.2,4,14,14,2625,26.3830509185791,0.6834794384900249,2.146478903103707,0.0
same_drone,MT_s004,1.0,0.2,4,15,15,2334,23.44292402267456,0.623182044016712,2.347796337670048,0.0
same_drone,MT_s004,1.0,0.5,0,1,1,2472,24.886879920959473,1.0728705795533493,2.5826804578002553,0.0
same_drone,MT_s004,1.0,0.5,0,2,2,2524,25.33614683151245,0.9979178421923134,3.0658607697438622,0.0
same_drone,MT_s004,1.0,0.5,0,3,3,2665,26.740379095077515,0.973138242008281,3.3197146739188823,0.0
same_drone,MT_s004,1.0,0.5,0,4,4,2618,26.25896406173706,0.9255513037792511,2.5734634656362614,0.0
same_drone,MT_s004,1.0,0.5,0,5,5,2530,25.401978969573975,1.0029182265232297,2.936730340570065,0.0035573122529644267
same_drone,MT_s004,1.0,0.5,0,6,6,2525,25.403844833374023,1.068413511010533,3.257038416663236,0.006336633663366337
same_drone,MT_s004,1.0,0.5,0,7,7,2722,27.329137802124023,1.1184920785567272,5.676309971758835,0.03930933137398971
same_drone,MT_s004,1.0,0.5,0,8,8,2312,23.212925910949707,1.0581454917303788,2.680935984606402,0.0008650519031141869
same_drone,MT_s004,1.0,0.5,0,9,9,2312,23.21662998199463,0.8733226733260704,2.7223866420142726,0.0012975778546712802
same_drone,MT_s004,1.0,0.5,0,10,10,2346,23.52618908882141,1.048272801196802,2.907637356550566,0.013640238704177323
same_drone,MT_s004,1.0,0.5,0,11,11,2666,26.786911964416504,1.0295261806015374,6.346713871623919,0.03938484621155289
same_drone,MT_s004,1.0,0.5,0,12,12,2344,23.593735933303833,0.9412553237576837,2.5823533204989846,0.0034129692832764505
same_drone,MT_s004,1.0,0.5,0,13,13,2307,23.15007710456848,0.9105946571547747,3.670929253818585,0.0
same_drone,MT_s004,1.0,0.5,0,14,14,2625,26.3830509185791,1.0133612525156082,2.797332924762504,0.0
same_drone,MT_s004,1.0,0.5,0,15,15,2334,23.44292402267456,0.8397019118945295,2.7211966750296352,0.006855184233076264
same_drone,MT_s004,1.0,0.5,1,1,1,2472,24.886879920959473,0.8217245196698499,2.601291096386767,0.0
same_drone,MT_s004,1.0,0.5,1,2,2,2524,25.33614683151245,1.1015704449603696,2.78194410191276,0.0019809825673534074
same_drone,MT_s004,1.0,0.5,1,3,3,2665,26.740379095077515,1.1131660155342615,2.8470415640646047,0.0
same_drone,MT_s004,1.0,0.5,1,4,4,2618,26.25896406173706,0.8259767630164561,2.242288677449401,0.0
same_drone,MT_s004,1.0,0.5,1,5,5,2530,25.401978969573975,0.8621237891076241,2.809310068594777,0.0
same_drone,MT_s004,1.0,0.5,1,6,6,2525,25.403844833374023,1.000481411379269,3.8468010470521077,0.006336633663366337
same_drone,MT_s004,1.0,0.5,1,7,7,2722,27.329137802124023,1.312854375744223,5.390487451645931,0.046289493019838354
same_drone,MT_s004,1.0,0.5,1,8,8,2312,23.212925910949707,0.90451848091908,2.727806629000424,0.0
same_drone,MT_s004,1.0,0.5,1,9,9,2312,23.21662998199463,0.8551991851343388,2.627742829693914,0.0
same_drone,MT_s004,1.0,0.5,1,10,10,2346,23.52618908882141,1.0445522279323036,3.2964356654713214,0.013640238704177323
same_drone,MT_s004,1.0,0.5,1,11,11,2666,26.786911964416504,1.0895049305821516,5.887031581065742,0.018754688672168042
same_drone,MT_s004,1.0,0.5,1,12,12,2344,23.593735933303833,0.8776755256784146,2.8645575692941296,0.004266211604095563
same_drone,MT_s004,1.0,0.5,1,13,13,2307,23.15007710456848,1.1385311070652875,3.216902347861078,0.0
same_drone,MT_s004,1.0,0.5,1,14,14,2625,26.3830509185791,0.8846179790971576,3.1315391446542375,0.006095238095238095
same_drone,MT_s004,1.0,0.5,1,15,15,2334,23.44292402267456,0.9647217433774813,3.068253089905505,0.011139674378748929
same_drone,MT_s004,1.0,0.5,2,1,1,2472,24.886879920959473,0.7846601263535149,3.1980631181305665,0.0
same_drone,MT_s004,1.0,0.5,2,2,2,2524,25.33614683151245,1.1922059917858618,3.4264493338417457,0.0
same_drone,MT_s004,1.0,0.5,2,3,3,2665,26.740379095077515,1.0729162477406362,3.001693301549767,0.0
same_drone,MT_s004,1.0,0.5,2,4,4,2618,26.25896406173706,0.8725923268609819,2.5849762118709356,0.0
same_drone,MT_s004,1.0,0.5,2,5,5,2530,25.401978969573975,0.8813333700996964,2.6428542827526114,0.0
same_drone,MT_s004,1.0,0.5,2,6,6,2525,25.403844833374023,0.8527182251336569,3.5666988753447124,0.005544554455445544
same_drone,MT_s004,1.0,0.5,2,7,7,2722,27.329137802124023,1.0517743658192202,7.201503167336128,0.02902277736958119
same_drone,MT_s004,1.0,0.5,2,8,8,2312,23.212925910949707,0.7997127056119453,2.533775816440348,0.0012975778546712802
same_drone,MT_s004,1.0,0.5,2,9,9,2312,23.21662998199463,0.8253069074807797,2.237239732181284,0.0
same_drone,MT_s004,1.0,0.5,2,10,10,2346,23.52618908882141,0.8081336655033837,3.0279323200849433,0.013640238704177323
same_drone,MT_s004,1.0,0.5,2,11,11,2666,26.786911964416504,0.9557836818623677,5.032932136968569,0.01312828207051763
same_drone,MT_s004,1.0,0.5,2,12,12,2344,23.593735933303833,1.063583672822336,3.213860823648825,0.005119453924914676
same_drone,MT_s004,1.0,0.5,2,13,13,2307,23.15007710456848,0.9628531644059706,2.7502162598759248,0.0
same_drone,MT_s004,1.0,0.5,2,14,14,2625,26.3830509185791,0.9711621258852574,3.065071211660171,0.0030476190476190477
same_drone,MT_s004,1.0,0.5,2,15,15,2334,23.44292402267456,0.7814328131038621,3.1081342325799577,0.005141388174807198
same_drone,MT_s004,1.0,0.5,3,1,1,2472,24.886879920959473,0.9022934946247574,2.9884860915866125,0.0
same_drone,MT_s004,1.0,0.5,3,2,2,2524,25.33614683151245,0.9297036548133235,2.7588349877101064,0.0
same_drone,MT_s004,1.0,0.5,3,3,3,2665,26.740379095077515,0.9763172962924784,3.009443743433064,0.002626641651031895
same_drone,MT_s004,1.0,0.5,3,4,4,2618,26.25896406173706,0.8387811956025857,2.5136212330679513,0.0
same_drone,MT_s004,1.0,0.5,3,5,5,2530,25.401978969573975,0.7859569057403419,2.5761751896339815,0.0003952569169960474
same_drone,MT_s004,1.0,0.5,3,6,6,2525,25.403844833374023,0.9302519417838084,3.7123112311147546,0.004752475247524752
same_drone,MT_s004,1.0,0.5,3,7,7,2722,27.329137802124023,1.073249148797558,7.6180487489177935,0.034533431300514325
same_drone,MT_s004,1.0,0.5,3,8,8,2312,23.212925910949707,0.8975742555479229,2.331600921450897,0.008217993079584774
same_drone,MT_s004,1.0,0.5,3,9,9,2312,23.21662998199463,0.863507147530818,2.6558911790098083,0.0
same_drone,MT_s004,1.0,0.5,3,10,10,2346,23.52618908882141,1.0257110134642389,3.1981304040661485,0.013640238704177323
same_drone,MT_s004,1.0,0.5,3,11,11,2666,26.786911964416504,1.2890010876819957,6.0496839230990815,0.0277569392348087
same_drone,MT_s004,1.0,0.5,3,12,12,2344,23.593735933303833,1.1696377485281957,3.657464062485973,0.0
same_drone,MT_s004,1.0,0.5,3,13,13,2307,23.15007710456848,1.055902247648362,2.79975588959843,0.0
same_drone,MT_s004,1.0,0.5,3,14,14,2625,26.3830509185791,1.0071357964068852,3.3044191824348728,0.0026666666666666666
same_drone,MT_s004,1.0,0.5,3,15,15,2334,23.44292402267456,0.9182774357860986,3.0181268596956907,0.006855184233076264
same_drone,MT_s004,1.0,0.5,4,1,1,2472,24.886879920959473,0.9447816604233452,2.5958579004984306,0.0
same_drone,MT_s004,1.0,0.5,4,2,2,2524,25.33614683151245,1.006176677877285,3.0026345544423436,0.0
same_drone,MT_s004,1.0,0.5,4,3,3,2665,26.740379095077515,0.969708549142581,2.4854861260431163,0.0
same_drone,MT_s004,1.0,0.5,4,4,4,2618,26.25896406173706,0.8743579320927211,2.4048942538720843,0.0
same_drone,MT_s004,1.0,0.5,4,5,5,2530,25.401978969573975,0.930074941667673,2.8349764247382403,0.0015810276679841897
same_drone,MT_s004,1.0,0.5,4,6,6,2525,25.403844833374023,0.9677913990175853,3.1243797452022135,0.006336633663366337
same_drone,MT_s004,1.0,0.5,4,7,7,2722,27.329137802124023,0.9715988018053281,5.397639212474825,0.026818515797207936
same_drone,MT_s004,1.0,0.5,4,8,8,2312,23.212925910949707,0.8431754499721791,2.3769593225349297,0.0
same_drone,MT_s004,1.0,0.5,4,9,9,2312,23.21662998199463,0.8364048753647424,2.2724364198012186,0.003027681660899654
same_drone,MT_s004,1.0,0.5,4,10,10,2346,23.52618908882141,1.0494485693499627,3.0341514334836504,0.013640238704177323
same_drone,MT_s004,1.0,0.5,4,11,11,2666,26.786911964416504,0.9288863189138326,6.066410899933729,0.023630907726931733
same_drone,MT_s004,1.0,0.5,4,12,12,2344,23.593735933303833,1.0228416390926043,3.2173707621294714,0.0
same_drone,MT_s004,1.0,0.5,4,13,13,2307,23.15007710456848,1.0513278963577477,3.1189511270401518,0.0
same_drone,MT_s004,1.0,0.5,4,14,14,2625,26.3830509185791,0.9593019462957955,2.9780664742702356,0.0
same_drone,MT_s004,1.0,0.5,4,15,15,2334,23.44292402267456,0.8998102464458668,3.109665917298614,0.005998286203941731
same_drone,MT_s004,1.0,1.0,0,1,1,2472,24.886879920959473,1.1937954690719152,4.726220791494041,0.0
same_drone,MT_s004,1.0,1.0,0,2,2,2524,25.33614683151245,1.3126250462531193,4.43727797267515,0.0019809825673534074
same_drone,MT_s004,1.0,1.0,0,3,3,2665,26.740379095077515,1.323124709711692,3.788994589002499,0.0
same_drone,MT_s004,1.0,1.0,0,4,4,2618,26.25896406173706,1.1131977712428238,3.5684139928094702,0.0
same_drone,MT_s004,1.0,1.0,0,5,5,2530,25.401978969573975,1.0127506445055872,2.993249600559291,0.0
same_drone,MT_s004,1.0,1.0,0,6,6,2525,25.403844833374023,1.1453969032454552,3.827807985699314,0.0019801980198019802
same_drone,MT_s004,1.0,1.0,0,7,7,2722,27.329137802124023,1.5055321919110156,7.196634389801456,0.0683321087435709
same_drone,MT_s004,1.0,1.0,0,8,8,2312,23.212925910949707,1.0497533648690407,3.4802872314763906,0.0
same_drone,MT_s004,1.0,1.0,0,9,9,2312,23.21662998199463,1.0625541147617668,3.636524838454742,0.0
same_drone,MT_s004,1.0,1.0,0,10,10,2346,23.52618908882141,1.3345860538334904,4.244619588745017,0.013640238704177323
same_drone,MT_s004,1.0,1.0,0,11,11,2666,26.786911964416504,1.4393061696688747,7.7618636361474955,0.05888972243060765
same_drone,MT_s004,1.0,1.0,0,12,12,2344,23.593735933303833,1.2229875308246314,4.181176224705823,0.00938566552901024
same_drone,MT_s004,1.0,1.0,0,13,13,2307,23.15007710456848,1.2540541739425777,3.9917590925774107,0.0008669267446900737
same_drone,MT_s004,1.0,1.0,0,14,14,2625,26.3830509185791,1.2563186745765336,3.7907505001560593,0.001142857142857143
same_drone,MT_s004,1.0,1.0,0,15,15,2334,23.44292402267456,0.932784370561329,4.1943060372799374,0.02099400171379606
same_drone,MT_s004,1.0,1.0,1,1,1,2472,24.886879920959473,1.438359344787397,4.5742643896504305,0.0
same_drone,MT_s004,1.0,1.0,1,2,2,2524,25.33614683151245,1.1362458607580024,4.357388613395379,0.006735340729001585
same_drone,MT_s004,1.0,1.0,1,3,3,2665,26.740379095077515,1.1721258567813209,3.35905965773702,0.0
same_drone,MT_s004,1.0,1.0,1,4,4,2618,26.25896406173706,1.1259743044388024,3.8821955030569013,0.0
same_drone,MT_s004,1.0,1.0,1,5,5,2530,25.401978969573975,1.1188530314990146,3.54240219413336,0.0
same_drone,MT_s004,1.0,1.0,1,6,6,2525,25.403844833374023,1.2145265434403285,3.7116899574242788,0.0031683168316831685
same_drone,MT_s004,1.0,1.0,1,7,7,2722,27.329137802124023,1.3178926768137202,7.590889506716133,0.07200587803085966
same_drone,MT_s004,1.0,1.0,1,8,8,2312,23.212925910949707,1.0191056392255504,3.9742808698003507,0.0
same_drone,MT_s004,1.0,1.0,1,9,9,2312,23.21662998199463,1.1305722647924341,3.209629777261657,0.0
same_drone,MT_s004,1.0,1.0,1,10,10,2346,23.52618908882141,1.3575840198041709,4.412053050027062,0.013640238704177323
same_drone,MT_s004,1.0,1.0,1,11,11,2666,26.786911964416504,1.6250101646243422,7.969004695849314,0.05701425356339085
same_drone,MT_s004,1.0,1.0,1,12,12,2344,23.593735933303833,1.4063769869003266,5.677001559010247,0.023890784982935155
same_drone,MT_s004,1.0,1.0,1,13,13,2307,23.15007710456848,1.2320540204561965,3.4857477111134503,0.0039011703511053317
same_drone,MT_s004,1.0,1.0,1,14,14,2625,26.3830509185791,1.3756999049541037,6.845380809830043,0.0
same_drone,MT_s004,1.0,1.0,1,15,15,2334,23.44292402267456,1.0286966607625914,4.191262494835497,0.012853470437017995
same_drone,MT_s004,1.0,1.0,2,1,1,2472,24.886879920959473,1.2030666595671704,5.296337941528716,0.0
same_drone,MT_s004,1.0,1.0,2,2,2,2524,25.33614683151245,1.2015362181383011,3.901039579255463,0.0
same_drone,MT_s004,1.0,1.0,2,3,3,2665,26.740379095077515,1.3276082897138508,3.8715978212841433,0.0
same_drone,MT_s004,1.0,1.0,2,4,4,2618,26.25896406173706,1.1371560490894126,3.2480588595410085,0.0
same_drone,MT_s004,1.0,1.0,2,5,5,2530,25.401978969573975,1.0761550962996296,3.5989609403405676,0.0
same_drone,MT_s004,1.0,1.0,2,6,6,2525,25.403844833374023,1.0101988828112454,4.155012775740941,0.0035643564356435645
same_drone,MT_s004,1.0,1.0,2,7,7,2722,27.329137802124023,1.4401539126324963,7.798164779607791,0.035635562086700955
same_drone,MT_s004,1.0,1.0,2,8,8,2312,23.212925910949707,0.987447156837451,4.063665738028121,0.0
same_drone,MT_s004,1.0,1.0,2,9,9,2312,23.21662998199463,1.0928950805112976,3.411880356198345,0.0
same_drone,MT_s004,1.0,1.0,2,10,10,2346,23.52618908882141,1.4077457586331263,4.238173873097812,0.013640238704177323
same_drone,MT_s004,1.0,1.0,2,11,11,2666,26.786911964416504,1.5579954967487453,9.514705889320176,0.07014253563390847
same_drone,MT_s004,1.0,1.0,2,12,12,2344,23.593735933303833,1.0851170898597076,4.263522292414262,0.012372013651877133
same_drone,MT_s004,1.0,1.0,2,13,13,2307,23.15007710456848,1.2624930056792323,3.440282076256733,0.00043346337234503684
same_drone,MT_s004,1.0,1.0,2,14,14,2625,26.3830509185791,1.4438507381288446,4.32781352000965,0.007238095238095238
same_drone,MT_s004,1.0,1.0,2,15,15,2334,23.44292402267456,0.8933222719508223,3.839983707752735,0.019280205655526992
same_drone,MT_s004,1.0,1.0,3,1,1,2472,24.886879920959473,1.2201659902252544,4.175864315037266,0.0
same_drone,MT_s004,1.0,1.0,3,2,2,2524,25.33614683151245,1.4625804699302876,4.169270894588204,0.0
same_drone,MT_s004,1.0,1.0,3,3,3,2665,26.740379095077515,1.0298065471263271,3.510130211117473,0.0
same_drone,MT_s004,1.0,1.0,3,4,4,2618,26.25896406173706,1.1811338975600307,3.236860633120262,0.0
same_drone,MT_s004,1.0,1.0,3,5,5,2530,25.401978969573975,1.1839853978369987,4.243884952038229,0.0
same_drone,MT_s004,1.0,1.0,3,6,6,2525,25.403844833374023,1.144587504517034,3.768042986779996,0.005544554455445544
same_drone,MT_s004,1.0,1.0,3,7,7,2722,27.329137802124023,1.3654682676637009,8.386296337870014,0.07788390889052167
same_drone,MT_s004,1.0,1.0,3,8,8,2312,23.212925910949707,1.108829910194956,4.079697209167314,0.0
same_drone,MT_s004,1.0,1.0,3,9,9,2312,23.21662998199463,1.1736769662165685,3.7250597927103266,0.0
same_drone,MT_s004,1.0,1.0,3,10,10,2346,23.52618908882141,1.2949436616677588,3.7035248506653033,0.013640238704177323
same_drone,MT_s004,1.0,1.0,3,11,11,2666,26.786911964416504,1.4598203993505763,7.473237520103758,0.0536384096024006
same_drone,MT_s004,1.0,1.0,3,12,12,2344,23.593735933303833,1.5167950113691262,5.890434665637736,0.01877133105802048
same_drone,MT_s004,1.0,1.0,3,13,13,2307,23.15007710456848,1.2154531169755387,3.4504313472027746,0.0
same_drone,MT_s004,1.0,1.0,3,14,14,2625,26.3830509185791,1.179105893197118,4.177048424285391,0.0
same_drone,MT_s004,1.0,1.0,3,15,15,2334,23.44292402267456,0.8871089610159686,4.16591051289014,0.02056555269922879
same_drone,MT_s004,1.0,1.0,4,1,1,2472,24.886879920959473,1.552390804017051,4.538787991078008,0.0
same_drone,MT_s004,1.0,1.0,4,2,2,2524,25.33614683151245,1.3716469998241507,5.961909218863842,0.01347068145800317
same_drone,MT_s004,1.0,1.0,4,3,3,2665,26.740379095077515,1.003851874358915,3.1954673780208167,0.0
same_drone,MT_s004,1.0,1.0,4,4,4,2618,26.25896406173706,1.0560146207432979,3.4765210362004466,0.0
same_drone,MT_s004,1.0,1.0,4,5,5,2530,25.401978969573975,1.045366859608194,3.293987913755071,0.0
same_drone,MT_s004,1.0,1.0,4,6,6,2525,25.403844833374023,1.1638097528455944,4.365769807512719,0.005544554455445544
same_drone,MT_s004,1.0,1.0,4,7,7,2722,27.329137802124023,1.4799075357019404,7.297397217169558,0.04922850844966936
same_drone,MT_s004,1.0,1.0,4,8,8,2312,23.212925910949707,1.0015775709518806,3.8091102410326942,0.0
same_drone,MT_s004,1.0,1.0,4,9,9,2312,23.21662998199463,1.0771529447275103,3.876384541044115,0.0
same_drone,MT_s004,1.0,1.0,4,10,10,2346,23.52618908882141,1.3122300606077495,4.357941243063138,0.013640238704177323
same_drone,MT_s004,1.0,1.0,4,11,11,2666,26.786911964416504,1.5644054780588554,9.250493173537023,0.04538634658664666
same_drone,MT_s004,1.0,1.0,4,12,12,2344,23.593735933303833,1.3130519807430403,4.439476670600714,0.011945392491467578
same_drone,MT_s004,1.0,1.0,4,13,13,2307,23.15007710456848,1.160855205477759,3.8137245990046216,0.0
same_drone,MT_s004,1.0,1.0,4,14,14,2625,26.3830509185791,1.2125561312019002,4.0447746013177035,0.007238095238095238
same_drone,MT_s004,1.0,1.0,4,15,15,2334,23.44292402267456,0.9738686211987471,3.8282793769851575,0.017566409597257925
same_drone,MT_s004,1.0,2.0,0,1,1,2472,24.886879920959473,1.651465251525039,5.508193400389613,0.0
same_drone,MT_s004,1.0,2.0,0,2,2,2524,25.33614683151245,1.7961923516585863,6.124644010268319,0.002377179080824089
same_drone,MT_s004,1.0,2.0,0,3,3,2665,26.740379095077515,1.6688829686799806,4.540578228775961,0.028893058161350845
same_drone,MT_s004,1.0,2.0,0,4,4,2618,26.25896406173706,1.0746996921276377,3.9829046814409907,0.0
same_drone,MT_s004,1.0,2.0,0,5,5,2530,25.401978969573975,1.0803976476841655,3.624131522964515,0.0
same_drone,MT_s004,1.0,2.0,0,6,6,2525,25.403844833374023,1.6976339929632331,5.956266083380275,0.002772277227722772
same_drone,MT_s004,1.0,2.0,0,7,7,2722,27.329137802124023,1.6410316151867619,11.414797792075815,0.09000734753857458
same_drone,MT_s004,1.0,2.0,0,8,8,2312,23.212925910949707,1.0923950913308573,4.388553743121504,0.006920415224913495
same_drone,MT_s004,1.0,2.0,0,9,9,2312,23.21662998199463,1.0663616125763582,4.545771535997959,0.016003460207612456
same_drone,MT_s004,1.0,2.0,0,10,10,2346,23.52618908882141,1.418734242970089,4.041737335785186,0.013640238704177323
same_drone,MT_s004,1.0,2.0,0,11,11,2666,26.786911964416504,2.0509461544569803,28.79781181549472,0.13240810202550637
same_drone,MT_s004,1.0,2.0,0,12,12,2344,23.593735933303833,1.615631498957363,7.511116815983871,0.01877133105802048
same_drone,MT_s004,1.0,2.0,0,13,13,2307,23.15007710456848,1.3513273633320466,4.477712023857973,0.013870827915041179
same_drone,MT_s004,1.0,2.0,0,14,14,2625,26.3830509185791,1.5738266685853972,5.329008479838455,0.009523809523809525
same_drone,MT_s004,1.0,2.0,0,15,15,2334,23.44292402267456,1.1757351646350536,8.349240734481699,0.038131962296486716
same_drone,MT_s004,1.0,2.0,1,1,1,2472,24.886879920959473,1.7412167919294497,5.507472128798958,0.0
same_drone,MT_s004,1.0,2.0,1,2,2,2524,25.33614683151245,1.6502835782104057,6.060602971842535,0.0
same_drone,MT_s004,1.0,2.0,1,3,3,2665,26.740379095077515,1.3945516839941092,4.147945083654103,0.02701688555347092
same_drone,MT_s004,1.0,2.0,1,4,4,2618,26.25896406173706,1.122659314119673,4.333748197954741,0.0
same_drone,MT_s004,1.0,2.0,1,5,5,2530,25.401978969573975,1.1728403981580158,4.313918356177101,0.007509881422924901
same_drone,MT_s004,1.0,2.0,1,6,6,2525,25.403844833374023,1.4343758502946855,4.4658461021301585,0.002376237623762376
same_drone,MT_s004,1.0,2.0,1,7,7,2722,27.329137802124023,1.4290127430636161,11.326336947240462,0.09698750918442321
same_drone,MT_s004,1.0,2.0,1,8,8,2312,23.212925910949707,1.0666606929875968,5.698451850213644,0.004757785467128028
same_drone,MT_s004,1.0,2.0,1,9,9,2312,23.21662998199463,0.9184522965945803,4.363969836596054,0.0
same_drone,MT_s004,1.0,2.0,1,10,10,2346,23.52618908882141,1.5345890785638083,5.145017304512216,0.013640238704177323
same_drone,MT_s004,1.0,2.0,1,11,11,2666,26.786911964416504,1.6135690686533195,11.237906180376854,0.0603900975243811
same_drone,MT_s004,1.0,2.0,1,12,12,2344,23.593735933303833,1.4897430763098285,6.385144171017855,0.026023890784982934
same_drone,MT_s004,1.0,2.0,1,13,13,2307,23.15007710456848,1.2849572481375162,4.625015911582586,0.005635023840485479
same_drone,MT_s004,1.0,2.0,1,14,14,2625,26.3830509185791,1.6104789306187826,4.422662145403609,0.03314285714285714
same_drone,MT_s004,1.0,2.0,1,15,15,2334,23.44292402267456,1.1960358589182718,5.248539975163815,0.019280205655526992
same_drone,MT_s004,1.0,2.0,2,1,1,2472,24.886879920959473,1.5542865197616607,4.857362309815064,0.0
same_drone,MT_s004,1.0,2.0,2,2,2,2524,25.33614683151245,1.7160717846054432,6.138348506091754,0.0019809825673534074
same_drone,MT_s004,1.0,2.0,2,3,3,2665,26.740379095077515,1.4640564324321304,4.313749955688491,0.02701688555347092
same_drone,MT_s004,1.0,2.0,2,4,4,2618,26.25896406173706,1.0458727526865488,4.176060904370833,0.0
same_drone,MT_s004,1.0,2.0,2,5,5,2530,25.401978969573975,1.0806888937607262,3.5202734836755463,0.0
same_drone,MT_s004,1.0,2.0,2,6,6,2525,25.403844833374023,1.5470656556892521,5.264507547932679,0.0031683168316831685
same_drone,MT_s004,1.0,2.0,2,7,7,2722,27.329137802124023,1.383070597141888,8.067353168333915,0.0760470242468773
same_drone,MT_s004,1.0,2.0,2,8,8,2312,23.212925910949707,1.096579454246374,6.2400261230215515,0.026384083044982697
same_drone,MT_s004,1.0,2.0,2,9,9,2312,23.21662998199463,1.0501238431477873,4.1157428685002095,0.0038927335640138406
same_drone,MT_s004,1.0,2.0,2,10,10,2346,23.52618908882141,1.4637669318412492,4.010190236441382,0.013640238704177323
same_drone,MT_s004,1.0,2.0,2,11,11,2666,26.786911964416504,2.1425251496609548,72.93981066919346,0.17666916729182294
same_drone,MT_s004,1.0,2.0,2,12,12,2344,23.593735933303833,1.6055554673670116,7.203250581341744,0.027303754266211604
same_drone,MT_s004,1.0,2.0,2,13,13,2307,23.15007710456848,1.3006266078735678,4.812564614491947,0.01517121803207629
same_drone,MT_s004,1.0,2.0,2,14,14,2625,26.3830509185791,1.720287943880976,6.783937419614165,0.06095238095238095
same_drone,MT_s004,1.0,2.0,2,15,15,2334,23.44292402267456,1.2218564890362842,5.1548854811407105,0.02356469580119966
same_drone,MT_s004,1.0,2.0,3,1,1,2472,24.886879920959473,1.681545444644705,5.2818121014351975,0.0
same_drone,MT_s004,1.0,2.0,3,2,2,2524,25.33614683151245,1.604868825509202,6.836301578966945,0.022187004754358162
same_drone,MT_s004,1.0,2.0,3,3,3,2665,26.740379095077515,1.4723947918887959,4.55729271154279,0.028893058161350845
same_drone,MT_s004,1.0,2.0,3,4,4,2618,26.25896406173706,1.1770301428809802,4.35179506629694,0.0
same_drone,MT_s004,1.0,2.0,3,5,5,2530,25.401978969573975,1.241920440080058,4.458680077244089,0.011857707509881422
same_drone,MT_s004,1.0,2.0,3,6,6,2525,25.403844833374023,1.5482986963753795,5.24453869028151,0.002772277227722772
same_drone,MT_s004,1.0,2.0,3,7,7,2722,27.329137802124023,1.7349201937413277,12.46306727538486,0.09662013225569434
same_drone,MT_s004,1.0,2.0,3,8,8,2312,23.212925910949707,1.148977595452692,4.399865395607852,0.008217993079584774
same_drone,MT_s004,1.0,2.0,3,9,9,2312,23.21662998199463,1.033602919996639,4.865185099033212,0.0
same_drone,MT_s004,1.0,2.0,3,10,10,2346,23.52618908882141,1.4152193327261955,3.8402648325984927,0.013640238704177323
same_drone,MT_s004,1.0,2.0,3,11,11,2666,26.786911964416504,2.231200551875091,16.693855991511775,0.11140285071267816
same_drone,MT_s004,1.0,2.0,3,12,12,2344,23.593735933303833,1.5912838813472803,6.976232445597105,0.023464163822525596
same_drone,MT_s004,1.0,2.0,3,13,13,2307,23.15007710456848,1.3210534551012074,4.6441638382922585,0.014304291287386216
same_drone,MT_s004,1.0,2.0,3,14,14,2625,26.3830509185791,1.6166697680417457,4.8290395588903605,0.022095238095238095
same_drone,MT_s004,1.0,2.0,3,15,15,2334,23.44292402267456,1.2896869776393984,5.221340682192877,0.016281062553556127
same_drone,MT_s004,1.0,2.0,4,1,1,2472,24.886879920959473,1.7088441712083444,5.6291889151879895,0.0
same_drone,MT_s004,1.0,2.0,4,2,2,2524,25.33614683151245,1.5976486412833708,6.200907558895122,0.0
same_drone,MT_s004,1.0,2.0,4,3,3,2665,26.740379095077515,1.5153910613721848,4.401328683751023,0.025891181988742965
same_drone,MT_s004,1.0,2.0,4,4,4,2618,26.25896406173706,1.1830080496904358,4.481665380742492,0.0
same_drone,MT_s004,1.0,2.0,4,5,5,2530,25.401978969573975,1.1620926166210204,6.064754759324139,0.0003952569169960474
same_drone,MT_s004,1.0,2.0,4,6,6,2525,25.403844833374023,1.8238849762139466,5.651586792129016,0.002772277227722772
same_drone,MT_s004,1.0,2.0,4,7,7,2722,27.329137802124023,2.085291495763194,19.605859087612448,0.10911094783247612
same_drone,MT_s004,1.0,2.0,4,8,8,2312,23.212925910949707,1.1045089276640567,4.572081598185939,0.008217993079584774
same_drone,MT_s004,1.0,2.0,4,9,9,2312,23.21662998199463,1.1529803227948747,4.310703239758845,0.0
same_drone,MT_s004,1.0,2.0,4,10,10,2346,23.52618908882141,1.5036844321344738,5.623685713043415,0.013640238704177323
same_drone,MT_s004,1.0,2.0,4,11,11,2666,26.786911964416504,1.8776189125329594,19.235838462168758,0.11890472618154539
same_drone,MT_s004,1.0,2.0,4,12,12,2344,23.593735933303833,1.6544096105659065,6.523880226634421,0.012798634812286689
same_drone,MT_s004,1.0,2.0,4,13,13,2307,23.15007710456848,1.3333900101766005,4.878713402875146,0.010836584308625921
same_drone,MT_s004,1.0,2.0,4,14,14,2625,26.3830509185791,1.607163466757413,5.499117306472202,0.03504761904761905
same_drone,MT_s004,1.0,2.0,4,15,15,2334,23.44292402267456,1.1350642987126633,4.930203709107171,0.013710368466152529
same_drone,MT_s004,1.0,5.0,0,1,1,2472,24.886879920959473,1.7788668716064535,5.320019706501461,0.0
same_drone,MT_s004,1.0,5.0,0,2,2,2524,25.33614683151245,1.567665079400271,5.657450695840386,0.004754358161648178
same_drone,MT_s004,1.0,5.0,0,3,3,2665,26.740379095077515,1.5167235471783727,4.555033312793727,0.025891181988742965
same_drone,MT_s004,1.0,5.0,0,4,4,2618,26.25896406173706,1.1513973518775487,4.079472471657195,0.0
same_drone,MT_s004,1.0,5.0,0,5,5,2530,25.401978969573975,1.535571328308066,5.0773367827318445,0.0
same_drone,MT_s004,1.0,5.0,0,6,6,2525,25.403844833374023,1.6353880602097774,5.217161848511925,0.008712871287128714
same_drone,MT_s004,1.0,5.0,0,7,7,2722,27.329137802124023,1.901323842752742,8.45510754552018,0.05253490080822924
same_drone,MT_s004,1.0,5.0,0,8,8,2312,23.212925910949707,0.9906048025356355,7.057853311333695,0.018598615916955018
same_drone,MT_s004,1.0,5.0,0,9,9,2312,23.21662998199463,1.2485688825299235,5.812439328819998,0.01513840830449827
same_drone,MT_s004,1.0,5.0,0,10,10,2346,23.52618908882141,1.7823588732536884,6.210785562957909,0.013640238704177323
same_drone,MT_s004,1.0,5.0,0,11,11,2666,26.786911964416504,2.5374742526120144,49.76340191103895,0.1774193548387097
same_drone,MT_s004,1.0,5.0,0,12,12,2344,23.593735933303833,1.5642150601666174,5.715790804457332,0.034129692832764506
same_drone,MT_s004,1.0,5.0,0,13,13,2307,23.15007710456848,1.3974709102739098,4.931658251841893,0.0
same_drone,MT_s004,1.0,5.0,0,14,14,2625,26.3830509185791,2.1092804613747376,10.36514093459594,0.07580952380952381
same_drone,MT_s004,1.0,5.0,0,15,15,2334,23.44292402267456,1.3122020304710507,5.485806320400887,0.031276778063410456
same_drone,MT_s004,1.0,5.0,1,1,1,2472,24.886879920959473,1.7516407819824806,5.376990702253202,0.0
same_drone,MT_s004,1.0,5.0,1,2,2,2524,25.33614683151245,1.6931311247062357,8.142371942155945,0.05150554675118859
same_drone,MT_s004,1.0,5.0,1,3,3,2665,26.740379095077515,1.3918680881363912,4.348788108789056,0.025140712945590993
same_drone,MT_s004,1.0,5.0,1,4,4,2618,26.25896406173706,1.173654300521079,4.210287192739831,0.0
same_drone,MT_s004,1.0,5.0,1,5,5,2530,25.401978969573975,1.3540787087658543,5.034477690842212,0.005533596837944664
same_drone,MT_s004,1.0,5.0,1,6,6,2525,25.403844833374023,1.603119695672035,5.185801841003234,0.007920792079207921
same_drone,MT_s004,1.0,5.0,1,7,7,2722,27.329137802124023,1.8579187053760542,9.358945289987282,0.07531227038941954
same_drone,MT_s004,1.0,5.0,1,8,8,2312,23.212925910949707,1.2561319194690554,9.703862911001549,0.08650519031141868
same_drone,MT_s004,1.0,5.0,1,9,9,2312,23.21662998199463,1.0767664130727699,5.914107871243963,0.020761245674740483
same_drone,MT_s004,1.0,5.0,1,10,10,2346,23.52618908882141,1.7401478478280836,7.205683303943886,0.013640238704177323
same_drone,MT_s004,1.0,5.0,1,11,11,2666,26.786911964416504,2.281123135347542,31.48652146067394,0.21192798199549887
same_drone,MT_s004,1.0,5.0,1,12,12,2344,23.593735933303833,1.756178093021468,9.468834751428316,0.07508532423208192
same_drone,MT_s004,1.0,5.0,1,13,13,2307,23.15007710456848,1.5459517266400198,6.142255880426532,0.002600780234070221
same_drone,MT_s004,1.0,5.0,1,14,14,2625,26.3830509185791,2.087742508106288,34.03480760735156,0.14552380952380953
same_drone,MT_s004,1.0,5.0,1,15,15,2334,23.44292402267456,1.287204830591996,5.726160999994662,0.03427592116538132
same_drone,MT_s004,1.0,5.0,2,1,1,2472,24.886879920959473,1.7354508341761488,5.513683094317074,0.0
same_drone,MT_s004,1.0,5.0,2,2,2,2524,25.33614683151245,1.5427426210634643,6.347544511534331,0.04675118858954041
same_drone,MT_s004,1.0,5.0,2,3,3,2665,26.740379095077515,1.51428424698571,4.090794731872701,0.025891181988742965
same_drone,MT_s004,1.0,5.0,2,4,4,2618,26.25896406173706,1.1747335155289278,4.315417131875682,0.0
same_drone,MT_s004,1.0,5.0,2,5,5,2530,25.401978969573975,1.2787114278830671,5.19656650877101,0.0
same_drone,MT_s004,1.0,5.0,2,6,6,2525,25.403844833374023,1.6883264894043606,5.406735896562071,0.008316831683168317
same_drone,MT_s004,1.0,5.0,2,7,7,2722,27.329137802124023,1.8430290805415055,10.41718546375906,0.08339456282145481
same_drone,MT_s004,1.0,5.0,2,8,8,2312,23.212925910949707,1.135057879643938,4.955869121807669,0.009515570934256055
same_drone,MT_s004,1.0,5.0,2,9,9,2312,23.21662998199463,1.2062619463445543,5.002922137835461,0.01513840830449827
same_drone,MT_s004,1.0,5.0,2,10,10,2346,23.52618908882141,1.6111417476674745,6.153247174515247,0.01875532821824382
same_drone,MT_s004,1.0,5.0,2,11,11,2666,26.786911964416504,2.4112752771451085,86.97473065504366,0.2374343585896474
same_drone,MT_s004,1.0,5.0,2,12,12,2344,23.593735933303833,1.6106357414699204,5.2508186391255265,0.007679180887372013
same_drone,MT_s004,1.0,5.0,2,13,13,2307,23.15007710456848,1.585150391075274,4.262277095490006,0.0
same_drone,MT_s004,1.0,5.0,2,14,14,2625,26.3830509185791,1.7970122334814391,7.242158148538737,0.039619047619047616
same_drone,MT_s004,1.0,5.0,2,15,15,2334,23.44292402267456,1.233233750639032,5.63367524164501,0.030848329048843187
same_drone,MT_s004,1.0,5.0,3,1,1,2472,24.886879920959473,1.7122090029625099,5.212907045428446,0.0
same_drone,MT_s004,1.0,5.0,3,2,2,2524,25.33614683151245,1.7185503253559236,5.7779044769348085,0.009112519809825673
same_drone,MT_s004,1.0,5.0,3,3,3,2665,26.740379095077515,1.4208904143346786,5.0296744466650924,0.028893058161350845
same_drone,MT_s004,1.0,5.0,3,4,4,2618,26.25896406173706,1.3134301414617084,4.311453342359844,0.0
same_drone,MT_s004,1.0,5.0,3,5,5,2530,25.401978969573975,1.353468044724261,4.987010121816366,0.005533596837944664
same_drone,MT_s004,1.0,5.0,3,6,6,2525,25.403844833374023,1.7260188274655945,5.820799322673372,0.011485148514851485
same_drone,MT_s004,1.0,5.0,3,7,7,2722,27.329137802124023,2.028921721782801,8.51907563004143,0.04812637766348273
same_drone,MT_s004,1.0,5.0,3,8,8,2312,23.212925910949707,1.1442416570386698,6.523936801095409,0.0
same_drone,MT_s004,1.0,5.0,3,9,9,2312,23.21662998199463,1.3389012329475563,5.509341975926139,0.0034602076124567475
same_drone,MT_s004,1.0,5.0,3,10,10,2346,23.52618908882141,1.655494692751958,7.304697011133314,0.017050298380221655
same_drone,MT_s004,1.0,5.0,3,11,11,2666,26.786911964416504,2.2717111536971686,62.887866079699265,0.18529632408102026
same_drone,MT_s004,1.0,5.0,3,12,12,2344,23.593735933303833,1.7692314990824798,6.855929944147108,0.052901023890784986
same_drone,MT_s004,1.0,5.0,3,13,13,2307,23.15007710456848,1.7515802706891748,9.39269441648668,0.07152145643693109
same_drone,MT_s004,1.0,5.0,3,14,14,2625,26.3830509185791,2.20483287274115,15.898412565829252,0.10742857142857143
same_drone,MT_s004,1.0,5.0,3,15,15,2334,23.44292402267456,1.2045374852686592,5.603709809770414,0.028706083976006855
same_drone,MT_s004,1.0,5.0,4,1,1,2472,24.886879920959473,1.7223489198095336,5.620342030635024,0.0
same_drone,MT_s004,1.0,5.0,4,2,2,2524,25.33614683151245,1.5733181969582972,5.642424678125694,0.010301109350237718
same_drone,MT_s004,1.0,5.0,4,3,3,2665,26.740379095077515,1.44555891537442,4.493894507160576,0.03151969981238274
same_drone,MT_s004,1.0,5.0,4,4,4,2618,26.25896406173706,1.229647144072814,4.420953256946331,0.0
same_drone,MT_s004,1.0,5.0,4,5,5,2530,25.401978969573975,1.3239851804579068,4.804078736764217,0.0
same_drone,MT_s004,1.0,5.0,4,6,6,2525,25.403844833374023,1.6847342891252595,6.603547914872845,0.008316831683168317
same_drone,MT_s004,1.0,5.0,4,7,7,2722,27.329137802124023,2.130483827357196,8.48272784035269,0.054739162380602495
same_drone,MT_s004,1.0,5.0,4,8,8,2312,23.212925910949707,1.1585831466583407,5.775867668733897,0.0
same_drone,MT_s004,1.0,5.0,4,9,9,2312,23.21662998199463,1.3495159858883312,5.379914078218719,0.0038927335640138406
same_drone,MT_s004,1.0,5.0,4,10,10,2346,23.52618908882141,1.5559777904519194,6.840689814140827,0.013640238704177323
same_drone,MT_s004,1.0,5.0,4,11,11,2666,26.786911964416504,2.54097749594861,79.8488275269855,0.18229557389347337
same_drone,MT_s004,1.0,5.0,4,12,12,2344,23.593735933303833,1.8217591864335674,7.719440673593985,0.04692832764505119
same_drone,MT_s004,1.0,5.0,4,13,13,2307,23.15007710456848,1.690425281968544,6.203999400140907,0.01950585175552666
same_drone,MT_s004,1.0,5.0,4,14,14,2625,26.3830509185791,1.9183013372470015,8.960653826606505,0.06933333333333333
same_drone,MT_s004,1.0,5.0,4,15,15,2334,23.44292402267456,1.2200779667115143,5.272475909237142,0.031276778063410456
same_drone,MT_s004,3.0,0.2,0,1,1,2472,24.886879920959473,1.2838222253357827,3.191004233088605,0.0
same_drone,MT_s004,3.0,0.2,0,2,2,2524,25.33614683151245,1.1887596018586777,3.1811657394025636,0.0
same_drone,MT_s004,3.0,0.2,0,3,3,2665,26.740379095077515,1.1093434286379988,3.55828698237467,0.0
same_drone,MT_s004,3.0,0.2,0,4,4,2618,26.25896406173706,1.0958568654603376,3.3743232130128757,0.004965622612681436
same_drone,MT_s004,3.0,0.2,0,5,5,2530,25.401978969573975,1.1276900953304079,3.474054805408139,0.0
same_drone,MT_s004,3.0,0.2,0,6,6,2525,25.403844833374023,1.3223777644507209,4.2806704631086685,0.0015841584158415843
same_drone,MT_s004,3.0,0.2,0,7,7,2722,27.329137802124023,1.186454196277957,6.94980908143681,0.024981631153563555
same_drone,MT_s004,3.0,0.2,0,8,8,2312,23.212925910949707,1.0846687460185223,2.7430012811169044,0.0
same_drone,MT_s004,3.0,0.2,0,9,9,2312,23.21662998199463,1.205808217294921,4.265957374300785,0.0
same_drone,MT_s004,3.0,0.2,0,10,10,2346,23.52618908882141,1.322048270435765,3.693632894608612,0.013640238704177323
same_drone,MT_s004,3.0,0.2,0,11,11,2666,26.786911964416504,1.1289485125901564,5.672117863023871,0.003000750187546887
same_drone,MT_s004,3.0,0.2,0,12,12,2344,23.593735933303833,0.9742470485873369,3.0948292156598654,0.0
same_drone,MT_s004,3.0,0.2,0,13,13,2307,23.15007710456848,1.0772987964374465,2.8939250050318552,0.0
same_drone,MT_s004,3.0,0.2,0,14,14,2625,26.3830509185791,1.1545297484923367,3.4662163591341026,0.0007619047619047619
same_drone,MT_s004,3.0,0.2,0,15,15,2334,23.44292402267456,0.8263975994907833,3.133189253852575,0.003427592116538132
same_drone,MT_s004,3.0,0.2,1,1,1,2472,24.886879920959473,1.121444114091398,3.412593102581294,0.0
same_drone,MT_s004,3.0,0.2,1,2,2,2524,25.33614683151245,1.1151014975825646,3.221515249175722,0.0
same_drone,MT_s004,3.0,0.2,1,3,3,2665,26.740379095077515,1.1033997558238866,3.23383153728311,0.0
same_drone,MT_s004,3.0,0.2,1,4,4,2618,26.25896406173706,1.103904233607949,4.027341602717146,0.0
same_drone,MT_s004,3.0,0.2,1,5,5,2530,25.401978969573975,1.1297748997339312,2.879850884204538,0.0
same_drone,MT_s004,3.0,0.2,1,6,6,2525,25.403844833374023,1.0572458376176428,2.6863461763220413,0.007128712871287129
same_drone,MT_s004,3.0,0.2,1,7,7,2722,27.329137802124023,1.4176611812326456,6.525484098819863,0.040778839088905214
same_drone,MT_s004,3.0,0.2,1,8,8,2312,23.212925910949707,1.1734849818115372,3.3089586205225494,0.0
same_drone,MT_s004,3.0,0.2,1,9,9,2312,23.21662998199463,1.207711624805416,3.0107263312760155,0.0
same_drone,MT_s004,3.0,0.2,1,10,10,2346,23.52618908882141,1.1395038579561074,3.246006303708384,0.02216538789428815
same_drone,MT_s004,3.0,0.2,1,11,11,2666,26.786911964416504,1.168907715288455,4.682979041402831,0.0015003750937734434
same_drone,MT_s004,3.0,0.2,1,12,12,2344,23.593735933303833,1.1143499096528373,3.258517657498104,0.0
same_drone,MT_s004,3.0,0.2,1,13,13,2307,23.15007710456848,1.2451694179329706,3.2746832507254884,0.0
same_drone,MT_s004,3.0,0.2,1,14,14,2625,26.3830509185791,1.3152704373715665,4.1860050179634865,0.007619047619047619
same_drone,MT_s004,3.0,0.2,1,15,15,2334,23.44292402267456,1.2359393284992635,3.1930647975604303,0.0
same_drone,MT_s004,3.0,0.2,2,1,1,2472,24.886879920959473,1.1493895340554303,3.5281428399936865,0.0
same_drone,MT_s004,3.0,0.2,2,2,2,2524,25.33614683151245,1.4077616607330725,4.085013378290711,0.0
same_drone,MT_s004,3.0,0.2,2,3,3,2665,26.740379095077515,0.9768167519318496,3.6858979109611916,0.0
same_drone,MT_s004,3.0,0.2,2,4,4,2618,26.25896406173706,0.9973720400326016,2.838818057199621,0.0
same_drone,MT_s004,3.0,0.2,2,5,5,2530,25.401978969573975,1.1529484255129034,3.105164276679682,0.0
same_drone,MT_s004,3.0,0.2,2,6,6,2525,25.403844833374023,1.2285608121321445,3.961961788977748,0.010297029702970298
same_drone,MT_s004,3.0,0.2,2,7,7,2722,27.329137802124023,1.276159911577606,6.127272180947744,0.02351212343864805
same_drone,MT_s004,3.0,0.2,2,8,8,2312,23.212925910949707,0.9810766874090291,3.2650667904741213,0.0
same_drone,MT_s004,3.0,0.2,2,9,9,2312,23.21662998199463,0.9637419334184347,3.3471539384045417,0.0
same_drone,MT_s004,3.0,0.2,2,10,10,2346,23.52618908882141,1.3486075740147783,3.1750005858429944,0.013640238704177323
same_drone,MT_s004,3.0,0.2,2,11,11,2666,26.786911964416504,1.1786946586115103,5.111210716702239,0.0
same_drone,MT_s004,3.0,0.2,2,12,12,2344,23.593735933303833,1.295187909819921,3.772322856737802,0.0
same_drone,MT_s004,3.0,0.2,2,13,13,2307,23.15007710456848,1.168210340318339,3.4514748471006014,0.0
same_drone,MT_s004,3.0,0.2,2,14,14,2625,26.3830509185791,1.237658206613304,3.742382533237861,0.0
same_drone,MT_s004,3.0,0.2,2,15,15,2334,23.44292402267456,0.9726295937582705,3.1852551959414597,0.0
same_drone,MT_s004,3.0,0.2,3,1,1,2472,24.886879920959473,1.4299027511344704,3.4099158318285876,0.0
same_drone,MT_s004,3.0,0.2,3,2,2,2524,25.33614683151245,1.1349350461031271,3.3866477343830854,0.0
same_drone,MT_s004,3.0,0.2,3,3,3,2665,26.740379095077515,1.226695291883459,3.3439398807844576,0.0
same_drone,MT_s004,3.0,0.2,3,4,4,2618,26.25896406173706,1.013952596070311,2.9138390358706925,0.0
same_drone,MT_s004,3.0,0.2,3,5,5,2530,25.401978969573975,1.0699090680151357,2.666731999661835,0.0
same_drone,MT_s004,3.0,0.2,3,6,6,2525,25.403844833374023,1.5386594792730364,4.486856560828202,0.0039603960396039604
same_drone,MT_s004,3.0,0.2,3,7,7,2722,27.329137802124023,1.3776928241221569,7.572470074164214,0.03600293901542983
same_drone,MT_s004,3.0,0.2,3,8,8,2312,23.212925910949707,0.9684389971681782,2.849103161896242,0.0
same_drone,MT_s004,3.0,0.2,3,9,9,2312,23.21662998199463,1.0664810662948838,2.999876898751315,0.0
same_drone,MT_s004,3.0,0.2,3,10,10,2346,23.52618908882141,1.2235375036943026,4.289893699703448,0.013640238704177323
same_drone,MT_s004,3.0,0.2,3,11,11,2666,26.786911964416504,1.3237787767010332,6.019453858809044,0.0018754688672168042
same_drone,MT_s004,3.0,0.2,3,12,12,2344,23.593735933303833,1.247764912617484,3.9628316812518176,0.0
same_drone,MT_s004,3.0,0.2,3,13,13,2307,23.15007710456848,1.1548997566425783,3.309222485660007,0.0
same_drone,MT_s004,3.0,0.2,3,14,14,2625,26.3830509185791,1.2238817865552107,3.549311353254177,0.0
same_drone,MT_s004,3.0,0.2,3,15,15,2334,23.44292402267456,1.1346063516870952,3.1516980624842557,0.0
same_drone,MT_s004,3.0,0.2,4,1,1,2472,24.886879920959473,1.2584494515700086,3.20593190628065,0.0
same_drone,MT_s004,3.0,0.2,4,2,2,2524,25.33614683151245,1.3718580965475828,3.9520938166319555,0.0
same_drone,MT_s004,3.0,0.2,4,3,3,2665,26.740379095077515,1.2363439209678617,3.733985396106555,0.0
same_drone,MT_s004,3.0,0.2,4,4,4,2618,26.25896406173706,0.9256778762524647,3.3842449117820435,0.0
same_drone,MT_s004,3.0,0.2,4,5,5,2530,25.401978969573975,0.9729666368650207,3.1285663010109426,0.0
same_drone,MT_s004,3.0,0.2,4,6,6,2525,25.403844833374023,1.2162309901242736,3.92292764079228,0.007920792079207921
same_drone,MT_s004,3.0,0.2,4,7,7,2722,27.329137802124023,1.227294418734168,6.098471166012634,0.02351212343864805
same_drone,MT_s004,3.0,0.2,4,8,8,2312,23.212925910949707,0.9815717335846159,2.639930373291679,0.0
same_drone,MT_s004,3.0,0.2,4,9,9,2312,23.21662998199463,1.0217385578611582,3.1643405435258916,0.0
same_drone,MT_s004,3.0,0.2,4,10,10,2346,23.52618908882141,1.3900120661779312,3.4814132198807783,0.013640238704177323
same_drone,MT_s004,3.0,0.2,4,11,11,2666,26.786911964416504,1.1552069894547081,5.822279917825156,0.003000750187546887
same_drone,MT_s004,3.0,0.2,4,12,12,2344,23.593735933303833,1.1700303038527764,3.9308189388317625,0.0
same_drone,MT_s004,3.0,0.2,4,13,13,2307,23.15007710456848,1.0167227733305708,3.0584458342467373,0.0
same_drone,MT_s004,3.0,0.2,4,14,14,2625,26.3830509185791,1.1809454518787632,3.629832554047937,0.0015238095238095239
same_drone,MT_s004,3.0,0.2,4,15,15,2334,23.44292402267456,0.8424837223262216,3.175991216413907,0.0
same_drone,MT_s004,3.0,0.5,0,1,1,2472,24.886879920959473,1.4599439652010417,3.953227000776233,0.0
same_drone,MT_s004,3.0,0.5,0,2,2,2524,25.33614683151245,1.4187602414662877,3.9049459593491216,0.006735340729001585
same_drone,MT_s004,3.0,0.5,0,3,3,2665,26.740379095077515,1.3238372345788036,3.6035439560640743,0.0
same_drone,MT_s004,3.0,0.5,0,4,4,2618,26.25896406173706,1.1985550311631101,4.003978875456532,0.0
same_drone,MT_s004,3.0,0.5,0,5,5,2530,25.401978969573975,1.5296351137559725,4.242273940646588,0.0
same_drone,MT_s004,3.0,0.5,0,6,6,2525,25.403844833374023,1.432944805313852,5.50301055597505,0.0031683168316831685
same_drone,MT_s004,3.0,0.5,0,7,7,2722,27.329137802124023,1.6778813615536166,7.755928923280738,0.0334313005143277
same_drone,MT_s004,3.0,0.5,0,8,8,2312,23.212925910949707,1.3218716468710383,3.565529359587325,0.0
same_drone,MT_s004,3.0,0.5,0,9,9,2312,23.21662998199463,1.1781320804067832,3.453279492784259,0.0
same_drone,MT_s004,3.0,0.5,0,10,10,2346,23.52618908882141,1.4052860825306155,4.226914927644181,0.013640238704177323
same_drone,MT_s004,3.0,0.5,0,11,11,2666,26.786911964416504,1.3232182322779948,6.403473724416614,0.024006001500375095
same_drone,MT_s004,3.0,0.5,0,12,12,2344,23.593735933303833,1.4925187735078111,4.154348327385627,0.0
same_drone,MT_s004,3.0,0.5,0,13,13,2307,23.15007710456848,1.4160431162545706,4.575953415535355,0.0
same_drone,MT_s004,3.0,0.5,0,14,14,2625,26.3830509185791,1.4778816779476074,3.9508802707445847,0.004190476190476191
same_drone,MT_s004,3.0,0.5,0,15,15,2334,23.44292402267456,1.0021806078498372,4.378946828472064,0.0021422450728363325
same_drone,MT_s004,3.0,0.5,1,1,1,2472,24.886879920959473,1.2997684762836101,3.584563181063233,0.0
same_drone,MT_s004,3.0,0.5,1,2,2,2524,25.33614683151245,1.3361411389526339,3.952971589134718,0.0
same_drone,MT_s004,3.0,0.5,1,3,3,2665,26.740379095077515,1.5427425706191116,4.119481194761624,0.0
same_drone,MT_s004,3.0,0.5,1,4,4,2618,26.25896406173706,0.9857000686820356,3.19140867689516,0.0
same_drone,MT_s004,3.0,0.5,1,5,5,2530,25.401978969573975,1.168167810285496,3.702222202815053,0.0003952569169960474
same_drone,MT_s004,3.0,0.5,1,6,6,2525,25.403844833374023,1.351226472870465,5.443765384619154,0.0039603960396039604
same_drone,MT_s004,3.0,0.5,1,7,7,2722,27.329137802124023,1.6407837155447282,6.588378447008422,0.035635562086700955
same_drone,MT_s004,3.0,0.5,1,8,8,2312,23.212925910949707,1.1650591215053083,3.808354282989829,0.0
same_drone,MT_s004,3.0,0.5,1,9,9,2312,23.21662998199463,1.0753580787377928,4.5003333693282865,0.0
same_drone,MT_s004,3.0,0.5,1,10,10,2346,23.52618908882141,1.4887165109534877,4.824930467066103,0.013640238704177323
same_drone,MT_s004,3.0,0.5,1,11,11,2666,26.786911964416504,1.897906282936816,6.672152476750881,0.02738184546136534
same_drone,MT_s004,3.0,0.5,1,12,12,2344,23.593735933303833,1.309625230298324,4.515909805969831,0.004266211604095563
same_drone,MT_s004,3.0,0.5,1,13,13,2307,23.15007710456848,1.490914975819777,4.0724290843662985,0.0
same_drone,MT_s004,3.0,0.5,1,14,14,2625,26.3830509185791,1.3409448746881196,4.271453242965355,0.009904761904761904
same_drone,MT_s004,3.0,0.5,1,15,15,2334,23.44292402267456,1.177339964520172,4.128016195989713,0.0
same_drone,MT_s004,3.0,0.5,2,1,1,2472,24.886879920959473,1.5261424549764655,4.063422884395182,0.0
same_drone,MT_s004,3.0,0.5,2,2,2,2524,25.33614683151245,1.7318560680016473,5.366633640754109,0.003961965134706815
same_drone,MT_s004,3.0,0.5,2,3,3,2665,26.740379095077515,1.429786982877289,3.735846578706281,0.0
same_drone,MT_s004,3.0,0.5,2,4,4,2618,26.25896406173706,1.1723952402351987,3.850194409396147,0.0
same_drone,MT_s004,3.0,0.5,2,5,5,2530,25.401978969573975,1.364090177697733,3.797270312752135,0.0
same_drone,MT_s004,3.0,0.5,2,6,6,2525,25.403844833374023,1.2044294316125388,4.297906333919328,0.0039603960396039604
same_drone,MT_s004,3.0,0.5,2,7,7,2722,27.329137802124023,1.5605463445899215,9.37990911320864,0.054739162380602495
same_drone,MT_s004,3.0,0.5,2,8,8,2312,23.212925910949707,1.0106942277572664,3.4103034614770973,0.0
same_drone,MT_s004,3.0,0.5,2,9,9,2312,23.21662998199463,1.1093052242579304,3.2728027634265016,0.0025951557093425604
same_drone,MT_s004,3.0,0.5,2,10,10,2346,23.52618908882141,1.3447116548168054,4.148196638627567,0.013640238704177323
same_drone,MT_s004,3.0,0.5,2,11,11,2666,26.786911964416504,1.5428646836297197,6.232042465935457,0.028507126781695424
same_drone,MT_s004,3.0,0.5,2,12,12,2344,23.593735933303833,1.5408128196136417,4.171275286275289,0.0
same_drone,MT_s004,3.0,0.5,2,13,13,2307,23.15007710456848,1.2127741856658787,3.7792336139388856,0.0
same_drone,MT_s004,3.0,0.5,2,14,14,2625,26.3830509185791,1.3084787203615917,5.259728404406359,0.013714285714285714
same_drone,MT_s004,3.0,0.5,2,15,15,2334,23.44292402267456,1.0352846742966335,4.499416059524956,0.011568123393316195
same_drone,MT_s004,3.0,0.5,3,1,1,2472,24.886879920959473,1.2688326213667267,4.5439156705196995,0.0
same_drone,MT_s004,3.0,0.5,3,2,2,2524,25.33614683151245,1.1849321545681128,3.6895858010932985,0.0
same_drone,MT_s004,3.0,0.5,3,3,3,2665,26.740379095077515,1.2450923876186266,3.4284108742704684,0.0
same_drone,MT_s004,3.0,0.5,3,4,4,2618,26.25896406173706,1.1673854606371634,3.7367780466109894,0.0
same_drone,MT_s004,3.0,0.5,3,5,5,2530,25.401978969573975,1.1699412279934904,3.4191079590499696,0.0
same_drone,MT_s004,3.0,0.5,3,6,6,2525,25.403844833374023,1.1459894378373008,4.463125318381402,0.002772277227722772
same_drone,MT_s004,3.0,0.5,3,7,7,2722,27.329137802124023,1.555817198947933,7.746485325125,0.03306392358559882
same_drone,MT_s004,3.0,0.5,3,8,8,2312,23.212925910949707,1.0875786866889143,3.7387166242721324,0.0
same_drone,MT_s004,3.0,0.5,3,9,9,2312,23.21662998199463,1.2541107607196835,3.8234170806462897,0.0
same_drone,MT_s004,3.0,0.5,3,10,10,2346,23.52618908882141,1.4573739626814906,4.245481929272572,0.013640238704177323
same_drone,MT_s004,3.0,0.5,3,11,11,2666,26.786911964416504,1.7333904093529213,7.176509280932827,0.02138034508627157
same_drone,MT_s004,3.0,0.5,3,12,12,2344,23.593735933303833,1.634176975106982,5.776128509267369,0.0
same_drone,MT_s004,3.0,0.5,3,13,13,2307,23.15007710456848,1.3622891027117099,4.41919715513812,0.0
same_drone,MT_s004,3.0,0.5,3,14,14,2625,26.3830509185791,1.5196549996422277,5.19391082674507,0.006857142857142857
same_drone,MT_s004,3.0,0.5,3,15,15,2334,23.44292402267456,1.2654055258510795,4.302485703390906,0.006855184233076264
same_drone,MT_s004,3.0,0.5,4,1,1,2472,24.886879920959473,1.5201468321377263,4.26936013673796,0.0
same_drone,MT_s004,3.0,0.5,4,2,2,2524,25.33614683151245,1.3382350617245464,3.821918142365802,0.002377179080824089
same_drone,MT_s004,3.0,0.5,4,3,3,2665,26.740379095077515,1.37152914814817,3.47449715851494,0.0
same_drone,MT_s004,3.0,0.5,4,4,4,2618,26.25896406173706,1.3023218250545767,4.078099238186195,0.0
same_drone,MT_s004,3.0,0.5,4,5,5,2530,25.401978969573975,1.4262791973786335,4.057389362828262,0.0023715415019762848
same_drone,MT_s004,3.0,0.5,4,6,6,2525,25.403844833374023,1.457418724192351,4.7636434062371675,0.0015841584158415843
same_drone,MT_s004,3.0,0.5,4,7,7,2722,27.329137802124023,1.6222080814717152,6.332322284257949,0.03379867744305658
same_drone,MT_s004,3.0,0.5,4,8,8,2312,23.212925910949707,1.0061204855690278,3.4458557596414634,0.0
same_drone,MT_s004,3.0,0.5,4,9,9,2312,23.21662998199463,1.1871905483535699,3.2255817460414287,0.0
same_drone,MT_s004,3.0,0.5,4,10,10,2346,23.52618908882141,1.5726867590949425,4.399186627405847,0.013640238704177323
same_drone,MT_s004,3.0,0.5,4,11,11,2666,26.786911964416504,1.4674768772398181,7.385770586573116,0.04238559639909977
same_drone,MT_s004,3.0,0.5,4,12,12,2344,23.593735933303833,1.3888556263241014,5.227643501178965,0.005972696245733789
same_drone,MT_s004,3.0,0.5,4,13,13,2307,23.15007710456848,1.3065116481091934,3.8192729176452307,0.0
same_drone,MT_s004,3.0,0.5,4,14,14,2625,26.3830509185791,1.2621713083265433,4.623952728657718,0.005333333333333333
same_drone,MT_s004,3.0,0.5,4,15,15,2334,23.44292402267456,1.099472520277331,3.97074362517677,0.011139674378748929
same_drone,MT_s004,3.0,1.0,0,1,1,2472,24.886879920959473,1.5031467414500526,5.22687554886846,0.0
same_drone,MT_s004,3.0,1.0,0,2,2,2524,25.33614683151245,1.6203169966823054,5.006671667581541,0.0
same_drone,MT_s004,3.0,1.0,0,3,3,2665,26.740379095077515,1.6472189978093326,4.250875804321907,0.0
same_drone,MT_s004,3.0,1.0,0,4,4,2618,26.25896406173706,1.2088865176361026,4.460458289148533,0.0
same_drone,MT_s004,3.0,1.0,0,5,5,2530,25.401978969573975,1.3120922839196112,3.7676368171180035,0.0
same_drone,MT_s004,3.0,1.0,0,6,6,2525,25.403844833374023,1.5426771806395578,6.272586301589136,0.002772277227722772
same_drone,MT_s004,3.0,1.0,0,7,7,2722,27.329137802124023,1.5244850026590946,13.4747328694453,0.09698750918442321
same_drone,MT_s004,3.0,1.0,0,8,8,2312,23.212925910949707,1.1588181141436458,5.314586750951127,0.008217993079584774
same_drone,MT_s004,3.0,1.0,0,9,9,2312,23.21662998199463,1.2345573133113703,4.18330077222732,0.008217993079584774
same_drone,MT_s004,3.0,1.0,0,10,10,2346,23.52618908882141,1.4752088399505148,5.018439271667688,0.013640238704177323
same_drone,MT_s004,3.0,1.0,0,11,11,2666,26.786911964416504,1.723120558065439,10.03450557036355,0.08289572393098274
same_drone,MT_s004,3.0,1.0,0,12,12,2344,23.593735933303833,1.5803671431644197,5.193250305387986,0.0
same_drone,MT_s004,3.0,1.0,0,13,13,2307,23.15007710456848,1.5131024336793644,4.895608684724404,0.008669267446900737
same_drone,MT_s004,3.0,1.0,0,14,14,2625,26.3830509185791,1.2941068860410212,4.238728063994719,0.0034285714285714284
same_drone,MT_s004,3.0,1.0,0,15,15,2334,23.44292402267456,1.199214551039077,5.467448995862019,0.020137103684661525
same_drone,MT_s004,3.0,1.0,1,1,1,2472,24.886879920959473,1.7177522489144792,5.018040479932649,0.0
same_drone,MT_s004,3.0,1.0,1,2,2,2524,25.33614683151245,1.4821368427257795,4.015747026692153,0.0
same_drone,MT_s004,3.0,1.0,1,3,3,2665,26.740379095077515,1.3019325851826977,3.833699727228815,0.0
same_drone,MT_s004,3.0,1.0,1,4,4,2618,26.25896406173706,1.1366003527941935,4.41336419115354,0.0
same_drone,MT_s004,3.0,1.0,1,5,5,2530,25.401978969573975,1.4173317306284758,3.9886572251164294,0.0
same_drone,MT_s004,3.0,1.0,1,6,6,2525,25.403844833374023,1.510772302677509,5.076592505061631,0.0031683168316831685
same_drone,MT_s004,3.0,1.0,1,7,7,2722,27.329137802124023,1.707509603986061,13.79656908945416,0.09368111682586333
same_drone,MT_s004,3.0,1.0,1,8,8,2312,23.212925910949707,1.0828270782551854,5.492592957301879,0.0
same_drone,MT_s004,3.0,1.0,1,9,9,2312,23.21662998199463,1.2975056270615752,3.834251697770098,0.0
same_drone,MT_s004,3.0,1.0,1,10,10,2346,23.52618908882141,1.418093349668844,4.654792691380962,0.013640238704177323
same_drone,MT_s004,3.0,1.0,1,11,11,2666,26.786911964416504,1.895473033147848,12.196956737502063,0.08889722430607652
same_drone,MT_s004,3.0,1.0,1,12,12,2344,23.593735933303833,1.518269477796423,5.558518659175463,0.00938566552901024
same_drone,MT_s004,3.0,1.0,1,13,13,2307,23.15007710456848,1.2872983056042528,3.890760219667125,0.005635023840485479
same_drone,MT_s004,3.0,1.0,1,14,14,2625,26.3830509185791,1.7413913780450656,4.885680580251115,0.0064761904761904765
same_drone,MT_s004,3.0,1.0,1,15,15,2334,23.44292402267456,1.22919495105711,5.273890570072866,0.014138817480719794
same_drone,MT_s004,3.0,1.0,2,1,1,2472,24.886879920959473,1.61862072399947,6.23233610024272,0.0
same_drone,MT_s004,3.0,1.0,2,2,2,2524,25.33614683151245,1.4662519760936732,5.024988698198535,0.0
same_drone,MT_s004,3.0,1.0,2,3,3,2665,26.740379095077515,1.5005190994574775,5.000663134339077,0.02851782363977486
same_drone,MT_s004,3.0,1.0,2,4,4,2618,26.25896406173706,1.1806601837793131,3.9652366066985425,0.0
same_drone,MT_s004,3.0,1.0,2,5,5,2530,25.401978969573975,1.275126070798267,3.9047106783632586,0.0
same_drone,MT_s004,3.0,1.0,2,6,6,2525,25.403844833374023,1.2505248974759127,6.196092590566291,0.0031683168316831685
same_drone,MT_s004,3.0,1.0,2,7,7,2722,27.329137802124023,1.574600328303731,9.551745274566393,0.0804555473916238
same_drone,MT_s004,3.0,1.0,2,8,8,2312,23.212925910949707,1.0199189412115715,4.91979201835465,0.0
same_drone,MT_s004,3.0,1.0,2,9,9,2312,23.21662998199463,1.1325635290441483,4.226936650939474,0.0
same_drone,MT_s004,3.0,1.0,2,10,10,2346,23.52618908882141,1.6782042543692341,5.109151642390259,0.013640238704177323
same_drone,MT_s004,3.0,1.0,2,11,11,2666,26.786911964416504,1.6868085154355867,11.521811874883916,0.07501875468867217
same_drone,MT_s004,3.0,1.0,2,12,12,2344,23.593735933303833,1.5877466635343005,6.166136683254156,0.01834470989761092
same_drone,MT_s004,3.0,1.0,2,13,13,2307,23.15007710456848,1.2783284761249547,4.020831354146389,0.005201560468140442
same_drone,MT_s004,3.0,1.0,2,14,14,2625,26.3830509185791,1.653140467418723,5.478885390610656,0.0
same_drone,MT_s004,3.0,1.0,2,15,15,2334,23.44292402267456,1.0311411456431898,4.378065430421704,0.017566409597257925
same_drone,MT_s004,3.0,1.0,3,1,1,2472,24.886879920959473,1.4947753170941267,4.827847643815269,0.0
same_drone,MT_s004,3.0,1.0,3,2,2,2524,25.33614683151245,1.479024913925855,4.442008012815954,0.0
same_drone,MT_s004,3.0,1.0,3,3,3,2665,26.740379095077515,1.3479650449950213,3.98188945013162,0.0
same_drone,MT_s004,3.0,1.0,3,4,4,2618,26.25896406173706,1.1823739710774603,4.7205807195777405,0.0
same_drone,MT_s004,3.0,1.0,3,5,5,2530,25.401978969573975,1.3549201082345768,4.173309037424382,0.0
same_drone,MT_s004,3.0,1.0,3,6,6,2525,25.403844833374023,1.4560523357618251,5.071564059470165,0.005148514851485149
same_drone,MT_s004,3.0,1.0,3,7,7,2722,27.329137802124023,1.9072285891173024,11.03200923247472,0.08633357825128582
same_drone,MT_s004,3.0,1.0,3,8,8,2312,23.212925910949707,1.0909834633421127,3.8191530118720096,0.0
same_drone,MT_s004,3.0,1.0,3,9,9,2312,23.21662998199463,1.2298364863551612,5.579269085560296,0.0
same_drone,MT_s004,3.0,1.0,3,10,10,2346,23.52618908882141,1.5228677014683285,4.096406931407593,0.013640238704177323
same_drone,MT_s004,3.0,1.0,3,11,11,2666,26.786911964416504,1.7224353233140945,10.605735761135477,0.0690172543135784
same_drone,MT_s004,3.0,1.0,3,12,12,2344,23.593735933303833,1.6085637644235646,7.695789233374226,0.015784982935153583
same_drone,MT_s004,3.0,1.0,3,13,13,2307,23.15007710456848,1.2854312338850349,5.210264527014233,0.0
same_drone,MT_s004,3.0,1.0,3,14,14,2625,26.3830509185791,1.3086978825792812,5.5789636015429815,0.014857142857142857
same_drone,MT_s004,3.0,1.0,3,15,15,2334,23.44292402267456,1.080113825827837,4.609781782217202,0.01970865467009426
same_drone,MT_s004,3.0,1.0,4,1,1,2472,24.886879920959473,1.6378694258967528,5.06187616940795,0.0
same_drone,MT_s004,3.0,1.0,4,2,2,2524,25.33614683151245,1.4429802725963157,4.801950183277852,0.022187004754358162
same_drone,MT_s004,3.0,1.0,4,3,3,2665,26.740379095077515,1.2544858377669925,3.4395109240952935,0.0
same_drone,MT_s004,3.0,1.0,4,4,4,2618,26.25896406173706,1.1592198333226058,4.630125505393376,0.0
same_drone,MT_s004,3.0,1.0,4,5,5,2530,25.401978969573975,1.1608077880994188,3.9121076350489856,0.0
same_drone,MT_s004,3.0,1.0,4,6,6,2525,25.403844833374023,1.4846452989664556,4.879403531533087,0.0035643564356435645
same_drone,MT_s004,3.0,1.0,4,7,7,2722,27.329137802124023,1.842084233217058,11.207898488290768,0.07531227038941954
same_drone,MT_s004,3.0,1.0,4,8,8,2312,23.212925910949707,1.2683169815862243,4.136858214064024,0.0
same_drone,MT_s004,3.0,1.0,4,9,9,2312,23.21662998199463,0.9253992585543926,4.682661137375426,0.0
same_drone,MT_s004,3.0,1.0,4,10,10,2346,23.52618908882141,1.509416532524062,4.860560246083963,0.014492753623188406
same_drone,MT_s004,3.0,1.0,4,11,11,2666,26.786911964416504,1.6648980177054504,10.418988957851148,0.08889722430607652
same_drone,MT_s004,3.0,1.0,4,12,12,2344,23.593735933303833,1.6991432698004445,5.53946460955177,0.02303754266211604
same_drone,MT_s004,3.0,1.0,4,13,13,2307,23.15007710456848,1.2413588582828368,3.960908682249821,0.0
same_drone,MT_s004,3.0,1.0,4,14,14,2625,26.3830509185791,1.4869273245627568,4.478106903661654,0.0015238095238095239
same_drone,MT_s004,3.0,1.0,4,15,15,2334,23.44292402267456,1.1316711050538757,4.949650168159231,0.011568123393316195
same_drone,MT_s004,3.0,2.0,0,1,1,2472,24.886879920959473,1.7797411552704716,5.449443959744691,0.0
same_drone,MT_s004,3.0,2.0,0,2,2,2524,25.33614683151245,1.7539366511920775,4.801982934893175,0.0
same_drone,MT_s004,3.0,2.0,0,3,3,2665,26.740379095077515,1.8101688786010186,5.872654870591785,0.024390243902439025
same_drone,MT_s004,3.0,2.0,0,4,4,2618,26.25896406173706,1.1044414085969905,4.235449678854909,0.0
same_drone,MT_s004,3.0,2.0,0,5,5,2530,25.401978969573975,1.2784193255694163,4.085848664700816,0.007509881422924901
same_drone,MT_s004,3.0,2.0,0,6,6,2525,25.403844833374023,1.7512884145317003,5.07108006552727,0.002376237623762376
same_drone,MT_s004,3.0,2.0,0,7,7,2722,27.329137802124023,2.059135988699964,9.226329763111902,0.08192505510653932
same_drone,MT_s004,3.0,2.0,0,8,8,2312,23.212925910949707,1.0942348343133759,4.139169779315806,0.0
same_drone,MT_s004,3.0,2.0,0,9,9,2312,23.21662998199463,1.3449131849834117,5.289735513409714,0.00865051903114187
same_drone,MT_s004,3.0,2.0,0,10,10,2346,23.52618908882141,1.6611854396261876,5.482311261320461,0.013640238704177323
same_drone,MT_s004,3.0,2.0,0,11,11,2666,26.786911964416504,2.0372007752618373,11.698478361667625,0.0795198799699925
same_drone,MT_s004,3.0,2.0,0,12,12,2344,23.593735933303833,1.7058142494319526,6.188387274323365,0.024744027303754267
same_drone,MT_s004,3.0,2.0,0,13,13,2307,23.15007710456848,1.3917230103527913,4.66339125924585,0.005635023840485479
same_drone,MT_s004,3.0,2.0,0,14,14,2625,26.3830509185791,1.8361777943859394,6.272847576035212,0.03580952380952381
same_drone,MT_s004,3.0,2.0,0,15,15,2334,23.44292402267456,1.141377498073787,5.121101713153624,0.016709511568123392
same_drone,MT_s004,3.0,2.0,1,1,1,2472,24.886879920959473,1.7770679920889307,5.517883445290925,0.0
same_drone,MT_s004,3.0,2.0,1,2,2,2524,25.33614683151245,1.7515384627723023,6.824073266460344,0.006339144215530904
same_drone,MT_s004,3.0,2.0,1,3,3,2665,26.740379095077515,1.461519245267766,4.386167626378948,0.028142589118198873
same_drone,MT_s004,3.0,2.0,1,4,4,2618,26.25896406173706,1.1422989584436003,4.702209018950211,0.0
same_drone,MT_s004,3.0,2.0,1,5,5,2530,25.401978969573975,1.3909990426844807,3.9556689928434827,0.010276679841897233
same_drone,MT_s004,3.0,2.0,1,6,6,2525,25.403844833374023,1.542518177691619,4.2945653908454515,0.002772277227722772
same_drone,MT_s004,3.0,2.0,1,7,7,2722,27.329137802124023,1.6915999403257302,19.86572714276706,0.10764144011756062
same_drone,MT_s004,3.0,2.0,1,8,8,2312,23.212925910949707,1.12728658361533,5.237844979650629,0.010380622837370242
same_drone,MT_s004,3.0,2.0,1,9,9,2312,23.21662998199463,1.1549533226894724,4.415733503145419,0.0025951557093425604
same_drone,MT_s004,3.0,2.0,1,10,10,2346,23.52618908882141,1.5577144104375549,4.934782136659706,0.013640238704177323
same_drone,MT_s004,3.0,2.0,1,11,11,2666,26.786911964416504,2.090583139358074,14.607968814600682,0.09489872468117029
same_drone,MT_s004,3.0,2.0,1,12,12,2344,23.593735933303833,1.7853550405896783,5.927009989928738,0.02773037542662116
same_drone,MT_s004,3.0,2.0,1,13,13,2307,23.15007710456848,1.5167390194809656,4.129750106320222,0.0
same_drone,MT_s004,3.0,2.0,1,14,14,2625,26.3830509185791,1.7218532312458308,5.892097486762583,0.03580952380952381
same_drone,MT_s004,3.0,2.0,1,15,15,2334,23.44292402267456,1.3006480074124056,5.383414133859917,0.018851756640959727
same_drone,MT_s004,3.0,2.0,2,1,1,2472,24.886879920959473,1.6292060585846677,5.068334820176853,0.0
same_drone,MT_s004,3.0,2.0,2,2,2,2524,25.33614683151245,1.7266144084143633,6.312859163114875,0.0
same_drone,MT_s004,3.0,2.0,2,3,3,2665,26.740379095077515,1.4803121507704304,5.1549360467532965,0.02326454033771107
same_drone,MT_s004,3.0,2.0,2,4,4,2618,26.25896406173706,1.156769848737639,4.522360794659108,0.0
same_drone,MT_s004,3.0,2.0,2,5,5,2530,25.401978969573975,1.2035778361171214,3.960829631330959,0.004347826086956522
same_drone,MT_s004,3.0,2.0,2,6,6,2525,25.403844833374023,1.6470660428027202,5.313220247497122,0.002376237623762376
same_drone,MT_s004,3.0,2.0,2,7,7,2722,27.329137802124023,2.1061387774600178,12.58045725595104,0.08743570903747244
same_drone,MT_s004,3.0,2.0,2,8,8,2312,23.212925910949707,1.2876440637772077,7.1889510006023665,0.0
same_drone,MT_s004,3.0,2.0,2,9,9,2312,23.21662998199463,1.2472629052613087,5.061079363610823,0.006920415224913495
same_drone,MT_s004,3.0,2.0,2,10,10,2346,23.52618908882141,1.726546055432081,6.649826603992892,0.023870417732310314
same_drone,MT_s004,3.0,2.0,2,11,11,2666,26.786911964416504,1.9817212880139188,11.661590672971826,0.07126781695423856
same_drone,MT_s004,3.0,2.0,2,12,12,2344,23.593735933303833,1.5439053870060668,6.2119847744601175,0.023890784982935155
same_drone,MT_s004,3.0,2.0,2,13,13,2307,23.15007710456848,1.4796676834901632,4.637330136917843,0.012136974425661032
same_drone,MT_s004,3.0,2.0,2,14,14,2625,26.3830509185791,1.8205016795170081,5.63170166607137,0.008
same_drone,MT_s004,3.0,2.0,2,15,15,2334,23.44292402267456,1.2651104314960406,4.917179518892885,0.020137103684661525
same_drone,MT_s004,3.0,2.0,3,1,1,2472,24.886879920959473,1.7877146103744508,5.528810480697492,0.0
same_drone,MT_s004,3.0,2.0,3,2,2,2524,25.33614683151245,1.7272083264803513,5.747369003993532,0.031299524564183834
same_drone,MT_s004,3.0,2.0,3,3,3,2665,26.740379095077515,1.4317169800717124,5.430824660131222,0.01876172607879925
same_drone,MT_s004,3.0,2.0,3,4,4,2618,26.25896406173706,1.2435576672198678,4.938265765050242,0.0
same_drone,MT_s004,3.0,2.0,3,5,5,2530,25.401978969573975,1.3586335291910672,4.1503097367404385,0.011462450592885375
same_drone,MT_s004,3.0,2.0,3,6,6,2525,25.403844833374023,1.695000294146439,5.30676752933038,0.002376237623762376
same_drone,MT_s004,3.0,2.0,3,7,7,2722,27.329137802124023,2.6646744660473445,21.867403350295557,0.11315209404849376
same_drone,MT_s004,3.0,2.0,3,8,8,2312,23.212925910949707,1.1737438302840602,7.580671795323587,0.045847750865051905
same_drone,MT_s004,3.0,2.0,3,9,9,2312,23.21662998199463,1.2576606768719785,5.149001281652809,0.0021626297577854673
same_drone,MT_s004,3.0,2.0,3,10,10,2346,23.52618908882141,1.6305966915963097,6.2050592285220745,0.013640238704177323
same_drone,MT_s004,3.0,2.0,3,11,11,2666,26.786911964416504,2.333125718524613,22.062899801707495,0.1121530382595649
same_drone,MT_s004,3.0,2.0,3,12,12,2344,23.593735933303833,1.5222358070278013,5.898797553053417,0.023464163822525596
same_drone,MT_s004,3.0,2.0,3,13,13,2307,23.15007710456848,1.5182120072757357,4.547309212737107,0.0
same_drone,MT_s004,3.0,2.0,3,14,14,2625,26.3830509185791,1.7603885239081052,5.9085614652440475,0.03504761904761905
same_drone,MT_s004,3.0,2.0,3,15,15,2334,23.44292402267456,1.1842466860323242,5.144384306281511,0.027420736932305057
same_drone,MT_s004,3.0,2.0,4,1,1,2472,24.886879920959473,1.8091034403618238,5.8202927485064775,0.0
same_drone,MT_s004,3.0,2.0,4,2,2,2524,25.33614683151245,1.7743699526146344,5.058715057236611,0.0
same_drone,MT_s004,3.0,2.0,4,3,3,2665,26.740379095077515,1.4747986400782693,4.000091988587103,0.02851782363977486
same_drone,MT_s004,3.0,2.0,4,4,4,2618,26.25896406173706,1.2788580224668067,4.6469570086082115,0.0
same_drone,MT_s004,3.0,2.0,4,5,5,2530,25.401978969573975,1.1995062983632465,3.509513472326002,0.008300395256916997
same_drone,MT_s004,3.0,2.0,4,6,6,2525,25.403844833374023,1.8896771859542127,5.730650447467251,0.002376237623762376
same_drone,MT_s004,3.0,2.0,4,7,7,2722,27.329137802124023,2.408133879699065,9.16331054233292,0.08119030124908155
same_drone,MT_s004,3.0,2.0,4,8,8,2312,23.212925910949707,1.1766113781744565,10.605499984391253,0.05968858131487889
same_drone,MT_s004,3.0,2.0,4,9,9,2312,23.21662998199463,1.3105179226312629,4.390026053081868,0.014705882352941176
same_drone,MT_s004,3.0,2.0,4,10,10,2346,23.52618908882141,1.5326969058271374,6.0077987019872126,0.013640238704177323
same_drone,MT_s004,3.0,2.0,4,11,11,2666,26.786911964416504,1.889368094715536,20.754542192406376,0.12715678919729934
same_drone,MT_s004,3.0,2.0,4,12,12,2344,23.593735933303833,1.6375471841231963,5.981854131670957,0.02431740614334471
same_drone,MT_s004,3.0,2.0,4,13,13,2307,23.15007710456848,1.4573075096426322,4.363848817426361,0.0
same_drone,MT_s004,3.0,2.0,4,14,14,2625,26.3830509185791,1.7787450680728654,5.561092795280206,0.005714285714285714
same_drone,MT_s004,3.0,2.0,4,15,15,2334,23.44292402267456,1.3828072021778013,5.608702364373782,0.027849185946872322
same_drone,MT_s004,3.0,5.0,0,1,1,2472,24.886879920959473,1.6544265171414736,5.287721105195106,0.0
same_drone,MT_s004,3.0,5.0,0,2,2,2524,25.33614683151245,1.9010094115887775,6.978249253573259,0.0554675118858954
same_drone,MT_s004,3.0,5.0,0,3,3,2665,26.740379095077515,1.5791878780648005,6.487469885515632,0.022889305816135085
same_drone,MT_s004,3.0,5.0,0,4,4,2618,26.25896406173706,1.2108766548267624,4.376928551948753,0.0
same_drone,MT_s004,3.0,5.0,0,5,5,2530,25.401978969573975,1.4201330314361194,4.96259797475549,0.0
same_drone,MT_s004,3.0,5.0,0,6,6,2525,25.403844833374023,1.7111962061091006,5.142042725385942,0.006336633663366337
same_drone,MT_s004,3.0,5.0,0,7,7,2722,27.329137802124023,2.232422492823261,9.619690388418523,0.06429096252755327
same_drone,MT_s004,3.0,5.0,0,8,8,2312,23.212925910949707,1.1686936778531596,4.3319288704334475,0.0
same_drone,MT_s004,3.0,5.0,0,9,9,2312,23.21662998199463,1.3113024009857597,5.694076964037468,0.013408304498269897
same_drone,MT_s004,3.0,5.0,0,10,10,2346,23.52618908882141,1.6725904416017485,5.069188810859572,0.013640238704177323
same_drone,MT_s004,3.0,5.0,0,11,11,2666,26.786911964416504,2.2335146255952374,56.445810176599615,0.1275318829707427
same_drone,MT_s004,3.0,5.0,0,12,12,2344,23.593735933303833,1.8254076978412996,7.532443680140093,0.05247440273037542
same_drone,MT_s004,3.0,5.0,0,13,13,2307,23.15007710456848,1.669034142150771,5.626892472669806,0.019939315127871695
same_drone,MT_s004,3.0,5.0,0,14,14,2625,26.3830509185791,1.9535834412538975,9.800977052736291,0.07657142857142857
same_drone,MT_s004,3.0,5.0,0,15,15,2334,23.44292402267456,1.5044961189493051,5.711357209492645,0.013281919451585262
same_drone,MT_s004,3.0,5.0,1,1,1,2472,24.886879920959473,1.6516416819800952,5.272746399812658,0.0
same_drone,MT_s004,3.0,5.0,1,2,2,2524,25.33614683151245,1.6238891435318585,6.714335270294292,0.04120443740095087
same_drone,MT_s004,3.0,5.0,1,3,3,2665,26.740379095077515,1.4636562747261337,5.219650598297626,0.031144465290806753
same_drone,MT_s004,3.0,5.0,1,4,4,2618,26.25896406173706,1.1761461212185225,4.19143498195078,0.0
same_drone,MT_s004,3.0,5.0,1,5,5,2530,25.401978969573975,1.3181132780286156,5.563417856897088,0.0233201581027668
same_drone,MT_s004,3.0,5.0,1,6,6,2525,25.403844833374023,1.6250613936269929,5.179001963168138,0.010297029702970298
same_drone,MT_s004,3.0,5.0,1,7,7,2722,27.329137802124023,2.6309831509004784,48.53671298937498,0.1914033798677443
same_drone,MT_s004,3.0,5.0,1,8,8,2312,23.212925910949707,1.1951053499212634,4.515645423093514,0.0
same_drone,MT_s004,3.0,5.0,1,9,9,2312,23.21662998199463,1.2577187553226281,6.259873644429226,0.018598615916955018
same_drone,MT_s004,3.0,5.0,1,10,10,2346,23.52618908882141,1.7002141850726318,5.815298989013478,0.013640238704177323
same_drone,MT_s004,3.0,5.0,1,11,11,2666,26.786911964416504,2.05823733728014,83.40788377912014,0.1436609152288072
same_drone,MT_s004,3.0,5.0,1,12,12,2344,23.593735933303833,1.6644943477324006,5.234591306833001,0.01151877133105802
same_drone,MT_s004,3.0,5.0,1,13,13,2307,23.15007710456848,1.5511388539211453,4.452004152636519,0.0
same_drone,MT_s004,3.0,5.0,1,14,14,2625,26.3830509185791,2.5185991502262652,48.1985572314573,0.17104761904761906
same_drone,MT_s004,3.0,5.0,1,15,15,2334,23.44292402267456,1.333624835673227,5.545126060494563,0.019280205655526992
same_drone,MT_s004,3.0,5.0,2,1,1,2472,24.886879920959473,1.6876621620572223,5.480744649712301,0.0
same_drone,MT_s004,3.0,5.0,2,2,2,2524,25.33614683151245,1.6929317410241538,5.747823040937615,0.020998415213946117
same_drone,MT_s004,3.0,5.0,2,3,3,2665,26.740379095077515,1.447940010057465,4.398201239709641,0.022889305816135085
same_drone,MT_s004,3.0,5.0,2,4,4,2618,26.25896406173706,1.1864142503923887,4.335868261383763,0.0
same_drone,MT_s004,3.0,5.0,2,5,5,2530,25.401978969573975,1.3360843521102197,4.806434496263047,0.003952569169960474
same_drone,MT_s004,3.0,5.0,2,6,6,2525,25.403844833374023,1.6719642791165086,5.143993485050691,0.009504950495049505
same_drone,MT_s004,3.0,5.0,2,7,7,2722,27.329137802124023,2.0823834267738306,11.885641606920723,0.08229243203526819
same_drone,MT_s004,3.0,5.0,2,8,8,2312,23.212925910949707,1.186848054651179,4.600564718161617,0.0
same_drone,MT_s004,3.0,5.0,2,9,9,2312,23.21662998199463,1.316205791713685,5.359010595052267,0.00043252595155709344
same_drone,MT_s004,3.0,5.0,2,10,10,2346,23.52618908882141,1.6507049582681006,7.137070857457587,0.013640238704177323
same_drone,MT_s004,3.0,5.0,2,11,11,2666,26.786911964416504,2.5084677805427162,88.90983542885527,0.1646661665416354
same_drone,MT_s004,3.0,5.0,2,12,12,2344,23.593735933303833,1.704908896624282,5.5894340586058355,0.012798634812286689
same_drone,MT_s004,3.0,5.0,2,13,13,2307,23.15007710456848,1.5074981726448726,4.3790097449215954,0.0
same_drone,MT_s004,3.0,5.0,2,14,14,2625,26.3830509185791,1.9432184846234009,6.060774755120129,0.009904761904761904
same_drone,MT_s004,3.0,5.0,2,15,15,2334,23.44292402267456,1.2608026564689823,5.172876795306346,0.01970865467009426
same_drone,MT_s004,3.0,5.0,3,1,1,2472,24.886879920959473,1.8560031377751187,5.286929931357661,0.0
same_drone,MT_s004,3.0,5.0,3,2,2,2524,25.33614683151245,1.8145242173985991,7.391404501628199,0.055071315372424726
same_drone,MT_s004,3.0,5.0,3,3,3,2665,26.740379095077515,1.4753168720717724,5.591998780689417,0.022889305816135085
same_drone,MT_s004,3.0,5.0,3,4,4,2618,26.25896406173706,1.3239276099063346,4.285417265026212,0.0
same_drone,MT_s004,3.0,5.0,3,5,5,2530,25.401978969573975,1.405188342075931,5.07684671548017,0.0
same_drone,MT_s004,3.0,5.0,3,6,6,2525,25.403844833374023,1.8431927263096028,6.299936504724218,0.011485148514851485
same_drone,MT_s004,3.0,5.0,3,7,7,2722,27.329137802124023,2.2164527885811083,9.577456405876461,0.05988243938280676
same_drone,MT_s004,3.0,5.0,3,8,8,2312,23.212925910949707,1.173497812176663,5.265854146447856,0.0
same_drone,MT_s004,3.0,5.0,3,9,9,2312,23.21662998199463,1.330230406718897,6.583053184630786,0.009083044982698962
same_drone,MT_s004,3.0,5.0,3,10,10,2346,23.52618908882141,1.6455719334206478,6.047310984944687,0.01619778346121057
same_drone,MT_s004,3.0,5.0,3,11,11,2666,26.786911964416504,2.172983138291439,11.98159916623188,0.0671417854463616
same_drone,MT_s004,3.0,5.0,3,12,12,2344,23.593735933303833,1.6066646801126225,5.723655394492545,0.002559726962457338
same_drone,MT_s004,3.0,5.0,3,13,13,2307,23.15007710456848,1.5965039813848705,5.177205872317144,0.0
same_drone,MT_s004,3.0,5.0,3,14,14,2625,26.3830509185791,2.539262035120146,46.570324896357846,0.1657142857142857
same_drone,MT_s004,3.0,5.0,3,15,15,2334,23.44292402267456,1.2929173937222842,6.614305061563228,0.028706083976006855
same_drone,MT_s004,3.0,5.0,4,1,1,2472,24.886879920959473,1.635748393101288,5.374037982539732,0.0
same_drone,MT_s004,3.0,5.0,4,2,2,2524,25.33614683151245,1.5836056986024687,6.444919560469804,0.03169572107765452
same_drone,MT_s004,3.0,5.0,4,3,3,2665,26.740379095077515,1.5014900570961345,4.944317934375844,0.02626641651031895
same_drone,MT_s004,3.0,5.0,4,4,4,2618,26.25896406173706,1.2052039176372915,4.4792482080362275,0.0
same_drone,MT_s004,3.0,5.0,4,5,5,2530,25.401978969573975,1.3915588742447653,5.177090267066646,0.0
same_drone,MT_s004,3.0,5.0,4,6,6,2525,25.403844833374023,1.691374329710115,8.232843153015228,0.009900990099009901
same_drone,MT_s004,3.0,5.0,4,7,7,2722,27.329137802124023,2.369380525221274,17.650114216812405,0.11058045554739163
same_drone,MT_s004,3.0,5.0,4,8,8,2312,23.212925910949707,1.2181339760715844,5.463504452354479,0.009515570934256055
same_drone,MT_s004,3.0,5.0,4,9,9,2312,23.21662998199463,1.448152910089668,5.766771743715535,0.0017301038062283738
same_drone,MT_s004,3.0,5.0,4,10,10,2346,23.52618908882141,1.705472007954949,4.798301464203703,0.013640238704177323
same_drone,MT_s004,3.0,5.0,4,11,11,2666,26.786911964416504,2.4284371102045625,83.2755723906406,0.19242310577644411
same_drone,MT_s004,3.0,5.0,4,12,12,2344,23.593735933303833,1.6568918488816262,10.154071932456294,0.08745733788395904
same_drone,MT_s004,3.0,5.0,4,13,13,2307,23.15007710456848,1.581756803472814,4.942047468855293,0.0
same_drone,MT_s004,3.0,5.0,4,14,14,2625,26.3830509185791,1.9455893350223477,10.248890179434369,0.06285714285714286
same_drone,MT_s004,3.0,5.0,4,15,15,2334,23.44292402267456,1.484215201035994,5.426389661602251,0.016709511568123392
same_drone,MT_s004,5.0,0.2,0,1,1,2472,24.886879920959473,1.4134240106741103,3.923247764314185,0.0
same_drone,MT_s004,5.0,0.2,0,2,2,2524,25.33614683151245,1.3616056851583345,3.9361691135270496,0.0
same_drone,MT_s004,5.0,0.2,0,3,3,2665,26.740379095077515,1.2206080231327974,4.208100849407474,0.0075046904315197
same_drone,MT_s004,5.0,0.2,0,4,4,2618,26.25896406173706,1.1121476823118996,4.089995563773281,0.0
same_drone,MT_s004,5.0,0.2,0,5,5,2530,25.401978969573975,1.2731592956539952,4.211400372518527,0.0
same_drone,MT_s004,5.0,0.2,0,6,6,2525,25.403844833374023,1.4912830125504684,4.794011426421548,0.001188118811881188
same_drone,MT_s004,5.0,0.2,0,7,7,2722,27.329137802124023,1.5420998228418767,8.004964421345386,0.07678177810433505
same_drone,MT_s004,5.0,0.2,0,8,8,2312,23.212925910949707,1.0793908920102098,3.544293511798863,0.0
same_drone,MT_s004,5.0,0.2,0,9,9,2312,23.21662998199463,1.2966167172012746,4.64141161785843,0.0
same_drone,MT_s004,5.0,0.2,0,10,10,2346,23.52618908882141,1.5024533315812505,4.317661032341746,0.013640238704177323
same_drone,MT_s004,5.0,0.2,0,11,11,2666,26.786911964416504,1.2277988605593748,5.499522336687832,0.004876219054763691
same_drone,MT_s004,5.0,0.2,0,12,12,2344,23.593735933303833,1.3143561877434564,3.5900108974201665,0.0
same_drone,MT_s004,5.0,0.2,0,13,13,2307,23.15007710456848,1.2700339093922466,3.6044581260447335,0.0034677069787602947
same_drone,MT_s004,5.0,0.2,0,14,14,2625,26.3830509185791,1.3836158908768539,4.94542327303194,0.0007619047619047619
same_drone,MT_s004,5.0,0.2,0,15,15,2334,23.44292402267456,0.9206908590919198,3.5565469431348675,0.0
same_drone,MT_s004,5.0,0.2,1,1,1,2472,24.886879920959473,1.3536348605918533,4.037947055410581,0.0
same_drone,MT_s004,5.0,0.2,1,2,2,2524,25.33614683151245,1.3588487870683963,4.09238018319424,0.0
same_drone,MT_s004,5.0,0.2,1,3,3,2665,26.740379095077515,1.4250086255792667,3.871374407579142,0.0
same_drone,MT_s004,5.0,0.2,1,4,4,2618,26.25896406173706,1.1608924547158352,4.423262223574165,0.0
same_drone,MT_s004,5.0,0.2,1,5,5,2530,25.401978969573975,1.2134735526996536,3.4192323774171047,0.0
same_drone,MT_s004,5.0,0.2,1,6,6,2525,25.403844833374023,1.1127819277635638,3.4186769987345564,0.004356435643564357
same_drone,MT_s004,5.0,0.2,1,7,7,2722,27.329137802124023,1.5899404866438545,7.02742600883044,0.05547391623806025
same_drone,MT_s004,5.0,0.2,1,8,8,2312,23.212925910949707,1.1731658366961888,4.316206187573893,0.0
same_drone,MT_s004,5.0,0.2,1,9,9,2312,23.21662998199463,1.3816189452615646,3.8995144301300146,0.0038927335640138406
same_drone,MT_s004,5.0,0.2,1,10,10,2346,23.52618908882141,1.456691865121627,3.786401669101476,0.02216538789428815
same_drone,MT_s004,5.0,0.2,1,11,11,2666,26.786911964416504,1.4176876677076535,5.863793252388817,0.0
same_drone,MT_s004,5.0,0.2,1,12,12,2344,23.593735933303833,1.2057659388243849,4.314402358012448,0.0029863481228668944
same_drone,MT_s004,5.0,0.2,1,13,13,2307,23.15007710456848,1.4464387261102445,3.6410258633895136,0.0
same_drone,MT_s004,5.0,0.2,1,14,14,2625,26.3830509185791,1.5796199125876456,5.857457964924488,0.013714285714285714
same_drone,MT_s004,5.0,0.2,1,15,15,2334,23.44292402267456,1.3034425224874013,4.081948793179734,0.0
same_drone,MT_s004,5.0,0.2,2,1,1,2472,24.886879920959473,1.2907874314851995,4.199214822848619,0.0
same_drone,MT_s004,5.0,0.2,2,2,2,2524,25.33614683151245,1.7383735328388354,5.0371911689186675,0.0
same_drone,MT_s004,5.0,0.2,2,3,3,2665,26.740379095077515,1.216247604126096,4.209630208240418,0.000375234521575985
same_drone,MT_s004,5.0,0.2,2,4,4,2618,26.25896406173706,1.0832368506291297,3.0333771619410674,0.0
same_drone,MT_s004,5.0,0.2,2,5,5,2530,25.401978969573975,1.2058756526055419,3.9314268679207194,0.0
same_drone,MT_s004,5.0,0.2,2,6,6,2525,25.403844833374023,1.4787262510777737,4.4558845563569225,0.011089108910891089
same_drone,MT_s004,5.0,0.2,2,7,7,2722,27.329137802124023,1.6057357318326098,5.74409912097282,0.028655400440852314
same_drone,MT_s004,5.0,0.2,2,8,8,2312,23.212925910949707,1.1841988841600255,3.5792913475477977,0.0
same_drone,MT_s004,5.0,0.2,2,9,9,2312,23.21662998199463,1.092135717170649,4.115393359530009,0.0
same_drone,MT_s004,5.0,0.2,2,10,10,2346,23.52618908882141,1.6107139725450423,3.7888764849665684,0.013640238704177323
same_drone,MT_s004,5.0,0.2,2,11,11,2666,26.786911964416504,1.552669999348069,6.645596109933223,0.011627906976744186
same_drone,MT_s004,5.0,0.2,2,12,12,2344,23.593735933303833,1.4086897516557428,4.776407850101402,0.0
same_drone,MT_s004,5.0,0.2,2,13,13,2307,23.15007710456848,1.2757160027533416,3.846512050746843,0.0
same_drone,MT_s004,5.0,0.2,2,14,14,2625,26.3830509185791,1.5481702662227548,4.285514694309997,0.0
same_drone,MT_s004,5.0,0.2,2,15,15,2334,23.44292402267456,1.1173822396304587,4.678961558037024,0.012853470437017995
same_drone,MT_s004,5.0,0.2,3,1,1,2472,24.886879920959473,1.7414115902016505,4.20842939924246,0.0
same_drone,MT_s004,5.0,0.2,3,2,2,2524,25.33614683151245,1.4216776898378782,4.833256143698868,0.03169572107765452
same_drone,MT_s004,5.0,0.2,3,3,3,2665,26.740379095077515,1.3341022355085101,3.7977011317138927,0.0
same_drone,MT_s004,5.0,0.2,3,4,4,2618,26.25896406173706,1.1006242966390118,3.097462041629565,0.0
same_drone,MT_s004,5.0,0.2,3,5,5,2530,25.401978969573975,1.2779198030934111,3.4016623886575643,0.0
same_drone,MT_s004,5.0,0.2,3,6,6,2525,25.403844833374023,1.7111166408126337,5.1348723703389085,0.0035643564356435645
same_drone,MT_s004,5.0,0.2,3,7,7,2722,27.329137802124023,1.5703578060139165,9.076237873459812,0.023144746509919177
same_drone,MT_s004,5.0,0.2,3,8,8,2312,23.212925910949707,1.0507174349998891,3.5579856106176537,0.0
same_drone,MT_s004,5.0,0.2,3,9,9,2312,23.21662998199463,1.1988521085076087,3.6917591437741044,0.0
same_drone,MT_s004,5.0,0.2,3,10,10,2346,23.52618908882141,1.440111723416166,5.115141630532683,0.013640238704177323
same_drone,MT_s004,5.0,0.2,3,11,11,2666,26.786911964416504,1.8344767523023862,6.891796524567175,0.008252063015753939
same_drone,MT_s004,5.0,0.2,3,12,12,2344,23.593735933303833,1.3922244415889935,5.041922529527355,0.0017064846416382253
same_drone,MT_s004,5.0,0.2,3,13,13,2307,23.15007710456848,1.380097892581233,4.347905512276279,0.008669267446900737
same_drone,MT_s004,5.0,0.2,3,14,14,2625,26.3830509185791,1.312848925677045,4.034987993598815,0.0
same_drone,MT_s004,5.0,0.2,3,15,15,2334,23.44292402267456,1.140898296787519,3.69609761848348,0.0004284490145672665
same_drone,MT_s004,5.0,0.2,4,1,1,2472,24.886879920959473,1.4657674551242934,3.878851773520165,0.0
same_drone,MT_s004,5.0,0.2,4,2,2,2524,25.33614683151245,1.5729445966061917,4.8402230740998675,0.0
same_drone,MT_s004,5.0,0.2,4,3,3,2665,26.740379095077515,1.433057313630826,4.3049387849413865,0.0
same_drone,MT_s004,5.0,0.2,4,4,4,2618,26.25896406173706,0.9572195495170348,4.299384737738784,0.0
same_drone,MT_s004,5.0,0.2,4,5,5,2530,25.401978969573975,1.1127610424349719,3.4834670041799907,0.0
same_drone,MT_s004,5.0,0.2,4,6,6,2525,25.403844833374023,1.3753742745271325,5.1999213810181955,0.013861386138613862
same_drone,MT_s004,5.0,0.2,4,7,7,2722,27.329137802124023,1.4496638177517163,6.051463879632991,0.02351212343864805
same_drone,MT_s004,5.0,0.2,4,8,8,2312,23.212925910949707,1.0923770048107926,3.6247281933893407,0.0
same_drone,MT_s004,5.0,0.2,4,9,9,2312,23.21662998199463,1.1156903174523336,3.9329325435527958,0.0
same_drone,MT_s004,5.0,0.2,4,10,10,2346,23.52618908882141,1.6369466321436263,3.978136356882686,0.013640238704177323
same_drone,MT_s004,5.0,0.2,4,11,11,2666,26.786911964416504,1.3911603467775358,6.408290686477798,0.004876219054763691
same_drone,MT_s004,5.0,0.2,4,12,12,2344,23.593735933303833,1.4550844466903357,5.118439265202287,0.0
same_drone,MT_s004,5.0,0.2,4,13,13,2307,23.15007710456848,1.0386172753284413,3.6445476405621453,0.0
same_drone,MT_s004,5.0,0.2,4,14,14,2625,26.3830509185791,1.3424355141747242,4.862859974158414,0.004190476190476191
same_drone,MT_s004,5.0,0.2,4,15,15,2334,23.44292402267456,0.9975176116464084,3.592952477270315,0.0029991431019708655
same_drone,MT_s004,5.0,0.5,0,1,1,2472,24.886879920959473,1.6438217872427145,4.880533766039812,0.0
same_drone,MT_s004,5.0,0.5,0,2,2,2524,25.33614683151245,1.5860723372605179,4.598656868993772,0.017828843106180665
same_drone,MT_s004,5.0,0.5,0,3,3,2665,26.740379095077515,1.446162418666603,4.287497014500706,0.0
same_drone,MT_s004,5.0,0.5,0,4,4,2618,26.25896406173706,1.3172382018505004,4.533154661601237,0.0
same_drone,MT_s004,5.0,0.5,0,5,5,2530,25.401978969573975,1.5436822128416736,4.599018221415016,0.002766798418972332
same_drone,MT_s004,5.0,0.5,0,6,6,2525,25.403844833374023,1.570738980279316,5.8612244987415085,0.002772277227722772
same_drone,MT_s004,5.0,0.5,0,7,7,2722,27.329137802124023,1.7524340344140334,9.484659794372945,0.03600293901542983
same_drone,MT_s004,5.0,0.5,0,8,8,2312,23.212925910949707,1.191511357068638,3.815110622536516,0.0
same_drone,MT_s004,5.0,0.5,0,9,9,2312,23.21662998199463,1.2208021447779558,4.2520745625665635,0.009083044982698962
same_drone,MT_s004,5.0,0.5,0,10,10,2346,23.52618908882141,1.4577001185056062,4.118181420210931,0.013640238704177323
same_drone,MT_s004,5.0,0.5,0,11,11,2666,26.786911964416504,1.5702228310609954,7.570322805630454,0.033008252063015754
same_drone,MT_s004,5.0,0.5,0,12,12,2344,23.593735933303833,1.5891528452847297,5.021554882410018,0.004266211604095563
same_drone,MT_s004,5.0,0.5,0,13,13,2307,23.15007710456848,1.5382734068697346,4.697971251367142,0.0
same_drone,MT_s004,5.0,0.5,0,14,14,2625,26.3830509185791,1.559894991963958,4.681424715783974,0.005714285714285714
same_drone,MT_s004,5.0,0.5,0,15,15,2334,23.44292402267456,1.123053304840198,4.857235370552556,0.010711225364181662
same_drone,MT_s004,5.0,0.5,1,1,1,2472,24.886879920959473,1.4650520406763334,4.332881644000482,0.0
same_drone,MT_s004,5.0,0.5,1,2,2,2524,25.33614683151245,1.499508236886463,4.913304612595406,0.0
same_drone,MT_s004,5.0,0.5,1,3,3,2665,26.740379095077515,1.4358658003345681,4.138075488612159,0.0
same_drone,MT_s004,5.0,0.5,1,4,4,2618,26.25896406173706,1.0164704774998228,3.3444378567028767,0.0
same_drone,MT_s004,5.0,0.5,1,5,5,2530,25.401978969573975,1.2575377142901267,4.2676843108638165,0.0
same_drone,MT_s004,5.0,0.5,1,6,6,2525,25.403844833374023,1.4956105684177317,5.45292507558749,0.0035643564356435645
same_drone,MT_s004,5.0,0.5,1,7,7,2722,27.329137802124023,1.8353302187153844,8.133911206970618,0.06208670095518001
same_drone,MT_s004,5.0,0.5,1,8,8,2312,23.212925910949707,1.2004164328982085,4.112323032232078,0.0
same_drone,MT_s004,5.0,0.5,1,9,9,2312,23.21662998199463,1.2329371646907958,4.858745799337758,0.0
same_drone,MT_s004,5.0,0.5,1,10,10,2346,23.52618908882141,1.633006749323954,5.149107036645532,0.013640238704177323
same_drone,MT_s004,5.0,0.5,1,11,11,2666,26.786911964416504,2.0796371713872333,8.224271584775728,0.03488372093023256
same_drone,MT_s004,5.0,0.5,1,12,12,2344,23.593735933303833,1.521220094178659,5.173332781031731,0.007252559726962458
same_drone,MT_s004,5.0,0.5,1,13,13,2307,23.15007710456848,1.3823316764342621,4.575188436398932,0.0
same_drone,MT_s004,5.0,0.5,1,14,14,2625,26.3830509185791,1.5075331983661897,4.802358163716138,0.02019047619047619
same_drone,MT_s004,5.0,0.5,1,15,15,2334,23.44292402267456,1.1488362291287295,4.651184857141162,0.012425021422450729
same_drone,MT_s004,5.0,0.5,2,1,1,2472,24.886879920959473,1.7289877439822163,5.18317639452756,0.0
same_drone,MT_s004,5.0,0.5,2,2,2,2524,25.33614683151245,1.787589979568864,5.989846782761407,0.0
same_drone,MT_s004,5.0,0.5,2,3,3,2665,26.740379095077515,1.4604163189295036,4.342895854832146,0.0
same_drone,MT_s004,5.0,0.5,2,4,4,2618,26.25896406173706,1.1472894616442915,4.284418404747997,0.0
same_drone,MT_s004,5.0,0.5,2,5,5,2530,25.401978969573975,1.4743009096646205,4.668790421511832,0.0
same_drone,MT_s004,5.0,0.5,2,6,6,2525,25.403844833374023,1.3309745120304228,5.186204365978266,0.0039603960396039604
same_drone,MT_s004,5.0,0.5,2,7,7,2722,27.329137802124023,1.7549782289280813,8.10176361331443,0.04224834680382072
same_drone,MT_s004,5.0,0.5,2,8,8,2312,23.212925910949707,0.9675069755016068,3.928788952040916,0.0
same_drone,MT_s004,5.0,0.5,2,9,9,2312,23.21662998199463,1.208268548731958,3.8943557474453003,0.0
same_drone,MT_s004,5.0,0.5,2,10,10,2346,23.52618908882141,1.4562520191956168,4.3217874371678136,0.013640238704177323
same_drone,MT_s004,5.0,0.5,2,11,11,2666,26.786911964416504,1.5835004998996212,6.956620914662295,0.04276069017254314
same_drone,MT_s004,5.0,0.5,2,12,12,2344,23.593735933303833,1.4463858395672986,4.7073266152448054,0.0
same_drone,MT_s004,5.0,0.5,2,13,13,2307,23.15007710456848,1.3393629909689508,4.697618590045545,0.0
same_drone,MT_s004,5.0,0.5,2,14,14,2625,26.3830509185791,1.418585278362258,4.994428288800549,0.0064761904761904765
same_drone,MT_s004,5.0,0.5,2,15,15,2334,23.44292402267456,1.160656612570122,5.3189439835806684,0.013710368466152529
same_drone,MT_s004,5.0,0.5,3,1,1,2472,24.886879920959473,1.4994919607275996,5.500477715098995,0.0
same_drone,MT_s004,5.0,0.5,3,2,2,2524,25.33614683151245,1.3012024292553974,4.228520647262878,0.0
same_drone,MT_s004,5.0,0.5,3,3,3,2665,26.740379095077515,1.329192743576499,3.761159732467013,0.0
same_drone,MT_s004,5.0,0.5,3,4,4,2618,26.25896406173706,1.168032533994733,4.4767169473748645,0.0
same_drone,MT_s004,5.0,0.5,3,5,5,2530,25.401978969573975,1.266246146347953,4.653703359600678,0.0
same_drone,MT_s004,5.0,0.5,3,6,6,2525,25.403844833374023,1.3582085507958652,4.647538484545497,0.002772277227722772
same_drone,MT_s004,5.0,0.5,3,7,7,2722,27.329137802124023,1.713345144753913,8.790089593882655,0.05951506245407789
same_drone,MT_s004,5.0,0.5,3,8,8,2312,23.212925910949707,1.0758917334116518,4.764162067557069,0.0
same_drone,MT_s004,5.0,0.5,3,9,9,2312,23.21662998199463,1.2375122852206033,4.389743343961884,0.0
same_drone,MT_s004,5.0,0.5,3,10,10,2346,23.52618908882141,1.545966411066523,4.591864644452262,0.013640238704177323
same_drone,MT_s004,5.0,0.5,3,11,11,2666,26.786911964416504,1.734865425952023,8.016676526845472,0.02138034508627157
same_drone,MT_s004,5.0,0.5,3,12,12,2344,23.593735933303833,1.6150291830904138,6.505302015824178,0.0029863481228668944
same_drone,MT_s004,5.0,0.5,3,13,13,2307,23.15007710456848,1.3772124322105128,4.505618130115011,0.0
same_drone,MT_s004,5.0,0.5,3,14,14,2625,26.3830509185791,1.61524491140338,6.142653133850443,0.008761904761904762
same_drone,MT_s004,5.0,0.5,3,15,15,2334,23.44292402267456,1.3231032339954965,5.1444670272380435,0.012425021422450729
same_drone,MT_s004,5.0,0.5,4,1,1,2472,24.886879920959473,1.672693364975089,4.624594407269321,0.0
same_drone,MT_s004,5.0,0.5,4,2,2,2524,25.33614683151245,1.5087432420984186,4.304683885596235,0.0
same_drone,MT_s004,5.0,0.5,4,3,3,2665,26.740379095077515,1.439979914839796,4.089024764736598,0.01876172607879925
same_drone,MT_s004,5.0,0.5,4,4,4,2618,26.25896406173706,1.296026626824215,4.52101418838842,0.0
same_drone,MT_s004,5.0,0.5,4,5,5,2530,25.401978969573975,1.511969277165889,4.840378260414587,0.0007905138339920949
same_drone,MT_s004,5.0,0.5,4,6,6,2525,25.403844833374023,1.5153994872580085,5.535133029285691,0.007128712871287129
same_drone,MT_s004,5.0,0.5,4,7,7,2722,27.329137802124023,1.762612803719506,8.026287248329226,0.0731080088170463
same_drone,MT_s004,5.0,0.5,4,8,8,2312,23.212925910949707,1.0220882919994239,3.9207133884262055,0.0
same_drone,MT_s004,5.0,0.5,4,9,9,2312,23.21662998199463,1.311193573767298,4.160244894028215,0.0
same_drone,MT_s004,5.0,0.5,4,10,10,2346,23.52618908882141,1.7689244854488209,4.589210689767157,0.013640238704177323
same_drone,MT_s004,5.0,0.5,4,11,11,2666,26.786911964416504,1.8118915452068496,7.591984861093643,0.04426106526631658
same_drone,MT_s004,5.0,0.5,4,12,12,2344,23.593735933303833,1.3322777099119278,6.290042724828098,0.002559726962457338
same_drone,MT_s004,5.0,0.5,4,13,13,2307,23.15007710456848,1.4207247986631728,4.098593168201336,0.0
same_drone,MT_s004,5.0,0.5,4,14,14,2625,26.3830509185791,1.5172469373248134,4.529587522064178,0.005333333333333333
same_drone,MT_s004,5.0,0.5,4,15,15,2334,23.44292402267456,1.0518541620862933,3.9520642065712317,0.002570694087403599
same_drone,MT_s004,5.0,1.0,0,1,1,2472,24.886879920959473,1.6469468957099451,5.622937594014162,0.0
same_drone,MT_s004,5.0,1.0,0,2,2,2524,25.33614683151245,1.8192937383489518,5.504950382077483,0.0035657686212361333
same_drone,MT_s004,5.0,1.0,0,3,3,2665,26.740379095077515,1.6958401086258874,4.5561564948619955,0.0
same_drone,MT_s004,5.0,1.0,0,4,4,2618,26.25896406173706,1.29092979435395,4.756772103839217,0.0
same_drone,MT_s004,5.0,1.0,0,5,5,2530,25.401978969573975,1.3570667687278046,4.614843052897039,0.0
same_drone,MT_s004,5.0,1.0,0,6,6,2525,25.403844833374023,1.6274335707905294,6.342417772614845,0.0031683168316831685
same_drone,MT_s004,5.0,1.0,0,7,7,2722,27.329137802124023,1.8409258685551855,17.38046445809705,0.10506980161645849
same_drone,MT_s004,5.0,1.0,0,8,8,2312,23.212925910949707,1.2011824135776479,4.628426428035792,0.0
same_drone,MT_s004,5.0,1.0,0,9,9,2312,23.21662998199463,1.2768794866592543,4.274229093337037,0.00043252595155709344
same_drone,MT_s004,5.0,1.0,0,10,10,2346,23.52618908882141,1.469977630835288,5.281120337410986,0.013640238704177323
same_drone,MT_s004,5.0,1.0,0,11,11,2666,26.786911964416504,1.9194181258836096,8.969532055365178,0.052138034508627154
same_drone,MT_s004,5.0,1.0,0,12,12,2344,23.593735933303833,1.6563312697736912,5.46504910387061,0.013225255972696246
same_drone,MT_s004,5.0,1.0,0,13,13,2307,23.15007710456848,1.5032861579066719,5.036181972378129,0.00043346337234503684
same_drone,MT_s004,5.0,1.0,0,14,14,2625,26.3830509185791,1.6766065399040997,7.2246750148022425,0.03238095238095238
same_drone,MT_s004,5.0,1.0,0,15,15,2334,23.44292402267456,1.1662668972378398,5.399512612681897,0.011996572407883462
same_drone,MT_s004,5.0,1.0,1,1,1,2472,24.886879920959473,1.7844547826402675,5.069050133224417,0.0
same_drone,MT_s004,5.0,1.0,1,2,2,2524,25.33614683151245,1.4925661704936815,5.960017132727877,0.002377179080824089
same_drone,MT_s004,5.0,1.0,1,3,3,2665,26.740379095077515,1.3422880839098354,3.9576437167726737,0.0
same_drone,MT_s004,5.0,1.0,1,4,4,2618,26.25896406173706,1.247339301602267,3.8779076914469632,0.0
same_drone,MT_s004,5.0,1.0,1,5,5,2530,25.401978969573975,1.435688537362779,4.128387281937098,0.0
same_drone,MT_s004,5.0,1.0,1,6,6,2525,25.403844833374023,1.723391819130427,5.623727108493028,0.002772277227722772
same_drone,MT_s004,5.0,1.0,1,7,7,2722,27.329137802124023,1.879218200868067,7.3211053345016115,0.0334313005143277
same_drone,MT_s004,5.0,1.0,1,8,8,2312,23.212925910949707,1.1511155730453027,4.912889051119783,0.0
same_drone,MT_s004,5.0,1.0,1,9,9,2312,23.21662998199463,1.4195239948526321,4.544741150711998,0.0
same_drone,MT_s004,5.0,1.0,1,10,10,2346,23.52618908882141,1.3733649521490783,4.527837129802862,0.013640238704177323
same_drone,MT_s004,5.0,1.0,1,11,11,2666,26.786911964416504,2.0146404084643166,11.942674972304673,0.08252063015753938
same_drone,MT_s004,5.0,1.0,1,12,12,2344,23.593735933303833,1.667159080364101,5.663480456220897,0.023890784982935155
same_drone,MT_s004,5.0,1.0,1,13,13,2307,23.15007710456848,1.3461951228885312,4.278369634991061,0.004334633723450368
same_drone,MT_s004,5.0,1.0,1,14,14,2625,26.3830509185791,1.6218432992989449,5.417862660505225,0.017142857142857144
same_drone,MT_s004,5.0,1.0,1,15,15,2334,23.44292402267456,1.23472396292712,5.838951278793089,0.014995715509854327
same_drone,MT_s004,5.0,1.0,2,1,1,2472,24.886879920959473,1.595391376290408,6.136722685710433,0.0
same_drone,MT_s004,5.0,1.0,2,2,2,2524,25.33614683151245,1.658163430168159,5.908603292665163,0.0
same_drone,MT_s004,5.0,1.0,2,3,3,2665,26.740379095077515,1.5866993910503382,4.959413946185219,0.0
same_drone,MT_s004,5.0,1.0,2,4,4,2618,26.25896406173706,1.2019127119448996,4.121828767498553,0.0
same_drone,MT_s004,5.0,1.0,2,5,5,2530,25.401978969573975,1.2591396699656556,4.159256904943503,0.0
same_drone,MT_s004,5.0,1.0,2,6,6,2525,25.403844833374023,1.4277680541409268,8.260562763006233,0.0
same_drone,MT_s004,5.0,1.0,2,7,7,2722,27.329137802124023,1.7656506901011966,10.60699252712661,0.07384276267450404
same_drone,MT_s004,5.0,1.0,2,8,8,2312,23.212925910949707,1.0655423923283038,4.759188479562569,0.0
same_drone,MT_s004,5.0,1.0,2,9,9,2312,23.21662998199463,1.2754179951964062,5.180874670792579,0.0017301038062283738
same_drone,MT_s004,5.0,1.0,2,10,10,2346,23.52618908882141,1.6675746139269663,5.556885398114126,0.013640238704177323
same_drone,MT_s004,5.0,1.0,2,11,11,2666,26.786911964416504,2.0082406505241472,12.877764317196082,0.08852213053263316
same_drone,MT_s004,5.0,1.0,2,12,12,2344,23.593735933303833,1.5168257691460596,6.70647977420178,0.014505119453924915
same_drone,MT_s004,5.0,1.0,2,13,13,2307,23.15007710456848,1.277890558560415,4.132303600698745,0.00043346337234503684
same_drone,MT_s004,5.0,1.0,2,14,14,2625,26.3830509185791,1.721779415922697,5.125389386895521,0.011428571428571429
same_drone,MT_s004,5.0,1.0,2,15,15,2334,23.44292402267456,1.2548001412266103,5.038399573884784,0.02099400171379606
same_drone,MT_s004,5.0,1.0,3,1,1,2472,24.886879920959473,1.6652864519327863,5.247054869146403,0.0
same_drone,MT_s004,5.0,1.0,3,2,2,2524,25.33614683151245,1.6067540422513815,4.8802742140242605,0.005546751188589541
same_drone,MT_s004,5.0,1.0,3,3,3,2665,26.740379095077515,1.4343318435305008,4.140389882624356,0.0
same_drone,MT_s004,5.0,1.0,3,4,4,2618,26.25896406173706,1.1412517586695259,5.5472222559919295,0.0
same_drone,MT_s004,5.0,1.0,3,5,5,2530,25.401978969573975,1.427627228490735,5.351738426515398,0.0
same_drone,MT_s004,5.0,1.0,3,6,6,2525,25.403844833374023,1.5104480840044232,5.418892678232981,0.0035643564356435645
same_drone,MT_s004,5.0,1.0,3,7,7,2722,27.329137802124023,2.1392018508457227,21.36700913475143,0.11315209404849376
same_drone,MT_s004,5.0,1.0,3,8,8,2312,23.212925910949707,1.0762874632214192,4.248628162338947,0.0
same_drone,MT_s004,5.0,1.0,3,9,9,2312,23.21662998199463,1.178199628466139,4.797949205541728,0.009948096885813149
same_drone,MT_s004,5.0,1.0,3,10,10,2346,23.52618908882141,1.594171047223881,4.43611012359149,0.013640238704177323
same_drone,MT_s004,5.0,1.0,3,11,11,2666,26.786911964416504,1.78364745008993,11.85858147196926,0.06489122280570142
same_drone,MT_s004,5.0,1.0,3,12,12,2344,23.593735933303833,1.7036684996171942,6.705665304294185,0.029436860068259386
same_drone,MT_s004,5.0,1.0,3,13,13,2307,23.15007710456848,1.3992264122421147,4.517727287826131,0.0
same_drone,MT_s004,5.0,1.0,3,14,14,2625,26.3830509185791,1.4560562036289468,5.606157847965971,0.009904761904761904
same_drone,MT_s004,5.0,1.0,3,15,15,2334,23.44292402267456,1.221296502252418,5.099127620494855,0.02056555269922879
same_drone,MT_s004,5.0,1.0,4,1,1,2472,24.886879920959473,1.7017064533202984,5.2844238517131465,0.0
same_drone,MT_s004,5.0,1.0,4,2,2,2524,25.33614683151245,1.5335846791644538,4.424534602623049,0.0019809825673534074
same_drone,MT_s004,5.0,1.0,4,3,3,2665,26.740379095077515,1.3928870186812787,3.664792485429887,0.0
same_drone,MT_s004,5.0,1.0,4,4,4,2618,26.25896406173706,1.1890384593533128,4.725421332227702,0.0
same_drone,MT_s004,5.0,1.0,4,5,5,2530,25.401978969573975,1.3203452918636245,4.085059237351745,0.0
same_drone,MT_s004,5.0,1.0,4,6,6,2525,25.403844833374023,1.5043017423317053,5.606936337703575,0.002772277227722772
same_drone,MT_s004,5.0,1.0,4,7,7,2722,27.329137802124023,1.7910197629925761,9.173959648583368,0.046289493019838354
same_drone,MT_s004,5.0,1.0,4,8,8,2312,23.212925910949707,1.2034424244307331,4.02070748893834,0.0
same_drone,MT_s004,5.0,1.0,4,9,9,2312,23.21662998199463,1.079743418669537,5.008754341695308,0.012110726643598616
same_drone,MT_s004,5.0,1.0,4,10,10,2346,23.52618908882141,1.4952196913208127,4.781898336540351,0.014492753623188406
same_drone,MT_s004,5.0,1.0,4,11,11,2666,26.786911964416504,1.77378915740411,11.373552206498047,0.07051762940735183
same_drone,MT_s004,5.0,1.0,4,12,12,2344,23.593735933303833,1.6609925823434928,5.268682830936319,0.008105802047781569
same_drone,MT_s004,5.0,1.0,4,13,13,2307,23.15007710456848,1.474551405291841,4.8143273357682865,0.0
same_drone,MT_s004,5.0,1.0,4,14,14,2625,26.3830509185791,1.5892037997717523,5.041339573484276,0.006857142857142857
same_drone,MT_s004,5.0,1.0,4,15,15,2334,23.44292402267456,1.2084893088945137,5.4761275160273675,0.01970865467009426
same_drone,MT_s004,5.0,2.0,0,1,1,2472,24.886879920959473,1.7404056386441766,5.225429746420786,0.0
same_drone,MT_s004,5.0,2.0,0,2,2,2524,25.33614683151245,1.7520056747108157,7.180125664959189,0.022187004754358162
same_drone,MT_s004,5.0,2.0,0,3,3,2665,26.740379095077515,1.687417669317341,7.618877638210064,0.029643527204502813
same_drone,MT_s004,5.0,2.0,0,4,4,2618,26.25896406173706,1.1226605386880948,4.19344597522414,0.0
same_drone,MT_s004,5.0,2.0,0,5,5,2530,25.401978969573975,1.2810520013815392,4.928621536423095,0.005138339920948616
same_drone,MT_s004,5.0,2.0,0,6,6,2525,25.403844833374023,1.8368525347351863,5.3984762958617365,0.002376237623762376
same_drone,MT_s004,5.0,2.0,0,7,7,2722,27.329137802124023,2.0244287512189416,17.445360032615383,0.10102865540044086
same_drone,MT_s004,5.0,2.0,0,8,8,2312,23.212925910949707,1.1307042536466838,4.490277428029583,0.0
same_drone,MT_s004,5.0,2.0,0,9,9,2312,23.21662998199463,1.2005600840088562,5.197200019309069,0.006487889273356401
same_drone,MT_s004,5.0,2.0,0,10,10,2346,23.52618908882141,1.8458118547124798,5.416007494128486,0.013640238704177323
same_drone,MT_s004,5.0,2.0,0,11,11,2666,26.786911964416504,2.2141574183728494,33.16391779162224,0.122655663915979
same_drone,MT_s004,5.0,2.0,0,12,12,2344,23.593735933303833,1.6352575653774863,6.2170486235803635,0.017918088737201365
same_drone,MT_s004,5.0,2.0,0,13,13,2307,23.15007710456848,1.4828634752018814,5.2865118698674,0.017771998266146512
same_drone,MT_s004,5.0,2.0,0,14,14,2625,26.3830509185791,1.8906994888699273,6.841392664058093,0.032
same_drone,MT_s004,5.0,2.0,0,15,15,2334,23.44292402267456,1.2059929595427654,4.919620929914221,0.019280205655526992
same_drone,MT_s004,5.0,2.0,1,1,1,2472,24.886879920959473,1.7851553072385826,5.690596784875253,0.0
same_drone,MT_s004,5.0,2.0,1,2,2,2524,25.33614683151245,1.8035687564730907,5.514384430129439,0.0
same_drone,MT_s004,5.0,2.0,1,3,3,2665,26.740379095077515,1.480344856781528,4.330496721239119,0.02626641651031895
same_drone,MT_s004,5.0,2.0,1,4,4,2618,26.25896406173706,1.1611392207645395,4.651988216605425,0.0
same_drone,MT_s004,5.0,2.0,1,5,5,2530,25.401978969573975,1.35855034485445,4.328332603198433,0.008695652173913044
same_drone,MT_s004,5.0,2.0,1,6,6,2525,25.403844833374023,1.6140058752798438,4.6334220984092145,0.002376237623762376
same_drone,MT_s004,5.0,2.0,1,7,7,2722,27.329137802124023,1.7794959878439656,8.99786506051058,0.08082292432035268
same_drone,MT_s004,5.0,2.0,1,8,8,2312,23.212925910949707,1.2018721887057353,4.776909948058791,0.0
same_drone,MT_s004,5.0,2.0,1,9,9,2312,23.21662998199463,1.2643036427974366,4.825810429781093,0.012543252595155709
same_drone,MT_s004,5.0,2.0,1,10,10,2346,23.52618908882141,1.7435331891333306,5.367037364606791,0.013640238704177323
same_drone,MT_s004,5.0,2.0,1,11,11,2666,26.786911964416504,2.2744150761803468,16.665962780893892,0.10877719429857464
same_drone,MT_s004,5.0,2.0,1,12,12,2344,23.593735933303833,1.8332841766181183,5.398597397106209,0.01877133105802048
same_drone,MT_s004,5.0,2.0,1,13,13,2307,23.15007710456848,1.4970665846039282,4.887393695441295,0.0
same_drone,MT_s004,5.0,2.0,1,14,14,2625,26.3830509185791,1.8422693073333676,5.7937574168300126,0.006095238095238095
same_drone,MT_s004,5.0,2.0,1,15,15,2334,23.44292402267456,1.2410968611572457,5.558000460301549,0.02099400171379606
same_drone,MT_s004,5.0,2.0,2,1,1,2472,24.886879920959473,1.6124013883224322,5.170710673554476,0.0
same_drone,MT_s004,5.0,2.0,2,2,2,2524,25.33614683151245,1.8524550272020122,6.281642355972221,0.01862123613312203
same_drone,MT_s004,5.0,2.0,2,3,3,2665,26.740379095077515,1.451722471894854,7.01342743675965,0.02851782363977486
same_drone,MT_s004,5.0,2.0,2,4,4,2618,26.25896406173706,1.167122369896589,4.332432176991606,0.0
same_drone,MT_s004,5.0,2.0,2,5,5,2530,25.401978969573975,1.2633993587561605,4.642822439175032,0.004347826086956522
same_drone,MT_s004,5.0,2.0,2,6,6,2525,25.403844833374023,1.6889705962896926,5.536864520159057,0.002376237623762376
same_drone,MT_s004,5.0,2.0,2,7,7,2722,27.329137802124023,2.0533274783107203,12.197351342021838,0.09037472446730345
same_drone,MT_s004,5.0,2.0,2,8,8,2312,23.212925910949707,1.3174410307413211,6.857705511096387,0.014705882352941176
same_drone,MT_s004,5.0,2.0,2,9,9,2312,23.21662998199463,1.237548208412857,5.326633187189676,0.013408304498269897
same_drone,MT_s004,5.0,2.0,2,10,10,2346,23.52618908882141,1.6654095042014134,5.892571356782142,0.024296675191815855
same_drone,MT_s004,5.0,2.0,2,11,11,2666,26.786911964416504,2.254644349320259,71.75131950709334,0.23105776444111029
same_drone,MT_s004,5.0,2.0,2,12,12,2344,23.593735933303833,1.695863011888747,6.41766223441448,0.029863481228668942
same_drone,MT_s004,5.0,2.0,2,13,13,2307,23.15007710456848,1.5120263328158359,4.1885006313796165,0.0
same_drone,MT_s004,5.0,2.0,2,14,14,2625,26.3830509185791,1.6977048891128845,5.8405482357526575,0.008761904761904762
same_drone,MT_s004,5.0,2.0,2,15,15,2334,23.44292402267456,1.2943802350607,4.867121769640439,0.017566409597257925
same_drone,MT_s004,5.0,2.0,3,1,1,2472,24.886879920959473,1.7914604809501284,5.481856535045973,0.0
same_drone,MT_s004,5.0,2.0,3,2,2,2524,25.33614683151245,1.8199710548915888,6.52356750024475,0.02496038034865293
same_drone,MT_s004,5.0,2.0,3,3,3,2665,26.740379095077515,1.4479195101922642,7.051247358938278,0.025140712945590993
same_drone,MT_s004,5.0,2.0,3,4,4,2618,26.25896406173706,1.2570643853336492,5.366968936822667,0.0
same_drone,MT_s004,5.0,2.0,3,5,5,2530,25.401978969573975,1.3975693097004935,4.680909150333877,0.01383399209486166
same_drone,MT_s004,5.0,2.0,3,6,6,2525,25.403844833374023,1.6928754941293107,5.351677259321588,0.0031683168316831685
same_drone,MT_s004,5.0,2.0,3,7,7,2722,27.329137802124023,2.3600704733204942,14.185045707274373,0.0988243938280676
same_drone,MT_s004,5.0,2.0,3,8,8,2312,23.212925910949707,1.1450015999846705,9.099532264415348,0.06920415224913495
same_drone,MT_s004,5.0,2.0,3,9,9,2312,23.21662998199463,1.4650558489024945,5.0065651673560145,0.0
same_drone,MT_s004,5.0,2.0,3,10,10,2346,23.52618908882141,1.6334264935153868,5.139576164115009,0.013640238704177323
same_drone,MT_s004,5.0,2.0,3,11,11,2666,26.786911964416504,2.096498475450943,7.670610077685282,0.035258814703675916
same_drone,MT_s004,5.0,2.0,3,12,12,2344,23.593735933303833,1.7476170271948597,5.69595584198443,0.015358361774744027
same_drone,MT_s004,5.0,2.0,3,13,13,2307,23.15007710456848,1.6400691067471485,4.975063663298181,0.008669267446900737
same_drone,MT_s004,5.0,2.0,3,14,14,2625,26.3830509185791,1.7509046848186927,5.58171912166498,0.008
same_drone,MT_s004,5.0,2.0,3,15,15,2334,23.44292402267456,1.377904098070033,5.186879163697386,0.00728363324764353
same_drone,MT_s004,5.0,2.0,4,1,1,2472,24.886879920959473,1.6676740929650897,5.490288659786816,0.0
same_drone,MT_s004,5.0,2.0,4,2,2,2524,25.33614683151245,1.7419352062288098,6.028267634942089,0.002377179080824089
same_drone,MT_s004,5.0,2.0,4,3,3,2665,26.740379095077515,1.4150744643713153,3.9169939731989523,0.020637898686679174
same_drone,MT_s004,5.0,2.0,4,4,4,2618,26.25896406173706,1.3170197424507109,5.164236359312061,0.0
same_drone,MT_s004,5.0,2.0,4,5,5,2530,25.401978969573975,1.3233468602333147,4.175571780185043,0.010276679841897233
same_drone,MT_s004,5.0,2.0,4,6,6,2525,25.403844833374023,1.942390141044143,5.867836291408084,0.002376237623762376
same_drone,MT_s004,5.0,2.0,4,7,7,2722,27.329137802124023,2.402761066580794,20.030865210041163,0.11315209404849376
same_drone,MT_s004,5.0,2.0,4,8,8,2312,23.212925910949707,1.150821951730066,5.838685337988537,0.006920415224913495
same_drone,MT_s004,5.0,2.0,4,9,9,2312,23.21662998199463,1.377496849598316,5.007584256602544,0.014273356401384083
same_drone,MT_s004,5.0,2.0,4,10,10,2346,23.52618908882141,1.6667577424727398,6.432794895013338,0.013640238704177323
same_drone,MT_s004,5.0,2.0,4,11,11,2666,26.786911964416504,1.979334488980406,19.585891323927513,0.1207801950487622
same_drone,MT_s004,5.0,2.0,4,12,12,2344,23.593735933303833,1.612707067668243,5.512550116149939,0.011945392491467578
same_drone,MT_s004,5.0,2.0,4,13,13,2307,23.15007710456848,1.3711663361250146,4.348609480545062,0.0
same_drone,MT_s004,5.0,2.0,4,14,14,2625,26.3830509185791,1.7165836480517953,6.742349045902477,0.0380952380952381
same_drone,MT_s004,5.0,2.0,4,15,15,2334,23.44292402267456,1.3235232569185627,5.688599423940353,0.02356469580119966
same_drone,MT_s004,5.0,5.0,0,1,1,2472,24.886879920959473,1.710313207772284,5.395282970360685,0.0
same_drone,MT_s004,5.0,5.0,0,2,2,2524,25.33614683151245,1.675830090446766,5.678263166495899,0.0
same_drone,MT_s004,5.0,5.0,0,3,3,2665,26.740379095077515,1.4762680850798802,7.6469541462292,0.02626641651031895
same_drone,MT_s004,5.0,5.0,0,4,4,2618,26.25896406173706,1.1761706610384977,3.9984804365025233,0.0
same_drone,MT_s004,5.0,5.0,0,5,5,2530,25.401978969573975,1.3783289437524076,5.220402857654002,0.001976284584980237
same_drone,MT_s004,5.0,5.0,0,6,6,2525,25.403844833374023,1.6130422370917472,5.2576461958378955,0.011089108910891089
same_drone,MT_s004,5.0,5.0,0,7,7,2722,27.329137802124023,2.241208635986503,9.284398788415464,0.07531227038941954
same_drone,MT_s004,5.0,5.0,0,8,8,2312,23.212925910949707,1.1918791889418827,5.915685079862579,0.009515570934256055
same_drone,MT_s004,5.0,5.0,0,9,9,2312,23.21662998199463,1.2799227340088812,5.489529389209218,0.012543252595155709
same_drone,MT_s004,5.0,5.0,0,10,10,2346,23.52618908882141,1.7165068242904908,5.896812383781096,0.013640238704177323
same_drone,MT_s004,5.0,5.0,0,11,11,2666,26.786911964416504,2.6462587188877933,70.17745071647533,0.16541635408852212
same_drone,MT_s004,5.0,5.0,0,12,12,2344,23.593735933303833,1.828023548668682,6.2049460648036785,0.0
same_drone,MT_s004,5.0,5.0,0,13,13,2307,23.15007710456848,1.7913043765475436,6.045545639621493,0.007368877329865626
same_drone,MT_s004,5.0,5.0,0,14,14,2625,26.3830509185791,1.6803958429920272,7.131437934274777,0.058666666666666666
same_drone,MT_s004,5.0,5.0,0,15,15,2334,23.44292402267456,1.7912427010759515,11.88794445721268,0.08911739502999143
same_drone,MT_s004,5.0,5.0,1,1,1,2472,24.886879920959473,1.6813733594327616,5.416850151186312,0.0
same_drone,MT_s004,5.0,5.0,1,2,2,2524,25.33614683151245,1.7573537872930487,5.1266464186136105,0.0
same_drone,MT_s004,5.0,5.0,1,3,3,2665,26.740379095077515,1.4292808378278323,4.541838444563922,0.022138836772983114
same_drone,MT_s004,5.0,5.0,1,4,4,2618,26.25896406173706,1.2070514923709652,4.277623843182995,0.0
same_drone,MT_s004,5.0,5.0,1,5,5,2530,25.401978969573975,1.4644375286763136,5.448218860833332,0.0
same_drone,MT_s004,5.0,5.0,1,6,6,2525,25.403844833374023,1.6691659874394418,5.286450401097085,0.011089108910891089
same_drone,MT_s004,5.0,5.0,1,7,7,2722,27.329137802124023,2.290543066390285,9.973200312054509,0.0731080088170463
same_drone,MT_s004,5.0,5.0,1,8,8,2312,23.212925910949707,1.1677013183244611,6.555800635484106,0.021193771626297576
same_drone,MT_s004,5.0,5.0,1,9,9,2312,23.21662998199463,1.185076955149576,6.317137698650978,0.02378892733564014
same_drone,MT_s004,5.0,5.0,1,10,10,2346,23.52618908882141,1.6331716748349123,5.378888500262377,0.018329070758738276
same_drone,MT_s004,5.0,5.0,1,11,11,2666,26.786911964416504,2.05403853798056,18.22815577118694,0.10427606901725431
same_drone,MT_s004,5.0,5.0,1,12,12,2344,23.593735933303833,1.7822116799814527,6.552607353753197,0.029436860068259386
same_drone,MT_s004,5.0,5.0,1,13,13,2307,23.15007710456848,1.6822654031171282,5.221027311945119,0.005635023840485479
same_drone,MT_s004,5.0,5.0,1,14,14,2625,26.3830509185791,1.922073404292263,8.396161076868497,0.052571428571428575
same_drone,MT_s004,5.0,5.0,1,15,15,2334,23.44292402267456,1.2497183435437051,5.573005418218531,0.02056555269922879
same_drone,MT_s004,5.0,5.0,2,1,1,2472,24.886879920959473,1.6800845154848645,5.234398790062704,0.0
same_drone,MT_s004,5.0,5.0,2,2,2,2524,25.33614683151245,1.7888434000671367,6.213761541544141,0.02456418383518225
same_drone,MT_s004,5.0,5.0,2,3,3,2665,26.740379095077515,1.4542720141466248,4.764311111942089,0.0375234521575985
same_drone,MT_s004,5.0,5.0,2,4,4,2618,26.25896406173706,1.1708033906683042,4.256010894894351,0.0
same_drone,MT_s004,5.0,5.0,2,5,5,2530,25.401978969573975,1.4365978111033328,4.84025403057827,0.001976284584980237
same_drone,MT_s004,5.0,5.0,2,6,6,2525,25.403844833374023,1.7080255639106383,5.234813828035721,0.011881188118811881
same_drone,MT_s004,5.0,5.0,2,7,7,2722,27.329137802124023,2.4745764990858277,45.233181530529514,0.1961792799412197
same_drone,MT_s004,5.0,5.0,2,8,8,2312,23.212925910949707,1.1592394583488357,7.115157611273244,0.009515570934256055
same_drone,MT_s004,5.0,5.0,2,9,9,2312,23.21662998199463,1.3335855964033456,6.3476613751995465,0.034169550173010384
same_drone,MT_s004,5.0,5.0,2,10,10,2346,23.52618908882141,1.786115907594656,5.945402044769569,0.013640238704177323
same_drone,MT_s004,5.0,5.0,2,11,11,2666,26.786911964416504,2.3623346326165375,17.012111574057826,0.11252813203300825
same_drone,MT_s004,5.0,5.0,2,12,12,2344,23.593735933303833,1.6731793990485926,6.7052329065029745,0.021757679180887373
same_drone,MT_s004,5.0,5.0,2,13,13,2307,23.15007710456848,1.4757560434230186,4.256205088721229,0.0
same_drone,MT_s004,5.0,5.0,2,14,14,2625,26.3830509185791,1.9220721917960475,10.016843920566098,0.064
same_drone,MT_s004,5.0,5.0,2,15,15,2334,23.44292402267456,1.3382483607413604,5.592570920759836,0.02442159383033419
same_drone,MT_s004,5.0,5.0,3,1,1,2472,24.886879920959473,1.9225909684837976,6.037333979953115,0.0
same_drone,MT_s004,5.0,5.0,3,2,2,2524,25.33614683151245,1.7245166067177564,5.02851157584578,0.006735340729001585
same_drone,MT_s004,5.0,5.0,3,3,3,2665,26.740379095077515,1.4502038863620896,7.583202662385923,0.03076923076923077
same_drone,MT_s004,5.0,5.0,3,4,4,2618,26.25896406173706,1.3053141643738968,4.429164966252335,0.0
same_drone,MT_s004,5.0,5.0,3,5,5,2530,25.401978969573975,1.462222369730668,5.192436073305284,0.007509881422924901
same_drone,MT_s004,5.0,5.0,3,6,6,2525,25.403844833374023,1.8401480095873808,5.818456314929076,0.009504950495049505
same_drone,MT_s004,5.0,5.0,3,7,7,2722,27.329137802124023,2.1049616494592165,14.516826089775762,0.0973548861131521
same_drone,MT_s004,5.0,5.0,3,8,8,2312,23.212925910949707,1.1421474212336644,5.0923906478088625,0.0
same_drone,MT_s004,5.0,5.0,3,9,9,2312,23.21662998199463,1.4784612851110932,6.5241526910863135,0.018166089965397925
same_drone,MT_s004,5.0,5.0,3,10,10,2346,23.52618908882141,1.7521368827536747,5.424491484762363,0.013640238704177323
same_drone,MT_s004,5.0,5.0,3,11,11,2666,26.786911964416504,2.6768725810065064,84.06975859608052,0.20142535633908476
same_drone,MT_s004,5.0,5.0,3,12,12,2344,23.593735933303833,1.600219233588021,5.232573566598322,0.015358361774744027
same_drone,MT_s004,5.0,5.0,3,13,13,2307,23.15007710456848,1.5467658023715671,5.292065204485529,0.0
same_drone,MT_s004,5.0,5.0,3,14,14,2625,26.3830509185791,1.7247254514161625,6.031890269111556,0.02057142857142857
same_drone,MT_s004,5.0,5.0,3,15,15,2334,23.44292402267456,1.3017971192340312,5.275030890249537,0.01456726649528706
same_drone,MT_s004,5.0,5.0,4,1,1,2472,24.886879920959473,1.7118283659955722,5.528346763935562,0.0
same_drone,MT_s004,5.0,5.0,4,2,2,2524,25.33614683151245,1.663560453250902,6.424900544812872,0.04873217115689382
same_drone,MT_s004,5.0,5.0,4,3,3,2665,26.740379095077515,1.5210800990867597,5.753957309369163,0.026641651031894933
same_drone,MT_s004,5.0,5.0,4,4,4,2618,26.25896406173706,1.2114570604346042,4.232537809686525,0.0
same_drone,MT_s004,5.0,5.0,4,5,5,2530,25.401978969573975,1.4337679410593829,5.474465516482968,0.008300395256916997
same_drone,MT_s004,5.0,5.0,4,6,6,2525,25.403844833374023,1.6388167370822657,8.266249151692048,0.009504950495049505
same_drone,MT_s004,5.0,5.0,4,7,7,2722,27.329137802124023,2.786224178297193,30.98640698608641,0.19507714915503307
same_drone,MT_s004,5.0,5.0,4,8,8,2312,23.212925910949707,1.2561590279862997,5.526214719188125,0.00043252595155709344
same_drone,MT_s004,5.0,5.0,4,9,9,2312,23.21662998199463,1.470143808060758,7.277740881626214,0.02378892733564014
same_drone,MT_s004,5.0,5.0,4,10,10,2346,23.52618908882141,1.6493607728871496,5.0172093008606495,0.013640238704177323
same_drone,MT_s004,5.0,5.0,4,11,11,2666,26.786911964416504,2.460132756806992,97.65585304183021,0.1504126031507877
same_drone,MT_s004,5.0,5.0,4,12,12,2344,23.593735933303833,1.7873904788458006,9.220176993952313,0.06143344709897611
same_drone,MT_s004,5.0,5.0,4,13,13,2307,23.15007710456848,1.5899703110364243,5.1079832806922045,0.0
same_drone,MT_s004,5.0,5.0,4,14,14,2625,26.3830509185791,1.9657838617801815,9.511345744943593,0.05523809523809524
same_drone,MT_s004,5.0,5.0,4,15,15,2334,23.44292402267456,1.518049329635133,5.740533319653648,0.02099400171379606
same_drone,MT_s004,10.0,0.2,0,1,1,2472,24.886879920959473,1.7042667580368303,5.024693121823555,0.0004045307443365696
same_drone,MT_s004,10.0,0.2,0,2,2,2524,25.33614683151245,1.5214274209038194,4.256190229822202,0.0
same_drone,MT_s004,10.0,0.2,0,3,3,2665,26.740379095077515,1.4480050744230084,5.962095080797906,0.0
same_drone,MT_s004,10.0,0.2,0,4,4,2618,26.25896406173706,1.0998157596213236,4.627933944108932,0.0
same_drone,MT_s004,10.0,0.2,0,5,5,2530,25.401978969573975,1.4665236298300268,4.80915491153907,0.0
same_drone,MT_s004,10.0,0.2,0,6,6,2525,25.403844833374023,1.6755507119795148,5.375508329467388,0.0019801980198019802
same_drone,MT_s004,10.0,0.2,0,7,7,2722,27.329137802124023,1.7865842877889406,8.741696484763084,0.05878030859662013
same_drone,MT_s004,10.0,0.2,0,8,8,2312,23.212925910949707,1.1094687159333105,3.8373966149658956,0.0
same_drone,MT_s004,10.0,0.2,0,9,9,2312,23.21662998199463,1.3444702990999957,5.116685206894784,0.0034602076124567475
same_drone,MT_s004,10.0,0.2,0,10,10,2346,23.52618908882141,1.552172143357918,4.943259681641677,0.013640238704177323
same_drone,MT_s004,10.0,0.2,0,11,11,2666,26.786911964416504,1.7180033729228512,9.905272842005658,0.06826706676669167
same_drone,MT_s004,10.0,0.2,0,12,12,2344,23.593735933303833,1.430918551505993,4.456489865076083,0.0
same_drone,MT_s004,10.0,0.2,0,13,13,2307,23.15007710456848,1.4556925417126365,4.398038226809021,0.002600780234070221
same_drone,MT_s004,10.0,0.2,0,14,14,2625,26.3830509185791,1.5089675010631822,6.317897231077746,0.008380952380952381
same_drone,MT_s004,10.0,0.2,0,15,15,2334,23.44292402267456,1.0880266046586655,4.899868951188703,0.014138817480719794
same_drone,MT_s004,10.0,0.2,1,1,1,2472,24.886879920959473,1.6448727350007317,4.85379088514954,0.0
same_drone,MT_s004,10.0,0.2,1,2,2,2524,25.33614683151245,1.5701482842996128,5.17937655496929,0.0035657686212361333
same_drone,MT_s004,10.0,0.2,1,3,3,2665,26.740379095077515,1.5678624549332554,4.161933760341053,0.0
same_drone,MT_s004,10.0,0.2,1,4,4,2618,26.25896406173706,1.0737589169500872,4.896727666928666,0.0015278838808250573
same_drone,MT_s004,10.0,0.2,1,5,5,2530,25.401978969573975,1.323513240566374,4.641400628163111,0.0
same_drone,MT_s004,10.0,0.2,1,6,6,2525,25.403844833374023,1.3019672531725632,4.766680718538316,0.0035643564356435645
same_drone,MT_s004,10.0,0.2,1,7,7,2722,27.329137802124023,1.805542207029049,19.907360251038313,0.10470242468772961
same_drone,MT_s004,10.0,0.2,1,8,8,2312,23.212925910949707,1.1492814010694872,5.078034034059922,0.0
same_drone,MT_s004,10.0,0.2,1,9,9,2312,23.21662998199463,1.4706527966529563,5.159374842687294,0.00865051903114187
same_drone,MT_s004,10.0,0.2,1,10,10,2346,23.52618908882141,1.4673827110181321,4.307483214901666,0.014919011082693947
same_drone,MT_s004,10.0,0.2,1,11,11,2666,26.786911964416504,1.7773814389404663,8.140744371555193,0.060765191297824456
same_drone,MT_s004,10.0,0.2,1,12,12,2344,23.593735933303833,1.4876803024649803,4.68321329598024,0.004266211604095563
same_drone,MT_s004,10.0,0.2,1,13,13,2307,23.15007710456848,1.345546212865969,4.676811974489869,0.002600780234070221
same_drone,MT_s004,10.0,0.2,1,14,14,2625,26.3830509185791,1.5447258580530274,6.845146108928468,0.022095238095238095
same_drone,MT_s004,10.0,0.2,1,15,15,2334,23.44292402267456,1.2407513351648163,4.785829691436839,0.005998286203941731
same_drone,MT_s004,10.0,0.2,2,1,1,2472,24.886879920959473,1.506223148818222,4.862202693907588,0.0
same_drone,MT_s004,10.0,0.2,2,2,2,2524,25.33614683151245,1.8983442453339947,6.619843960818445,0.0
same_drone,MT_s004,10.0,0.2,2,3,3,2665,26.740379095077515,1.4201778938524967,5.000670044385512,0.000375234521575985
same_drone,MT_s004,10.0,0.2,2,4,4,2618,26.25896406173706,1.2306544627998193,3.462275179809302,0.0
same_drone,MT_s004,10.0,0.2,2,5,5,2530,25.401978969573975,1.406480919439959,4.869177303398739,0.0
same_drone,MT_s004,10.0,0.2,2,6,6,2525,25.403844833374023,1.6054108091917145,5.357444357176869,0.004752475247524752
same_drone,MT_s004,10.0,0.2,2,7,7,2722,27.329137802124023,1.831890847020233,10.485122688329799,0.08743570903747244
same_drone,MT_s004,10.0,0.2,2,8,8,2312,23.212925910949707,1.1843661512217665,4.113428253265184,0.0
same_drone,MT_s004,10.0,0.2,2,9,9,2312,23.21662998199463,1.2287356758296824,5.062373180830753,0.0
same_drone,MT_s004,10.0,0.2,2,10,10,2346,23.52618908882141,1.7303312110785996,4.077504070060371,0.013640238704177323
same_drone,MT_s004,10.0,0.2,2,11,11,2666,26.786911964416504,1.8125822528036082,13.201443858273848,0.08889722430607652
same_drone,MT_s004,10.0,0.2,2,12,12,2344,23.593735933303833,1.63167783785887,5.277723926604499,0.0
same_drone,MT_s004,10.0,0.2,2,13,13,2307,23.15007710456848,1.3755755821707467,4.205446349152466,0.0
same_drone,MT_s004,10.0,0.2,2,14,14,2625,26.3830509185791,1.7866495099658835,4.526721859864488,0.004190476190476191
same_drone,MT_s004,10.0,0.2,2,15,15,2334,23.44292402267456,1.2097665696093642,5.065209119586043,0.005998286203941731
same_drone,MT_s004,10.0,0.2,3,1,1,2472,24.886879920959473,1.79796476317496,4.687580693245687,0.0
same_drone,MT_s004,10.0,0.2,3,2,2,2524,25.33614683151245,1.5617809908915206,5.455119673198881,0.0277337559429477
same_drone,MT_s004,10.0,0.2,3,3,3,2665,26.740379095077515,1.5582429098530106,3.970641111145488,0.0
same_drone,MT_s004,10.0,0.2,3,4,4,2618,26.25896406173706,1.1585217720882781,3.40985095872012,0.0
same_drone,MT_s004,10.0,0.2,3,5,5,2530,25.401978969573975,1.371278148752097,4.4103654400775625,0.0047430830039525695
same_drone,MT_s004,10.0,0.2,3,6,6,2525,25.403844833374023,1.852382421393088,6.16311767365758,0.004752475247524752
same_drone,MT_s004,10.0,0.2,3,7,7,2722,27.329137802124023,1.773945079852151,14.091435090029483,0.0881704628949302
same_drone,MT_s004,10.0,0.2,3,8,8,2312,23.212925910949707,1.127442738871082,3.931114048709151,0.0034602076124567475
same_drone,MT_s004,10.0,0.2,3,9,9,2312,23.21662998199463,1.1882474583138496,4.580749539923567,0.008217993079584774
same_drone,MT_s004,10.0,0.2,3,10,10,2346,23.52618908882141,1.5676950307637423,5.265160476931598,0.017476555839727195
same_drone,MT_s004,10.0,0.2,3,11,11,2666,26.786911964416504,2.2690919009396993,11.393316329365128,0.09114778694673668
same_drone,MT_s004,10.0,0.2,3,12,12,2344,23.593735933303833,1.6281665343767138,6.188442013101434,0.009812286689419795
same_drone,MT_s004,10.0,0.2,3,13,13,2307,23.15007710456848,1.3718708251917633,5.001947565040186,0.0082358040745557
same_drone,MT_s004,10.0,0.2,3,14,14,2625,26.3830509185791,1.5318649837028602,4.97677908950746,0.014476190476190476
same_drone,MT_s004,10.0,0.2,3,15,15,2334,23.44292402267456,1.208089220062405,4.600385300952016,0.016709511568123392
same_drone,MT_s004,10.0,0.2,4,1,1,2472,24.886879920959473,1.5220091233507773,4.613669979038298,0.0
same_drone,MT_s004,10.0,0.2,4,2,2,2524,25.33614683151245,1.8275297942729765,5.781487159528433,0.0
same_drone,MT_s004,10.0,0.2,4,3,3,2665,26.740379095077515,1.6289435733783613,5.324252462526839,0.00075046904315197
same_drone,MT_s004,10.0,0.2,4,4,4,2618,26.25896406173706,1.1262445571859239,5.112284541088742,0.0
same_drone,MT_s004,10.0,0.2,4,5,5,2530,25.401978969573975,1.331738691661311,4.393361554368549,0.0
same_drone,MT_s004,10.0,0.2,4,6,6,2525,25.403844833374023,1.5358243370549758,5.145341575131385,0.0039603960396039604
same_drone,MT_s004,10.0,0.2,4,7,7,2722,27.329137802124023,1.7124149920332883,7.880928606590977,0.03306392358559882
same_drone,MT_s004,10.0,0.2,4,8,8,2312,23.212925910949707,1.0468195535293852,3.890976366416189,0.0
same_drone,MT_s004,10.0,0.2,4,9,9,2312,23.21662998199463,1.2217697557320282,4.776888060196095,0.008217993079584774
same_drone,MT_s004,10.0,0.2,4,10,10,2346,23.52618908882141,1.6470633752397248,4.61457886387069,0.013640238704177323
same_drone,MT_s004,10.0,0.2,4,11,11,2666,26.786911964416504,1.618367581661829,8.160636818335433,0.03375843960990248
same_drone,MT_s004,10.0,0.2,4,12,12,2344,23.593735933303833,1.56603884293024,5.679634424509395,0.0
same_drone,MT_s004,10.0,0.2,4,13,13,2307,23.15007710456848,1.1353816434113284,4.514158472418729,0.01517121803207629
same_drone,MT_s004,10.0,0.2,4,14,14,2625,26.3830509185791,1.5219383043259995,5.849197712971675,0.006857142857142857
same_drone,MT_s004,10.0,0.2,4,15,15,2334,23.44292402267456,1.1997103409948267,4.5515082200485315,0.00985432733504713
same_drone,MT_s004,10.0,0.5,0,1,1,2472,24.886879920959473,1.6813215354263988,5.796777460854702,0.0008090614886731392
same_drone,MT_s004,10.0,0.5,0,2,2,2524,25.33614683151245,1.7332248184186057,5.183106827840054,0.019809825673534072
same_drone,MT_s004,10.0,0.5,0,3,3,2665,26.740379095077515,1.581085079772052,4.991395057012937,0.021388367729831145
same_drone,MT_s004,10.0,0.5,0,4,4,2618,26.25896406173706,1.285144499213601,4.77599638215536,0.0
same_drone,MT_s004,10.0,0.5,0,5,5,2530,25.401978969573975,1.5330201016347331,4.987573396214896,0.0
same_drone,MT_s004,10.0,0.5,0,6,6,2525,25.403844833374023,1.5211644718334014,6.718075564740334,0.002376237623762376
same_drone,MT_s004,10.0,0.5,0,7,7,2722,27.329137802124023,2.137041404442396,11.825976863615447,0.08119030124908155
same_drone,MT_s004,10.0,0.5,0,8,8,2312,23.212925910949707,1.1192814560278777,4.429588058245533,0.0
same_drone,MT_s004,10.0,0.5,0,9,9,2312,23.21662998199463,1.4128986485506232,5.976508687334379,0.02378892733564014
same_drone,MT_s004,10.0,0.5,0,10,10,2346,23.52618908882141,1.5969228595661207,4.6708678522319715,0.013640238704177323
same_drone,MT_s004,10.0,0.5,0,11,11,2666,26.786911964416504,1.8081565759297007,17.0169673187987,0.1072768192048012
same_drone,MT_s004,10.0,0.5,0,12,12,2344,23.593735933303833,1.6035997273161424,5.298852358533697,0.0
same_drone,MT_s004,10.0,0.5,0,13,13,2307,23.15007710456848,1.6695545956150113,5.259236471236003,0.0
same_drone,MT_s004,10.0,0.5,0,14,14,2625,26.3830509185791,2.1507324666010845,6.127741134772031,0.02819047619047619
same_drone,MT_s004,10.0,0.5,0,15,15,2334,23.44292402267456,1.3168692021534945,5.113121529699461,0.0038560411311053984
same_drone,MT_s004,10.0,0.5,1,1,1,2472,24.886879920959473,1.567132019195249,4.995856349626743,0.0
same_drone,MT_s004,10.0,0.5,1,2,2,2524,25.33614683151245,1.6022348993744373,5.381742771554115,0.026545166402535656
same_drone,MT_s004,10.0,0.5,1,3,3,2665,26.740379095077515,1.560876772447429,4.82581734785678,0.00450281425891182
same_drone,MT_s004,10.0,0.5,1,4,4,2618,26.25896406173706,1.0844991586831298,3.363304783193632,0.0
same_drone,MT_s004,10.0,0.5,1,5,5,2530,25.401978969573975,1.2941332986700118,4.319524341713968,0.0
same_drone,MT_s004,10.0,0.5,1,6,6,2525,25.403844833374023,1.6231202078748197,5.056722987973434,0.0031683168316831685
same_drone,MT_s004,10.0,0.5,1,7,7,2722,27.329137802124023,2.3304050926527893,12.035342163790833,0.0867009551800147
same_drone,MT_s004,10.0,0.5,1,8,8,2312,23.212925910949707,1.18703273991067,4.711565125130154,0.0
same_drone,MT_s004,10.0,0.5,1,9,9,2312,23.21662998199463,1.40435003983319,6.008012992522749,0.006487889273356401
same_drone,MT_s004,10.0,0.5,1,10,10,2346,23.52618908882141,1.603737340422434,6.060300090684024,0.03964194373401535
same_drone,MT_s004,10.0,0.5,1,11,11,2666,26.786911964416504,2.1990485912487827,22.926526806657947,0.11627906976744186
same_drone,MT_s004,10.0,0.5,1,12,12,2344,23.593735933303833,1.721016874950294,5.266769127679766,0.010665529010238909
same_drone,MT_s004,10.0,0.5,1,13,13,2307,23.15007710456848,1.404848848895469,4.773760352779412,0.0
same_drone,MT_s004,10.0,0.5,1,14,14,2625,26.3830509185791,1.7780559200671746,5.090651841673916,0.02361904761904762
same_drone,MT_s004,10.0,0.5,1,15,15,2334,23.44292402267456,1.182523031643882,4.856663176705076,0.00985432733504713
same_drone,MT_s004,10.0,0.5,2,1,1,2472,24.886879920959473,1.941321301801601,5.60095070080137,0.0
same_drone,MT_s004,10.0,0.5,2,2,2,2524,25.33614683151245,1.7376390877021919,6.972846994807764,0.0
same_drone,MT_s004,10.0,0.5,2,3,3,2665,26.740379095077515,1.484589271188156,4.297451841098603,0.005628517823639775
same_drone,MT_s004,10.0,0.5,2,4,4,2618,26.25896406173706,1.2010465438940372,4.527667382599834,0.0
same_drone,MT_s004,10.0,0.5,2,5,5,2530,25.401978969573975,1.4730838325383449,5.0414235478736895,0.0
same_drone,MT_s004,10.0,0.5,2,6,6,2525,25.403844833374023,1.436496384634168,5.315673618012684,0.0031683168316831685
same_drone,MT_s004,10.0,0.5,2,7,7,2722,27.329137802124023,1.919427971998303,13.708246963054679,0.09698750918442321
same_drone,MT_s004,10.0,0.5,2,8,8,2312,23.212925910949707,0.9748785639706767,4.416663345188424,0.0
same_drone,MT_s004,10.0,0.5,2,9,9,2312,23.21662998199463,1.2567898523449017,4.4557878713532455,0.003027681660899654
same_drone,MT_s004,10.0,0.5,2,10,10,2346,23.52618908882141,1.7144586915305098,4.857735298165537,0.027706734867860187
same_drone,MT_s004,10.0,0.5,2,11,11,2666,26.786911964416504,1.8649172185030096,26.732486500349566,0.11365341335333834
same_drone,MT_s004,10.0,0.5,2,12,12,2344,23.593735933303833,1.5815259630660137,5.306843924801833,0.010665529010238909
same_drone,MT_s004,10.0,0.5,2,13,13,2307,23.15007710456848,1.500994535986024,4.930972763031694,0.0
same_drone,MT_s004,10.0,0.5,2,14,14,2625,26.3830509185791,1.6959555404589395,5.566710866067012,0.007619047619047619
same_drone,MT_s004,10.0,0.5,2,15,15,2334,23.44292402267456,1.2531043122781043,5.310162585861572,0.0
same_drone,MT_s004,10.0,0.5,3,1,1,2472,24.886879920959473,1.6363599880279551,5.61524950663971,0.0
same_drone,MT_s004,10.0,0.5,3,2,2,2524,25.33614683151245,1.6456662887364928,4.466533290483915,0.0027733755942947703
same_drone,MT_s004,10.0,0.5,3,3,3,2665,26.740379095077515,1.3632150276925472,3.666737754339129,0.010131332082551596
same_drone,MT_s004,10.0,0.5,3,4,4,2618,26.25896406173706,1.3107928414405876,5.066929453634875,0.019098548510313215
same_drone,MT_s004,10.0,0.5,3,5,5,2530,25.401978969573975,1.4242118155879666,4.912781899110399,0.0
same_drone,MT_s004,10.0,0.5,3,6,6,2525,25.403844833374023,1.6098233219956057,4.658905220614019,0.002376237623762376
same_drone,MT_s004,10.0,0.5,3,7,7,2722,27.329137802124023,2.1535287861929593,17.88122678869124,0.112417340191036
same_drone,MT_s004,10.0,0.5,3,8,8,2312,23.212925910949707,1.149136751412847,5.4554441813448875,0.0008650519031141869
same_drone,MT_s004,10.0,0.5,3,9,9,2312,23.21662998199463,1.2631356146217172,4.660105609547152,0.0
same_drone,MT_s004,10.0,0.5,3,10,10,2346,23.52618908882141,1.5535040406698997,5.222493032039004,0.013640238704177323
same_drone,MT_s004,10.0,0.5,3,11,11,2666,26.786911964416504,2.131095229471345,15.180763427942281,0.1005251312828207
same_drone,MT_s004,10.0,0.5,3,12,12,2344,23.593735933303833,1.9646612183107202,7.855163552336731,0.03114334470989761
same_drone,MT_s004,10.0,0.5,3,13,13,2307,23.15007710456848,1.4372571240527066,5.010182185147452,0.011270047680970958
same_drone,MT_s004,10.0,0.5,3,14,14,2625,26.3830509185791,1.8059482017380901,6.070470642046539,0.009142857142857144
same_drone,MT_s004,10.0,0.5,3,15,15,2334,23.44292402267456,1.4247726351663346,6.047862475691151,0.017994858611825194
same_drone,MT_s004,10.0,0.5,4,1,1,2472,24.886879920959473,1.7926258903129337,5.1409930251640965,0.0
same_drone,MT_s004,10.0,0.5,4,2,2,2524,25.33614683151245,1.7117365025104156,4.732126740603862,0.0019809825673534074
same_drone,MT_s004,10.0,0.5,4,3,3,2665,26.740379095077515,1.4753762574162863,4.788271537938985,0.021388367729831145
same_drone,MT_s004,10.0,0.5,4,4,4,2618,26.25896406173706,1.3663878322305933,4.626234298614564,0.00878533231474408
same_drone,MT_s004,10.0,0.5,4,5,5,2530,25.401978969573975,1.4386655260917056,5.1822123505655275,0.01818181818181818
same_drone,MT_s004,10.0,0.5,4,6,6,2525,25.403844833374023,1.7061048541818309,6.434718686125201,0.011881188118811881
same_drone,MT_s004,10.0,0.5,4,7,7,2722,27.329137802124023,2.2312455453801547,24.96453304040187,0.15282880235121235
same_drone,MT_s004,10.0,0.5,4,8,8,2312,23.212925910949707,1.0938119562400601,5.070995149611086,0.006055363321799308
same_drone,MT_s004,10.0,0.5,4,9,9,2312,23.21662998199463,1.2534835753521598,4.36513450431826,0.03157439446366782
same_drone,MT_s004,10.0,0.5,4,10,10,2346,23.52618908882141,1.765269860927809,5.046130666837158,0.013640238704177323
same_drone,MT_s004,10.0,0.5,4,11,11,2666,26.786911964416504,2.106459693727725,16.288947452453044,0.10427606901725431
same_drone,MT_s004,10.0,0.5,4,12,12,2344,23.593735933303833,1.6488673283267445,6.552287940113017,0.004266211604095563
same_drone,MT_s004,10.0,0.5,4,13,13,2307,23.15007710456848,1.4624465195252014,4.384578833152932,0.0
same_drone,MT_s004,10.0,0.5,4,14,14,2625,26.3830509185791,1.5860337577735066,5.862033846620118,0.006857142857142857
same_drone,MT_s004,10.0,0.5,4,15,15,2334,23.44292402267456,1.1916252355883188,4.962960961496143,0.013710368466152529
same_drone,MT_s004,10.0,1.0,0,1,1,2472,24.886879920959473,1.6721994636534419,5.610007733628758,0.0
same_drone,MT_s004,10.0,1.0,0,2,2,2524,25.33614683151245,1.8054349207033056,5.324879969104772,0.0
same_drone,MT_s004,10.0,1.0,0,3,3,2665,26.740379095077515,1.7233129895820696,5.121585530588386,0.019136960600375234
same_drone,MT_s004,10.0,1.0,0,4,4,2618,26.25896406173706,1.2692879496140037,4.94271628479108,0.008021390374331552
same_drone,MT_s004,10.0,1.0,0,5,5,2530,25.401978969573975,1.549949067867967,4.913089117309916,0.0
same_drone,MT_s004,10.0,1.0,0,6,6,2525,25.403844833374023,1.6303821294924319,6.428907801890044,0.014653465346534653
same_drone,MT_s004,10.0,1.0,0,7,7,2722,27.329137802124023,1.9763570567994577,13.782804560386,0.09588537839823659
same_drone,MT_s004,10.0,1.0,0,8,8,2312,23.212925910949707,1.21582793439228,5.245679990359479,0.0
same_drone,MT_s004,10.0,1.0,0,9,9,2312,23.21662998199463,1.2659577339117902,4.375340263262848,0.0
same_drone,MT_s004,10.0,1.0,0,10,10,2346,23.52618908882141,1.5830037729329796,5.190992262083995,0.013640238704177323
same_drone,MT_s004,10.0,1.0,0,11,11,2666,26.786911964416504,2.124367332821194,17.74149950829078,0.11290322580645161
same_drone,MT_s004,10.0,1.0,0,12,12,2344,23.593735933303833,1.563414655634773,4.932609119532467,0.0
same_drone,MT_s004,10.0,1.0,0,13,13,2307,23.15007710456848,1.6524377824817975,5.16616034095739,0.010403120936280884
same_drone,MT_s004,10.0,1.0,0,14,14,2625,26.3830509185791,1.7148974477942716,6.576825515870314,0.02666666666666667
same_drone,MT_s004,10.0,1.0,0,15,15,2334,23.44292402267456,1.500340179379279,7.415845984696364,0.03556126820908312
same_drone,MT_s004,10.0,1.0,1,1,1,2472,24.886879920959473,1.8414116461208323,5.584160643858735,0.0
same_drone,MT_s004,10.0,1.0,1,2,2,2524,25.33614683151245,1.738705498906441,7.889521076729425,0.06735340729001585
same_drone,MT_s004,10.0,1.0,1,3,3,2665,26.740379095077515,1.438677887895608,4.101322346926504,0.007129455909943715
same_drone,MT_s004,10.0,1.0,1,4,4,2618,26.25896406173706,1.1379048117904205,4.566414786288046,0.0
same_drone,MT_s004,10.0,1.0,1,5,5,2530,25.401978969573975,1.3909420850489234,4.484427347585287,0.0
same_drone,MT_s004,10.0,1.0,1,6,6,2525,25.403844833374023,1.7520574369452504,5.850821249582816,0.014257425742574258
same_drone,MT_s004,10.0,1.0,1,7,7,2722,27.329137802124023,1.827866481174354,7.654819626087068,0.046289493019838354
same_drone,MT_s004,10.0,1.0,1,8,8,2312,23.212925910949707,1.2055828149735532,6.946951355836482,0.011678200692041523
same_drone,MT_s004,10.0,1.0,1,9,9,2312,23.21662998199463,1.3089512290358218,5.315320224584773,0.003027681660899654
same_drone,MT_s004,10.0,1.0,1,10,10,2346,23.52618908882141,1.6037977360046796,5.001479069983143,0.014066496163682864
same_drone,MT_s004,10.0,1.0,1,11,11,2666,26.786911964416504,2.2907964277055513,78.02183847324255,0.1301575393848462
same_drone,MT_s004,10.0,1.0,1,12,12,2344,23.593735933303833,1.6167678790598217,6.135612311638058,0.021757679180887373
same_drone,MT_s004,10.0,1.0,1,13,13,2307,23.15007710456848,1.505776837167275,4.293496079203659,0.0
same_drone,MT_s004,10.0,1.0,1,14,14,2625,26.3830509185791,1.823180468594316,6.949114477107506,0.0339047619047619
same_drone,MT_s004,10.0,1.0,1,15,15,2334,23.44292402267456,1.2970501690102196,5.995580285752297,0.02442159383033419
same_drone,MT_s004,10.0,1.0,2,1,1,2472,24.886879920959473,1.7681699887589986,6.1199135167226695,0.0036407766990291263
same_drone,MT_s004,10.0,1.0,2,2,2,2524,25.33614683151245,2.029641873290231,6.532132329005421,0.0019809825673534074
same_drone,MT_s004,10.0,1.0,2,3,3,2665,26.740379095077515,1.5765556742126563,7.110111521026593,0.028893058161350845
same_drone,MT_s004,10.0,1.0,2,4,4,2618,26.25896406173706,1.1304399631312307,3.9856693126177287,0.0
same_drone,MT_s004,10.0,1.0,2,5,5,2530,25.401978969573975,1.4310552859684407,4.233229789211223,0.0
same_drone,MT_s004,10.0,1.0,2,6,6,2525,25.403844833374023,1.5538783276461459,9.432705033312043,0.028910891089108912
same_drone,MT_s004,10.0,1.0,2,7,7,2722,27.329137802124023,2.091441465245616,12.968507434395432,0.09257898603967671
same_drone,MT_s004,10.0,1.0,2,8,8,2312,23.212925910949707,1.1041616304700455,5.118254391623643,0.0
same_drone,MT_s004,10.0,1.0,2,9,9,2312,23.21662998199463,1.4760556495730697,7.580505607297195,0.046280276816609
same_drone,MT_s004,10.0,1.0,2,10,10,2346,23.52618908882141,1.8767592774092776,7.36769605181405,0.015345268542199489
same_drone,MT_s004,10.0,1.0,2,11,11,2666,26.786911964416504,2.255227219996293,55.81251868248134,0.1579144786196549
same_drone,MT_s004,10.0,1.0,2,12,12,2344,23.593735933303833,1.9444102967856765,8.736327205368228,0.03668941979522184
same_drone,MT_s004,10.0,1.0,2,13,13,2307,23.15007710456848,1.5001479363257602,4.902307157423832,0.0164716081491114
same_drone,MT_s004,10.0,1.0,2,14,14,2625,26.3830509185791,1.8369398821673144,6.309534558534564,0.012952380952380953
same_drone,MT_s004,10.0,1.0,2,15,15,2334,23.44292402267456,1.3015549884075384,5.32382709656836,0.00985432733504713
same_drone,MT_s004,10.0,1.0,3,1,1,2472,24.886879920959473,1.7247567952393865,5.717698754507135,0.0
same_drone,MT_s004,10.0,1.0,3,2,2,2524,25.33614683151245,1.6890915964420543,5.164832263169891,0.0
same_drone,MT_s004,10.0,1.0,3,3,3,2665,26.740379095077515,1.6054138747808793,4.747729905079485,0.015384615384615385
same_drone,MT_s004,10.0,1.0,3,4,4,2618,26.25896406173706,1.2016277213516844,5.036509085989337,0.01757066462948816
same_drone,MT_s004,10.0,1.0,3,5,5,2530,25.401978969573975,1.6040286643204027,4.951168367670788,0.0
same_drone,MT_s004,10.0,1.0,3,6,6,2525,25.403844833374023,1.7012337555662214,5.632662066590378,0.0031683168316831685
same_drone,MT_s004,10.0,1.0,3,7,7,2722,27.329137802124023,2.105270747966708,19.0045741677131,0.10690668626010287
same_drone,MT_s004,10.0,1.0,3,8,8,2312,23.212925910949707,0.9808830628514897,4.056798288072062,0.0
same_drone,MT_s004,10.0,1.0,3,9,9,2312,23.21662998199463,1.2762837696210951,6.979185484473087,0.03892733564013841
same_drone,MT_s004,10.0,1.0,3,10,10,2346,23.52618908882141,1.5605856209118052,4.457050482076781,0.013640238704177323
same_drone,MT_s004,10.0,1.0,3,11,11,2666,26.786911964416504,2.17213576031687,27.15484914930117,0.12415603900975244
same_drone,MT_s004,10.0,1.0,3,12,12,2344,23.593735933303833,1.7390269781531558,6.871091914266077,0.04010238907849829
same_drone,MT_s004,10.0,1.0,3,13,13,2307,23.15007710456848,1.415282435463041,4.325718495451699,0.0
same_drone,MT_s004,10.0,1.0,3,14,14,2625,26.3830509185791,1.6160203537207423,7.588163682199376,0.031619047619047616
same_drone,MT_s004,10.0,1.0,3,15,15,2334,23.44292402267456,1.3634552119529104,5.994759601268969,0.056555269922879174
same_drone,MT_s004,10.0,1.0,4,1,1,2472,24.886879920959473,1.72987706202656,5.409230368406741,0.0
same_drone,MT_s004,10.0,1.0,4,2,2,2524,25.33614683151245,1.6760551099936407,4.416583401468162,0.0
same_drone,MT_s004,10.0,1.0,4,3,3,2665,26.740379095077515,1.4581925348872744,3.6910141475679774,0.008630393996247656
same_drone,MT_s004,10.0,1.0,4,4,4,2618,26.25896406173706,1.2141205028840183,4.95856724798949,0.0
same_drone,MT_s004,10.0,1.0,4,5,5,2530,25.401978969573975,1.5425431910657608,4.647799145030661,0.011067193675889328
same_drone,MT_s004,10.0,1.0,4,6,6,2525,25.403844833374023,1.7326130740295298,5.534453360868053,0.002376237623762376
same_drone,MT_s004,10.0,1.0,4,7,7,2722,27.329137802124023,2.260611446057716,20.01116417629996,0.11756061719324026
same_drone,MT_s004,10.0,1.0,4,8,8,2312,23.212925910949707,1.217059444340645,4.504858673467371,0.0
same_drone,MT_s004,10.0,1.0,4,9,9,2312,23.21662998199463,1.1954134368256142,5.28119737026328,0.0
same_drone,MT_s004,10.0,1.0,4,10,10,2346,23.52618908882141,1.4856143811641402,4.941928679597211,0.013640238704177323
same_drone,MT_s004,10.0,1.0,4,11,11,2666,26.786911964416504,3.297804107931981,92.45199414946705,0.35258814703675917
same_drone,MT_s004,10.0,1.0,4,12,12,2344,23.593735933303833,1.8495881023975382,7.093797882696913,0.02687713310580205
same_drone,MT_s004,10.0,1.0,4,13,13,2307,23.15007710456848,1.5493308912648018,5.1924628535269335,0.0
same_drone,MT_s004,10.0,1.0,4,14,14,2625,26.3830509185791,1.7036362604164026,5.799913411658099,0.009523809523809525
same_drone,MT_s004,10.0,1.0,4,15,15,2334,23.44292402267456,1.1827208023396167,5.55566955086859,0.017566409597257925
same_drone,MT_s004,10.0,2.0,0,1,1,2472,24.886879920959473,1.800806658572867,5.180731549547196,0.0
same_drone,MT_s004,10.0,2.0,0,2,2,2524,25.33614683151245,1.7297313569944919,7.2300865546345845,0.014659270998415214
same_drone,MT_s004,10.0,2.0,0,3,3,2665,26.740379095077515,1.5780201210309883,8.059811529769078,0.03864915572232645
same_drone,MT_s004,10.0,2.0,0,4,4,2618,26.25896406173706,1.1912232939195988,4.018521229602317,0.0
same_drone,MT_s004,10.0,2.0,0,5,5,2530,25.401978969573975,1.5833283807258596,5.860279524582734,0.0071146245059288534
same_drone,MT_s004,10.0,2.0,0,6,6,2525,25.403844833374023,1.7772102615738348,5.451379597212459,0.0031683168316831685
same_drone,MT_s004,10.0,2.0,0,7,7,2722,27.329137802124023,2.0046895584412354,12.426652038638903,0.08192505510653932
same_drone,MT_s004,10.0,2.0,0,8,8,2312,23.212925910949707,1.1298283929044715,5.109244399470731,0.0
same_drone,MT_s004,10.0,2.0,0,9,9,2312,23.21662998199463,1.3182794292895679,5.450818610454477,0.0
same_drone,MT_s004,10.0,2.0,0,10,10,2346,23.52618908882141,1.823791018482794,5.897695055035943,0.013640238704177323
same_drone,MT_s004,10.0,2.0,0,11,11,2666,26.786911964416504,2.1551909957937596,67.24116361973206,0.1331582895723931
same_drone,MT_s004,10.0,2.0,0,12,12,2344,23.593735933303833,1.7270793252350103,6.979619675877963,0.03498293515358362
same_drone,MT_s004,10.0,2.0,0,13,13,2307,23.15007710456848,1.519433551586303,5.402952979589392,0.0
same_drone,MT_s004,10.0,2.0,0,14,14,2625,26.3830509185791,2.0975710395351967,10.295483668575333,0.07276190476190476
same_drone,MT_s004,10.0,2.0,0,15,15,2334,23.44292402267456,1.2561276637528316,5.154613817998685,0.027849185946872322
same_drone,MT_s004,10.0,2.0,1,1,1,2472,24.886879920959473,1.8258701024943242,5.5038413366236005,0.0
same_drone,MT_s004,10.0,2.0,1,2,2,2524,25.33614683151245,1.9913055229313983,5.650381590524102,0.003961965134706815
same_drone,MT_s004,10.0,2.0,1,3,3,2665,26.740379095077515,1.4734595169202578,4.436710672705262,0.0225140712945591
same_drone,MT_s004,10.0,2.0,1,4,4,2618,26.25896406173706,1.2025617219085092,4.636062325837942,0.0
same_drone,MT_s004,10.0,2.0,1,5,5,2530,25.401978969573975,1.417161223080221,4.900471834986439,0.013438735177865613
same_drone,MT_s004,10.0,2.0,1,6,6,2525,25.403844833374023,1.656389646485195,5.349489886746271,0.0019801980198019802
same_drone,MT_s004,10.0,2.0,1,7,7,2722,27.329137802124023,2.007921985439623,14.981857963910896,0.1002939015429831
same_drone,MT_s004,10.0,2.0,1,8,8,2312,23.212925910949707,1.134391943103239,5.097019195670518,0.0
same_drone,MT_s004,10.0,2.0,1,9,9,2312,23.21662998199463,1.2070261737158177,5.236844151495266,0.02249134948096886
same_drone,MT_s004,10.0,2.0,1,10,10,2346,23.52618908882141,1.8117563598041713,6.205994019419888,0.013640238704177323
same_drone,MT_s004,10.0,2.0,1,11,11,2666,26.786911964416504,2.6141718894570403,88.86197862268249,0.2719429857464366
same_drone,MT_s004,10.0,2.0,1,12,12,2344,23.593735933303833,1.8327222894569744,6.318170203159962,0.014931740614334471
same_drone,MT_s004,10.0,2.0,1,13,13,2307,23.15007710456848,1.532338192891416,4.303509064972295,0.0
same_drone,MT_s004,10.0,2.0,1,14,14,2625,26.3830509185791,1.941271532904807,6.508042491995264,0.03428571428571429
same_drone,MT_s004,10.0,2.0,1,15,15,2334,23.44292402267456,1.3108852044444035,5.504665746149511,0.011139674378748929
same_drone,MT_s004,10.0,2.0,2,1,1,2472,24.886879920959473,1.6432593295416495,5.151845522667466,0.0
same_drone,MT_s004,10.0,2.0,2,2,2,2524,25.33614683151245,1.8327881456417003,6.595126367616469,0.0
same_drone,MT_s004,10.0,2.0,2,3,3,2665,26.740379095077515,1.5494089480778257,7.676951173926932,0.03227016885553471
same_drone,MT_s004,10.0,2.0,2,4,4,2618,26.25896406173706,1.1720871304449076,4.416311935581075,0.0
same_drone,MT_s004,10.0,2.0,2,5,5,2530,25.401978969573975,1.4388665220468582,4.7482535045153975,0.0047430830039525695
same_drone,MT_s004,10.0,2.0,2,6,6,2525,25.403844833374023,1.802144231043144,5.573636773055261,0.008712871287128714
same_drone,MT_s004,10.0,2.0,2,7,7,2722,27.329137802124023,1.9668626454025855,12.069816341726709,0.09845701689933872
same_drone,MT_s004,10.0,2.0,2,8,8,2312,23.212925910949707,1.2579984588624455,5.852744931714471,0.0
same_drone,MT_s004,10.0,2.0,2,9,9,2312,23.21662998199463,1.2605511179383768,5.057256964649575,0.0
same_drone,MT_s004,10.0,2.0,2,10,10,2346,23.52618908882141,1.6919280603642761,5.666404717673261,0.013640238704177323
same_drone,MT_s004,10.0,2.0,2,11,11,2666,26.786911964416504,2.658290806621281,81.79972735283548,0.2614403600900225
same_drone,MT_s004,10.0,2.0,2,12,12,2344,23.593735933303833,2.2787710776577317,9.763627644113534,0.09513651877133106
same_drone,MT_s004,10.0,2.0,2,13,13,2307,23.15007710456848,1.4712825366314704,4.575240263736613,0.0
same_drone,MT_s004,10.0,2.0,2,14,14,2625,26.3830509185791,1.7200926069931484,9.265178542758951,0.061714285714285715
same_drone,MT_s004,10.0,2.0,2,15,15,2334,23.44292402267456,1.3595316681575866,5.034361728818801,0.013281919451585262
same_drone,MT_s004,10.0,2.0,3,1,1,2472,24.886879920959473,1.7818334835834833,5.664587626887664,0.0
same_drone,MT_s004,10.0,2.0,3,2,2,2524,25.33614683151245,1.8794179420240766,6.890774343653682,0.021394611727416798
same_drone,MT_s004,10.0,2.0,3,3,3,2665,26.740379095077515,1.4638604597467975,6.30528950416485,0.019136960600375234
same_drone,MT_s004,10.0,2.0,3,4,4,2618,26.25896406173706,1.2408622670792369,4.628275831561239,0.0
same_drone,MT_s004,10.0,2.0,3,5,5,2530,25.401978969573975,1.507900008136204,4.893946461176853,0.0071146245059288534
same_drone,MT_s004,10.0,2.0,3,6,6,2525,25.403844833374023,1.5868804495668556,5.172009756500932,0.011485148514851485
same_drone,MT_s004,10.0,2.0,3,7,7,2722,27.329137802124023,2.300678640286442,15.131745141297436,0.1017634092578986
same_drone,MT_s004,10.0,2.0,3,8,8,2312,23.212925910949707,1.1761442998997182,7.6066459210775195,0.029411764705882353
same_drone,MT_s004,10.0,2.0,3,9,9,2312,23.21662998199463,1.5056709322362707,5.680198334756313,0.019896193771626297
same_drone,MT_s004,10.0,2.0,3,10,10,2346,23.52618908882141,1.6895593075055757,4.882043552903546,0.013640238704177323
same_drone,MT_s004,10.0,2.0,3,11,11,2666,26.786911964416504,3.0820894612239673,92.47060561982533,0.2528132033008252
same_drone,MT_s004,10.0,2.0,3,12,12,2344,23.593735933303833,1.6935996154837625,5.357873624565969,0.0
same_drone,MT_s004,10.0,2.0,3,13,13,2307,23.15007710456848,1.6558229441213541,5.48243548889717,0.013437364542696142
same_drone,MT_s004,10.0,2.0,3,14,14,2625,26.3830509185791,1.8528405827811696,9.126413043946423,0.05828571428571429
same_drone,MT_s004,10.0,2.0,3,15,15,2334,23.44292402267456,1.3735516317273095,5.641041761527417,0.018851756640959727
same_drone,MT_s004,10.0,2.0,4,1,1,2472,24.886879920959473,1.7269561323170848,5.311523479015655,0.0
same_drone,MT_s004,10.0,2.0,4,2,2,2524,25.33614683151245,1.8595778285093516,6.0652855484056785,0.014263074484944533
same_drone,MT_s004,10.0,2.0,4,3,3,2665,26.740379095077515,1.4243595214247762,4.081691736577818,0.026641651031894933
same_drone,MT_s004,10.0,2.0,4,4,4,2618,26.25896406173706,1.2192866643963924,5.350893686885775,0.0
same_drone,MT_s004,10.0,2.0,4,5,5,2530,25.401978969573975,1.3864088779543806,4.6178546293913545,0.002766798418972332
same_drone,MT_s004,10.0,2.0,4,6,6,2525,25.403844833374023,1.8405149593263275,6.387713358301153,0.005940594059405941
same_drone,MT_s004,10.0,2.0,4,7,7,2722,27.329137802124023,2.7060949167689223,66.68298355467748,0.17523879500367376
same_drone,MT_s004,10.0,2.0,4,8,8,2312,23.212925910949707,1.1649005158515138,6.04679907951778,0.010380622837370242
same_drone,MT_s004,10.0,2.0,4,9,9,2312,23.21662998199463,1.2947258674602296,5.2960890542316434,0.0
same_drone,MT_s004,10.0,2.0,4,10,10,2346,23.52618908882141,1.771276040105377,6.159806027296277,0.013640238704177323
same_drone,MT_s004,10.0,2.0,4,11,11,2666,26.786911964416504,2.143170300578447,68.10498709542105,0.14928732183045762
same_drone,MT_s004,10.0,2.0,4,12,12,2344,23.593735933303833,1.7818368459346487,6.8975489174097095,0.02431740614334471
same_drone,MT_s004,10.0,2.0,4,13,13,2307,23.15007710456848,1.4655512632394618,4.634147400279112,0.0
same_drone,MT_s004,10.0,2.0,4,14,14,2625,26.3830509185791,1.8993367615646548,9.841648858405888,0.07809523809523809
same_drone,MT_s004,10.0,2.0,4,15,15,2334,23.44292402267456,1.4169315363920703,5.702252499894517,0.017566409597257925
same_drone,MT_s004,10.0,5.0,0,1,1,2472,24.886879920959473,1.692606493620886,5.469837534659171,0.0
same_drone,MT_s004,10.0,5.0,0,2,2,2524,25.33614683151245,2.070693216085239,8.49614495146504,0.02377179080824089
same_drone,MT_s004,10.0,5.0,0,3,3,2665,26.740379095077515,1.6235294358820767,8.172357509320028,0.03377110694183865
same_drone,MT_s004,10.0,5.0,0,4,4,2618,26.25896406173706,1.1798374441247859,4.348130170791202,0.0
same_drone,MT_s004,10.0,5.0,0,5,5,2530,25.401978969573975,1.3552276410934212,5.114236238688408,0.0003952569169960474
same_drone,MT_s004,10.0,5.0,0,6,6,2525,25.403844833374023,1.5784118572828447,5.059552163638118,0.008316831683168317
same_drone,MT_s004,10.0,5.0,0,7,7,2722,27.329137802124023,2.374225874161759,11.883400949505747,0.09257898603967671
same_drone,MT_s004,10.0,5.0,0,8,8,2312,23.212925910949707,1.1749109528948054,7.229656634007548,0.016003460207612456
same_drone,MT_s004,10.0,5.0,0,9,9,2312,23.21662998199463,1.2968830704741379,5.3838671126426965,0.005190311418685121
same_drone,MT_s004,10.0,5.0,0,10,10,2346,23.52618908882141,1.7629536803521262,5.3479318438663626,0.013640238704177323
same_drone,MT_s004,10.0,5.0,0,11,11,2666,26.786911964416504,2.3503705708553433,92.1192497334152,0.2753188297074269
same_drone,MT_s004,10.0,5.0,0,12,12,2344,23.593735933303833,1.733768356474247,7.2580838387670035,0.05674061433447099
same_drone,MT_s004,10.0,5.0,0,13,13,2307,23.15007710456848,1.5399283234444354,5.009376807455324,0.006068487212830516
same_drone,MT_s004,10.0,5.0,0,14,14,2625,26.3830509185791,1.6668206903324432,5.4931537684918395,0.009142857142857144
same_drone,MT_s004,10.0,5.0,0,15,15,2334,23.44292402267456,1.7239968627536086,9.987231446634931,0.04884318766066838
same_drone,MT_s004,10.0,5.0,1,1,1,2472,24.886879920959473,1.7107228405247383,5.282054257212488,0.0
same_drone,MT_s004,10.0,5.0,1,2,2,2524,25.33614683151245,1.7483321038283037,5.262091753811417,0.01862123613312203
same_drone,MT_s004,10.0,5.0,1,3,3,2665,26.740379095077515,1.4648593878420968,4.277728543301611,0.02101313320825516
same_drone,MT_s004,10.0,5.0,1,4,4,2618,26.25896406173706,1.2154309432804968,4.002506838370611,0.0
same_drone,MT_s004,10.0,5.0,1,5,5,2530,25.401978969573975,1.4054243520503888,5.202388884186916,0.008695652173913044
same_drone,MT_s004,10.0,5.0,1,6,6,2525,25.403844833374023,1.6791208409513558,5.319304509118721,0.011485148514851485
same_drone,MT_s004,10.0,5.0,1,7,7,2722,27.329137802124023,2.796514031043529,43.88615733774587,0.19691403379867745
same_drone,MT_s004,10.0,5.0,1,8,8,2312,23.212925910949707,1.0561370773397485,4.870844172599239,0.0
same_drone,MT_s004,10.0,5.0,1,9,9,2312,23.21662998199463,1.1976713036897166,5.585385207353548,0.0038927335640138406
same_drone,MT_s004,10.0,5.0,1,10,10,2346,23.52618908882141,1.8007235662295926,5.148977031567185,0.013640238704177323
same_drone,MT_s004,10.0,5.0,1,11,11,2666,26.786911964416504,2.5787200956161698,90.57782230335759,0.18154538634658665
same_drone,MT_s004,10.0,5.0,1,12,12,2344,23.593735933303833,1.7553036440465846,7.517084871962771,0.050341296928327645
same_drone,MT_s004,10.0,5.0,1,13,13,2307,23.15007710456848,1.4417109457692021,4.55978811586632,0.0
same_drone,MT_s004,10.0,5.0,1,14,14,2625,26.3830509185791,1.8870261652666045,10.033514628428238,0.0838095238095238
same_drone,MT_s004,10.0,5.0,1,15,15,2334,23.44292402267456,1.3171614609912865,5.053434086365739,0.01456726649528706
same_drone,MT_s004,10.0,5.0,2,1,1,2472,24.886879920959473,1.7570842559976185,5.511252310383372,0.0
same_drone,MT_s004,10.0,5.0,2,2,2,2524,25.33614683151245,1.979224236388049,8.22400594993001,0.05903328050713154
same_drone,MT_s004,10.0,5.0,2,3,3,2665,26.740379095077515,1.417742708132721,4.366396245281416,0.03452157598499062
same_drone,MT_s004,10.0,5.0,2,4,4,2618,26.25896406173706,1.231343952986819,4.60128690440985,0.0
same_drone,MT_s004,10.0,5.0,2,5,5,2530,25.401978969573975,1.4313999042292451,5.457306984199419,0.0
same_drone,MT_s004,10.0,5.0,2,6,6,2525,25.403844833374023,1.7130954925515596,5.200209311558456,0.010297029702970298
same_drone,MT_s004,10.0,5.0,2,7,7,2722,27.329137802124023,2.2823185813380533,10.270591868233595,0.09331373989713446
same_drone,MT_s004,10.0,5.0,2,8,8,2312,23.212925910949707,1.1323270598582411,5.200939295107932,0.0
same_drone,MT_s004,10.0,5.0,2,9,9,2312,23.21662998199463,1.2851528411296584,6.220518594757291,0.022058823529411766
same_drone,MT_s004,10.0,5.0,2,10,10,2346,23.52618908882141,1.7172629348512771,5.539800449689906,0.013640238704177323
same_drone,MT_s004,10.0,5.0,2,11,11,2666,26.786911964416504,2.1984136209299763,77.32526639776364,0.17479369842460615
same_drone,MT_s004,10.0,5.0,2,12,12,2344,23.593735933303833,1.832894558081044,7.500826830323248,0.05460750853242321
same_drone,MT_s004,10.0,5.0,2,13,13,2307,23.15007710456848,1.7356844026062959,5.479409631178783,0.02600780234070221
same_drone,MT_s004,10.0,5.0,2,14,14,2625,26.3830509185791,1.919852220979493,15.618265336618908,0.10704761904761904
same_drone,MT_s004,10.0,5.0,2,15,15,2334,23.44292402267456,1.2412401845722485,5.633595556640197,0.027420736932305057
same_drone,MT_s004,10.0,5.0,3,1,1,2472,24.886879920959473,2.0074116281651087,6.18212869262538,0.011326860841423949
same_drone,MT_s004,10.0,5.0,3,2,2,2524,25.33614683151245,1.8216266715588176,6.312080521029776,0.0
same_drone,MT_s004,10.0,5.0,3,3,3,2665,26.740379095077515,1.5349645633791766,7.475036041150866,0.021388367729831145
same_drone,MT_s004,10.0,5.0,3,4,4,2618,26.25896406173706,1.241201630919484,4.212587715497245,0.0
same_drone,MT_s004,10.0,5.0,3,5,5,2530,25.401978969573975,1.3381107093060365,4.6344913925097515,0.0
same_drone,MT_s004,10.0,5.0,3,6,6,2525,25.403844833374023,1.8405935524411348,6.186699482569971,0.011485148514851485
same_drone,MT_s004,10.0,5.0,3,7,7,2722,27.329137802124023,2.8807193764261925,52.35287430472272,0.2083027185892726
same_drone,MT_s004,10.0,5.0,3,8,8,2312,23.212925910949707,1.1196477147930608,5.475922848693854,0.0021626297577854673
same_drone,MT_s004,10.0,5.0,3,9,9,2312,23.21662998199463,1.476197351168949,6.582829143576209,0.018166089965397925
same_drone,MT_s004,10.0,5.0,3,10,10,2346,23.52618908882141,1.683839541336127,5.27030800165268,0.013640238704177323
same_drone,MT_s004,10.0,5.0,3,11,11,2666,26.786911964416504,2.674484177638057,102.70267919587803,0.20442610652663165
same_drone,MT_s004,10.0,5.0,3,12,12,2344,23.593735933303833,1.7418138662342493,6.80272010688119,0.032423208191126277
same_drone,MT_s004,10.0,5.0,3,13,13,2307,23.15007710456848,1.4952831562640938,5.070607098886152,0.0
same_drone,MT_s004,10.0,5.0,3,14,14,2625,26.3830509185791,1.9276911669896037,7.355588457965027,0.034666666666666665
same_drone,MT_s004,10.0,5.0,3,15,15,2334,23.44292402267456,1.3065591731369182,5.4274280634825525,0.01842330762639246
same_drone,MT_s004,10.0,5.0,4,1,1,2472,24.886879920959473,1.6456329773454144,5.297138103894637,0.0
same_drone,MT_s004,10.0,5.0,4,2,2,2524,25.33614683151245,1.7618097012420293,5.366800003384991,0.0
same_drone,MT_s004,10.0,5.0,4,3,3,2665,26.740379095077515,1.4730246561411775,5.880674298743331,0.019887429643527205
same_drone,MT_s004,10.0,5.0,4,4,4,2618,26.25896406173706,1.222160466217673,3.9646588264456266,0.0
same_drone,MT_s004,10.0,5.0,4,5,5,2530,25.401978969573975,1.4634202303018995,4.8741160824138205,0.001976284584980237
same_drone,MT_s004,10.0,5.0,4,6,6,2525,25.403844833374023,1.7118981916142673,6.3783846995887385,0.010693069306930694
same_drone,MT_s004,10.0,5.0,4,7,7,2722,27.329137802124023,2.730835405529959,23.910079018485007,0.12343864805290228
same_drone,MT_s004,10.0,5.0,4,8,8,2312,23.212925910949707,1.1041455301626684,5.319805733859714,0.0
same_drone,MT_s004,10.0,5.0,4,9,9,2312,23.21662998199463,1.3230669158785702,5.929057205772449,0.00043252595155709344
same_drone,MT_s004,10.0,5.0,4,10,10,2346,23.52618908882141,1.7854160304761564,5.445291376834421,0.013640238704177323
same_drone,MT_s004,10.0,5.0,4,11,11,2666,26.786911964416504,2.8510314309923643,96.32623951606914,0.3117029257314329
same_drone,MT_s004,10.0,5.0,4,12,12,2344,23.593735933303833,1.7633781687494263,5.835839454755435,0.011945392491467578
same_drone,MT_s004,10.0,5.0,4,13,13,2307,23.15007710456848,1.5196588979914054,4.8256332175124905,0.0
same_drone,MT_s004,10.0,5.0,4,14,14,2625,26.3830509185791,2.1034882149068252,8.620518098249931,0.06742857142857143
same_drone,MT_s004,10.0,5.0,4,15,15,2334,23.44292402267456,1.2813559010582054,5.432354891873724,0.013281919451585262
same_drone,MT_s004,20.0,0.2,0,1,1,2472,24.886879920959473,1.7491195764433698,5.38145028534052,0.0
same_drone,MT_s004,20.0,0.2,0,2,2,2524,25.33614683151245,1.8133946667046743,4.810671629756269,0.0
same_drone,MT_s004,20.0,0.2,0,3,3,2665,26.740379095077515,1.4694263978647797,7.393176437159859,0.025140712945590993
same_drone,MT_s004,20.0,0.2,0,4,4,2618,26.25896406173706,1.243928425590724,4.439054826324182,0.0
same_drone,MT_s004,20.0,0.2,0,5,5,2530,25.401978969573975,1.5223737415132206,5.154500006162115,0.002766798418972332
same_drone,MT_s004,20.0,0.2,0,6,6,2525,25.403844833374023,1.7702021508675898,6.171500407833795,0.0019801980198019802
same_drone,MT_s004,20.0,0.2,0,7,7,2722,27.329137802124023,2.1833012188033507,38.5578702012421,0.16385011021307863
same_drone,MT_s004,20.0,0.2,0,8,8,2312,23.212925910949707,1.1543018183204765,4.533758917525458,0.0
same_drone,MT_s004,20.0,0.2,0,9,9,2312,23.21662998199463,1.3135724396837531,6.5529371665107305,0.00865051903114187
same_drone,MT_s004,20.0,0.2,0,10,10,2346,23.52618908882141,1.524321242204337,5.384660378753708,0.013640238704177323
same_drone,MT_s004,20.0,0.2,0,11,11,2666,26.786911964416504,2.0432569382006136,21.815532373309125,0.11177794448612154
same_drone,MT_s004,20.0,0.2,0,12,12,2344,23.593735933303833,1.6062405828098036,5.537879839045864,0.014078498293515358
same_drone,MT_s004,20.0,0.2,0,13,13,2307,23.15007710456848,1.5657692725787342,4.757214632258975,0.0
same_drone,MT_s004,20.0,0.2,0,14,14,2625,26.3830509185791,1.8731305177674358,6.3562244966676555,0.011428571428571429
same_drone,MT_s004,20.0,0.2,0,15,15,2334,23.44292402267456,1.1806452074626606,5.262396745965356,0.012853470437017995
same_drone,MT_s004,20.0,0.2,1,1,1,2472,24.886879920959473,1.7092701784924245,5.343427592384489,0.0
same_drone,MT_s004,20.0,0.2,1,2,2,2524,25.33614683151245,1.7578496671861785,5.658536910511606,0.004358161648177496
same_drone,MT_s004,20.0,0.2,1,3,3,2665,26.740379095077515,1.7213152589649212,4.903502797976887,0.016135084427767354
same_drone,MT_s004,20.0,0.2,1,4,4,2618,26.25896406173706,1.1492138489889747,4.83503585189443,0.015278838808250574
same_drone,MT_s004,20.0,0.2,1,5,5,2530,25.401978969573975,1.3190534455000176,5.279019124387547,0.005533596837944664
same_drone,MT_s004,20.0,0.2,1,6,6,2525,25.403844833374023,1.476286058312155,4.927653426918351,0.002772277227722772
same_drone,MT_s004,20.0,0.2,1,7,7,2722,27.329137802124023,1.959888554747959,13.244871965014415,0.09588537839823659
same_drone,MT_s004,20.0,0.2,1,8,8,2312,23.212925910949707,1.2129150365163852,5.219307679841686,0.0
same_drone,MT_s004,20.0,0.2,1,9,9,2312,23.21662998199463,1.7609943516476179,7.723910347074806,0.044550173010380625
same_drone,MT_s004,20.0,0.2,1,10,10,2346,23.52618908882141,1.4985379317275118,4.754983681657144,0.02216538789428815
same_drone,MT_s004,20.0,0.2,1,11,11,2666,26.786911964416504,2.23822191303681,76.3974534154204,0.18642160540135033
same_drone,MT_s004,20.0,0.2,1,12,12,2344,23.593735933303833,1.5499632190057895,4.829897781177426,0.017064846416382253
same_drone,MT_s004,20.0,0.2,1,13,13,2307,23.15007710456848,1.455680056517565,4.776322531130886,0.0
same_drone,MT_s004,20.0,0.2,1,14,14,2625,26.3830509185791,1.8735360824914267,7.401039100384127,0.021714285714285714
same_drone,MT_s004,20.0,0.2,1,15,15,2334,23.44292402267456,1.270473204482073,5.017363782489789,0.02099400171379606
same_drone,MT_s004,20.0,0.2,2,1,1,2472,24.886879920959473,1.616879939582958,5.186102359170375,0.0
same_drone,MT_s004,20.0,0.2,2,2,2,2524,25.33614683151245,2.3737264597077328,8.196303672003959,0.009904912836767036
same_drone,MT_s004,20.0,0.2,2,3,3,2665,26.740379095077515,1.5843719722911658,7.8978277625101745,0.023639774859287054
same_drone,MT_s004,20.0,0.2,2,4,4,2618,26.25896406173706,1.1336551986052896,3.728717805042123,0.0
same_drone,MT_s004,20.0,0.2,2,5,5,2530,25.401978969573975,1.3956434424923998,4.745913927610692,0.005138339920948616
same_drone,MT_s004,20.0,0.2,2,6,6,2525,25.403844833374023,1.6641705258842876,5.66212831409788,0.005940594059405941
same_drone,MT_s004,20.0,0.2,2,7,7,2722,27.329137802124023,2.263207278976097,25.336483133914527,0.15540044085231447
same_drone,MT_s004,20.0,0.2,2,8,8,2312,23.212925910949707,1.2296797951467227,5.624639057009487,0.0
same_drone,MT_s004,20.0,0.2,2,9,9,2312,23.21662998199463,1.3676478495206794,5.533080385346958,0.024653979238754325
same_drone,MT_s004,20.0,0.2,2,10,10,2346,23.52618908882141,1.7518763565975917,4.5229060538406,0.013640238704177323
same_drone,MT_s004,20.0,0.2,2,11,11,2666,26.786911964416504,2.0218090433301086,37.07427360944706,0.15266316579144787
same_drone,MT_s004,20.0,0.2,2,12,12,2344,23.593735933303833,1.6845382667496125,5.709210921547773,0.0
same_drone,MT_s004,20.0,0.2,2,13,13,2307,23.15007710456848,1.3997903175438182,4.371288648346911,0.0
same_drone,MT_s004,20.0,0.2,2,14,14,2625,26.3830509185791,1.6688549368353165,4.392913499937628,0.007238095238095238
same_drone,MT_s004,20.0,0.2,2,15,15,2334,23.44292402267456,1.2316551364307173,5.693275201370023,0.021422450728363324
same_drone,MT_s004,20.0,0.2,3,1,1,2472,24.886879920959473,1.8346111352591805,4.878401267003556,0.0
same_drone,MT_s004,20.0,0.2,3,2,2,2524,25.33614683151245,1.8073584552915918,7.191086288752499,0.02733755942947702
same_drone,MT_s004,20.0,0.2,3,3,3,2665,26.740379095077515,1.5620125643038136,4.844729773355217,0.012382739212007506
same_drone,MT_s004,20.0,0.2,3,4,4,2618,26.25896406173706,1.1989056036127792,3.3270026313055236,0.0
same_drone,MT_s004,20.0,0.2,3,5,5,2530,25.401978969573975,1.4064843834843685,4.251511318571707,0.0
same_drone,MT_s004,20.0,0.2,3,6,6,2525,25.403844833374023,1.8042019746311553,6.161487549239478,0.012277227722772278
same_drone,MT_s004,20.0,0.2,3,7,7,2722,27.329137802124023,1.9297661858537616,20.651790534840732,0.12894930198383542
same_drone,MT_s004,20.0,0.2,3,8,8,2312,23.212925910949707,1.1893278371108806,4.6198267728979365,0.016868512110726645
same_drone,MT_s004,20.0,0.2,3,9,9,2312,23.21662998199463,1.2998699627694208,4.857553309259683,0.01773356401384083
same_drone,MT_s004,20.0,0.2,3,10,10,2346,23.52618908882141,1.530018598119831,5.311309872811364,0.015345268542199489
same_drone,MT_s004,20.0,0.2,3,11,11,2666,26.786911964416504,2.850315125969587,77.15132630872992,0.1879219804951238
same_drone,MT_s004,20.0,0.2,3,12,12,2344,23.593735933303833,1.7051373071671918,6.882571697366246,0.023890784982935155
same_drone,MT_s004,20.0,0.2,3,13,13,2307,23.15007710456848,1.491279893892255,5.756248622732036,0.02037277850021673
same_drone,MT_s004,20.0,0.2,3,14,14,2625,26.3830509185791,1.6051270962511808,5.552533171091839,0.021714285714285714
same_drone,MT_s004,20.0,0.2,3,15,15,2334,23.44292402267456,1.3522936149284348,5.391067733844014,0.015852613538988862
same_drone,MT_s004,20.0,0.2,4,1,1,2472,24.886879920959473,1.6883912146422162,5.211106031418823,0.0
same_drone,MT_s004,20.0,0.2,4,2,2,2524,25.33614683151245,1.86998621661742,6.5519355177782845,0.019809825673534072
same_drone,MT_s004,20.0,0.2,4,3,3,2665,26.740379095077515,1.5703886083858123,6.060096676597206,0.021388367729831145
same_drone,MT_s004,20.0,0.2,4,4,4,2618,26.25896406173706,1.2315925589018377,5.716613370508908,0.004965622612681436
same_drone,MT_s004,20.0,0.2,4,5,5,2530,25.401978969573975,1.418424969981043,4.7647238532520335,0.0
same_drone,MT_s004,20.0,0.2,4,6,6,2525,25.403844833374023,1.6050105975460838,5.235875425833568,0.017425742574257427
same_drone,MT_s004,20.0,0.2,4,7,7,2722,27.329137802124023,1.7949394861481238,10.309916347431352,0.07714915503306392
same_drone,MT_s004,20.0,0.2,4,8,8,2312,23.212925910949707,1.152532596924729,4.852459798538232,0.0
same_drone,MT_s004,20.0,0.2,4,9,9,2312,23.21662998199463,1.199859999212812,4.800783321041921,0.012110726643598616
same_drone,MT_s004,20.0,0.2,4,10,10,2346,23.52618908882141,1.5852401835571,4.6294456267437045,0.021739130434782608
same_drone,MT_s004,20.0,0.2,4,11,11,2666,26.786911964416504,2.595922854214841,78.48693558226985,0.21005251312828208
same_drone,MT_s004,20.0,0.2,4,12,12,2344,23.593735933303833,1.6075310169693182,6.674720378356251,0.004266211604095563
same_drone,MT_s004,20.0,0.2,4,13,13,2307,23.15007710456848,1.2724582930216783,4.12324666358709,0.0
same_drone,MT_s004,20.0,0.2,4,14,14,2625,26.3830509185791,1.662382902989691,5.9020449924349405,0.009904761904761904
same_drone,MT_s004,20.0,0.2,4,15,15,2334,23.44292402267456,1.373629258151226,5.18551139192141,0.01713796058269066
same_drone,MT_s004,20.0,0.5,0,1,1,2472,24.886879920959473,1.793136500972011,5.502077683918212,0.0
same_drone,MT_s004,20.0,0.5,0,2,2,2524,25.33614683151245,1.8076457408128306,5.495083294688065,0.01624405705229794
same_drone,MT_s004,20.0,0.5,0,3,3,2665,26.740379095077515,1.5281265193628144,5.360193698143056,0.03602251407129456
same_drone,MT_s004,20.0,0.5,0,4,4,2618,26.25896406173706,1.3111835019708096,4.780777344770366,0.0
same_drone,MT_s004,20.0,0.5,0,5,5,2530,25.401978969573975,1.4945833549838383,4.6707779434603065,0.0
same_drone,MT_s004,20.0,0.5,0,6,6,2525,25.403844833374023,1.6465321097887795,5.620001896227007,0.002376237623762376
same_drone,MT_s004,20.0,0.5,0,7,7,2722,27.329137802124023,2.13250161435311,12.380622293640133,0.08119030124908155
same_drone,MT_s004,20.0,0.5,0,8,8,2312,23.212925910949707,1.1320510321406303,4.486933678167292,0.0
same_drone,MT_s004,20.0,0.5,0,9,9,2312,23.21662998199463,1.335624221486455,6.8898646724205985,0.022923875432525952
same_drone,MT_s004,20.0,0.5,0,10,10,2346,23.52618908882141,1.5815507314736692,4.84794145787987,0.013640238704177323
same_drone,MT_s004,20.0,0.5,0,11,11,2666,26.786911964416504,1.8898584983674667,83.31112696110691,0.17029257314328583
same_drone,MT_s004,20.0,0.5,0,12,12,2344,23.593735933303833,1.7767741014264118,7.227565955539645,0.040955631399317405
same_drone,MT_s004,20.0,0.5,0,13,13,2307,23.15007710456848,1.7585228326678362,5.253572129410398,0.0
same_drone,MT_s004,20.0,0.5,0,14,14,2625,26.3830509185791,1.807077191642918,6.722232242779175,0.008761904761904762
same_drone,MT_s004,20.0,0.5,0,15,15,2334,23.44292402267456,1.3996956774230895,5.723195808831095,0.025278491859468722
same_drone,MT_s004,20.0,0.5,1,1,1,2472,24.886879920959473,1.522968015232351,5.197885406968059,0.0
same_drone,MT_s004,20.0,0.5,1,2,2,2524,25.33614683151245,1.8064923995975164,5.67093716633016,0.01862123613312203
same_drone,MT_s004,20.0,0.5,1,3,3,2665,26.740379095077515,1.4658168745009448,5.036271221108916,0.017636022514071294
same_drone,MT_s004,20.0,0.5,1,4,4,2618,26.25896406173706,1.1505378420886245,3.445146365816839,0.0
same_drone,MT_s004,20.0,0.5,1,5,5,2530,25.401978969573975,1.4522071914264956,4.716349791144654,0.0
same_drone,MT_s004,20.0,0.5,1,6,6,2525,25.403844833374023,1.4910374976172136,5.4710938949902985,0.002772277227722772
same_drone,MT_s004,20.0,0.5,1,7,7,2722,27.329137802124023,2.1544486056479215,11.778342429213438,0.07935341660543718
same_drone,MT_s004,20.0,0.5,1,8,8,2312,23.212925910949707,1.1159359785587544,4.870686398758588,0.0
same_drone,MT_s004,20.0,0.5,1,9,9,2312,23.21662998199463,1.3850269993692983,5.981663420546536,0.014705882352941176
same_drone,MT_s004,20.0,0.5,1,10,10,2346,23.52618908882141,1.78931106424006,5.187384364776583,0.017050298380221655
same_drone,MT_s004,20.0,0.5,1,11,11,2666,26.786911964416504,2.5622658922045503,30.78414168763235,0.16579144786196548
same_drone,MT_s004,20.0,0.5,1,12,12,2344,23.593735933303833,1.8190885183514283,5.890123222922251,0.020904436860068258
same_drone,MT_s004,20.0,0.5,1,13,13,2307,23.15007710456848,1.4454935686323331,4.532226792907763,0.0
same_drone,MT_s004,20.0,0.5,1,14,14,2625,26.3830509185791,1.7386545293011295,5.699842940420254,0.009904761904761904
same_drone,MT_s004,20.0,0.5,1,15,15,2334,23.44292402267456,1.2711019156623706,5.0317692697912655,0.009425878320479864
same_drone,MT_s004,20.0,0.5,2,1,1,2472,24.886879920959473,1.8002407975304848,5.318858566720036,0.0
same_drone,MT_s004,20.0,0.5,2,2,2,2524,25.33614683151245,2.130096723378344,7.24337932356058,0.00832012678288431
same_drone,MT_s004,20.0,0.5,2,3,3,2665,26.740379095077515,1.5811618134056005,7.003099526563289,0.025140712945590993
same_drone,MT_s004,20.0,0.5,2,4,4,2618,26.25896406173706,1.1905315359433928,4.259649409990096,0.0
same_drone,MT_s004,20.0,0.5,2,5,5,2530,25.401978969573975,1.6063123232810597,5.334331812098271,0.001976284584980237
same_drone,MT_s004,20.0,0.5,2,6,6,2525,25.403844833374023,1.6236205682262153,5.505148047315987,0.012673267326732674
same_drone,MT_s004,20.0,0.5,2,7,7,2722,27.329137802124023,2.1568958116434827,18.435570950987934,0.11021307861866275
same_drone,MT_s004,20.0,0.5,2,8,8,2312,23.212925910949707,1.109897570529796,4.9963885356556474,0.0
same_drone,MT_s004,20.0,0.5,2,9,9,2312,23.21662998199463,1.44397850561365,6.691649489676099,0.03373702422145329
same_drone,MT_s004,20.0,0.5,2,10,10,2346,23.52618908882141,1.8663184884400508,5.28756396286763,0.013640238704177323
same_drone,MT_s004,20.0,0.5,2,11,11,2666,26.786911964416504,2.4064735163327704,46.6106732842436,0.2021755438859715
same_drone,MT_s004,20.0,0.5,2,12,12,2344,23.593735933303833,1.7127407401943735,5.963173027355854,0.030290102389078498
same_drone,MT_s004,20.0,0.5,2,13,13,2307,23.15007710456848,1.5140777747816543,4.731660379769416,0.0
same_drone,MT_s004,20.0,0.5,2,14,14,2625,26.3830509185791,1.8102373552794262,6.730007896542763,0.018285714285714287
same_drone,MT_s004,20.0,0.5,2,15,15,2334,23.44292402267456,1.3716510305168441,6.83448505493525,0.03299057412167952
same_drone,MT_s004,20.0,0.5,3,1,1,2472,24.886879920959473,1.8111261880172194,5.538988002171166,0.0
same_drone,MT_s004,20.0,0.5,3,2,2,2524,25.33614683151245,1.992298761218251,6.974009837672829,0.022979397781299524
same_drone,MT_s004,20.0,0.5,3,3,3,2665,26.740379095077515,1.4351811797092182,3.938113535425873,0.014634146341463415
same_drone,MT_s004,20.0,0.5,3,4,4,2618,26.25896406173706,1.2748392380627394,5.3873494524678405,0.0
same_drone,MT_s004,20.0,0.5,3,5,5,2530,25.401978969573975,1.5265518041525414,5.076033514630026,0.0
same_drone,MT_s004,20.0,0.5,3,6,6,2525,25.403844833374023,1.6815696956741562,5.004012438952396,0.008712871287128714
same_drone,MT_s004,20.0,0.5,3,7,7,2722,27.329137802124023,2.3535528801779293,34.98380088423916,0.13041880969875091
same_drone,MT_s004,20.0,0.5,3,8,8,2312,23.212925910949707,1.1206608959086708,5.126361316824515,0.0
same_drone,MT_s004,20.0,0.5,3,9,9,2312,23.21662998199463,1.377169969224056,5.735272116576619,0.01730103806228374
same_drone,MT_s004,20.0,0.5,3,10,10,2346,23.52618908882141,1.586732323058726,6.154986661692448,0.013640238704177323
same_drone,MT_s004,20.0,0.5,3,11,11,2666,26.786911964416504,2.503239178497381,82.77332612690034,0.20855213803450862
same_drone,MT_s004,20.0,0.5,3,12,12,2344,23.593735933303833,1.962159645736147,6.888870060001376,0.016211604095563138
same_drone,MT_s004,20.0,0.5,3,13,13,2307,23.15007710456848,1.4804985851903538,4.8273087124856415,0.006068487212830516
same_drone,MT_s004,20.0,0.5,3,14,14,2625,26.3830509185791,1.8711017688785319,6.6284257114308085,0.017904761904761906
same_drone,MT_s004,20.0,0.5,3,15,15,2334,23.44292402267456,1.5947417199793108,5.654695904372898,0.020137103684661525
same_drone,MT_s004,20.0,0.5,4,1,1,2472,24.886879920959473,1.7327980286087126,5.160370107324682,0.0
same_drone,MT_s004,20.0,0.5,4,2,2,2524,25.33614683151245,2.0813478639285137,5.328910687799278,0.004754358161648178
same_drone,MT_s004,20.0,0.5,4,3,3,2665,26.740379095077515,1.5853109009902226,6.5815330452725425,0.024390243902439025
same_drone,MT_s004,20.0,0.5,4,4,4,2618,26.25896406173706,1.185684746527258,4.4469694811822995,0.014514896867838044
same_drone,MT_s004,20.0,0.5,4,5,5,2530,25.401978969573975,1.6770999707934067,5.280966655177633,0.01699604743083004
same_drone,MT_s004,20.0,0.5,4,6,6,2525,25.403844833374023,1.7001070670022216,5.9189377298362,0.009108910891089108
same_drone,MT_s004,20.0,0.5,4,7,7,2722,27.329137802124023,2.7632931164032115,47.093724774954666,0.27112417340191036
same_drone,MT_s004,20.0,0.5,4,8,8,2312,23.212925910949707,1.1801604671153285,5.230368084543019,0.02378892733564014
same_drone,MT_s004,20.0,0.5,4,9,9,2312,23.21662998199463,1.6575227119057558,6.371186359493455,0.03806228373702422
same_drone,MT_s004,20.0,0.5,4,10,10,2346,23.52618908882141,1.8014732002249758,5.443030060782139,0.013640238704177323
same_drone,MT_s004,20.0,0.5,4,11,11,2666,26.786911964416504,2.473320166424017,57.637586122777186,0.13878469617404351
same_drone,MT_s004,20.0,0.5,4,12,12,2344,23.593735933303833,1.6952603580196097,5.664128066197378,0.01834470989761092
same_drone,MT_s004,20.0,0.5,4,13,13,2307,23.15007710456848,1.5936413066507669,4.911761725254802,0.0008669267446900737
same_drone,MT_s004,20.0,0.5,4,14,14,2625,26.3830509185791,1.5920387946420647,5.4974094689541255,0.013333333333333334
same_drone,MT_s004,20.0,0.5,4,15,15,2334,23.44292402267456,1.2260614636449247,5.099829403421649,0.015852613538988862
same_drone,MT_s004,20.0,1.0,0,1,1,2472,24.886879920959473,1.721744477064405,5.860755995687201,0.010517799352750809
same_drone,MT_s004,20.0,1.0,0,2,2,2524,25.33614683151245,2.0155646594949737,6.813622210932037,0.0003961965134706815
same_drone,MT_s004,20.0,1.0,0,3,3,2665,26.740379095077515,1.5932877073071836,6.52076901610406,0.03264540337711069
same_drone,MT_s004,20.0,1.0,0,4,4,2618,26.25896406173706,1.247831225350346,4.3106227551651655,0.004965622612681436
same_drone,MT_s004,20.0,1.0,0,5,5,2530,25.401978969573975,1.514611553228427,5.094947091958572,0.0
same_drone,MT_s004,20.0,1.0,0,6,6,2525,25.403844833374023,1.6624217587774481,5.535169948245871,0.013861386138613862
same_drone,MT_s004,20.0,1.0,0,7,7,2722,27.329137802124023,1.9499421113019224,10.612668194633056,0.08229243203526819
same_drone,MT_s004,20.0,1.0,0,8,8,2312,23.212925910949707,1.2453656259090913,4.652255249682874,0.0034602076124567475
same_drone,MT_s004,20.0,1.0,0,9,9,2312,23.21662998199463,1.4181410891234538,7.109804923209044,0.03762975778546713
same_drone,MT_s004,20.0,1.0,0,10,10,2346,23.52618908882141,1.594107529011886,5.455054524283682,0.013640238704177323
same_drone,MT_s004,20.0,1.0,0,11,11,2666,26.786911964416504,2.785590081638439,102.53106656023412,0.3075768942235559
same_drone,MT_s004,20.0,1.0,0,12,12,2344,23.593735933303833,1.7729496746495386,5.940024191861721,0.01877133105802048
same_drone,MT_s004,20.0,1.0,0,13,13,2307,23.15007710456848,1.492465299701884,5.043854362218297,0.008669267446900737
same_drone,MT_s004,20.0,1.0,0,14,14,2625,26.3830509185791,1.73612138987977,7.292017534698747,0.0419047619047619
same_drone,MT_s004,20.0,1.0,0,15,15,2334,23.44292402267456,1.3725510940539465,5.403653361593735,0.028277634961439587
same_drone,MT_s004,20.0,1.0,1,1,1,2472,24.886879920959473,1.8159809751524207,5.381114937251255,0.0
same_drone,MT_s004,20.0,1.0,1,2,2,2524,25.33614683151245,2.1054444943330566,11.781542503185795,0.07765451664025357
same_drone,MT_s004,20.0,1.0,1,3,3,2665,26.740379095077515,1.5385631061713525,4.9516243079632565,0.02326454033771107
same_drone,MT_s004,20.0,1.0,1,4,4,2618,26.25896406173706,1.1384168721241963,4.235370836668337,0.0
same_drone,MT_s004,20.0,1.0,1,5,5,2530,25.401978969573975,1.4247305205234895,4.728532548000072,0.005533596837944664
same_drone,MT_s004,20.0,1.0,1,6,6,2525,25.403844833374023,1.8449513681654253,6.608808081216518,0.0201980198019802
same_drone,MT_s004,20.0,1.0,1,7,7,2722,27.329137802124023,1.9851712977185016,9.746427219979168,0.07567964731814843
same_drone,MT_s004,20.0,1.0,1,8,8,2312,23.212925910949707,1.2146611355354793,5.647939221411514,0.0
same_drone,MT_s004,20.0,1.0,1,9,9,2312,23.21662998199463,1.3391240785300127,6.034852517150906,0.019896193771626297
same_drone,MT_s004,20.0,1.0,1,10,10,2346,23.52618908882141,1.5820677670931218,5.3560597253263325,0.013640238704177323
same_drone,MT_s004,20.0,1.0,1,11,11,2666,26.786911964416504,2.698695060669742,88.15383826191871,0.25318829707426854
same_drone,MT_s004,20.0,1.0,1,12,12,2344,23.593735933303833,1.8746426817042359,9.470864002890046,0.07081911262798635
same_drone,MT_s004,20.0,1.0,1,13,13,2307,23.15007710456848,1.5525041956080372,4.31305293213064,0.0
same_drone,MT_s004,20.0,1.0,1,14,14,2625,26.3830509185791,1.6827250783209848,7.102991267736364,0.0380952380952381
same_drone,MT_s004,20.0,1.0,1,15,15,2334,23.44292402267456,1.2283265749804286,6.036378721178121,0.02699228791773779
same_drone,MT_s004,20.0,1.0,2,1,1,2472,24.886879920959473,1.734211006637011,6.086889999499789,0.010517799352750809
same_drone,MT_s004,20.0,1.0,2,2,2,2524,25.33614683151245,1.919682720066973,6.887449747527907,0.0035657686212361333
same_drone,MT_s004,20.0,1.0,2,3,3,2665,26.740379095077515,1.5180093424381198,6.769978375129232,0.02176360225140713
same_drone,MT_s004,20.0,1.0,2,4,4,2618,26.25896406173706,1.173156866336889,4.02916159767245,0.0
same_drone,MT_s004,20.0,1.0,2,5,5,2530,25.401978969573975,1.5522517463503913,4.641845140511978,0.0
same_drone,MT_s004,20.0,1.0,2,6,6,2525,25.403844833374023,1.6771531078428268,6.515305181952261,0.013069306930693069
same_drone,MT_s004,20.0,1.0,2,7,7,2722,27.329137802124023,2.5543129423190365,24.140552752699573,0.11645848640705364
same_drone,MT_s004,20.0,1.0,2,8,8,2312,23.212925910949707,1.1189257888654964,5.772745488634777,0.0
same_drone,MT_s004,20.0,1.0,2,9,9,2312,23.21662998199463,1.4962741652931442,6.807259219181127,0.02162629757785467
same_drone,MT_s004,20.0,1.0,2,10,10,2346,23.52618908882141,1.7683702049851036,6.608085856175862,0.013640238704177323
same_drone,MT_s004,20.0,1.0,2,11,11,2666,26.786911964416504,2.6175548504084603,98.87061443726768,0.2441860465116279
same_drone,MT_s004,20.0,1.0,2,12,12,2344,23.593735933303833,1.9115403498614043,19.330763733217424,0.10580204778156997
same_drone,MT_s004,20.0,1.0,2,13,13,2307,23.15007710456848,1.420587198032763,4.5064042275749,0.0
same_drone,MT_s004,20.0,1.0,2,14,14,2625,26.3830509185791,2.3203856264617713,18.437681902216287,0.12647619047619046
same_drone,MT_s004,20.0,1.0,2,15,15,2334,23.44292402267456,1.2858277864056014,5.586903781149343,0.015424164524421594
same_drone,MT_s004,20.0,1.0,3,1,1,2472,24.886879920959473,1.6511091062486543,5.412885707542848,0.0
same_drone,MT_s004,20.0,1.0,3,2,2,2524,25.33614683151245,1.9867245427664315,6.9795347674710975,0.020206022187004756
same_drone,MT_s004,20.0,1.0,3,3,3,2665,26.740379095077515,1.6152264914962586,4.570666231758778,0.016885553470919325
same_drone,MT_s004,20.0,1.0,3,4,4,2618,26.25896406173706,1.1130808828188066,4.753510877392813,0.014514896867838044
same_drone,MT_s004,20.0,1.0,3,5,5,2530,25.401978969573975,1.5639703481751468,5.443217768010204,0.004347826086956522
same_drone,MT_s004,20.0,1.0,3,6,6,2525,25.403844833374023,1.7385251486486482,5.979177782680402,0.002772277227722772
same_drone,MT_s004,20.0,1.0,3,7,7,2722,27.329137802124023,2.4819812333883036,22.781206330737692,0.12821454812637767
same_drone,MT_s004,20.0,1.0,3,8,8,2312,23.212925910949707,1.0621549295184565,5.222521459580731,0.005190311418685121
same_drone,MT_s004,20.0,1.0,3,9,9,2312,23.21662998199463,1.5107052131456307,7.704789636100449,0.05839100346020761
same_drone,MT_s004,20.0,1.0,3,10,10,2346,23.52618908882141,1.5381387172789402,4.757315710485834,0.013640238704177323
same_drone,MT_s004,20.0,1.0,3,11,11,2666,26.786911964416504,2.292182854634511,82.06898540244282,0.14103525881470366
same_drone,MT_s004,20.0,1.0,3,12,12,2344,23.593735933303833,1.8108836864678821,7.157340056107663,0.017918088737201365
same_drone,MT_s004,20.0,1.0,3,13,13,2307,23.15007710456848,1.594177670994796,5.156191557698682,0.0
same_drone,MT_s004,20.0,1.0,3,14,14,2625,26.3830509185791,1.905834856084546,6.960465151559284,0.022095238095238095
same_drone,MT_s004,20.0,1.0,3,15,15,2334,23.44292402267456,1.3642895464631835,5.2508473138802065,0.017566409597257925
same_drone,MT_s004,20.0,1.0,4,1,1,2472,24.886879920959473,1.804238339226501,5.296647422058356,0.0
same_drone,MT_s004,20.0,1.0,4,2,2,2524,25.33614683151245,1.8754215500074594,6.880537716455725,0.012282091917591125
same_drone,MT_s004,20.0,1.0,4,3,3,2665,26.740379095077515,1.483983843703129,3.9788970074112044,0.014634146341463415
same_drone,MT_s004,20.0,1.0,4,4,4,2618,26.25896406173706,1.175358089028606,4.286472166784498,0.0015278838808250573
same_drone,MT_s004,20.0,1.0,4,5,5,2530,25.401978969573975,1.551170467680862,5.002206410088049,0.004347826086956522
same_drone,MT_s004,20.0,1.0,4,6,6,2525,25.403844833374023,1.8116854515439798,5.812737665232952,0.006732673267326733
same_drone,MT_s004,20.0,1.0,4,7,7,2722,27.329137802124023,2.454250155297899,27.792172611960954,0.12490815576781777
same_drone,MT_s004,20.0,1.0,4,8,8,2312,23.212925910949707,1.1416385607592971,6.467064636846123,0.01124567474048443
same_drone,MT_s004,20.0,1.0,4,9,9,2312,23.21662998199463,1.3066736970338084,6.018656938096514,0.0
same_drone,MT_s004,20.0,1.0,4,10,10,2346,23.52618908882141,1.4696812301074438,4.550072905343782,0.013640238704177323
same_drone,MT_s004,20.0,1.0,4,11,11,2666,26.786911964416504,2.542066244945106,91.7011125124932,0.25731432858214554
same_drone,MT_s004,20.0,1.0,4,12,12,2344,23.593735933303833,1.737126492496671,6.21386110835203,0.016638225255972697
same_drone,MT_s004,20.0,1.0,4,13,13,2307,23.15007710456848,1.5482227278962455,5.011094934414614,0.019939315127871695
same_drone,MT_s004,20.0,1.0,4,14,14,2625,26.3830509185791,1.8272982276864838,7.202004219810123,0.04228571428571429
same_drone,MT_s004,20.0,1.0,4,15,15,2334,23.44292402267456,1.3093205729729078,6.272213367603174,0.03556126820908312
same_drone,MT_s004,20.0,2.0,0,1,1,2472,24.886879920959473,1.7813887583205599,5.513957851444649,0.0
same_drone,MT_s004,20.0,2.0,0,2,2,2524,25.33614683151245,1.831598220273122,8.377008306366761,0.03763866877971474
same_drone,MT_s004,20.0,2.0,0,3,3,2665,26.740379095077515,1.4855482316866073,7.756881364516008,0.03076923076923077
same_drone,MT_s004,20.0,2.0,0,4,4,2618,26.25896406173706,1.199844914544407,3.7318611170659732,0.0
same_drone,MT_s004,20.0,2.0,0,5,5,2530,25.401978969573975,1.4470549173363878,5.143826401797972,0.0
same_drone,MT_s004,20.0,2.0,0,6,6,2525,25.403844833374023,1.8960581248514572,5.831837607564004,0.0039603960396039604
same_drone,MT_s004,20.0,2.0,0,7,7,2722,27.329137802124023,2.1576282390571535,16.510570328140222,0.10580455547391623
same_drone,MT_s004,20.0,2.0,0,8,8,2312,23.212925910949707,1.0613368484575574,5.0564529391583415,0.0
same_drone,MT_s004,20.0,2.0,0,9,9,2312,23.21662998199463,1.4585854705634915,5.647784406339508,0.0034602076124567475
same_drone,MT_s004,20.0,2.0,0,10,10,2346,23.52618908882141,1.6331526898445645,6.37944109248383,0.033674339300937765
same_drone,MT_s004,20.0,2.0,0,11,11,2666,26.786911964416504,3.060354980193601,89.74167170373524,0.3717179294823706
same_drone,MT_s004,20.0,2.0,0,12,12,2344,23.593735933303833,1.7189162574911592,5.7051348058499025,0.0
same_drone,MT_s004,20.0,2.0,0,13,13,2307,23.15007710456848,1.6605899182226835,6.866791617582342,0.0017338534893801473
same_drone,MT_s004,20.0,2.0,0,14,14,2625,26.3830509185791,1.817150580056051,10.144604889423416,0.0739047619047619
same_drone,MT_s004,20.0,2.0,0,15,15,2334,23.44292402267456,1.3656289656627365,5.441733857363878,0.015852613538988862
same_drone,MT_s004,20.0,2.0,1,1,1,2472,24.886879920959473,1.809758804925849,5.243508001615478,0.0
same_drone,MT_s004,20.0,2.0,1,2,2,2524,25.33614683151245,1.9144203114424556,5.953960901201152,0.0011885895404120444
same_drone,MT_s004,20.0,2.0,1,3,3,2665,26.740379095077515,1.3804998504442523,4.474988172985064,0.029643527204502813
same_drone,MT_s004,20.0,2.0,1,4,4,2618,26.25896406173706,1.1969980051213938,4.1554670277786325,0.0
same_drone,MT_s004,20.0,2.0,1,5,5,2530,25.401978969573975,1.5194026050929637,5.547363581853607,0.016600790513833993
same_drone,MT_s004,20.0,2.0,1,6,6,2525,25.403844833374023,1.6102541698580808,5.046735397155823,0.0019801980198019802
same_drone,MT_s004,20.0,2.0,1,7,7,2722,27.329137802124023,2.5678980036015844,36.769207876820914,0.19324026451138868
same_drone,MT_s004,20.0,2.0,1,8,8,2312,23.212925910949707,1.1398867911088217,5.276559930579055,0.0
same_drone,MT_s004,20.0,2.0,1,9,9,2312,23.21662998199463,1.345668727663238,5.64167551848587,0.0038927335640138406
same_drone,MT_s004,20.0,2.0,1,10,10,2346,23.52618908882141,1.7465990231427497,5.939584191950843,0.013640238704177323
same_drone,MT_s004,20.0,2.0,1,11,11,2666,26.786911964416504,2.9218224398390618,89.18002568821645,0.27756939234808703
same_drone,MT_s004,20.0,2.0,1,12,12,2344,23.593735933303833,1.9204829147382867,7.550121754389662,0.03668941979522184
same_drone,MT_s004,20.0,2.0,1,13,13,2307,23.15007710456848,1.5200364196618636,4.209113564036169,0.0
same_drone,MT_s004,20.0,2.0,1,14,14,2625,26.3830509185791,2.023929511326969,8.621767174833609,0.072
same_drone,MT_s004,20.0,2.0,1,15,15,2334,23.44292402267456,1.2575363562894424,5.512375606860868,0.021422450728363324
same_drone,MT_s004,20.0,2.0,2,1,1,2472,24.886879920959473,1.664679785146177,5.28571437449896,0.0
same_drone,MT_s004,20.0,2.0,2,2,2,2524,25.33614683151245,2.1844370737455137,8.22889415173599,0.025752773375594295
same_drone,MT_s004,20.0,2.0,2,3,3,2665,26.740379095077515,1.5282595479064867,7.206060635815787,0.016885553470919325
same_drone,MT_s004,20.0,2.0,2,4,4,2618,26.25896406173706,1.1564044668908195,4.2864569200128,0.0
same_drone,MT_s004,20.0,2.0,2,5,5,2530,25.401978969573975,1.3664760905097069,4.743104237650947,0.0
same_drone,MT_s004,20.0,2.0,2,6,6,2525,25.403844833374023,1.6853797866480988,5.359982575854326,0.011089108910891089
same_drone,MT_s004,20.0,2.0,2,7,7,2722,27.329137802124023,1.8381696870036421,10.788826032797754,0.09184423218221896
same_drone,MT_s004,20.0,2.0,2,8,8,2312,23.212925910949707,1.1727313355262083,5.29321843267559,0.0
same_drone,MT_s004,20.0,2.0,2,9,9,2312,23.21662998199463,1.3637157307920482,5.402028208873979,0.005622837370242215
same_drone,MT_s004,20.0,2.0,2,10,10,2346,23.52618908882141,1.6143462014295977,5.795183851985271,0.013640238704177323
same_drone,MT_s004,20.0,2.0,2,11,11,2666,26.786911964416504,2.5811948827821567,105.62965947553226,0.218304576144036
same_drone,MT_s004,20.0,2.0,2,12,12,2344,23.593735933303833,1.8985166847340231,10.072129009462463,0.0878839590443686
same_drone,MT_s004,20.0,2.0,2,13,13,2307,23.15007710456848,1.4994902989619305,4.774156498706935,0.0
same_drone,MT_s004,20.0,2.0,2,14,14,2625,26.3830509185791,2.1558439335735784,12.125236283845997,0.08647619047619047
same_drone,MT_s004,20.0,2.0,2,15,15,2334,23.44292402267456,1.4186146755398568,5.892264031173412,0.014995715509854327
same_drone,MT_s004,20.0,2.0,3,1,1,2472,24.886879920959473,1.8186827927369542,5.282006464912097,0.0
same_drone,MT_s004,20.0,2.0,3,2,2,2524,25.33614683151245,2.084727176359408,7.996440757317571,0.017036450079239304
same_drone,MT_s004,20.0,2.0,3,3,3,2665,26.740379095077515,1.6182389311725274,7.0429206064105285,0.02926829268292683
same_drone,MT_s004,20.0,2.0,3,4,4,2618,26.25896406173706,1.2291684330895478,4.730111450462126,0.0
same_drone,MT_s004,20.0,2.0,3,5,5,2530,25.401978969573975,1.572075407196877,6.283563840491734,0.014229249011857707
same_drone,MT_s004,20.0,2.0,3,6,6,2525,25.403844833374023,1.6995979675797273,5.1976029480794965,0.012673267326732674
same_drone,MT_s004,20.0,2.0,3,7,7,2722,27.329137802124023,2.5676476711859664,18.20436892056582,0.10947832476120499
same_drone,MT_s004,20.0,2.0,3,8,8,2312,23.212925910949707,1.3696245224110584,6.356148186136683,0.01643598615916955
same_drone,MT_s004,20.0,2.0,3,9,9,2312,23.21662998199463,1.3306055675969048,5.6325224320925384,0.01903114186851211
same_drone,MT_s004,20.0,2.0,3,10,10,2346,23.52618908882141,1.760741511090778,5.722065752039711,0.013640238704177323
same_drone,MT_s004,20.0,2.0,3,11,11,2666,26.786911964416504,2.6758950857285555,59.39921656124447,0.21680420105026257
same_drone,MT_s004,20.0,2.0,3,12,12,2344,23.593735933303833,1.9629483631269622,8.201017223859067,0.06783276450511945
same_drone,MT_s004,20.0,2.0,3,13,13,2307,23.15007710456848,1.753788915478026,4.8479139910686575,0.0
same_drone,MT_s004,20.0,2.0,3,14,14,2625,26.3830509185791,2.4033352990419985,13.693890730597227,0.09447619047619048
same_drone,MT_s004,20.0,2.0,3,15,15,2334,23.44292402267456,1.3718062446052954,5.519992638024535,0.01842330762639246
same_drone,MT_s004,20.0,2.0,4,1,1,2472,24.886879920959473,1.652375177806448,5.435804622102377,0.0
same_drone,MT_s004,20.0,2.0,4,2,2,2524,25.33614683151245,2.0776252555933254,6.2213742363407585,0.012678288431061807
same_drone,MT_s004,20.0,2.0,4,3,3,2665,26.740379095077515,1.5700109073405883,4.2742978603628785,0.02026266416510319
same_drone,MT_s004,20.0,2.0,4,4,4,2618,26.25896406173706,1.270255631626128,4.708701519489654,0.0
same_drone,MT_s004,20.0,2.0,4,5,5,2530,25.401978969573975,1.4645169679971133,5.091300062452376,0.004347826086956522
same_drone,MT_s004,20.0,2.0,4,6,6,2525,25.403844833374023,1.7565023905731891,6.047938942438319,0.010693069306930694
same_drone,MT_s004,20.0,2.0,4,7,7,2722,27.329137802124023,2.8602636269072264,44.62996385619616,0.22152828802351213
same_drone,MT_s004,20.0,2.0,4,8,8,2312,23.212925910949707,1.1055746412094294,6.984702474134414,0.02249134948096886
same_drone,MT_s004,20.0,2.0,4,9,9,2312,23.21662998199463,1.4453211645357769,6.084805218276791,0.018166089965397925
same_drone,MT_s004,20.0,2.0,4,10,10,2346,23.52618908882141,1.6286918899573521,6.003995518852079,0.013640238704177323
same_drone,MT_s004,20.0,2.0,4,11,11,2666,26.786911964416504,2.490495230243937,90.80748138644628,0.19992498124531133
same_drone,MT_s004,20.0,2.0,4,12,12,2344,23.593735933303833,1.7758941779870412,6.278137508946257,0.02218430034129693
same_drone,MT_s004,20.0,2.0,4,13,13,2307,23.15007710456848,1.5666892551024247,4.604667101886998,0.0034677069787602947
same_drone,MT_s004,20.0,2.0,4,14,14,2625,26.3830509185791,1.9458928126546482,6.678290297795522,0.01638095238095238
same_drone,MT_s004,20.0,2.0,4,15,15,2334,23.44292402267456,1.3027119590761025,6.200634070827245,0.021422450728363324
same_drone,MT_s004,20.0,5.0,0,1,1,2472,24.886879920959473,1.7515095926483468,5.584947267870553,0.0
same_drone,MT_s004,20.0,5.0,0,2,2,2524,25.33614683151245,2.073380674755441,8.4500936673704,0.04001584786053883
same_drone,MT_s004,20.0,5.0,0,3,3,2665,26.740379095077515,1.538333515943279,7.40248582486394,0.02926829268292683
same_drone,MT_s004,20.0,5.0,0,4,4,2618,26.25896406173706,1.1798508407918575,4.410188730824625,0.0
same_drone,MT_s004,20.0,5.0,0,5,5,2530,25.401978969573975,1.355579031649789,5.2601372363163525,0.0
same_drone,MT_s004,20.0,5.0,0,6,6,2525,25.403844833374023,1.6068532105684596,5.134543504663258,0.011485148514851485
same_drone,MT_s004,20.0,5.0,0,7,7,2722,27.329137802124023,2.27505192200114,11.047547777598353,0.08927259368111683
same_drone,MT_s004,20.0,5.0,0,8,8,2312,23.212925910949707,1.0783973671356435,5.03417874530176,0.0
same_drone,MT_s004,20.0,5.0,0,9,9,2312,23.21662998199463,1.3946734483898808,6.863963111527325,0.022058823529411766
same_drone,MT_s004,20.0,5.0,0,10,10,2346,23.52618908882141,1.849673525054186,5.976434951086734,0.013640238704177323
same_drone,MT_s004,20.0,5.0,0,11,11,2666,26.786911964416504,2.9392200843258394,92.54194800268968,0.3533383345836459
same_drone,MT_s004,20.0,5.0,0,12,12,2344,23.593735933303833,1.8193415525063372,11.046503953130069,0.09385665529010238
same_drone,MT_s004,20.0,5.0,0,13,13,2307,23.15007710456848,1.4913895172160778,4.416591826044933,0.0
same_drone,MT_s004,20.0,5.0,0,14,14,2625,26.3830509185791,1.8889295473090755,8.591482945916322,0.07085714285714285
same_drone,MT_s004,20.0,5.0,0,15,15,2334,23.44292402267456,1.5730715368106871,8.529771532886642,0.04198800342759212
same_drone,MT_s004,20.0,5.0,1,1,1,2472,24.886879920959473,1.750911929938681,5.4729102262589375,0.0
same_drone,MT_s004,20.0,5.0,1,2,2,2524,25.33614683151245,1.7438279809737622,6.046531298425463,0.025752773375594295
same_drone,MT_s004,20.0,5.0,1,3,3,2665,26.740379095077515,1.501995164321535,4.056441922717674,0.02176360225140713
same_drone,MT_s004,20.0,5.0,1,4,4,2618,26.25896406173706,1.1354165946144903,4.265936244162959,0.0
same_drone,MT_s004,20.0,5.0,1,5,5,2530,25.401978969573975,1.4540498972224754,5.390549481504055,0.0035573122529644267
same_drone,MT_s004,20.0,5.0,1,6,6,2525,25.403844833374023,1.7276344151432568,5.1368177339362875,0.012277227722772278
same_drone,MT_s004,20.0,5.0,1,7,7,2722,27.329137802124023,2.4150927136183533,50.2735141727209,0.1278471711976488
same_drone,MT_s004,20.0,5.0,1,8,8,2312,23.212925910949707,1.0317966710660613,4.9728682676318945,0.0
same_drone,MT_s004,20.0,5.0,1,9,9,2312,23.21662998199463,1.2180257234656935,5.5316878451358695,0.0
same_drone,MT_s004,20.0,5.0,1,10,10,2346,23.52618908882141,1.7729796345920406,5.68652497760462,0.013640238704177323
same_drone,MT_s004,20.0,5.0,1,11,11,2666,26.786911964416504,2.4156137005907823,65.03095000508401,0.14216054013503376
same_drone,MT_s004,20.0,5.0,1,12,12,2344,23.593735933303833,1.8994181246611355,8.017029034321085,0.052901023890784986
same_drone,MT_s004,20.0,5.0,1,13,13,2307,23.15007710456848,1.492602726095697,5.0599403344456855,0.009969657563935847
same_drone,MT_s004,20.0,5.0,1,14,14,2625,26.3830509185791,2.0422064031016873,12.869780261916373,0.09066666666666667
same_drone,MT_s004,20.0,5.0,1,15,15,2334,23.44292402267456,1.3855756157357249,5.507848505391312,0.016281062553556127
same_drone,MT_s004,20.0,5.0,2,1,1,2472,24.886879920959473,1.7899377507277379,5.458083880282764,0.0
same_drone,MT_s004,20.0,5.0,2,2,2,2524,25.33614683151245,1.8940177380268892,7.026979477587891,0.014263074484944533
same_drone,MT_s004,20.0,5.0,2,3,3,2665,26.740379095077515,1.4528862305708117,4.751453372889275,0.02401500938086304
same_drone,MT_s004,20.0,5.0,2,4,4,2618,26.25896406173706,1.1616415007325571,3.971231653144563,0.0
same_drone,MT_s004,20.0,5.0,2,5,5,2530,25.401978969573975,1.381588074589942,4.891841333544609,0.002766798418972332
same_drone,MT_s004,20.0,5.0,2,6,6,2525,25.403844833374023,1.6609480140643313,5.302006875895125,0.009504950495049505
same_drone,MT_s004,20.0,5.0,2,7,7,2722,27.329137802124023,2.2316979813372626,20.90463666377143,0.11572373254959588
same_drone,MT_s004,20.0,5.0,2,8,8,2312,23.212925910949707,1.112140931898864,5.290888238082886,0.0
same_drone,MT_s004,20.0,5.0,2,9,9,2312,23.21662998199463,1.227755467389386,7.100208785717999,0.025951557093425604
same_drone,MT_s004,20.0,5.0,2,10,10,2346,23.52618908882141,1.9266682605435506,5.5813440514916195,0.013640238704177323
same_drone,MT_s004,20.0,5.0,2,11,11,2666,26.786911964416504,2.606810217883421,90.31581149060025,0.19767441860465115
same_drone,MT_s004,20.0,5.0,2,12,12,2344,23.593735933303833,1.70224749044597,6.11832845507744,0.014505119453924915
same_drone,MT_s004,20.0,5.0,2,13,13,2307,23.15007710456848,1.5465305784510406,4.49205396195579,0.0
same_drone,MT_s004,20.0,5.0,2,14,14,2625,26.3830509185791,1.9487542148787043,7.794923445771621,0.03238095238095238
same_drone,MT_s004,20.0,5.0,2,15,15,2334,23.44292402267456,1.3115050871800804,5.3899531179925155,0.02313624678663239
same_drone,MT_s004,20.0,5.0,3,1,1,2472,24.886879920959473,1.8226178895233858,5.407746548772462,0.0
same_drone,MT_s004,20.0,5.0,3,2,2,2524,25.33614683151245,1.8540402360224846,6.895188647940234,0.03248811410459588
same_drone,MT_s004,20.0,5.0,3,3,3,2665,26.740379095077515,1.4943307172712252,7.090220952364683,0.02401500938086304
same_drone,MT_s004,20.0,5.0,3,4,4,2618,26.25896406173706,1.1951826501115228,3.979797671541534,0.0
same_drone,MT_s004,20.0,5.0,3,5,5,2530,25.401978969573975,1.4844664072308973,4.943873406627112,0.0
same_drone,MT_s004,20.0,5.0,3,6,6,2525,25.403844833374023,1.7425768280227203,6.347280653841102,0.008316831683168317
same_drone,MT_s004,20.0,5.0,3,7,7,2722,27.329137802124023,2.2652449667509558,29.84673148370912,0.13850110213078617
same_drone,MT_s004,20.0,5.0,3,8,8,2312,23.212925910949707,1.1172485660007823,5.1672921350533985,0.0
same_drone,MT_s004,20.0,5.0,3,9,9,2312,23.21662998199463,1.4156033294853287,6.314890738386227,0.020761245674740483
same_drone,MT_s004,20.0,5.0,3,10,10,2346,23.52618908882141,1.8593317802789215,5.366155034741148,0.013640238704177323
same_drone,MT_s004,20.0,5.0,3,11,11,2666,26.786911964416504,2.699818360129754,93.87258386306446,0.23068267066766693
same_drone,MT_s004,20.0,5.0,3,12,12,2344,23.593735933303833,1.8644151633026453,6.923458386871297,0.04522184300341297
same_drone,MT_s004,20.0,5.0,3,13,13,2307,23.15007710456848,1.7290217876247098,5.1526666959389855,0.0
same_drone,MT_s004,20.0,5.0,3,14,14,2625,26.3830509185791,1.7031037846551271,6.48033988261524,0.007238095238095238
same_drone,MT_s004,20.0,5.0,3,15,15,2334,23.44292402267456,1.3183488167122164,5.4273795932582765,0.021422450728363324
same_drone,MT_s004,20.0,5.0,4,1,1,2472,24.886879920959473,1.695564219418742,5.356074417481745,0.0
same_drone,MT_s004,20.0,5.0,4,2,2,2524,25.33614683151245,2.0576694173055774,8.085875475751951,0.04754358161648178
same_drone,MT_s004,20.0,5.0,4,3,3,2665,26.740379095077515,1.5664585814824505,5.664391011991232,0.019887429643527205
same_drone,MT_s004,20.0,5.0,4,4,4,2618,26.25896406173706,1.1832153772847072,4.404049245312726,0.0
same_drone,MT_s004,20.0,5.0,4,5,5,2530,25.401978969573975,1.5629739923530774,4.803164386832257,0.005138339920948616
same_drone,MT_s004,20.0,5.0,4,6,6,2525,25.403844833374023,1.8880049348041155,7.3566455165408735,0.011089108910891089
same_drone,MT_s004,20.0,5.0,4,7,7,2722,27.329137802124023,2.1889678445063385,19.513972335424604,0.10764144011756062
same_drone,MT_s004,20.0,5.0,4,8,8,2312,23.212925910949707,1.2061211320117735,7.438164149185624,0.021193771626297576
same_drone,MT_s004,20.0,5.0,4,9,9,2312,23.21662998199463,1.4377112795560123,6.307291711282159,0.019463667820069204
same_drone,MT_s004,20.0,5.0,4,10,10,2346,23.52618908882141,1.6153284870451472,6.41820030985917,0.018329070758738276
same_drone,MT_s004,20.0,5.0,4,11,11,2666,26.786911964416504,2.461076188257991,91.81291416314174,0.19954988747186797
same_drone,MT_s004,20.0,5.0,4,12,12,2344,23.593735933303833,1.7196576611367753,6.402062117293188,0.019197952218430035
same_drone,MT_s004,20.0,5.0,4,13,13,2307,23.15007710456848,1.6113854054262902,4.486196821890845,0.0
same_drone,MT_s004,20.0,5.0,4,14,14,2625,26.3830509185791,2.098480520800308,11.447325492085085,0.07276190476190476
same_drone,MT_s004,20.0,5.0,4,15,15,2334,23.44292402267456,1.288252752581954,5.3476125189520145,0.025278491859468722
cross_drone,LO_s001,1.0,0.2,0,1,1,2516,25.26086401939392,0.8535420692751643,2.0226483562419304,0.0
cross_drone,LO_s001,1.0,0.2,0,2,2,2490,25.02094602584839,0.572734516656979,1.7250097872786119,0.0
cross_drone,LO_s001,1.0,0.2,0,3,3,2577,25.9479341506958,0.6086518353265689,1.9467962779078454,0.016686069072564997
cross_drone,LO_s001,1.0,0.2,0,4,4,2353,23.624861001968384,0.7028645278342367,1.916134106092699,0.0
cross_drone,LO_s001,1.0,0.2,0,5,5,2443,24.526942014694214,0.6336790206668752,1.5423460754317762,0.0
cross_drone,LO_s001,1.0,0.2,0,6,6,2345,23.54997706413269,0.6406822502357841,2.0134289222728015,0.0
cross_drone,LO_s001,1.0,0.2,1,1,1,2516,25.26086401939392,0.6176169187817885,1.9144084982248444,0.0
cross_drone,LO_s001,1.0,0.2,1,2,2,2490,25.02094602584839,0.6439407127390382,1.8794036101229352,0.0
cross_drone,LO_s001,1.0,0.2,1,3,3,2577,25.9479341506958,0.6789625977798153,2.127945341363518,0.013193636010865347
cross_drone,LO_s001,1.0,0.2,1,4,4,2353,23.624861001968384,0.6850226372239376,1.7757541945985795,0.0
cross_drone,LO_s001,1.0,0.2,1,5,5,2443,24.526942014694214,0.5978341915528915,1.7514464737967899,0.0
cross_drone,LO_s001,1.0,0.2,1,6,6,2345,23.54997706413269,0.7421481119139486,2.4803793062053265,0.0
cross_drone,LO_s001,1.0,0.2,2,1,1,2516,25.26086401939392,0.6188691468691019,1.821183907302654,0.0
cross_drone,LO_s001,1.0,0.2,2,2,2,2490,25.02094602584839,0.5816283768090784,1.88299907753381,0.0
cross_drone,LO_s001,1.0,0.2,2,3,3,2577,25.9479341506958,0.6953860087984935,2.4510867023559517,0.010477299185098952
cross_drone,LO_s001,1.0,0.2,2,4,4,2353,23.624861001968384,0.7342091547649261,1.8743095132654048,0.0
cross_drone,LO_s001,1.0,0.2,2,5,5,2443,24.526942014694214,0.6438182844175913,1.7433249807933118,0.0
cross_drone,LO_s001,1.0,0.2,2,6,6,2345,23.54997706413269,0.687858866223138,2.355291322452193,0.0
cross_drone,LO_s001,1.0,0.2,3,1,1,2516,25.26086401939392,0.7159115212945792,2.0657435652629133,0.0
cross_drone,LO_s001,1.0,0.2,3,2,2,2490,25.02094602584839,0.5217414167946544,1.8361078166540017,0.0
cross_drone,LO_s001,1.0,0.2,3,3,3,2577,25.9479341506958,0.6035307632657805,1.9228139803780964,0.00892510671323244
cross_drone,LO_s001,1.0,0.2,3,4,4,2353,23.624861001968384,0.5496319653307182,1.657166287994877,0.0
cross_drone,LO_s001,1.0,0.2,3,5,5,2443,24.526942014694214,0.5656512462587386,1.6339042461404352,0.0
cross_drone,LO_s001,1.0,0.2,3,6,6,2345,23.54997706413269,0.7633752800243165,1.8967071181189508,0.0
cross_drone,LO_s001,1.0,0.2,4,1,1,2516,25.26086401939392,0.6959019707065224,1.967272764183548,0.0
cross_drone,LO_s001,1.0,0.2,4,2,2,2490,25.02094602584839,0.6090328379371925,1.8505591775372678,0.0
cross_drone,LO_s001,1.0,0.2,4,3,3,2577,25.9479341506958,0.6590851458707903,2.439760434151657,0.03181994567326348
cross_drone,LO_s001,1.0,0.2,4,4,4,2353,23.624861001968384,0.5854685422148158,1.7258958711389942,0.0
cross_drone,LO_s001,1.0,0.2,4,5,5,2443,24.526942014694214,0.5685155345279611,1.6780988853146883,0.0
cross_drone,LO_s001,1.0,0.2,4,6,6,2345,23.54997706413269,0.7208087367243081,1.9406347515286198,0.0
cross_drone,LO_s001,1.0,0.5,0,1,1,2516,25.26086401939392,0.9301956488694856,2.329150929568101,0.0
cross_drone,LO_s001,1.0,0.5,0,2,2,2490,25.02094602584839,0.7466052857973153,2.792696892554943,0.0012048192771084338
cross_drone,LO_s001,1.0,0.5,0,3,3,2577,25.9479341506958,1.0115769406054085,3.9591293084219124,0.039968956150562666
cross_drone,LO_s001,1.0,0.5,0,4,4,2353,23.624861001968384,0.9057140504514791,2.603529881857043,0.0
cross_drone,LO_s001,1.0,0.5,0,5,5,2443,24.526942014694214,0.770843154832221,2.4549524673743814,0.0
cross_drone,LO_s001,1.0,0.5,0,6,6,2345,23.54997706413269,1.0034801062622165,4.253756972547881,0.008528784648187633
cross_drone,LO_s001,1.0,0.5,1,1,1,2516,25.26086401939392,0.8434215052119356,2.369649491923523,0.000794912559618442
cross_drone,LO_s001,1.0,0.5,1,2,2,2490,25.02094602584839,0.7362476833085267,2.5576657333534114,0.0
cross_drone,LO_s001,1.0,0.5,1,3,3,2577,25.9479341506958,0.9199057592380768,3.766713291394045,0.048894062863795114
cross_drone,LO_s001,1.0,0.5,1,4,4,2353,23.624861001968384,0.8564484250855458,2.1696187768260167,0.0
cross_drone,LO_s001,1.0,0.5,1,5,5,2443,24.526942014694214,0.8755221437614296,2.431031956343088,0.0
cross_drone,LO_s001,1.0,0.5,1,6,6,2345,23.54997706413269,0.9221360762770701,2.7167811529842054,0.0
cross_drone,LO_s001,1.0,0.5,2,1,1,2516,25.26086401939392,1.066239468231224,2.773902301595996,0.0
cross_drone,LO_s001,1.0,0.5,2,2,2,2490,25.02094602584839,1.0411462407582945,3.2730039490125815,0.0
cross_drone,LO_s001,1.0,0.5,2,3,3,2577,25.9479341506958,0.8490202329396226,3.520532150830713,0.046565774155995346
cross_drone,LO_s001,1.0,0.5,2,4,4,2353,23.624861001968384,0.7976514528274379,2.1881601458352034,0.0
cross_drone,LO_s001,1.0,0.5,2,5,5,2443,24.526942014694214,0.7675418310528102,2.665879783154907,0.0
cross_drone,LO_s001,1.0,0.5,2,6,6,2345,23.54997706413269,0.9469481369029147,4.139774011222455,0.0
cross_drone,LO_s001,1.0,0.5,3,1,1,2516,25.26086401939392,0.8535650546494651,2.545250729650647,0.0
cross_drone,LO_s001,1.0,0.5,3,2,2,2490,25.02094602584839,0.9354858472146859,2.9714980683799816,0.0
cross_drone,LO_s001,1.0,0.5,3,3,3,2577,25.9479341506958,0.8329517615332804,4.266882422038905,0.046565774155995346
cross_drone,LO_s001,1.0,0.5,3,4,4,2353,23.624861001968384,0.7794368593947638,2.542137533697179,0.0
cross_drone,LO_s001,1.0,0.5,3,5,5,2443,24.526942014694214,0.9065399076100107,2.618769281291473,0.0
cross_drone,LO_s001,1.0,0.5,3,6,6,2345,23.54997706413269,1.0820585061112524,3.724101201059863,0.0
cross_drone,LO_s001,1.0,0.5,4,1,1,2516,25.26086401939392,0.9449299427698872,2.767581909829129,0.0
cross_drone,LO_s001,1.0,0.5,4,2,2,2490,25.02094602584839,0.8410686838096808,2.5693568627083097,0.0
cross_drone,LO_s001,1.0,0.5,4,3,3,2577,25.9479341506958,0.8881899662999899,3.208605844035317,0.02522312766783081
cross_drone,LO_s001,1.0,0.5,4,4,4,2353,23.624861001968384,0.8500360692538891,2.2283553245373824,0.0
cross_drone,LO_s001,1.0,0.5,4,5,5,2443,24.526942014694214,0.7772172710513132,2.4488670000931685,0.0
cross_drone,LO_s001,1.0,0.5,4,6,6,2345,23.54997706413269,1.0070971409552385,3.4563614862155583,0.0
cross_drone,LO_s001,1.0,1.0,0,1,1,2516,25.26086401939392,1.4355255179185775,4.116573394166423,0.014308426073131956
cross_drone,LO_s001,1.0,1.0,0,2,2,2490,25.02094602584839,1.1808719463325197,3.1417831849455844,0.0
cross_drone,LO_s001,1.0,1.0,0,3,3,2577,25.9479341506958,1.1026712584417169,4.548631917533056,0.042685292976329066
cross_drone,LO_s001,1.0,1.0,0,4,4,2353,23.624861001968384,1.014401378873572,3.701863929645284,0.0
cross_drone,LO_s001,1.0,1.0,0,5,5,2443,24.526942014694214,1.0626406021007604,4.234781949078798,0.0
cross_drone,LO_s001,1.0,1.0,0,6,6,2345,23.54997706413269,1.0977599107434912,3.979123549658339,0.0
cross_drone,LO_s001,1.0,1.0,1,1,1,2516,25.26086401939392,1.492375428141898,5.254697007490421,0.012718600953895072
cross_drone,LO_s001,1.0,1.0,1,2,2,2490,25.02094602584839,1.0355468521697446,3.0228626931584612,0.0
cross_drone,LO_s001,1.0,1.0,1,3,3,2577,25.9479341506958,0.9377399791981418,3.822826765865983,0.03259604190919674
cross_drone,LO_s001,1.0,1.0,1,4,4,2353,23.624861001968384,1.042412462633628,3.4660043357854553,0.0
cross_drone,LO_s001,1.0,1.0,1,5,5,2443,24.526942014694214,0.9700183806460814,3.5158307955358783,0.0
cross_drone,LO_s001,1.0,1.0,1,6,6,2345,23.54997706413269,1.1788195872630993,4.050903677381569,0.0
cross_drone,LO_s001,1.0,1.0,2,1,1,2516,25.26086401939392,1.4124415497617377,4.444355886409667,0.008744038155802861
cross_drone,LO_s001,1.0,1.0,2,2,2,2490,25.02094602584839,1.0820031576621005,2.9877119006381854,0.0
cross_drone,LO_s001,1.0,1.0,2,3,3,2577,25.9479341506958,0.9196223218802118,3.916692769172155,0.03143189755529686
cross_drone,LO_s001,1.0,1.0,2,4,4,2353,23.624861001968384,0.9853151753481768,3.627622011511602,0.0
cross_drone,LO_s001,1.0,1.0,2,5,5,2443,24.526942014694214,1.1119260591192983,4.017911057331174,0.0
cross_drone,LO_s001,1.0,1.0,2,6,6,2345,23.54997706413269,1.3669070656416693,4.646273496121331,0.0
cross_drone,LO_s001,1.0,1.0,3,1,1,2516,25.26086401939392,1.4365801405139047,3.9152950455057294,0.003577106518282989
cross_drone,LO_s001,1.0,1.0,3,2,2,2490,25.02094602584839,0.97993282144148,3.243202058577566,0.0
cross_drone,LO_s001,1.0,1.0,3,3,3,2577,25.9479341506958,1.0481280121120164,4.406019528684458,0.033760186263096625
cross_drone,LO_s001,1.0,1.0,3,4,4,2353,23.624861001968384,1.1386267445142266,3.71159587239704,0.0
cross_drone,LO_s001,1.0,1.0,3,5,5,2443,24.526942014694214,1.132227507620911,4.812059447984189,0.0
cross_drone,LO_s001,1.0,1.0,3,6,6,2345,23.54997706413269,1.5813188615633749,5.56687812868024,0.005970149253731343
cross_drone,LO_s001,1.0,1.0,4,1,1,2516,25.26086401939392,1.3050631630326706,5.210097771664882,0.012718600953895072
cross_drone,LO_s001,1.0,1.0,4,2,2,2490,25.02094602584839,1.1730246159064848,2.9716796133145453,0.0
cross_drone,LO_s001,1.0,1.0,4,3,3,2577,25.9479341506958,0.9687731354137554,5.598996506233528,0.046565774155995346
cross_drone,LO_s001,1.0,1.0,4,4,4,2353,23.624861001968384,1.0095208952856467,3.7902014424062176,0.0
cross_drone,LO_s001,1.0,1.0,4,5,5,2443,24.526942014694214,1.0650109942999393,4.100132086125771,0.0
cross_drone,LO_s001,1.0,1.0,4,6,6,2345,23.54997706413269,1.3220084527334137,6.023793591990182,0.006823027718550106
cross_drone,LO_s001,1.0,2.0,0,1,1,2516,25.26086401939392,1.6034947716737094,5.023837114807483,0.0
cross_drone,LO_s001,1.0,2.0,0,2,2,2490,25.02094602584839,1.1839261581026932,3.5676719278786244,0.0
cross_drone,LO_s001,1.0,2.0,0,3,3,2577,25.9479341506958,1.1411640840217672,4.299678467177308,0.027939464493597205
cross_drone,LO_s001,1.0,2.0,0,4,4,2353,23.624861001968384,1.1376845160166766,4.217329477610558,0.0
cross_drone,LO_s001,1.0,2.0,0,5,5,2443,24.526942014694214,1.005720591996635,4.384458505052942,0.0
cross_drone,LO_s001,1.0,2.0,0,6,6,2345,23.54997706413269,1.3706692629038457,6.704820276667452,0.019189765458422176
cross_drone,LO_s001,1.0,2.0,1,1,1,2516,25.26086401939392,1.521176642310813,5.511898911630907,0.014308426073131956
cross_drone,LO_s001,1.0,2.0,1,2,2,2490,25.02094602584839,1.0369861945143413,3.7851846153270468,0.0
cross_drone,LO_s001,1.0,2.0,1,3,3,2577,25.9479341506958,1.1560635495548581,4.758803778815733,0.027551416375630577
cross_drone,LO_s001,1.0,2.0,1,4,4,2353,23.624861001968384,1.1835464921566867,4.454023423200216,0.0
cross_drone,LO_s001,1.0,2.0,1,5,5,2443,24.526942014694214,1.0425928900150438,4.2687668078417635,0.0
cross_drone,LO_s001,1.0,2.0,1,6,6,2345,23.54997706413269,1.6089392129073303,5.685055396472491,0.0
cross_drone,LO_s001,1.0,2.0,2,1,1,2516,25.26086401939392,1.376984554563748,5.067752111639837,0.00794912559618442
cross_drone,LO_s001,1.0,2.0,2,2,2,2490,25.02094602584839,1.1876898707987777,3.5655691795937465,0.0
cross_drone,LO_s001,1.0,2.0,2,3,3,2577,25.9479341506958,1.0571179647217832,6.134349818382006,0.05044625533566162
cross_drone,LO_s001,1.0,2.0,2,4,4,2353,23.624861001968384,1.1861163150685456,4.663851730019691,0.0
cross_drone,LO_s001,1.0,2.0,2,5,5,2443,24.526942014694214,0.9614142056191497,4.159267842690438,0.0
cross_drone,LO_s001,1.0,2.0,2,6,6,2345,23.54997706413269,1.403149272530328,6.031886082077613,0.0
cross_drone,LO_s001,1.0,2.0,3,1,1,2516,25.26086401939392,1.5988395305793284,5.219329820984385,0.011128775834658187
cross_drone,LO_s001,1.0,2.0,3,2,2,2490,25.02094602584839,1.2140907188694996,3.6910691848141197,0.0
cross_drone,LO_s001,1.0,2.0,3,3,3,2577,25.9479341506958,1.0864688592284608,4.339949425264592,0.01823826154443151
cross_drone,LO_s001,1.0,2.0,3,4,4,2353,23.624861001968384,1.2421550130722494,4.837843391699921,0.0
cross_drone,LO_s001,1.0,2.0,3,5,5,2443,24.526942014694214,0.9803190086540496,5.0797803002572275,0.0
cross_drone,LO_s001,1.0,2.0,3,6,6,2345,23.54997706413269,1.3712289993680429,5.803483621717453,0.0
cross_drone,LO_s001,1.0,2.0,4,1,1,2516,25.26086401939392,1.5743105266818247,5.95575081057757,0.010731319554848967
cross_drone,LO_s001,1.0,2.0,4,2,2,2490,25.02094602584839,1.0893934630983324,3.419857781472443,0.0
cross_drone,LO_s001,1.0,2.0,4,3,3,2577,25.9479341506958,1.1280277488625075,4.599180267950357,0.042685292976329066
cross_drone,LO_s001,1.0,2.0,4,4,4,2353,23.624861001968384,1.4331212599205685,4.6962785513583585,0.0
cross_drone,LO_s001,1.0,2.0,4,5,5,2443,24.526942014694214,0.8936546640993299,4.15413249709792,0.0
cross_drone,LO_s001,1.0,2.0,4,6,6,2345,23.54997706413269,1.4026416688413121,5.117354246773885,0.0
cross_drone,LO_s001,1.0,5.0,0,1,1,2516,25.26086401939392,1.7764307457367607,5.8486985241942975,0.005564387917329093
cross_drone,LO_s001,1.0,5.0,0,2,2,2490,25.02094602584839,1.2557724503715733,3.087470806388526,0.0
cross_drone,LO_s001,1.0,5.0,0,3,3,2577,25.9479341506958,1.4237700153711899,5.59482634494926,0.037252619324796274
cross_drone,LO_s001,1.0,5.0,0,4,4,2353,23.624861001968384,1.4138879846198762,5.059845674260173,0.02847428814279643
cross_drone,LO_s001,1.0,5.0,0,5,5,2443,24.526942014694214,1.036376646564861,4.360172545767129,0.0
cross_drone,LO_s001,1.0,5.0,0,6,6,2345,23.54997706413269,1.524002645764142,7.274041706426556,0.011513859275053304
cross_drone,LO_s001,1.0,5.0,1,1,1,2516,25.26086401939392,1.618733906762724,5.476514299228962,0.010333863275039745
cross_drone,LO_s001,1.0,5.0,1,2,2,2490,25.02094602584839,1.1252204265434642,2.9622855112860926,0.0
cross_drone,LO_s001,1.0,5.0,1,3,3,2577,25.9479341506958,1.4696803751412801,13.65778406988764,0.09584788513775708
cross_drone,LO_s001,1.0,5.0,1,4,4,2353,23.624861001968384,1.382706348404426,4.6904725152266025,0.0
cross_drone,LO_s001,1.0,5.0,1,5,5,2443,24.526942014694214,0.9553496507939343,4.712983933289958,0.0
cross_drone,LO_s001,1.0,5.0,1,6,6,2345,23.54997706413269,1.7451279595024403,7.110688796589544,0.011513859275053304
cross_drone,LO_s001,1.0,5.0,2,1,1,2516,25.26086401939392,1.7450152330333566,7.023483010022872,0.040937996820349765
cross_drone,LO_s001,1.0,5.0,2,2,2,2490,25.02094602584839,1.1902793602893382,3.3041662860622036,0.0
cross_drone,LO_s001,1.0,5.0,2,3,3,2577,25.9479341506958,1.2870956994878497,4.586163935345655,0.03608847497089639
cross_drone,LO_s001,1.0,5.0,2,4,4,2353,23.624861001968384,1.3848887235212857,4.581499418910631,0.0
cross_drone,LO_s001,1.0,5.0,2,5,5,2443,24.526942014694214,0.9745029851328297,4.304734013548205,0.0
cross_drone,LO_s001,1.0,5.0,2,6,6,2345,23.54997706413269,1.5359007194507441,7.1870167380549335,0.011940298507462687
cross_drone,LO_s001,1.0,5.0,3,1,1,2516,25.26086401939392,1.84977043798537,5.32185141291836,0.018282988871224166
cross_drone,LO_s001,1.0,5.0,3,2,2,2490,25.02094602584839,1.1622640629947085,3.2773229480896173,0.0
cross_drone,LO_s001,1.0,5.0,3,3,3,2577,25.9479341506958,1.3591751960628358,5.621762960381121,0.03608847497089639
cross_drone,LO_s001,1.0,5.0,3,4,4,2353,23.624861001968384,1.4432166906675832,5.088019257402504,0.011049723756906077
cross_drone,LO_s001,1.0,5.0,3,5,5,2443,24.526942014694214,1.1138583960996726,4.60046327911475,0.0
cross_drone,LO_s001,1.0,5.0,3,6,6,2345,23.54997706413269,1.6635515107979018,7.101694568020826,0.010660980810234541
cross_drone,LO_s001,1.0,5.0,4,1,1,2516,25.26086401939392,1.8135635432008606,5.86114087587072,0.010333863275039745
cross_drone,LO_s001,1.0,5.0,4,2,2,2490,25.02094602584839,1.183478288312898,2.924446502300058,0.0
cross_drone,LO_s001,1.0,5.0,4,3,3,2577,25.9479341506958,1.529125682058833,8.347001192002592,0.043849437330228946
cross_drone,LO_s001,1.0,5.0,4,4,4,2353,23.624861001968384,1.4296717133282328,4.615743803315986,0.0029749256268593286
cross_drone,LO_s001,1.0,5.0,4,5,5,2443,24.526942014694214,0.9254532210838136,4.124286672093518,0.0
cross_drone,LO_s001,1.0,5.0,4,6,6,2345,23.54997706413269,1.4705539606093225,7.047990168468084,0.009381663113006396
cross_drone,LO_s001,3.0,0.2,0,1,1,2516,25.26086401939392,1.538848360005904,3.529082034612358,0.0
cross_drone,LO_s001,3.0,0.2,0,2,2,2490,25.02094602584839,0.9632835008956562,2.6819869294700154,0.0
cross_drone,LO_s001,3.0,0.2,0,3,3,2577,25.9479341506958,1.0726341723231485,3.124985514384645,0.024447031431897557
cross_drone,LO_s001,3.0,0.2,0,4,4,2353,23.624861001968384,1.0557943944344004,2.74294705692335,0.0
cross_drone,LO_s001,3.0,0.2,0,5,5,2443,24.526942014694214,0.8286870346612432,2.467409693774466,0.0
cross_drone,LO_s001,3.0,0.2,0,6,6,2345,23.54997706413269,1.155118615729691,4.156521969945001,0.0
cross_drone,LO_s001,3.0,0.2,1,1,1,2516,25.26086401939392,1.210326945107882,3.4153110198842476,0.0011923688394276629
cross_drone,LO_s001,3.0,0.2,1,2,2,2490,25.02094602584839,0.989683963193329,2.5156037650262077,0.0
cross_drone,LO_s001,3.0,0.2,1,3,3,2577,25.9479341506958,0.9712691848752115,4.3590547450659525,0.046565774155995346
cross_drone,LO_s001,3.0,0.2,1,4,4,2353,23.624861001968384,1.0819370880806787,3.062594736284854,0.0
cross_drone,LO_s001,3.0,0.2,1,5,5,2443,24.526942014694214,0.959217601753096,2.9813638073494304,0.0
cross_drone,LO_s001,3.0,0.2,1,6,6,2345,23.54997706413269,1.1000203709434544,4.463767187752182,0.0
cross_drone,LO_s001,3.0,0.2,2,1,1,2516,25.26086401939392,1.2541405155343632,3.56566709571392,0.0
cross_drone,LO_s001,3.0,0.2,2,2,2,2490,25.02094602584839,1.019701670959833,3.178518250070814,0.0
cross_drone,LO_s001,3.0,0.2,2,3,3,2577,25.9479341506958,1.0401950558932356,3.4315025557426226,0.027551416375630577
cross_drone,LO_s001,3.0,0.2,2,4,4,2353,23.624861001968384,1.1842384475388883,3.1612820419185774,0.0
cross_drone,LO_s001,3.0,0.2,2,5,5,2443,24.526942014694214,0.9769811110875537,3.2549824556592304,0.0
cross_drone,LO_s001,3.0,0.2,2,6,6,2345,23.54997706413269,1.1824406140153485,3.7428680966297687,0.0
cross_drone,LO_s001,3.0,0.2,3,1,1,2516,25.26086401939392,1.352614495802058,3.7495792700705195,0.0
cross_drone,LO_s001,3.0,0.2,3,2,2,2490,25.02094602584839,0.8178958037031521,3.0570375021581033,0.0
cross_drone,LO_s001,3.0,0.2,3,3,3,2577,25.9479341506958,1.0140656657232796,3.392699722306767,0.025611175785797437
cross_drone,LO_s001,3.0,0.2,3,4,4,2353,23.624861001968384,0.9518971075055447,2.540197110150547,0.0
cross_drone,LO_s001,3.0,0.2,3,5,5,2443,24.526942014694214,0.8185341799416648,3.1161793440487267,0.0
cross_drone,LO_s001,3.0,0.2,3,6,6,2345,23.54997706413269,1.1767170971717746,4.095256609448732,0.0
cross_drone,LO_s001,3.0,0.2,4,1,1,2516,25.26086401939392,1.3068682097405002,3.678606166448887,0.0
cross_drone,LO_s001,3.0,0.2,4,2,2,2490,25.02094602584839,1.0432765030217155,3.1005820432976603,0.0
cross_drone,LO_s001,3.0,0.2,4,3,3,2577,25.9479341506958,1.0989974303412993,6.296294964375872,0.046565774155995346
cross_drone,LO_s001,3.0,0.2,4,4,4,2353,23.624861001968384,0.9456001766626514,3.3941474617199052,0.0
cross_drone,LO_s001,3.0,0.2,4,5,5,2443,24.526942014694214,1.0469482036642148,3.2840512120596674,0.0
cross_drone,LO_s001,3.0,0.2,4,6,6,2345,23.54997706413269,1.1650385039618527,3.750247124109125,0.0
cross_drone,LO_s001,3.0,0.5,0,1,1,2516,25.26086401939392,1.3114584217049199,4.126854126365817,0.0
cross_drone,LO_s001,3.0,0.5,0,2,2,2490,25.02094602584839,1.1566459140324739,3.227398963740054,0.008032128514056224
cross_drone,LO_s001,3.0,0.5,0,3,3,2577,25.9479341506958,1.2078872228407818,5.016862400979137,0.046565774155995346
cross_drone,LO_s001,3.0,0.5,0,4,4,2353,23.624861001968384,1.3956708034921235,3.72743075345251,0.0
cross_drone,LO_s001,3.0,0.5,0,5,5,2443,24.526942014694214,0.9420532174740401,3.9906292259243883,0.0
cross_drone,LO_s001,3.0,0.5,0,6,6,2345,23.54997706413269,1.4059799011185703,5.709502551864381,0.006823027718550106
cross_drone,LO_s001,3.0,0.5,1,1,1,2516,25.26086401939392,1.356270314063508,4.074769700502865,0.009936406995230525
cross_drone,LO_s001,3.0,0.5,1,2,2,2490,25.02094602584839,1.095321940396488,3.108724498942817,0.0
cross_drone,LO_s001,3.0,0.5,1,3,3,2577,25.9479341506958,1.1740022537077834,4.826114391495007,0.046565774155995346
cross_drone,LO_s001,3.0,0.5,1,4,4,2353,23.624861001968384,1.2790283568654957,3.2152204857779,0.0
cross_drone,LO_s001,3.0,0.5,1,5,5,2443,24.526942014694214,0.9441419456227322,3.4359671248937786,0.0
cross_drone,LO_s001,3.0,0.5,1,6,6,2345,23.54997706413269,1.4639038937255364,5.318861059736547,0.0
cross_drone,LO_s001,3.0,0.5,2,1,1,2516,25.26086401939392,1.6647936366064755,4.619386087458693,0.0
cross_drone,LO_s001,3.0,0.5,2,2,2,2490,25.02094602584839,1.1145779901796118,4.251312891359926,0.0
cross_drone,LO_s001,3.0,0.5,2,3,3,2577,25.9479341506958,1.0937753717304055,5.254099657936525,0.046177726038028714
cross_drone,LO_s001,3.0,0.5,2,4,4,2353,23.624861001968384,1.1457630969102865,4.014229525372901,0.0
cross_drone,LO_s001,3.0,0.5,2,5,5,2443,24.526942014694214,1.0030138480379378,3.6387424815985656,0.0
cross_drone,LO_s001,3.0,0.5,2,6,6,2345,23.54997706413269,1.6768514413265905,5.624144829038822,0.011940298507462687
cross_drone,LO_s001,3.0,0.5,3,1,1,2516,25.26086401939392,1.585770666965594,4.560849638727549,0.0
cross_drone,LO_s001,3.0,0.5,3,2,2,2490,25.02094602584839,1.187451385531574,3.7177953861970474,0.0
cross_drone,LO_s001,3.0,0.5,3,3,3,2577,25.9479341506958,1.1842662995187823,4.339274844850708,0.046565774155995346
cross_drone,LO_s001,3.0,0.5,3,4,4,2353,23.624861001968384,1.2256556054031407,4.402659529557889,0.0
cross_drone,LO_s001,3.0,0.5,3,5,5,2443,24.526942014694214,1.0954539845838838,3.314898093936156,0.0
cross_drone,LO_s001,3.0,0.5,3,6,6,2345,23.54997706413269,1.7578005016110012,6.188541360326166,0.0
cross_drone,LO_s001,3.0,0.5,4,1,1,2516,25.26086401939392,1.4113782520111613,4.141495234159752,0.0
cross_drone,LO_s001,3.0,0.5,4,2,2,2490,25.02094602584839,1.0506887871410466,3.376477466213867,0.0
cross_drone,LO_s001,3.0,0.5,4,3,3,2577,25.9479341506958,1.2488780918637872,5.155284501761868,0.046565774155995346
cross_drone,LO_s001,3.0,0.5,4,4,4,2353,23.624861001968384,1.3130062652054733,3.3666917014462285,0.0
cross_drone,LO_s001,3.0,0.5,4,5,5,2443,24.526942014694214,1.0693079193384563,3.46697079822056,0.0
cross_drone,LO_s001,3.0,0.5,4,6,6,2345,23.54997706413269,1.6502494898027749,6.208876723582843,0.0
cross_drone,LO_s001,3.0,1.0,0,1,1,2516,25.26086401939392,1.6326303950481034,5.322197261346606,0.01192368839427663
cross_drone,LO_s001,3.0,1.0,0,2,2,2490,25.02094602584839,1.091534642886785,4.2936037608302735,0.0
cross_drone,LO_s001,3.0,1.0,0,3,3,2577,25.9479341506958,1.0443651491895842,4.724710263044523,0.042297244858362434
cross_drone,LO_s001,3.0,1.0,0,4,4,2353,23.624861001968384,1.4928530433564546,3.8065548678690484,0.0
cross_drone,LO_s001,3.0,1.0,0,5,5,2443,24.526942014694214,1.093715791209661,4.300999388361647,0.0
cross_drone,LO_s001,3.0,1.0,0,6,6,2345,23.54997706413269,1.4156009978536304,5.0574045411217545,0.0
cross_drone,LO_s001,3.0,1.0,1,1,1,2516,25.26086401939392,1.7852243944739783,5.363190712183101,0.011526232114467409
cross_drone,LO_s001,3.0,1.0,1,2,2,2490,25.02094602584839,1.2758478298982077,4.051884987993076,0.0
cross_drone,LO_s001,3.0,1.0,1,3,3,2577,25.9479341506958,1.0893491787502398,5.7133128921183225,0.043849437330228946
cross_drone,LO_s001,3.0,1.0,1,4,4,2353,23.624861001968384,1.3789857321012988,4.1906602374022075,0.0
cross_drone,LO_s001,3.0,1.0,1,5,5,2443,24.526942014694214,0.9349095191191026,3.4720478540973323,0.0
cross_drone,LO_s001,3.0,1.0,1,6,6,2345,23.54997706413269,1.4916310477987906,6.168483842191517,0.0
cross_drone,LO_s001,3.0,1.0,2,1,1,2516,25.26086401939392,1.7243064003724413,6.36368608796011,0.0
cross_drone,LO_s001,3.0,1.0,2,2,2,2490,25.02094602584839,1.2119966217776188,4.0748168438542605,0.0
cross_drone,LO_s001,3.0,1.0,2,3,3,2577,25.9479341506958,1.1031676854710213,5.966886222615896,0.046177726038028714
cross_drone,LO_s001,3.0,1.0,2,4,4,2353,23.624861001968384,1.2323195375427645,4.413747058442085,0.0
cross_drone,LO_s001,3.0,1.0,2,5,5,2443,24.526942014694214,1.046450744564396,3.9714935226997006,0.006139991813344249
cross_drone,LO_s001,3.0,1.0,2,6,6,2345,23.54997706413269,1.6381189761089985,6.173480038741205,0.0
cross_drone,LO_s001,3.0,1.0,3,1,1,2516,25.26086401939392,1.4971120583573843,5.100775898186057,0.00794912559618442
cross_drone,LO_s001,3.0,1.0,3,2,2,2490,25.02094602584839,1.1255772332841474,3.27505135336776,0.0
cross_drone,LO_s001,3.0,1.0,3,3,3,2577,25.9479341506958,1.24688012229268,5.5575792027473785,0.046565774155995346
cross_drone,LO_s001,3.0,1.0,3,4,4,2353,23.624861001968384,1.4719781571998567,4.67241000111892,0.0
cross_drone,LO_s001,3.0,1.0,3,5,5,2443,24.526942014694214,1.050320184271218,4.328826122970107,0.0
cross_drone,LO_s001,3.0,1.0,3,6,6,2345,23.54997706413269,1.737298863721179,6.212005148092538,0.0
cross_drone,LO_s001,3.0,1.0,4,1,1,2516,25.26086401939392,1.444320244906848,5.050981912410094,0.0
cross_drone,LO_s001,3.0,1.0,4,2,2,2490,25.02094602584839,1.2292564375047732,3.3557385195461022,0.0
cross_drone,LO_s001,3.0,1.0,4,3,3,2577,25.9479341506958,1.085532521258056,5.509153804251657,0.047729918509895226
cross_drone,LO_s001,3.0,1.0,4,4,4,2353,23.624861001968384,1.2978715273913792,4.765044389054586,0.0
cross_drone,LO_s001,3.0,1.0,4,5,5,2443,24.526942014694214,1.06986215122717,4.072498992179459,0.0
cross_drone,LO_s001,3.0,1.0,4,6,6,2345,23.54997706413269,1.7135064516830454,5.961053020245037,0.008955223880597015
cross_drone,LO_s001,3.0,2.0,0,1,1,2516,25.26086401939392,1.9215380718132877,5.330740372552226,0.009936406995230525
cross_drone,LO_s001,3.0,2.0,0,2,2,2490,25.02094602584839,1.2393757929561104,4.075919246429321,0.0
cross_drone,LO_s001,3.0,2.0,0,3,3,2577,25.9479341506958,1.3073837620720745,5.072477548276551,0.013969732246798603
cross_drone,LO_s001,3.0,2.0,0,4,4,2353,23.624861001968384,1.1803980914618535,4.002394280752186,0.0
cross_drone,LO_s001,3.0,2.0,0,5,5,2443,24.526942014694214,1.145025987015515,4.308722937169097,0.0
cross_drone,LO_s001,3.0,2.0,0,6,6,2345,23.54997706413269,1.493165421496002,6.043135180408797,0.009808102345415778
cross_drone,LO_s001,3.0,2.0,1,1,1,2516,25.26086401939392,1.8755449606877086,5.55964444564367,0.015500794912559618
cross_drone,LO_s001,3.0,2.0,1,2,2,2490,25.02094602584839,1.1234525199282501,4.259661105830343,0.0
cross_drone,LO_s001,3.0,2.0,1,3,3,2577,25.9479341506958,1.032242711319384,4.246478365757185,0.01979045401629802
cross_drone,LO_s001,3.0,2.0,1,4,4,2353,23.624861001968384,1.3341370272734707,4.04241194469619,0.0
cross_drone,LO_s001,3.0,2.0,1,5,5,2443,24.526942014694214,1.1377412645240952,4.328897983849052,0.0
cross_drone,LO_s001,3.0,2.0,1,6,6,2345,23.54997706413269,1.6750031762183042,7.353784713314877,0.05031982942430704
cross_drone,LO_s001,3.0,2.0,2,1,1,2516,25.26086401939392,1.7042585642449595,5.584868853080992,0.012718600953895072
cross_drone,LO_s001,3.0,2.0,2,2,2,2490,25.02094602584839,1.2394084560856946,4.418084010052329,0.0
cross_drone,LO_s001,3.0,2.0,2,3,3,2577,25.9479341506958,1.2654265709437595,17.061748646829038,0.10283275126115639
cross_drone,LO_s001,3.0,2.0,2,4,4,2353,23.624861001968384,1.2382326703373678,4.1550973411124925,0.0
cross_drone,LO_s001,3.0,2.0,2,5,5,2443,24.526942014694214,1.0568962654195388,4.947273099861927,0.0
cross_drone,LO_s001,3.0,2.0,2,6,6,2345,23.54997706413269,1.4918823666541812,6.351185025194805,0.00767590618336887
cross_drone,LO_s001,3.0,2.0,3,1,1,2516,25.26086401939392,1.99972412752453,5.434792058584648,0.01192368839427663
cross_drone,LO_s001,3.0,2.0,3,2,2,2490,25.02094602584839,1.2493506076104008,4.141449320187584,0.0008032128514056225
cross_drone,LO_s001,3.0,2.0,3,3,3,2577,25.9479341506958,1.286860526025464,8.171427330217213,0.07954986418315871
cross_drone,LO_s001,3.0,2.0,3,4,4,2353,23.624861001968384,1.4018428491791184,4.413324677563197,0.0
cross_drone,LO_s001,3.0,2.0,3,5,5,2443,24.526942014694214,1.0231154238376519,4.639628341130573,0.0
cross_drone,LO_s001,3.0,2.0,3,6,6,2345,23.54997706413269,1.4752645418866166,6.74980848127871,0.019189765458422176
cross_drone,LO_s001,3.0,2.0,4,1,1,2516,25.26086401939392,1.7331285100037483,5.965363723844121,0.011128775834658187
cross_drone,LO_s001,3.0,2.0,4,2,2,2490,25.02094602584839,1.0859193510796104,3.723392418572108,0.0
cross_drone,LO_s001,3.0,2.0,4,3,3,2577,25.9479341506958,1.1632476411753885,3.5939112557915123,0.01629802095459837
cross_drone,LO_s001,3.0,2.0,4,4,4,2353,23.624861001968384,1.5187461035666843,4.435495158051713,0.0
cross_drone,LO_s001,3.0,2.0,4,5,5,2443,24.526942014694214,0.9445727130518264,4.054894835452888,0.0
cross_drone,LO_s001,3.0,2.0,4,6,6,2345,23.54997706413269,1.6589926667441262,6.196462220477469,0.0
cross_drone,LO_s001,3.0,5.0,0,1,1,2516,25.26086401939392,1.8374860212402382,8.730047450033183,0.04292527821939587
cross_drone,LO_s001,3.0,5.0,0,2,2,2490,25.02094602584839,1.2514187910032106,4.695003909048335,0.0
cross_drone,LO_s001,3.0,5.0,0,3,3,2577,25.9479341506958,1.5911422802900859,6.700070023229707,0.03841676367869616
cross_drone,LO_s001,3.0,5.0,0,4,4,2353,23.624861001968384,1.3666250198290015,4.164536384860758,0.008924776880577986
cross_drone,LO_s001,3.0,5.0,0,5,5,2443,24.526942014694214,1.2304799291683253,4.590600383188044,0.0
cross_drone,LO_s001,3.0,5.0,0,6,6,2345,23.54997706413269,1.8409244096071689,7.249470915342715,0.011940298507462687
cross_drone,LO_s001,3.0,5.0,1,1,1,2516,25.26086401939392,1.8573137510986724,6.137348860361925,0.011128775834658187
cross_drone,LO_s001,3.0,5.0,1,2,2,2490,25.02094602584839,1.1657540475749357,3.6006367985805965,0.0
cross_drone,LO_s001,3.0,5.0,1,3,3,2577,25.9479341506958,1.563817059873422,6.169440756910462,0.042297244858362434
cross_drone,LO_s001,3.0,5.0,1,4,4,2353,23.624861001968384,1.3934983263950755,4.501921049700773,0.0
cross_drone,LO_s001,3.0,5.0,1,5,5,2443,24.526942014694214,1.1281359446356412,4.640777769055024,0.0
cross_drone,LO_s001,3.0,5.0,1,6,6,2345,23.54997706413269,1.70200057065027,6.917598224800911,0.011087420042643924
cross_drone,LO_s001,3.0,5.0,2,1,1,2516,25.26086401939392,1.8052346996627051,5.696622982587387,0.010333863275039745
cross_drone,LO_s001,3.0,5.0,2,2,2,2490,25.02094602584839,1.1298850845513897,3.783279189764564,0.001606425702811245
cross_drone,LO_s001,3.0,5.0,2,3,3,2577,25.9479341506958,1.4384679209324531,6.984363909757645,0.05859526581296081
cross_drone,LO_s001,3.0,5.0,2,4,4,2353,23.624861001968384,1.4989716899169423,4.5175320198935855,0.0
cross_drone,LO_s001,3.0,5.0,2,5,5,2443,24.526942014694214,1.1319426337943241,4.7315863427660565,0.0
cross_drone,LO_s001,3.0,5.0,2,6,6,2345,23.54997706413269,1.8595817059213573,7.176515113616318,0.017057569296375266
cross_drone,LO_s001,3.0,5.0,3,1,1,2516,25.26086401939392,2.114641326381772,9.060087990368658,0.016693163751987282
cross_drone,LO_s001,3.0,5.0,3,2,2,2490,25.02094602584839,1.1682815799757158,4.0951358223348535,0.0024096385542168677
cross_drone,LO_s001,3.0,5.0,3,3,3,2577,25.9479341506958,1.4763427363160986,6.169805513078893,0.042685292976329066
cross_drone,LO_s001,3.0,5.0,3,4,4,2353,23.624861001968384,1.413195025945413,6.6854143192584505,0.04887377815554611
cross_drone,LO_s001,3.0,5.0,3,5,5,2443,24.526942014694214,1.4043626598377728,4.995649454027475,0.0
cross_drone,LO_s001,3.0,5.0,3,6,6,2345,23.54997706413269,1.8570938541171813,7.134256653809433,0.01023454157782516
cross_drone,LO_s001,3.0,5.0,4,1,1,2516,25.26086401939392,1.8088549769458382,5.563529904138331,0.0
cross_drone,LO_s001,3.0,5.0,4,2,2,2490,25.02094602584839,1.0852861659316204,3.917876761078036,0.0
cross_drone,LO_s001,3.0,5.0,4,3,3,2577,25.9479341506958,1.5864176406258963,13.989481850491348,0.09817617384555685
cross_drone,LO_s001,3.0,5.0,4,4,4,2353,23.624861001968384,1.5602264251268707,5.0741160809765065,0.007224819379515512
cross_drone,LO_s001,3.0,5.0,4,5,5,2443,24.526942014694214,1.0017960838924296,4.438399932057525,0.0
cross_drone,LO_s001,3.0,5.0,4,6,6,2345,23.54997706413269,1.7009327922691853,8.185238458133988,0.032409381663113
cross_drone,LO_s001,5.0,0.2,0,1,1,2516,25.26086401939392,1.7032088977066167,4.880426419729412,0.0
cross_drone,LO_s001,5.0,0.2,0,2,2,2490,25.02094602584839,1.062121609814163,3.000628954320535,0.0
cross_drone,LO_s001,5.0,0.2,0,3,3,2577,25.9479341506958,1.1954721127570451,4.417714945802195,0.04695382227396197
cross_drone,LO_s001,5.0,0.2,0,4,4,2353,23.624861001968384,1.2190135890503484,3.056524159230231,0.0
cross_drone,LO_s001,5.0,0.2,0,5,5,2443,24.526942014694214,0.8947167978489432,3.06667502845113,0.0
cross_drone,LO_s001,5.0,0.2,0,6,6,2345,23.54997706413269,1.512435656902106,5.109834503729311,0.0
cross_drone,LO_s001,5.0,0.2,1,1,1,2516,25.26086401939392,1.4282801850387443,4.274023652492467,0.0
cross_drone,LO_s001,5.0,0.2,1,2,2,2490,25.02094602584839,1.097364833025594,2.777395919874491,0.0
cross_drone,LO_s001,5.0,0.2,1,3,3,2577,25.9479341506958,1.117513395876216,4.791533652335368,0.046565774155995346
cross_drone,LO_s001,5.0,0.2,1,4,4,2353,23.624861001968384,1.2542713958861782,4.061753045194491,0.0
cross_drone,LO_s001,5.0,0.2,1,5,5,2443,24.526942014694214,1.1436464349594928,3.1882550940872045,0.0
cross_drone,LO_s001,5.0,0.2,1,6,6,2345,23.54997706413269,1.349434723425901,5.515216225374527,0.0
cross_drone,LO_s001,5.0,0.2,2,1,1,2516,25.26086401939392,1.5230128053140817,4.841091086319395,0.0
cross_drone,LO_s001,5.0,0.2,2,2,2,2490,25.02094602584839,1.0986470126698862,3.7288992851964275,0.0
cross_drone,LO_s001,5.0,0.2,2,3,3,2577,25.9479341506958,1.2205429754107797,5.928396700360214,0.046565774155995346
cross_drone,LO_s001,5.0,0.2,2,4,4,2353,23.624861001968384,1.2805945565179968,3.827085173678092,0.0
cross_drone,LO_s001,5.0,0.2,2,5,5,2443,24.526942014694214,1.0119052069559302,3.9095089036810524,0.00040933278755628325
cross_drone,LO_s001,5.0,0.2,2,6,6,2345,23.54997706413269,1.3725378647626059,5.342874310711408,0.0
cross_drone,LO_s001,5.0,0.2,3,1,1,2516,25.26086401939392,1.4517818034545371,4.435283217521999,0.0
cross_drone,LO_s001,5.0,0.2,3,2,2,2490,25.02094602584839,0.9728055137219691,3.4030826980977285,0.0
cross_drone,LO_s001,5.0,0.2,3,3,3,2577,25.9479341506958,1.2731940982959884,4.210261271109408,0.046565774155995346
cross_drone,LO_s001,5.0,0.2,3,4,4,2353,23.624861001968384,1.243863364865092,2.972629954988844,0.0
cross_drone,LO_s001,5.0,0.2,3,5,5,2443,24.526942014694214,0.8957426843730332,4.258565828345499,0.0
cross_drone,LO_s001,5.0,0.2,3,6,6,2345,23.54997706413269,1.442383846747731,5.639735553821952,0.0
cross_drone,LO_s001,5.0,0.2,4,1,1,2516,25.26086401939392,1.497213412190522,4.481241446301201,0.0
cross_drone,LO_s001,5.0,0.2,4,2,2,2490,25.02094602584839,1.117791753808632,3.817140337855228,0.0
cross_drone,LO_s001,5.0,0.2,4,3,3,2577,25.9479341506958,1.273870988264207,6.873430022682419,0.046565774155995346
cross_drone,LO_s001,5.0,0.2,4,4,4,2353,23.624861001968384,1.2656955543935169,4.251389057320581,0.0
cross_drone,LO_s001,5.0,0.2,4,5,5,2443,24.526942014694214,1.1346146290926526,3.9177332758965955,0.0
cross_drone,LO_s001,5.0,0.2,4,6,6,2345,23.54997706413269,1.2772003510338124,5.209467132557919,0.0
cross_drone,LO_s001,5.0,0.5,0,1,1,2516,25.26086401939392,1.6141826184007435,5.500297762589634,0.01192368839427663
cross_drone,LO_s001,5.0,0.5,0,2,2,2490,25.02094602584839,1.2143262164836983,3.3923501212432425,0.0
cross_drone,LO_s001,5.0,0.5,0,3,3,2577,25.9479341506958,1.2355963506949195,5.41733155573289,0.042685292976329066
cross_drone,LO_s001,5.0,0.5,0,4,4,2353,23.624861001968384,1.4250723233733993,4.48898260213593,0.0
cross_drone,LO_s001,5.0,0.5,0,5,5,2443,24.526942014694214,1.1012954218383015,4.3280640874706275,0.0
cross_drone,LO_s001,5.0,0.5,0,6,6,2345,23.54997706413269,1.6224690749539548,6.116431210623193,0.0
cross_drone,LO_s001,5.0,0.5,1,1,1,2516,25.26086401939392,1.6248347814839406,4.768153514717271,0.0
cross_drone,LO_s001,5.0,0.5,1,2,2,2490,25.02094602584839,1.1470500850482281,3.537780646346456,0.0
cross_drone,LO_s001,5.0,0.5,1,3,3,2577,25.9479341506958,1.2438925299807408,5.323044497845453,0.05238649592549476
cross_drone,LO_s001,5.0,0.5,1,4,4,2353,23.624861001968384,1.4617490773628674,3.788610853059331,0.0
cross_drone,LO_s001,5.0,0.5,1,5,5,2443,24.526942014694214,0.9299839809703201,4.094910992139723,0.0
cross_drone,LO_s001,5.0,0.5,1,6,6,2345,23.54997706413269,1.7526873622372534,6.254700377797934,0.014072494669509595
cross_drone,LO_s001,5.0,0.5,2,1,1,2516,25.26086401939392,1.8018590657093085,5.6962107097019725,0.005564387917329093
cross_drone,LO_s001,5.0,0.5,2,2,2,2490,25.02094602584839,1.1235577985102125,4.773384367295744,0.0
cross_drone,LO_s001,5.0,0.5,2,3,3,2577,25.9479341506958,1.2386407029054567,4.7928986508962135,0.043849437330228946
cross_drone,LO_s001,5.0,0.5,2,4,4,2353,23.624861001968384,1.2494811133519192,4.3844424834431575,0.0
cross_drone,LO_s001,5.0,0.5,2,5,5,2443,24.526942014694214,1.0309724569276284,4.070106396614336,0.0
cross_drone,LO_s001,5.0,0.5,2,6,6,2345,23.54997706413269,1.624830358297487,6.337289917299858,0.003411513859275053
cross_drone,LO_s001,5.0,0.5,3,1,1,2516,25.26086401939392,1.7976956323626396,5.1259585998720025,0.0
cross_drone,LO_s001,5.0,0.5,3,2,2,2490,25.02094602584839,1.2690572719051119,3.9513024978847446,0.0
cross_drone,LO_s001,5.0,0.5,3,3,3,2577,25.9479341506958,1.3105235084040459,5.218883974086064,0.048894062863795114
cross_drone,LO_s001,5.0,0.5,3,4,4,2353,23.624861001968384,1.3478284636023545,4.747618271555232,0.0
cross_drone,LO_s001,5.0,0.5,3,5,5,2443,24.526942014694214,1.0639920433415426,4.756814839923999,0.0
cross_drone,LO_s001,5.0,0.5,3,6,6,2345,23.54997706413269,1.872258033319909,6.3141169594111375,0.0
cross_drone,LO_s001,5.0,0.5,4,1,1,2516,25.26086401939392,1.729959375150493,4.640780503440195,0.0
cross_drone,LO_s001,5.0,0.5,4,2,2,2490,25.02094602584839,1.1159571549695926,3.3375198413446565,0.0
cross_drone,LO_s001,5.0,0.5,4,3,3,2577,25.9479341506958,1.2075968867874955,5.466498858408562,0.05277454404346139
cross_drone,LO_s001,5.0,0.5,4,4,4,2353,23.624861001968384,1.4476054243423562,3.807258145802428,0.0
cross_drone,LO_s001,5.0,0.5,4,5,5,2443,24.526942014694214,1.0658799719166439,4.064347464157256,0.0
cross_drone,LO_s001,5.0,0.5,4,6,6,2345,23.54997706413269,1.70512374187782,6.546508958109234,0.0
cross_drone,LO_s001,5.0,1.0,0,1,1,2516,25.26086401939392,1.7151657618927687,5.828194501110794,0.01232114467408585
cross_drone,LO_s001,5.0,1.0,0,2,2,2490,25.02094602584839,1.1908549516273297,4.194111804400957,0.0
cross_drone,LO_s001,5.0,1.0,0,3,3,2577,25.9479341506958,1.2811696948409121,5.479182270382121,0.046177726038028714
cross_drone,LO_s001,5.0,1.0,0,4,4,2353,23.624861001968384,1.4078667679748662,3.907225695096942,0.0
cross_drone,LO_s001,5.0,1.0,0,5,5,2443,24.526942014694214,1.1071578463178184,4.462324516647414,0.0
cross_drone,LO_s001,5.0,1.0,0,6,6,2345,23.54997706413269,1.5899857567822266,5.082852078515,0.0
cross_drone,LO_s001,5.0,1.0,1,1,1,2516,25.26086401939392,1.7348446280134482,5.651650339805524,0.0047694753577106515
cross_drone,LO_s001,5.0,1.0,1,2,2,2490,25.02094602584839,1.14257137943261,4.2367545109313225,0.02971887550200803
cross_drone,LO_s001,5.0,1.0,1,3,3,2577,25.9479341506958,1.2848413517582316,6.890278558916135,0.07140085370585952
cross_drone,LO_s001,5.0,1.0,1,4,4,2353,23.624861001968384,1.4117846490468082,4.575942382561278,0.0
cross_drone,LO_s001,5.0,1.0,1,5,5,2443,24.526942014694214,1.0167277274974325,3.7408515777784097,0.0
cross_drone,LO_s001,5.0,1.0,1,6,6,2345,23.54997706413269,1.6068385129725833,6.3080705952904905,0.0
cross_drone,LO_s001,5.0,1.0,2,1,1,2516,25.26086401939392,1.8207439828868814,6.706945165715668,0.009141494435612083
cross_drone,LO_s001,5.0,1.0,2,2,2,2490,25.02094602584839,1.2546266753589137,4.357731446756685,0.0
cross_drone,LO_s001,5.0,1.0,2,3,3,2577,25.9479341506958,1.2861880500608152,7.121416927827291,0.055102832751261155
cross_drone,LO_s001,5.0,1.0,2,4,4,2353,23.624861001968384,1.3778235691604266,4.796846290124471,0.0
cross_drone,LO_s001,5.0,1.0,2,5,5,2443,24.526942014694214,1.0084510795267931,3.9864961166154056,0.009005321326238231
cross_drone,LO_s001,5.0,1.0,2,6,6,2345,23.54997706413269,2.0233140761201582,7.247471236628234,0.0
cross_drone,LO_s001,5.0,1.0,3,1,1,2516,25.26086401939392,1.6939021189685164,10.21507381926871,0.049682034976152624
cross_drone,LO_s001,5.0,1.0,3,2,2,2490,25.02094602584839,1.1371566003234008,3.7287005735325147,0.0
cross_drone,LO_s001,5.0,1.0,3,3,3,2577,25.9479341506958,1.3671526712216604,4.932614024048054,0.03608847497089639
cross_drone,LO_s001,5.0,1.0,3,4,4,2353,23.624861001968384,1.4095995223036297,5.254591701758841,0.0
cross_drone,LO_s001,5.0,1.0,3,5,5,2443,24.526942014694214,1.0814760332865774,4.7490093520188985,0.0
cross_drone,LO_s001,5.0,1.0,3,6,6,2345,23.54997706413269,1.8581260737679415,7.090817673491795,0.0
cross_drone,LO_s001,5.0,1.0,4,1,1,2516,25.26086401939392,1.6188865440384461,6.260059610937489,0.011128775834658187
cross_drone,LO_s001,5.0,1.0,4,2,2,2490,25.02094602584839,1.2815866385683705,3.958731663836967,0.0012048192771084338
cross_drone,LO_s001,5.0,1.0,4,3,3,2577,25.9479341506958,1.176524042090108,7.613350265543706,0.05199844780752813
cross_drone,LO_s001,5.0,1.0,4,4,4,2353,23.624861001968384,1.3329265263936563,4.638247661936527,0.0
cross_drone,LO_s001,5.0,1.0,4,5,5,2443,24.526942014694214,1.111044986966931,3.9636228073057285,0.0
cross_drone,LO_s001,5.0,1.0,4,6,6,2345,23.54997706413269,1.9824230133563816,7.534154650403278,0.06908315565031983
cross_drone,LO_s001,5.0,2.0,0,1,1,2516,25.26086401939392,1.9328319619108214,5.334672779681437,0.0
cross_drone,LO_s001,5.0,2.0,0,2,2,2490,25.02094602584839,1.1645611149801738,4.420420215751665,0.0
cross_drone,LO_s001,5.0,2.0,0,3,3,2577,25.9479341506958,1.3314635192923845,10.489658993474865,0.07489328676755917
cross_drone,LO_s001,5.0,2.0,0,4,4,2353,23.624861001968384,1.2550302610709991,4.199460981945623,0.0
cross_drone,LO_s001,5.0,2.0,0,5,5,2443,24.526942014694214,1.1220642068142297,4.425070379158502,0.0
cross_drone,LO_s001,5.0,2.0,0,6,6,2345,23.54997706413269,1.6770293568316106,6.518900049462626,0.0
cross_drone,LO_s001,5.0,2.0,1,1,1,2516,25.26086401939392,2.0130018470275246,5.570253969040195,0.015103338632750398
cross_drone,LO_s001,5.0,2.0,1,2,2,2490,25.02094602584839,1.0284661064506082,4.67620206862177,0.0
cross_drone,LO_s001,5.0,2.0,1,3,3,2577,25.9479341506958,1.228434670618391,7.494401960360418,0.06984866123399301
cross_drone,LO_s001,5.0,2.0,1,4,4,2353,23.624861001968384,1.2524627376081412,4.159098772288731,0.0
cross_drone,LO_s001,5.0,2.0,1,5,5,2443,24.526942014694214,1.1276216961401815,4.828380348685089,0.0
cross_drone,LO_s001,5.0,2.0,1,6,6,2345,23.54997706413269,1.613769865844688,7.318611615624286,0.001279317697228145
cross_drone,LO_s001,5.0,2.0,2,1,1,2516,25.26086401939392,1.7102888984722355,5.423995534273988,0.014705882352941176
cross_drone,LO_s001,5.0,2.0,2,2,2,2490,25.02094602584839,1.2142567096225747,4.549440676953205,0.0
cross_drone,LO_s001,5.0,2.0,2,3,3,2577,25.9479341506958,1.4138886291698967,17.851599085368953,0.12572759022118743
cross_drone,LO_s001,5.0,2.0,2,4,4,2353,23.624861001968384,1.301947979686929,4.199874363341453,0.0
cross_drone,LO_s001,5.0,2.0,2,5,5,2443,24.526942014694214,1.0799897864123693,5.522584750050402,0.0
cross_drone,LO_s001,5.0,2.0,2,6,6,2345,23.54997706413269,1.4544085348373414,5.89902442480783,0.0
cross_drone,LO_s001,5.0,2.0,3,1,1,2516,25.26086401939392,2.0505931996170332,5.443307466444612,0.01629570747217806
cross_drone,LO_s001,5.0,2.0,3,2,2,2490,25.02094602584839,1.1670055591826163,4.197001422701844,0.0
cross_drone,LO_s001,5.0,2.0,3,3,3,2577,25.9479341506958,1.4029369279236619,10.79975256871953,0.08032596041909197
cross_drone,LO_s001,5.0,2.0,3,4,4,2353,23.624861001968384,1.3828786757590592,4.765317068071834,0.0
cross_drone,LO_s001,5.0,2.0,3,5,5,2443,24.526942014694214,1.1343757308366378,5.02541286004808,0.0
cross_drone,LO_s001,5.0,2.0,3,6,6,2345,23.54997706413269,1.781183057110745,6.364502312957596,0.0
cross_drone,LO_s001,5.0,2.0,4,1,1,2516,25.26086401939392,1.794840127629044,6.417282750041892,0.0
cross_drone,LO_s001,5.0,2.0,4,2,2,2490,25.02094602584839,1.1432817577821943,4.104457109643612,0.0
cross_drone,LO_s001,5.0,2.0,4,3,3,2577,25.9479341506958,1.192771755794098,8.414201886971437,0.08110205665502522
cross_drone,LO_s001,5.0,2.0,4,4,4,2353,23.624861001968384,1.5389482354491975,4.7189884747642505,0.0
cross_drone,LO_s001,5.0,2.0,4,5,5,2443,24.526942014694214,0.9655465048206793,4.471286263398913,0.0
cross_drone,LO_s001,5.0,2.0,4,6,6,2345,23.54997706413269,1.6751578389699162,6.601585771946515,0.0
cross_drone,LO_s001,5.0,5.0,0,1,1,2516,25.26086401939392,1.9316739855137115,6.312607447271194,0.014705882352941176
cross_drone,LO_s001,5.0,5.0,0,2,2,2490,25.02094602584839,1.1890904328404552,5.3495691426182805,0.0
cross_drone,LO_s001,5.0,5.0,0,3,3,2577,25.9479341506958,1.6139630162795697,30.25389795856868,0.12727978269305393
cross_drone,LO_s001,5.0,5.0,0,4,4,2353,23.624861001968384,1.415065614862101,4.421744023424945,0.0
cross_drone,LO_s001,5.0,5.0,0,5,5,2443,24.526942014694214,1.1636160641640885,4.527738213039163,0.0
cross_drone,LO_s001,5.0,5.0,0,6,6,2345,23.54997706413269,1.949306231002872,7.1978088440582555,0.023880597014925373
cross_drone,LO_s001,5.0,5.0,1,1,1,2516,25.26086401939392,1.8037347398737147,5.828120229307389,0.016693163751987282
cross_drone,LO_s001,5.0,5.0,1,2,2,2490,25.02094602584839,1.086572916172102,3.588585616758054,0.0
cross_drone,LO_s001,5.0,5.0,1,3,3,2577,25.9479341506958,1.4071289557084299,4.99193084147771,0.051610399689561506
cross_drone,LO_s001,5.0,5.0,1,4,4,2353,23.624861001968384,1.4337329172621516,4.30574350282214,0.0
cross_drone,LO_s001,5.0,5.0,1,5,5,2443,24.526942014694214,1.1492057654493095,4.926806914157431,0.0
cross_drone,LO_s001,5.0,5.0,1,6,6,2345,23.54997706413269,1.7606407446049843,8.119708237517619,0.0464818763326226
cross_drone,LO_s001,5.0,5.0,2,1,1,2516,25.26086401939392,1.8252591149222148,5.916886179607545,0.00397456279809221
cross_drone,LO_s001,5.0,5.0,2,2,2,2490,25.02094602584839,1.132862142286129,3.661040707244196,0.0
cross_drone,LO_s001,5.0,5.0,2,3,3,2577,25.9479341506958,1.4890500062577416,7.283384140056188,0.05199844780752813
cross_drone,LO_s001,5.0,5.0,2,4,4,2353,23.624861001968384,1.4242228494215965,4.417212001301052,0.004674883127921802
cross_drone,LO_s001,5.0,5.0,2,5,5,2443,24.526942014694214,1.1290487578876878,4.401422731638172,0.0
cross_drone,LO_s001,5.0,5.0,2,6,6,2345,23.54997706413269,1.9578296884351118,7.23608391629466,0.009381663113006396
cross_drone,LO_s001,5.0,5.0,3,1,1,2516,25.26086401939392,1.8513151122104468,10.411006858822915,0.07034976152623211
cross_drone,LO_s001,5.0,5.0,3,2,2,2490,25.02094602584839,1.203524836746105,4.2512218133359045,0.0
cross_drone,LO_s001,5.0,5.0,3,3,3,2577,25.9479341506958,1.4676411570473817,8.303994805471001,0.02871556072953046
cross_drone,LO_s001,5.0,5.0,3,4,4,2353,23.624861001968384,1.482159262079989,4.8773666014907615,0.0
cross_drone,LO_s001,5.0,5.0,3,5,5,2443,24.526942014694214,1.368269861375211,5.641844073139466,0.0
cross_drone,LO_s001,5.0,5.0,3,6,6,2345,23.54997706413269,2.0035968922011875,7.368403990668508,0.011940298507462687
cross_drone,LO_s001,5.0,5.0,4,1,1,2516,25.26086401939392,2.002970269873529,7.510901492721535,0.013513513513513514
cross_drone,LO_s001,5.0,5.0,4,2,2,2490,25.02094602584839,1.2197668163051105,4.361915394767219,0.0
cross_drone,LO_s001,5.0,5.0,4,3,3,2577,25.9479341506958,1.4486120548793764,5.896054336746727,0.03259604190919674
cross_drone,LO_s001,5.0,5.0,4,4,4,2353,23.624861001968384,1.5175696567990826,4.505193975599287,0.0
cross_drone,LO_s001,5.0,5.0,4,5,5,2443,24.526942014694214,1.0733886954874663,4.745704361235039,0.0
cross_drone,LO_s001,5.0,5.0,4,6,6,2345,23.54997706413269,1.8111220472891034,7.186986369875674,0.011513859275053304
cross_drone,LO_s001,10.0,0.2,0,1,1,2516,25.26086401939392,1.9148542258432144,6.199889378929356,0.0
cross_drone,LO_s001,10.0,0.2,0,2,2,2490,25.02094602584839,1.150949335456147,3.5952396602094843,0.0
cross_drone,LO_s001,10.0,0.2,0,3,3,2577,25.9479341506958,1.3289024978178645,6.0108733965903935,0.0446255335661622
cross_drone,LO_s001,10.0,0.2,0,4,4,2353,23.624861001968384,1.4060624984366257,3.9304454183223814,0.0
cross_drone,LO_s001,10.0,0.2,0,5,5,2443,24.526942014694214,1.130654711327594,3.896714007113515,0.0
cross_drone,LO_s001,10.0,0.2,0,6,6,2345,23.54997706413269,1.7165140231978313,5.9515834555285485,0.0
cross_drone,LO_s001,10.0,0.2,1,1,1,2516,25.26086401939392,1.686634911850632,5.4132606790684275,0.003577106518282989
cross_drone,LO_s001,10.0,0.2,1,2,2,2490,25.02094602584839,1.08137035085268,3.174686056544232,0.0
cross_drone,LO_s001,10.0,0.2,1,3,3,2577,25.9479341506958,1.2315674000734305,4.948036430473173,0.04578967792006209
cross_drone,LO_s001,10.0,0.2,1,4,4,2353,23.624861001968384,1.3263968937606876,4.842664683273017,0.0
cross_drone,LO_s001,10.0,0.2,1,5,5,2443,24.526942014694214,1.1935871991740896,3.5084734167616283,0.006139991813344249
cross_drone,LO_s001,10.0,0.2,1,6,6,2345,23.54997706413269,1.7065390847219248,6.243303230713195,0.0
cross_drone,LO_s001,10.0,0.2,2,1,1,2516,25.26086401939392,1.9423499873686438,5.7541015043295545,0.0043720190779014305
cross_drone,LO_s001,10.0,0.2,2,2,2,2490,25.02094602584839,1.2826708353804719,4.572128219068404,0.0
cross_drone,LO_s001,10.0,0.2,2,3,3,2577,25.9479341506958,1.1838674907849054,4.68189036804541,0.027939464493597205
cross_drone,LO_s001,10.0,0.2,2,4,4,2353,23.624861001968384,1.4039228914032549,4.541381147349938,0.0
cross_drone,LO_s001,10.0,0.2,2,5,5,2443,24.526942014694214,1.264699518214627,4.7426630908732745,0.0
cross_drone,LO_s001,10.0,0.2,2,6,6,2345,23.54997706413269,1.4988082706163937,6.073559350476171,0.0
cross_drone,LO_s001,10.0,0.2,3,1,1,2516,25.26086401939392,1.6730104946567792,5.1340506448512,0.0027821939586645467
cross_drone,LO_s001,10.0,0.2,3,2,2,2490,25.02094602584839,1.1224929332355131,3.815991992868939,0.0
cross_drone,LO_s001,10.0,0.2,3,3,3,2577,25.9479341506958,1.2895028898070962,5.469862455231866,0.046565774155995346
cross_drone,LO_s001,10.0,0.2,3,4,4,2353,23.624861001968384,1.438234248041141,3.68711131635007,0.0
cross_drone,LO_s001,10.0,0.2,3,5,5,2443,24.526942014694214,1.0513208428153007,5.08292714406334,0.0
cross_drone,LO_s001,10.0,0.2,3,6,6,2345,23.54997706413269,1.7051468240396446,6.164606579763148,0.0
cross_drone,LO_s001,10.0,0.2,4,1,1,2516,25.26086401939392,1.623697058643529,4.82975323434006,0.0
cross_drone,LO_s001,10.0,0.2,4,2,2,2490,25.02094602584839,1.2058150489590993,4.100706878464711,0.0
cross_drone,LO_s001,10.0,0.2,4,3,3,2577,25.9479341506958,1.5822398705121117,11.536834406639208,0.08963911525029103
cross_drone,LO_s001,10.0,0.2,4,4,4,2353,23.624861001968384,1.3152688317755974,4.2866272777251515,0.0
cross_drone,LO_s001,10.0,0.2,4,5,5,2443,24.526942014694214,1.224053160620869,5.002929677671889,0.0
cross_drone,LO_s001,10.0,0.2,4,6,6,2345,23.54997706413269,1.4784117888967216,5.504987745973638,0.0
cross_drone,LO_s001,10.0,0.5,0,1,1,2516,25.26086401939392,1.8748049845726058,5.627701337699974,0.007154213036565978
cross_drone,LO_s001,10.0,0.5,0,2,2,2490,25.02094602584839,1.187573381840835,4.470648845131887,0.004819277108433735
cross_drone,LO_s001,10.0,0.5,0,3,3,2577,25.9479341506958,1.2989283235975506,6.024675837961757,0.055102832751261155
cross_drone,LO_s001,10.0,0.5,0,4,4,2353,23.624861001968384,1.40838887370424,4.7043364610510965,0.0
cross_drone,LO_s001,10.0,0.5,0,5,5,2443,24.526942014694214,1.1481139055319431,5.37634466774422,0.0
cross_drone,LO_s001,10.0,0.5,0,6,6,2345,23.54997706413269,1.8997203514482095,6.644055410176359,0.0
cross_drone,LO_s001,10.0,0.5,1,1,1,2516,25.26086401939392,1.7953965587848586,5.414096673384159,0.0
cross_drone,LO_s001,10.0,0.5,1,2,2,2490,25.02094602584839,1.197628579449999,4.1048540772785005,0.0
cross_drone,LO_s001,10.0,0.5,1,3,3,2577,25.9479341506958,1.4054175909828643,19.237183465463538,0.12766783081102057
cross_drone,LO_s001,10.0,0.5,1,4,4,2353,23.624861001968384,1.524067874555719,4.6521027944648905,0.0
cross_drone,LO_s001,10.0,0.5,1,5,5,2443,24.526942014694214,1.0182721914246429,4.121852077012229,0.0
cross_drone,LO_s001,10.0,0.5,1,6,6,2345,23.54997706413269,1.6853209226968033,6.225148652901191,0.0
cross_drone,LO_s001,10.0,0.5,2,1,1,2516,25.26086401939392,1.8780484855692237,5.677119306204995,0.0
cross_drone,LO_s001,10.0,0.5,2,2,2,2490,25.02094602584839,1.226569176732724,4.897193277863857,0.004417670682730923
cross_drone,LO_s001,10.0,0.5,2,3,3,2577,25.9479341506958,1.4735326173332055,7.443091377382962,0.06713232440822663
cross_drone,LO_s001,10.0,0.5,2,4,4,2353,23.624861001968384,1.4050928836347225,4.591588678742135,0.0
cross_drone,LO_s001,10.0,0.5,2,5,5,2443,24.526942014694214,1.0832485302034733,5.166884949923129,0.0
cross_drone,LO_s001,10.0,0.5,2,6,6,2345,23.54997706413269,1.6978923944132873,6.447210111328467,0.01833688699360341
cross_drone,LO_s001,10.0,0.5,3,1,1,2516,25.26086401939392,1.9215500577943203,5.817731620076948,0.011128775834658187
cross_drone,LO_s001,10.0,0.5,3,2,2,2490,25.02094602584839,1.3075189322349416,4.344385173552203,0.0024096385542168677
cross_drone,LO_s001,10.0,0.5,3,3,3,2577,25.9479341506958,1.5191147855847191,20.788085499569434,0.1296080714008537
cross_drone,LO_s001,10.0,0.5,3,4,4,2353,23.624861001968384,1.415659333341992,5.446542980873423,0.010199745006374841
cross_drone,LO_s001,10.0,0.5,3,5,5,2443,24.526942014694214,1.1616189906846728,5.293626443705489,0.0
cross_drone,LO_s001,10.0,0.5,3,6,6,2345,23.54997706413269,1.90223783662924,7.824411613321371,0.0
cross_drone,LO_s001,10.0,0.5,4,1,1,2516,25.26086401939392,1.932953465155876,5.133207774666388,0.0
cross_drone,LO_s001,10.0,0.5,4,2,2,2490,25.02094602584839,1.217294433034013,3.514644485306309,0.0
cross_drone,LO_s001,10.0,0.5,4,3,3,2577,25.9479341506958,1.2439486270277769,6.050332992407962,0.0403570042685293
cross_drone,LO_s001,10.0,0.5,4,4,4,2353,23.624861001968384,1.4758535722122588,4.4736948641544085,0.0
cross_drone,LO_s001,10.0,0.5,4,5,5,2443,24.526942014694214,1.2411865406063214,5.198883563185219,0.0
cross_drone,LO_s001,10.0,0.5,4,6,6,2345,23.54997706413269,1.9172029010699703,7.207101218515612,0.0
cross_drone,LO_s001,10.0,1.0,0,1,1,2516,25.26086401939392,1.8258142278586718,5.9638475314405985,0.010731319554848967
cross_drone,LO_s001,10.0,1.0,0,2,2,2490,25.02094602584839,1.2222800572741903,4.365491055404783,0.0
cross_drone,LO_s001,10.0,1.0,0,3,3,2577,25.9479341506958,1.5089153077258288,20.068644188545857,0.13310050446255337
cross_drone,LO_s001,10.0,1.0,0,4,4,2353,23.624861001968384,1.3818147575590274,4.736589138762486,0.0029749256268593286
cross_drone,LO_s001,10.0,1.0,0,5,5,2443,24.526942014694214,1.3318355929807524,5.173794685725534,0.0024559967253376994
cross_drone,LO_s001,10.0,1.0,0,6,6,2345,23.54997706413269,1.726316096649839,6.3328138604215605,0.0
cross_drone,LO_s001,10.0,1.0,1,1,1,2516,25.26086401939392,1.9520969902859022,5.896672310978479,0.01232114467408585
cross_drone,LO_s001,10.0,1.0,1,2,2,2490,25.02094602584839,1.1999387840255622,8.019271441296873,0.01566265060240964
cross_drone,LO_s001,10.0,1.0,1,3,3,2577,25.9479341506958,1.4606733522544175,6.238102187525409,0.05743112145906092
cross_drone,LO_s001,10.0,1.0,1,4,4,2353,23.624861001968384,1.4346506312289762,5.0303923960653965,0.003399915002124947
cross_drone,LO_s001,10.0,1.0,1,5,5,2443,24.526942014694214,1.0553237714956651,4.517658781107719,0.0
cross_drone,LO_s001,10.0,1.0,1,6,6,2345,23.54997706413269,1.70048497604634,7.414351428854465,0.0
cross_drone,LO_s001,10.0,1.0,2,1,1,2516,25.26086401939392,1.7993075462269985,6.734182608639392,0.010731319554848967
cross_drone,LO_s001,10.0,1.0,2,2,2,2490,25.02094602584839,1.151905650821135,4.586813741648145,0.0008032128514056225
cross_drone,LO_s001,10.0,1.0,2,3,3,2577,25.9479341506958,1.501885110869992,7.4507799877334,0.042685292976329066
cross_drone,LO_s001,10.0,1.0,2,4,4,2353,23.624861001968384,1.3888673176338244,4.802279772411362,0.0
cross_drone,LO_s001,10.0,1.0,2,5,5,2443,24.526942014694214,1.0574266301350406,4.47072054772687,0.005321326238231682
cross_drone,LO_s001,10.0,1.0,2,6,6,2345,23.54997706413269,2.00968540356369,7.189616977418678,0.0
cross_drone,LO_s001,10.0,1.0,3,1,1,2516,25.26086401939392,1.8544604814565133,6.103107602520851,0.012718600953895072
cross_drone,LO_s001,10.0,1.0,3,2,2,2490,25.02094602584839,1.1434461491024734,4.167959890262344,0.0
cross_drone,LO_s001,10.0,1.0,3,3,3,2577,25.9479341506958,1.555782475208531,7.595205574339684,0.07140085370585952
cross_drone,LO_s001,10.0,1.0,3,4,4,2353,23.624861001968384,1.4629703540089736,5.511181584793092,0.010624734381640459
cross_drone,LO_s001,10.0,1.0,3,5,5,2443,24.526942014694214,1.1242340717235777,5.061975943411808,0.0
cross_drone,LO_s001,10.0,1.0,3,6,6,2345,23.54997706413269,2.082500069562059,7.167739010543692,0.020042643923240937
cross_drone,LO_s001,10.0,1.0,4,1,1,2516,25.26086401939392,1.7518653158579127,6.004052902775669,0.009538950715421303
cross_drone,LO_s001,10.0,1.0,4,2,2,2490,25.02094602584839,1.2217551216279467,4.094658428883747,0.0
cross_drone,LO_s001,10.0,1.0,4,3,3,2577,25.9479341506958,1.507394681430469,28.218025944081177,0.1393092743500194
cross_drone,LO_s001,10.0,1.0,4,4,4,2353,23.624861001968384,1.4120039125608521,4.968280097197095,0.0
cross_drone,LO_s001,10.0,1.0,4,5,5,2443,24.526942014694214,1.190920492176076,4.783543888749458,0.0
cross_drone,LO_s001,10.0,1.0,4,6,6,2345,23.54997706413269,1.8603431874410603,7.0686554018579715,0.0
cross_drone,LO_s001,10.0,2.0,0,1,1,2516,25.26086401939392,1.9698430742052722,5.550513302897883,0.003577106518282989
cross_drone,LO_s001,10.0,2.0,0,2,2,2490,25.02094602584839,1.0411676784631325,4.168396085015269,0.0
cross_drone,LO_s001,10.0,2.0,0,3,3,2577,25.9479341506958,1.3684600298111853,9.724552405099395,0.0473418703919286
cross_drone,LO_s001,10.0,2.0,0,4,4,2353,23.624861001968384,1.2873953920237966,4.366471203285558,0.0
cross_drone,LO_s001,10.0,2.0,0,5,5,2443,24.526942014694214,1.131476607450054,5.319807639632916,0.0
cross_drone,LO_s001,10.0,2.0,0,6,6,2345,23.54997706413269,1.9935283039528429,6.916767742826289,0.013219616204690832
cross_drone,LO_s001,10.0,2.0,1,1,1,2516,25.26086401939392,2.035975848438717,6.140390450763873,0.017885532591414944
cross_drone,LO_s001,10.0,2.0,1,2,2,2490,25.02094602584839,1.0666086380740296,4.570445044614245,0.0
cross_drone,LO_s001,10.0,2.0,1,3,3,2577,25.9479341506958,1.4054031025699203,39.780958580186145,0.12611563833915407
cross_drone,LO_s001,10.0,2.0,1,4,4,2353,23.624861001968384,1.4516489641087134,4.769534393190497,0.0
cross_drone,LO_s001,10.0,2.0,1,5,5,2443,24.526942014694214,1.2151564134598054,5.257351696213341,0.0
cross_drone,LO_s001,10.0,2.0,1,6,6,2345,23.54997706413269,1.7967217947148129,7.278305140517585,0.01279317697228145
cross_drone,LO_s001,10.0,2.0,2,1,1,2516,25.26086401939392,1.8386316235360454,5.755517938676773,0.0
cross_drone,LO_s001,10.0,2.0,2,2,2,2490,25.02094602584839,1.1089775507158492,4.96231577786755,0.0
cross_drone,LO_s001,10.0,2.0,2,3,3,2577,25.9479341506958,1.393845774488085,36.55483776635864,0.13853317811408614
cross_drone,LO_s001,10.0,2.0,2,4,4,2353,23.624861001968384,1.3330939725561848,4.148781169089477,0.0
cross_drone,LO_s001,10.0,2.0,2,5,5,2443,24.526942014694214,1.1938988636280499,5.456364365905993,0.0
cross_drone,LO_s001,10.0,2.0,2,6,6,2345,23.54997706413269,1.6190378723489687,6.367948035738771,0.0
cross_drone,LO_s001,10.0,2.0,3,1,1,2516,25.26086401939392,1.998663763749068,5.167111779880415,0.006756756756756757
cross_drone,LO_s001,10.0,2.0,3,2,2,2490,25.02094602584839,1.207880489078601,4.61539244136498,0.0
cross_drone,LO_s001,10.0,2.0,3,3,3,2577,25.9479341506958,1.60441228245989,20.454005613047666,0.13038416763678695
cross_drone,LO_s001,10.0,2.0,3,4,4,2353,23.624861001968384,1.498904309757478,4.886181310319645,0.0
cross_drone,LO_s001,10.0,2.0,3,5,5,2443,24.526942014694214,1.1363313519719895,5.413131552494733,0.0
cross_drone,LO_s001,10.0,2.0,3,6,6,2345,23.54997706413269,1.8736015177877903,7.196977139997847,0.03070362473347548
cross_drone,LO_s001,10.0,2.0,4,1,1,2516,25.26086401939392,1.855624887515404,6.772390071762118,0.013910969793322734
cross_drone,LO_s001,10.0,2.0,4,2,2,2490,25.02094602584839,1.0999083295930916,4.1414545690792135,0.0
cross_drone,LO_s001,10.0,2.0,4,3,3,2577,25.9479341506958,1.6009216885548199,50.823375022104294,0.18160651920838183
cross_drone,LO_s001,10.0,2.0,4,4,4,2353,23.624861001968384,1.5980199574647997,4.5980342696848435,0.0
cross_drone,LO_s001,10.0,2.0,4,5,5,2443,24.526942014694214,1.185426928776451,4.8231039564458875,0.0
cross_drone,LO_s001,10.0,2.0,4,6,6,2345,23.54997706413269,1.9433471140350491,7.026305124991261,0.0
cross_drone,LO_s001,10.0,5.0,0,1,1,2516,25.26086401939392,1.9246184179894783,6.347846673340399,0.00794912559618442
cross_drone,LO_s001,10.0,5.0,0,2,2,2490,25.02094602584839,1.1250297659220294,5.734016689872308,0.002008032128514056
cross_drone,LO_s001,10.0,5.0,0,3,3,2577,25.9479341506958,1.6858458577454485,69.03751166703188,0.13193636010865348
cross_drone,LO_s001,10.0,5.0,0,4,4,2353,23.624861001968384,1.4989204430695793,4.473657392853246,0.0
cross_drone,LO_s001,10.0,5.0,0,5,5,2443,24.526942014694214,1.306840090012372,5.369514431154693,0.0
cross_drone,LO_s001,10.0,5.0,0,6,6,2345,23.54997706413269,2.051290800349392,13.117772424156463,0.08699360341151385
cross_drone,LO_s001,10.0,5.0,1,1,1,2516,25.26086401939392,1.7777091975793127,5.639549426491897,0.009538950715421303
cross_drone,LO_s001,10.0,5.0,1,2,2,2490,25.02094602584839,1.1188964274189317,3.735857118650582,0.0
cross_drone,LO_s001,10.0,5.0,1,3,3,2577,25.9479341506958,1.6043492992599226,44.26760488645894,0.203337213814513
cross_drone,LO_s001,10.0,5.0,1,4,4,2353,23.624861001968384,1.4728529301618778,4.213286834903301,0.0
cross_drone,LO_s001,10.0,5.0,1,5,5,2443,24.526942014694214,1.2461531872600489,5.160956344909819,0.0
cross_drone,LO_s001,10.0,5.0,1,6,6,2345,23.54997706413269,1.8503692351965526,6.993817686264075,0.01023454157782516
cross_drone,LO_s001,10.0,5.0,2,1,1,2516,25.26086401939392,1.9307953683776589,5.749465386667609,0.007154213036565978
cross_drone,LO_s001,10.0,5.0,2,2,2,2490,25.02094602584839,1.1445222083645774,4.549702273979452,0.0
cross_drone,LO_s001,10.0,5.0,2,3,3,2577,25.9479341506958,1.5478648943884536,18.361262976326685,0.11253395421032208
cross_drone,LO_s001,10.0,5.0,2,4,4,2353,23.624861001968384,1.4496005756703312,4.611569782489956,0.0
cross_drone,LO_s001,10.0,5.0,2,5,5,2443,24.526942014694214,1.2326469643730036,5.009691904801352,0.0
cross_drone,LO_s001,10.0,5.0,2,6,6,2345,23.54997706413269,1.9542563069776406,7.311015786495333,0.012366737739872069
cross_drone,LO_s001,10.0,5.0,3,1,1,2516,25.26086401939392,2.2227529632020975,18.42975659318033,0.12241653418124006
cross_drone,LO_s001,10.0,5.0,3,2,2,2490,25.02094602584839,1.0772099042919336,4.3959156374089785,0.0
cross_drone,LO_s001,10.0,5.0,3,3,3,2577,25.9479341506958,1.3243595014374705,7.047541818650343,0.05199844780752813
cross_drone,LO_s001,10.0,5.0,3,4,4,2353,23.624861001968384,1.5172741310826439,4.72937746264747,0.0
cross_drone,LO_s001,10.0,5.0,3,5,5,2443,24.526942014694214,1.192629093728499,5.465631506082346,0.0
cross_drone,LO_s001,10.0,5.0,3,6,6,2345,23.54997706413269,1.863735874554834,7.089677903013603,0.011513859275053304
cross_drone,LO_s001,10.0,5.0,4,1,1,2516,25.26086401939392,1.8404590117697737,6.652637267272387,0.013116057233704292
cross_drone,LO_s001,10.0,5.0,4,2,2,2490,25.02094602584839,1.269563406460847,5.2204104145261425,0.0
cross_drone,LO_s001,10.0,5.0,4,3,3,2577,25.9479341506958,1.5363170667945383,14.801069242660615,0.10011641443538999
cross_drone,LO_s001,10.0,5.0,4,4,4,2353,23.624861001968384,1.549353989181327,4.970566445746683,0.0
cross_drone,LO_s001,10.0,5.0,4,5,5,2443,24.526942014694214,1.1096054111350782,4.987031210070831,0.0
cross_drone,LO_s001,10.0,5.0,4,6,6,2345,23.54997706413269,1.9103218334442715,13.042703274710787,0.0861407249466951
cross_drone,LO_s001,20.0,0.2,0,1,1,2516,25.26086401939392,1.9834472985876346,6.710104031503402,0.01232114467408585
cross_drone,LO_s001,20.0,0.2,0,2,2,2490,25.02094602584839,1.2114221730112131,3.943856200533858,0.0
cross_drone,LO_s001,20.0,0.2,0,3,3,2577,25.9479341506958,1.388370794040327,11.505260989325869,0.0919674039580908
cross_drone,LO_s001,20.0,0.2,0,4,4,2353,23.624861001968384,1.343826015161767,4.22547786600731,0.0
cross_drone,LO_s001,20.0,0.2,0,5,5,2443,24.526942014694214,1.2081173624461599,4.5467608607893935,0.0
cross_drone,LO_s001,20.0,0.2,0,6,6,2345,23.54997706413269,1.8025527846292562,6.432798541579845,0.011940298507462687
cross_drone,LO_s001,20.0,0.2,1,1,1,2516,25.26086401939392,1.8420375046011088,5.775048805013569,0.003577106518282989
cross_drone,LO_s001,20.0,0.2,1,2,2,2490,25.02094602584839,1.1039180659075782,3.895983723615374,0.0
cross_drone,LO_s001,20.0,0.2,1,3,3,2577,25.9479341506958,1.2726315687123133,5.174959689965086,0.03220799379123011
cross_drone,LO_s001,20.0,0.2,1,4,4,2353,23.624861001968384,1.5024949249747266,5.289838761153845,0.0
cross_drone,LO_s001,20.0,0.2,1,5,5,2443,24.526942014694214,1.3220847393485542,4.7629653902532425,0.01391731477691363
cross_drone,LO_s001,20.0,0.2,1,6,6,2345,23.54997706413269,1.967236596530313,6.507242809001099,0.003837953091684435
cross_drone,LO_s001,20.0,0.2,2,1,1,2516,25.26086401939392,1.9344829157863614,5.789795012882888,0.006756756756756757
cross_drone,LO_s001,20.0,0.2,2,2,2,2490,25.02094602584839,1.3226312231048247,5.22047852308992,0.0
cross_drone,LO_s001,20.0,0.2,2,3,3,2577,25.9479341506958,1.3034599710460384,7.773555040282327,0.051222351571594875
cross_drone,LO_s001,20.0,0.2,2,4,4,2353,23.624861001968384,1.5541916562445692,4.847490808477267,0.01572460688482788
cross_drone,LO_s001,20.0,0.2,2,5,5,2443,24.526942014694214,1.2672440785640475,5.42981121422131,0.0
cross_drone,LO_s001,20.0,0.2,2,6,6,2345,23.54997706413269,1.6443254553896907,8.094753793823719,0.03667377398720682
cross_drone,LO_s001,20.0,0.2,3,1,1,2516,25.26086401939392,1.9285653398230416,4.999964871073672,0.0
cross_drone,LO_s001,20.0,0.2,3,2,2,2490,25.02094602584839,1.1283723253867493,4.2881015037234835,0.0
cross_drone,LO_s001,20.0,0.2,3,3,3,2577,25.9479341506958,1.467041547135949,15.05807721658213,0.10050446255335661
cross_drone,LO_s001,20.0,0.2,3,4,4,2353,23.624861001968384,1.4522754258109387,4.213894864956184,0.0
cross_drone,LO_s001,20.0,0.2,3,5,5,2443,24.526942014694214,1.2206016750825484,5.658546889111979,0.0
cross_drone,LO_s001,20.0,0.2,3,6,6,2345,23.54997706413269,1.8580110594269001,6.313113146871411,0.011087420042643924
cross_drone,LO_s001,20.0,0.2,4,1,1,2516,25.26086401939392,1.9888190373536503,6.353277239057576,0.014705882352941176
cross_drone,LO_s001,20.0,0.2,4,2,2,2490,25.02094602584839,1.1692360114709857,4.663391044392992,0.0
cross_drone,LO_s001,20.0,0.2,4,3,3,2577,25.9479341506958,1.5363657102456258,18.72263040967841,0.12611563833915407
cross_drone,LO_s001,20.0,0.2,4,4,4,2353,23.624861001968384,1.3444727092699509,4.420200765771518,0.0
cross_drone,LO_s001,20.0,0.2,4,5,5,2443,24.526942014694214,1.2334242562695863,5.841758966521464,0.0
cross_drone,LO_s001,20.0,0.2,4,6,6,2345,23.54997706413269,1.690901053589517,6.1983409408273245,0.0
cross_drone,LO_s001,20.0,0.5,0,1,1,2516,25.26086401939392,2.0099022739632986,5.799631823768257,0.00794912559618442
cross_drone,LO_s001,20.0,0.5,0,2,2,2490,25.02094602584839,1.1398043185652256,4.385771651486647,0.0
cross_drone,LO_s001,20.0,0.5,0,3,3,2577,25.9479341506958,1.6283218539006157,30.778298399410627,0.14551804423748546
cross_drone,LO_s001,20.0,0.5,0,4,4,2353,23.624861001968384,1.456694085945685,5.07431539100601,0.0
cross_drone,LO_s001,20.0,0.5,0,5,5,2443,24.526942014694214,1.2040953004757,5.544595879330646,0.0
cross_drone,LO_s001,20.0,0.5,0,6,6,2345,23.54997706413269,1.9615630455387105,6.836272180849839,0.0029850746268656717
cross_drone,LO_s001,20.0,0.5,1,1,1,2516,25.26086401939392,1.8959368284943992,5.314096571137503,0.0
cross_drone,LO_s001,20.0,0.5,1,2,2,2490,25.02094602584839,1.2188426758621063,4.26155276462946,0.0
cross_drone,LO_s001,20.0,0.5,1,3,3,2577,25.9479341506958,1.4760271707489778,18.510430727808124,0.12223515715948778
cross_drone,LO_s001,20.0,0.5,1,4,4,2353,23.624861001968384,1.5023856346256181,5.177296027319081,0.0
cross_drone,LO_s001,20.0,0.5,1,5,5,2443,24.526942014694214,1.1127810924200503,4.962289340702335,0.0
cross_drone,LO_s001,20.0,0.5,1,6,6,2345,23.54997706413269,1.7390314122578445,6.80869163280451,0.0
cross_drone,LO_s001,20.0,0.5,2,1,1,2516,25.26086401939392,1.7721289193514238,6.000048565771396,0.006756756756756757
cross_drone,LO_s001,20.0,0.5,2,2,2,2490,25.02094602584839,1.1020544654665372,5.933208464693129,0.010843373493975903
cross_drone,LO_s001,20.0,0.5,2,3,3,2577,25.9479341506958,1.6543013432716407,33.75743887161079,0.13271245634458673
cross_drone,LO_s001,20.0,0.5,2,4,4,2353,23.624861001968384,1.4622695918674822,4.696312942506389,0.008074798130046749
cross_drone,LO_s001,20.0,0.5,2,5,5,2443,24.526942014694214,1.1584967758341378,5.252528035395831,0.0
cross_drone,LO_s001,20.0,0.5,2,6,6,2345,23.54997706413269,1.8824524396501516,6.670964719877523,0.01791044776119403
cross_drone,LO_s001,20.0,0.5,3,1,1,2516,25.26086401939392,2.0804501316190915,6.169561579446425,0.005564387917329093
cross_drone,LO_s001,20.0,0.5,3,2,2,2490,25.02094602584839,1.3361410381087673,4.648853749031988,0.0
cross_drone,LO_s001,20.0,0.5,3,3,3,2577,25.9479341506958,1.4399985655576302,19.0469834297438,0.11447419480015522
cross_drone,LO_s001,20.0,0.5,3,4,4,2353,23.624861001968384,1.517771985401481,5.246332440521025,0.0
cross_drone,LO_s001,20.0,0.5,3,5,5,2443,24.526942014694214,1.2962069877760314,5.734755946598041,0.0
cross_drone,LO_s001,20.0,0.5,3,6,6,2345,23.54997706413269,1.9559059835628432,7.43514877234703,0.011940298507462687
cross_drone,LO_s001,20.0,0.5,4,1,1,2516,25.26086401939392,2.0287396108668503,5.682506586164998,0.01192368839427663
cross_drone,LO_s001,20.0,0.5,4,2,2,2490,25.02094602584839,1.2272810927039899,4.233878101490963,0.004417670682730923
cross_drone,LO_s001,20.0,0.5,4,3,3,2577,25.9479341506958,1.3787641574145937,8.195237022224793,0.07023670935195964
cross_drone,LO_s001,20.0,0.5,4,4,4,2353,23.624861001968384,1.437496179555069,4.615338014497014,0.0
cross_drone,LO_s001,20.0,0.5,4,5,5,2443,24.526942014694214,1.2380369246115492,5.21296771528036,0.0
cross_drone,LO_s001,20.0,0.5,4,6,6,2345,23.54997706413269,2.022447846087786,7.1923637268029195,0.0
cross_drone,LO_s001,20.0,1.0,0,1,1,2516,25.26086401939392,1.942937698630459,6.335597931972995,0.017090620031796504
cross_drone,LO_s001,20.0,1.0,0,2,2,2490,25.02094602584839,1.249376644979339,4.61978079356379,0.0
cross_drone,LO_s001,20.0,1.0,0,3,3,2577,25.9479341506958,1.5663754670422563,18.133591883349897,0.10826542491268917
cross_drone,LO_s001,20.0,1.0,0,4,4,2353,23.624861001968384,1.4480184862843544,4.7378828281253424,0.0
cross_drone,LO_s001,20.0,1.0,0,5,5,2443,24.526942014694214,1.316477075110285,5.404953626360616,0.002046663937781416
cross_drone,LO_s001,20.0,1.0,0,6,6,2345,23.54997706413269,1.9890195718015207,6.880437646253652,0.0
cross_drone,LO_s001,20.0,1.0,1,1,1,2516,25.26086401939392,2.016120501420758,5.806466817962658,0.013513513513513514
cross_drone,LO_s001,20.0,1.0,1,2,2,2490,25.02094602584839,1.195307980981248,5.8203936800299685,0.0
cross_drone,LO_s001,20.0,1.0,1,3,3,2577,25.9479341506958,1.5606522377704763,51.05901973494804,0.1296080714008537
cross_drone,LO_s001,20.0,1.0,1,4,4,2353,23.624861001968384,1.4195721839313933,5.415107733331286,0.0055248618784530384
cross_drone,LO_s001,20.0,1.0,1,5,5,2443,24.526942014694214,1.1427769758345647,4.7575944494397735,0.0
cross_drone,LO_s001,20.0,1.0,1,6,6,2345,23.54997706413269,1.8940629146684103,7.424381406724819,0.0255863539445629
cross_drone,LO_s001,20.0,1.0,2,1,1,2516,25.26086401939392,1.974163017117263,6.015221616394573,0.0
cross_drone,LO_s001,20.0,1.0,2,2,2,2490,25.02094602584839,1.1419157039934902,4.729270272988778,0.0
cross_drone,LO_s001,20.0,1.0,2,3,3,2577,25.9479341506958,1.6949618794890853,46.451654426950476,0.1393092743500194
cross_drone,LO_s001,20.0,1.0,2,4,4,2353,23.624861001968384,1.4001161921093512,4.859761033208483,0.0
cross_drone,LO_s001,20.0,1.0,2,5,5,2443,24.526942014694214,1.149864326759996,5.13805188228982,0.0
cross_drone,LO_s001,20.0,1.0,2,6,6,2345,23.54997706413269,2.0619000916948735,7.469372496968134,0.024307036247334754
cross_drone,LO_s001,20.0,1.0,3,1,1,2516,25.26086401939392,2.1053140077569523,5.896663837997561,0.012718600953895072
cross_drone,LO_s001,20.0,1.0,3,2,2,2490,25.02094602584839,1.1148635967030316,4.533089130212695,0.0
cross_drone,LO_s001,20.0,1.0,3,3,3,2577,25.9479341506958,1.5707285916376748,18.16475214157795,0.11447419480015522
cross_drone,LO_s001,20.0,1.0,3,4,4,2353,23.624861001968384,1.4607621644196058,5.189054550181256,0.009774755631109222
cross_drone,LO_s001,20.0,1.0,3,5,5,2443,24.526942014694214,1.181603533723802,5.256913409382558,0.0
cross_drone,LO_s001,20.0,1.0,3,6,6,2345,23.54997706413269,2.0333485215959115,7.135443361281051,0.020042643923240937
cross_drone,LO_s001,20.0,1.0,4,1,1,2516,25.26086401939392,1.8465189386696892,5.985570777222821,0.013513513513513514
cross_drone,LO_s001,20.0,1.0,4,2,2,2490,25.02094602584839,1.207227753421968,4.767372102109383,0.0
cross_drone,LO_s001,20.0,1.0,4,3,3,2577,25.9479341506958,1.4267301251973947,24.30261640749454,0.12844392704695382
cross_drone,LO_s001,20.0,1.0,4,4,4,2353,23.624861001968384,1.4687889043939606,4.944035488986734,0.0
cross_drone,LO_s001,20.0,1.0,4,5,5,2443,24.526942014694214,1.250585636554078,5.459458686038551,0.0
cross_drone,LO_s001,20.0,1.0,4,6,6,2345,23.54997706413269,2.141020553970037,9.8090847530578,0.04477611940298507
cross_drone,LO_s001,20.0,2.0,0,1,1,2516,25.26086401939392,2.056395350256011,5.764935897538344,0.008744038155802861
cross_drone,LO_s001,20.0,2.0,0,2,2,2490,25.02094602584839,1.0860450438418638,4.476142836195873,0.0
cross_drone,LO_s001,20.0,2.0,0,3,3,2577,25.9479341506958,1.5002247493716823,30.329611372427564,0.11059371362048893
cross_drone,LO_s001,20.0,2.0,0,4,4,2353,23.624861001968384,1.3251295932199412,4.635859786980507,0.0
cross_drone,LO_s001,20.0,2.0,0,5,5,2443,24.526942014694214,1.1758393343905382,5.5166214098410284,0.0
cross_drone,LO_s001,20.0,2.0,0,6,6,2345,23.54997706413269,1.9632365605770872,7.182945721614596,0.014072494669509595
cross_drone,LO_s001,20.0,2.0,1,1,1,2516,25.26086401939392,2.076184954568461,6.5273263199191,0.02384737678855326
cross_drone,LO_s001,20.0,2.0,1,2,2,2490,25.02094602584839,1.1005413710841339,4.914386672539683,0.0
cross_drone,LO_s001,20.0,2.0,1,3,3,2577,25.9479341506958,1.5994167631312166,30.096525794667116,0.1296080714008537
cross_drone,LO_s001,20.0,2.0,1,4,4,2353,23.624861001968384,1.5165322132783103,4.575699542717124,0.0
cross_drone,LO_s001,20.0,2.0,1,5,5,2443,24.526942014694214,1.2414378085943838,5.417693112089869,0.0
cross_drone,LO_s001,20.0,2.0,1,6,6,2345,23.54997706413269,1.9025660323803493,7.203876825397907,0.014072494669509595
cross_drone,LO_s001,20.0,2.0,2,1,1,2516,25.26086401939392,1.7667733177009382,5.361515209129655,0.0
cross_drone,LO_s001,20.0,2.0,2,2,2,2490,25.02094602584839,1.1604632723959867,4.990751035034407,0.0
cross_drone,LO_s001,20.0,2.0,2,3,3,2577,25.9479341506958,1.567732067800506,21.458966921045565,0.1323244082266201
cross_drone,LO_s001,20.0,2.0,2,4,4,2353,23.624861001968384,1.4368146480974815,4.655151699489798,0.0
cross_drone,LO_s001,20.0,2.0,2,5,5,2443,24.526942014694214,1.2782019351095215,5.485001911824987,0.0
cross_drone,LO_s001,20.0,2.0,2,6,6,2345,23.54997706413269,1.833676181921419,6.7914617603707255,0.0
cross_drone,LO_s001,20.0,2.0,3,1,1,2516,25.26086401939392,1.8733853035746364,5.464721271218586,0.007551669316375199
cross_drone,LO_s001,20.0,2.0,3,2,2,2490,25.02094602584839,1.142055994219561,4.751485961219323,0.0
cross_drone,LO_s001,20.0,2.0,3,3,3,2577,25.9479341506958,1.5436483692027139,18.5969701991551,0.11951882033372138
cross_drone,LO_s001,20.0,2.0,3,4,4,2353,23.624861001968384,1.3803031599538826,4.406963002460884,0.0
cross_drone,LO_s001,20.0,2.0,3,5,5,2443,24.526942014694214,1.15060712471805,5.746476306875065,0.0
cross_drone,LO_s001,20.0,2.0,3,6,6,2345,23.54997706413269,1.9641538644547154,6.9384426438650895,0.012366737739872069
cross_drone,LO_s001,20.0,2.0,4,1,1,2516,25.26086401939392,1.948528921526247,6.194219091282282,0.012718600953895072
cross_drone,LO_s001,20.0,2.0,4,2,2,2490,25.02094602584839,1.1515557884868741,4.197121621455096,0.0
cross_drone,LO_s001,20.0,2.0,4,3,3,2577,25.9479341506958,1.4610607531278674,18.634881155113927,0.10904152114862242
cross_drone,LO_s001,20.0,2.0,4,4,4,2353,23.624861001968384,1.5438580352611666,4.958571187828032,0.0
cross_drone,LO_s001,20.0,2.0,4,5,5,2443,24.526942014694214,1.160527778145557,5.092012126068189,0.0
cross_drone,LO_s001,20.0,2.0,4,6,6,2345,23.54997706413269,1.8543817412848398,7.082088843168878,0.0
cross_drone,LO_s001,20.0,5.0,0,1,1,2516,25.26086401939392,2.020941887069114,8.483099348522984,0.05325914149443561
cross_drone,LO_s001,20.0,5.0,0,2,2,2490,25.02094602584839,1.1823219784522223,4.955956524635016,0.0
cross_drone,LO_s001,20.0,5.0,0,3,3,2577,25.9479341506958,1.5342231336969299,13.100700172396264,0.0779976717112922
cross_drone,LO_s001,20.0,5.0,0,4,4,2353,23.624861001968384,1.5054272642138073,4.547371810487546,0.0
cross_drone,LO_s001,20.0,5.0,0,5,5,2443,24.526942014694214,1.2888419695330953,5.355335242701688,0.0
cross_drone,LO_s001,20.0,5.0,0,6,6,2345,23.54997706413269,2.0400207058556035,7.203689999046446,0.014925373134328358
cross_drone,LO_s001,20.0,5.0,1,1,1,2516,25.26086401939392,1.834839019614435,5.6442065710675635,0.008744038155802861
cross_drone,LO_s001,20.0,5.0,1,2,2,2490,25.02094602584839,1.1603995142692014,4.295832297220265,0.0
cross_drone,LO_s001,20.0,5.0,1,3,3,2577,25.9479341506958,1.4903216883257784,5.740374699720981,0.06480403570042685
cross_drone,LO_s001,20.0,5.0,1,4,4,2353,23.624861001968384,1.5879706708224148,4.807884608664999,0.009349766255843604
cross_drone,LO_s001,20.0,5.0,1,5,5,2443,24.526942014694214,1.284982748818578,5.615574613798438,0.0
cross_drone,LO_s001,20.0,5.0,1,6,6,2345,23.54997706413269,1.9292542240760895,7.019961192024957,0.011513859275053304
cross_drone,LO_s001,20.0,5.0,2,1,1,2516,25.26086401939392,2.1810430217015053,6.866558232611997,0.013513513513513514
cross_drone,LO_s001,20.0,5.0,2,2,2,2490,25.02094602584839,1.1675777166815493,4.2162757469286944,0.0
cross_drone,LO_s001,20.0,5.0,2,3,3,2577,25.9479341506958,1.4757244462631718,27.248412371684147,0.13348855258051998
cross_drone,LO_s001,20.0,5.0,2,4,4,2353,23.624861001968384,1.450018987518888,4.511303989372823,0.0
cross_drone,LO_s001,20.0,5.0,2,5,5,2443,24.526942014694214,1.2058708600201555,5.2473390194845155,0.0
cross_drone,LO_s001,20.0,5.0,2,6,6,2345,23.54997706413269,2.0165711597499865,7.226608324833234,0.01577825159914712
cross_drone,LO_s001,20.0,5.0,3,1,1,2516,25.26086401939392,2.033984282911632,9.589473323796682,0.009538950715421303
cross_drone,LO_s001,20.0,5.0,3,2,2,2490,25.02094602584839,1.078656934631553,4.686331917499085,0.0
cross_drone,LO_s001,20.0,5.0,3,3,3,2577,25.9479341506958,1.6155818270547115,56.556460554842175,0.1350407450523865
cross_drone,LO_s001,20.0,5.0,3,4,4,2353,23.624861001968384,1.464562823625613,4.909570406678786,0.0
cross_drone,LO_s001,20.0,5.0,3,5,5,2443,24.526942014694214,1.2580977150813766,5.60782909941496,0.0
cross_drone,LO_s001,20.0,5.0,3,6,6,2345,23.54997706413269,1.9710868266363661,6.930683000056152,0.013219616204690832
cross_drone,LO_s001,20.0,5.0,4,1,1,2516,25.26086401939392,1.9223528370248673,6.228173147979078,0.012718600953895072
cross_drone,LO_s001,20.0,5.0,4,2,2,2490,25.02094602584839,1.133102410537191,4.335867131434384,0.0036144578313253013
cross_drone,LO_s001,20.0,5.0,4,3,3,2577,25.9479341506958,1.5849052786534799,19.860234166801146,0.12611563833915407
cross_drone,LO_s001,20.0,5.0,4,4,4,2353,23.624861001968384,1.4845658016270704,5.004959588913733,0.0
cross_drone,LO_s001,20.0,5.0,4,5,5,2443,24.526942014694214,1.2341804004346102,5.33577254206828,0.0
cross_drone,LO_s001,20.0,5.0,4,6,6,2345,23.54997706413269,1.8080374088402493,7.136963233032013,0.010660980810234541
